{"instance": "small_free_001_10x10_40_40", "steps": [{"0": "W", "1": "N", "15": "S", "26": "W", "28": "E", "35": "E", "2": "W", "4": "W", "5": "N", "6": "N", "7": "N", "9": "S", "10": "W", "11": "N", "12": "W", "13": "E", "14": "N", "16": "E", "17": "W", "20": "W", "22": "S", "23": "N", "24": "E", "25": "W", "27": "S", "29": "S", "31": "E", "32": "S", "33": "S", "34": "E", "36": "W", "37": "W", "38": "N", "39": "S"}, {"0": "N", "1": "N", "15": "E", "26": "S", "35": "E", "2": "N", "4": "S", "5": "N", "6": "N", "7": "N", "8": "N", "10": "W", "11": "E", "12": "N", "13": "S", "14": "W", "16": "E", "17": "N", "19": "N", "20": "N", "23": "W", "27": "W", "29": "E", "32": "W", "33": "E", "34": "S", "36": "W", "38": "E", "39": "W"}, {"0": "N", "15": "E", "26": "S", "35": "N", "2": "N", "6": "N", "7": "W", "8": "N", "9": "S", "10": "W", "11": "E", "14": "N", "16": "N", "17": "W", "18": "S", "19": "N", "20": "W", "23": "W", "25": "N", "27": "N", "29": "E", "31": "E", "34": "S", "36": "W", "37": "W", "38": "N"}, {"0": "W", "35": "N", "2": "N", "6": "N", "7": "N", "8": "W", "9": "W", "10": "W", "11": "N", "12": "N", "17": "W", "18": "S", "19": "N", "22": "E", "23": "W", "25": "N", "27": "W", "31": "E", "34": "S", "36": "W", "38": "N"}, {"1": "N", "35": "N", "2": "E", "4": "S", "5": "N", "6": "W", "7": "E", "8": "W", "9": "W", "10": "W", "11": "N", "16": "N", "17": "S", "18": "S", "22": "E", "23": "N", "24": "N", "25": "E", "31": "E", "34": "E", "36": "N"}, {"1": "N", "35": "E", "4": "W", "7": "N", "9": "S", "11": "N", "12": "W", "16": "N", "19": "N", "22": "S", "23": "E", "24": "W", "30": "S", "31": "N", "36": "N"}, {"1": "N", "3": "S", "15": "S", "35": "E", "4": "S", "6": "W", "7": "E", "8": "S", "9": "S", "12": "W", "13": "E", "16": "W", "17": "W", "19": "W", "20": "S", "22": "S", "23": "N", "24": "W", "30": "S", "31": "E", "32": "W", "34": "E", "37": "S", "39": "N"}, {"3": "E", "15": "S", "28": "E", "35": "E", "2": "E", "5": "N", "6": "W", "7": "N", "9": "S", "12": "W", "13": "N", "17": "W", "19": "W", "20": "S", "22": "E", "23": "E", "25": "E", "27": "W", "30": "W", "31": "E", "32": "S", "34": "S", "36": "N"}, {"3": "S", "15": "W", "28": "E", "35": "E", "2": "N", "4": "S", "5": "N", "7": "E", "9": "W", "10": "N", "11": "E", "12": "N", "13": "W", "17": "N", "19": "N", "20": "E", "22": "N", "23": "N", "25": "E", "27": "W", "29": "E", "30": "S", "31": "E", "32": "S", "33": "W", "36": "W", "39": "W"}, {"32": "E"}, {"32": "S"}, {"32": "E"}, {"32": "S"}, {"32": "S"}]}