{"instance": "small_free_001_10x10_40_40", "steps": [{"15": "E", "26": "S", "28": "S", "18": "W"}, {"26": "S", "28": "E"}, {"15": "S"}, {"15": "W"}, {"15": "E"}, {"15": "S"}, {"15": "W"}, {"15": "S"}, {"15": "W", "28": "S"}, {"15": "S", "28": "E"}, {"15": "W", "28": "N"}, {"15": "W"}, {}, {"28": "E"}, {"18": "N", "33": "N", "15": "N", "26": "E", "28": "N"}, {"18": "W", "33": "W", "28": "W"}, {"18": "N", "33": "N", "28": "W"}, {"18": "W", "33": "W", "28": "W"}, {"18": "W", "33": "N"}, {"18": "N", "33": "W"}, {"26": "S"}, {"26": "E"}, {"26": "E"}, {"26": "E"}, {"26": "E"}, {"34": "E"}, {"34": "E"}, {"34": "E"}, {"34": "S"}, {"34": "S"}, {"34": "S"}, {"34": "S"}, {"34": "W"}, {"34": "W"}, {"34": "W"}, {"34": "W"}, {"34": "N"}, {"34": "N"}, {"34": "W"}, {"34": "N"}, {"33": "W"}, {"33": "W", "28": "W"}, {"15": "W"}, {"18": "E", "15": "N"}, {"18": "N", "15": "S"}, {"18": "W"}]}