{"instance": "small_free_001_10x10_40_40", "steps": [{"21": "W", "0": "W", "1": "N", "26": "W", "28": "N", "2": "N", "4": "W", "6": "N", "7": "N", "9": "S", "10": "W", "11": "N", "12": "W", "13": "E", "14": "N", "16": "N", "17": "W", "18": "W", "20": "W", "22": "W", "23": "W", "25": "N", "27": "S", "29": "E", "30": "W", "31": "N", "32": "N", "33": "S", "36": "W", "37": "W", "38": "N"}, {"21": "N", "0": "N", "26": "S", "28": "E", "2": "N", "4": "N", "6": "W", "8": "N", "9": "W", "11": "N", "12": "W", "14": "N", "16": "E", "17": "W", "18": "W", "19": "N", "20": "W", "22": "N", "23": "W", "25": "N", "27": "S", "29": "E", "31": "E", "32": "N", "33": "W", "36": "W", "37": "N"}, {"21": "N", "0": "N", "1": "N", "3": "W", "26": "W", "28": "N", "2": "N", "4": "W", "5": "N", "6": "N", "9": "S", "11": "E", "12": "N", "14": "E", "16": "N", "18": "W", "19": "N", "22": "N", "29": "E", "31": "N", "32": "N", "33": "W", "37": "W", "38": "N", "39": "E"}, {"21": "N", "1": "N", "2": "N", "4": "W", "5": "N", "6": "N", "8": "N", "9": "S", "11": "N", "12": "N", "13": "N", "14": "N", "19": "N", "20": "W", "22": "W", "29": "N", "31": "E", "33": "S", "36": "S", "38": "N", "39": "E"}, {"21": "N", "1": "N", "2": "N", "5": "E", "6": "W", "8": "W", "9": "S", "11": "N", "14": "N", "16": "N", "17": "S", "29": "N", "31": "E", "36": "W", "38": "N", "39": "S"}, {"1": "W", "26": "S", "2": "E", "5": "N", "6": "W", "9": "S", "10": "S", "11": "E", "12": "N", "14": "E", "17": "S", "27": "S", "31": "N", "39": "W"}, {"21": "N", "1": "W", "26": "W", "5": "W", "6": "N", "9": "S", "10": "W", "14": "S", "17": "E", "19": "N", "31": "E", "36": "N", "37": "W"}, {"21": "E", "0": "E", "9": "S", "13": "E", "14": "E", "19": "W", "22": "W", "25": "E", "31": "E", "36": "N", "37": "S"}, {"21": "E", "5": "N", "10": "S", "12": "E", "14": "E", "19": "W", "23": "N", "31": "E", "33": "W", "36": "N"}, {"5": "N", "10": "S", "12": "N", "14": "S", "27": "S", "31": "E", "33": "W", "36": "W", "37": "W"}, {"1": "S", "5": "N", "12": "E", "13": "N", "23": "W", "31": "E", "33": "W"}, {"12": "N", "13": "N", "19": "W", "31": "S", "33": "S", "36": "W"}, {"0": "S", "5": "E", "6": "N", "9": "E", "12": "N", "29": "N", "31": "S"}, {"0": "E", "2": "S", "3": "N", "5": "E", "6": "W", "9": "N", "10": "S", "11": "S", "12": "E", "14": "W", "15": "W", "20": "E", "25": "S", "26": "E", "31": "W", "32": "E", "37": "S"}, {"0": "E", "1": "S", "2": "S", "3": "W", "5": "S", "9": "E", "10": "E", "11": "E", "12": "E", "13": "W", "14": "S", "15": "W", "17": "S", "19": "S", "20": "E", "25": "E", "28": "W", "29": "W", "30": "N", "31": "W", "36": "N", "37": "S", "38": "E"}, {"0": "S", "1": "S", "3": "N", "5": "S", "7": "E", "9": "N", "10": "E", "14": "S", "15": "N", "16": "S", "17": "E", "18": "N", "19": "S", "20": "S", "23": "S", "25": "S", "28": "W", "29": "W", "32": "S", "36": "N", "38": "S"}, {"0": "S", "1": "S", "2": "E", "5": "S", "9": "E", "10": "E", "12": "S", "14": "S", "15": "W", "16": "S", "17": "E", "18": "N", "19": "E", "20": "S", "25": "S", "26": "E", "28": "N", "31": "W", "32": "S", "36": "N", "38": "S"}, {"0": "S", "1": "S", "2": "S", "10": "E", "12": "S", "13": "W", "14": "E", "16": "S", "17": "E", "19": "S", "20": "E", "23": "S", "25": "S", "26": "E", "31": "W", "32": "S", "33": "N", "34": "S", "35": "E", "37": "E", "38": "S"}, {"0": "S", "2": "E", "6": "S", "10": "N", "12": "E", "13": "W", "14": "S", "16": "S", "17": "E", "19": "S", "20": "E", "23": "S", "25": "E", "26": "E", "27": "E", "29": "W", "31": "S", "32": "S", "33": "N", "37": "E", "38": "E"}, {"0": "E", "1": "S", "2": "S", "8": "E", "9": "N", "10": "N", "12": "S", "13": "W", "14": "E", "15": "N", "16": "S", "17": "E", "19": "S", "20": "E", "23": "E", "31": "S", "32": "W", "33": "N", "36": "E", "37": "E", "38": "S"}, {"2": "S", "3": "N", "6": "E", "10": "N", "12": "E", "14": "N", "15": "N", "19": "S", "20": "E", "23": "S", "24": "E", "26": "E", "27": "E", "31": "S", "33": "N", "36": "E", "37": "E"}, {"3": "N", "6": "S", "9": "N", "10": "E", "12": "S", "14": "E", "15": "N", "18": "E", "19": "E", "20": "N", "23": "E", "26": "S", "27": "E", "28": "E", "31": "S", "33": "W", "36": "E", "39": "W"}, {"2": "S", "9": "E", "10": "E", "12": "E", "23": "S", "24": "N", "27": "E", "28": "N", "31": "W", "36": "E", "38": "S", "39": "W"}, {"7": "E", "9": "E", "10": "E", "12": "S", "23": "S", "26": "E", "36": "E", "37": "E", "38": "S"}, {"6": "S", "7": "S", "9": "S", "10": "N", "14": "N", "18": "N", "26": "E", "33": "N"}, {"6": "W", "7": "E", "9": "E", "10": "N", "14": "E", "26": "S", "28": "N", "33": "N", "37": "E", "39": "W"}, {"6": "S", "14": "S", "23": "E", "26": "S", "28": "W", "33": "N", "37": "E"}, {"6": "S", "10": "N", "14": "E", "23": "E", "26": "E", "28": "W", "33": "N", "34": "S", "37": "S"}, {"10": "N", "13": "S", "14": "E", "16": "S", "20": "E", "23": "S", "26": "E", "28": "W", "34": "E", "37": "E", "39": "W"}, {"7": "E", "10": "E", "16": "E", "23": "E", "24": "N", "26": "E", "28": "W", "34": "N", "35": "E", "37": "N", "39": "W"}, {"7": "E", "10": "N", "23": "N", "24": "N", "26": "E", "28": "W", "32": "N", "37": "E", "39": "N"}, {"7": "E", "23": "E", "26": "E", "28": "W", "34": "E", "39": "W"}, {"7": "E", "12": "S", "14": "S", "16": "S", "23": "E", "26": "N", "28": "W"}, {"7": "E", "24": "E", "28": "W", "37": "E"}, {"7": "N", "13": "N", "18": "S", "28": "W"}, {"16": "W", "28": "S", "32": "N", "34": "W"}, {"14": "N", "16": "W", "24": "N", "29": "N", "32": "W"}, {"10": "N", "14": "E", "28": "S", "35": "S"}, {"10": "W", "14": "S", "35": "W"}, {"14": "S", "24": "N", "28": "S", "29": "W"}, {"14": "S", "29": "W"}, {"10": "N", "14": "E", "18": "W", "38": "W"}, {"10": "W", "12": "S", "14": "S", "18": "W", "38": "S"}, {"10": "N", "14": "W", "29": "W", "38": "W"}, {"10": "W"}, {"29": "N"}, {"14": "W", "24": "E"}, {"24": "E", "32": "E", "35": "N"}, {"32": "S", "34": "W"}, {"14": "W", "29": "S", "32": "S"}, {"29": "W"}, {"33": "N", "38": "S"}, {"33": "W", "38": "S"}, {"13": "N", "34": "N"}, {"18": "S", "34": "E", "38": "S"}, {"13": "S", "18": "W", "34": "E", "38": "E"}, {"18": "W", "29": "S", "32": "W", "34": "S", "38": "S"}, {"18": "N", "38": "S"}, {"32": "S"}, {"23": "E"}, {"18": "N", "32": "S"}, {"32": "S"}, {"32": "E", "33": "W"}, {"32": "S", "33": "N"}, {"32": "E", "33": "N"}, {"32": "S", "33": "E"}, {"20": "W"}, {"23": "W", "33": "N"}, {"33": "E"}, {"33": "E"}, {"33": "S"}, {"34": "E"}, {"13": "E", "20": "S", "28": "W", "34": "E", "35": "S"}, {"20": "S", "23": "S", "34": "S", "35": "E"}, {"13": "E", "23": "S", "28": "S", "34": "S"}, {"13": "S", "20": "S", "23": "E", "26": "W", "34": "W"}, {"13": "E", "18": "E", "20": "S", "23": "E", "26": "N", "34": "S"}, {"13": "S", "18": "E", "20": "S", "23": "N", "26": "N", "34": "S", "35": "W"}, {"13": "S", "18": "N", "20": "E", "23": "N", "34": "W"}, {"13": "W", "18": "N", "20": "E", "34": "W"}, {"13": "S", "18": "N", "20": "E", "28": "W", "34": "S", "35": "W"}, {"13": "S", "34": "W", "35": "W"}, {"20": "E", "35": "N"}, {"20": "E", "28": "W"}, {"13": "E", "20": "E", "28": "S", "34": "N"}, {"13": "S", "20": "N", "34": "N"}, {"13": "W", "20": "E", "34": "N"}, {"13": "W", "20": "N", "34": "N"}, {"13": "W", "20": "N", "34": "W"}, {"13": "W", "20": "N", "34": "N"}, {"13": "W", "28": "W"}, {"13": "W", "20": "N"}, {"13": "N", "20": "W"}, {"13": "W"}, {"13": "N"}, {"13": "N"}, {"13": "N"}, {"13": "N"}, {"13": "N"}, {"13": "E"}, {"28": "N"}]}