{"instance": "small_free_001_10x10_40_40", "steps": [{"0": "W", "1": "N", "2": "N", "3": "W", "4": "W", "5": "N", "6": "N", "7": "N", "9": "N", "10": "S", "11": "N", "12": "W", "13": "E", "14": "W", "15": "S", "16": "N", "17": "W", "18": "W", "20": "W", "22": "S", "23": "N", "24": "W", "26": "W", "28": "E", "29": "S", "30": "W", "31": "E", "32": "N", "33": "S", "34": "E", "35": "N", "36": "S", "37": "W", "38": "N", "39": "S"}, {"2": "N", "4": "W", "5": "W", "7": "N", "8": "W", "9": "W", "10": "E", "13": "S", "14": "N", "15": "S", "16": "E", "18": "S", "19": "W", "22": "E", "23": "N", "24": "S", "25": "E", "28": "E", "29": "S", "30": "S", "31": "N", "32": "E", "33": "S", "34": "S", "35": "E", "37": "S"}, {"19": "S"}, {"3": "N", "11": "W", "19": "S"}, {"3": "N", "11": "S"}, {"3": "N", "11": "S", "21": "N"}, {"3": "W", "21": "N"}, {"21": "E"}, {"21": "N"}, {"3": "N", "21": "N"}, {"21": "N"}, {"11": "E"}, {"11": "E"}, {"11": "E"}, {"11": "N"}, {"11": "E"}, {"11": "N"}, {"11": "N"}, {"11": "N"}, {"0": "N", "5": "N", "10": "E", "15": "W", "22": "W", "25": "E", "28": "S", "29": "S", "31": "E", "35": "N", "39": "W"}, {"0": "N", "1": "E", "5": "E", "10": "E", "15": "W", "25": "S", "28": "W", "29": "W", "31": "E", "35": "W", "39": "W"}, {"0": "N", "1": "S", "5": "N", "15": "W", "22": "S", "25": "E", "28": "W", "31": "S", "34": "W", "35": "W", "39": "W"}, {"0": "N", "1": "S", "5": "E", "15": "S", "22": "W", "25": "S", "26": "E", "28": "W", "31": "S", "34": "W", "35": "S", "39": "W"}, {"0": "E", "1": "S", "5": "E", "10": "N", "15": "W", "22": "W", "28": "W", "31": "S", "34": "W", "35": "S", "39": "N"}, {"0": "E", "1": "W", "15": "N", "22": "N", "26": "E", "28": "W", "31": "S", "39": "W"}, {"0": "S", "1": "W", "10": "N", "15": "N", "22": "N", "26": "S", "29": "W"}, {"0": "E", "1": "W", "10": "E", "15": "N", "22": "N", "26": "S", "27": "W", "29": "N"}, {"0": "N", "15": "N", "22": "W", "29": "N"}, {"0": "E", "10": "N", "15": "N", "22": "N", "26": "E", "29": "W"}, {"0": "E", "10": "N", "15": "N", "27": "E", "28": "S", "29": "S"}, {"0": "E", "10": "E", "15": "N", "26": "E", "28": "W", "29": "W"}, {"10": "E", "15": "E", "26": "E"}, {"0": "S", "28": "S", "29": "S"}, {"0": "E", "27": "E", "29": "W"}, {"0": "S", "10": "N", "27": "S", "29": "N"}, {"0": "S", "10": "N", "26": "E", "27": "S", "28": "W", "29": "N"}, {"0": "S", "10": "W", "26": "E", "27": "S", "28": "S", "29": "N"}, {"10": "N", "26": "E", "27": "S", "29": "E"}, {"10": "W", "26": "E", "27": "E", "29": "N"}, {"10": "W", "29": "N"}, {"10": "N", "27": "E", "29": "N"}, {"0": "S", "28": "N"}, {"0": "S", "27": "E", "28": "N"}, {"0": "S"}, {"0": "W", "28": "N"}, {"0": "W", "28": "N"}, {"0": "W", "28": "N"}, {"28": "W"}, {"28": "W"}, {"28": "N"}, {"2": "E", "4": "S", "7": "E", "8": "N", "9": "S", "13": "W", "14": "E", "16": "S", "18": "N", "23": "E", "30": "S", "33": "W", "37": "S"}, {"2": "E", "4": "S", "6": "S", "8": "N", "9": "S", "12": "N", "13": "S", "16": "E", "18": "N", "33": "W", "37": "W"}, {"2": "E", "4": "W", "6": "S", "7": "N", "8": "E", "12": "E", "13": "W", "16": "S", "17": "E", "18": "N", "23": "N", "30": "N", "32": "N", "33": "N", "38": "E"}, {"2": "S", "6": "E", "12": "E", "16": "E", "18": "W", "23": "E", "30": "N", "32": "N", "33": "W", "38": "N"}, {"2": "S", "16": "S", "17": "S", "18": "W", "20": "N", "23": "E", "30": "N", "32": "E", "33": "N", "38": "W"}, {"2": "S", "4": "W", "7": "S", "13": "W", "16": "E", "18": "W", "20": "N", "23": "E", "33": "W"}, {"13": "W", "16": "S", "18": "N", "20": "E", "32": "E", "33": "N"}, {"6": "W", "9": "W", "13": "W", "14": "E", "16": "S", "18": "N", "20": "N", "32": "S", "33": "N"}, {"4": "N", "9": "S", "12": "E", "13": "W", "16": "S", "18": "N", "20": "E", "23": "E", "33": "W"}, {"4": "N", "7": "E", "9": "S", "13": "W", "16": "S", "23": "E", "24": "N"}, {"4": "N", "7": "E", "12": "N", "13": "N", "14": "N", "16": "W", "17": "W", "20": "N", "23": "E", "24": "N"}, {"4": "E", "7": "E", "12": "E", "13": "N", "14": "E", "16": "S", "17": "S", "20": "E", "23": "E", "24": "N", "32": "N", "33": "W", "38": "N"}, {"7": "E", "12": "E", "13": "N", "16": "S", "17": "S", "20": "E", "23": "E", "24": "N", "32": "E", "33": "N", "38": "W"}, {"6": "N", "7": "E", "9": "E", "12": "E", "13": "N", "16": "W", "17": "E", "23": "S", "24": "W", "32": "E", "33": "N", "37": "E", "38": "W"}, {"7": "E", "9": "E", "12": "S", "13": "N", "16": "W", "23": "S", "24": "N", "32": "E", "33": "N", "37": "E", "38": "W"}, {"6": "N", "7": "E", "9": "E", "12": "S", "13": "E", "16": "W", "17": "S", "20": "E", "23": "S", "24": "N", "32": "S", "33": "N", "37": "E", "38": "S"}, {"6": "W", "7": "S", "9": "E", "12": "S", "16": "N", "17": "E", "23": "S", "24": "N", "32": "S", "33": "W", "37": "E", "38": "S"}, {"16": "N", "17": "E", "23": "S", "24": "E", "32": "S", "33": "N", "37": "S", "38": "W"}, {"16": "W", "17": "E", "23": "S", "32": "S", "38": "S"}, {"16": "N", "17": "N", "23": "S", "32": "S", "36": "N"}, {"6": "W", "9": "E", "16": "E", "17": "E", "20": "N", "23": "S", "32": "S", "33": "N", "36": "N", "37": "E"}, {"9": "E", "16": "N", "23": "W", "32": "S", "36": "N", "37": "N"}, {"6": "W", "9": "S", "23": "W", "32": "S", "36": "N", "37": "E"}, {"6": "W", "9": "S", "20": "E", "32": "W", "36": "N", "37": "E"}, {"6": "S", "9": "E", "20": "E", "32": "S", "33": "N", "36": "N", "37": "E"}, {"20": "E", "24": "E", "32": "W", "33": "E"}, {"9": "N", "14": "E", "20": "S", "24": "N", "32": "S"}, {"20": "S", "24": "E", "32": "W", "38": "S"}, {"14": "E", "20": "S", "24": "E", "32": "W", "33": "E", "38": "S"}, {"14": "E", "20": "E", "24": "E", "32": "N", "33": "S", "38": "E"}, {"14": "E", "20": "S", "24": "S", "32": "W"}, {"14": "E", "20": "E"}, {"14": "E", "20": "S"}, {"14": "E", "20": "S", "24": "S", "38": "S"}, {"14": "E", "38": "E"}, {"14": "S", "24": "E", "38": "S"}, {"14": "S"}, {"14": "S", "38": "S"}, {"38": "S"}, {"14": "S", "38": "S"}, {"14": "S", "38": "S"}, {"38": "E"}, {"38": "E"}, {"14": "S", "38": "E"}, {"14": "S"}, {"14": "W"}, {"14": "W"}]}