{"instance": "galaxy_cluster_00000_20x20_20_80", "steps": [{"19": "N", "0": "N", "1": "E", "2": "N", "3": "N", "4": "W", "5": "S", "6": "S", "7": "N", "8": "E", "9": "N", "10": "W", "11": "W", "12": "S", "13": "W", "15": "W", "16": "S", "20": "S", "21": "W", "23": "E", "24": "S", "25": "W", "27": "W", "28": "E", "29": "N", "31": "E", "32": "W", "33": "W", "35": "S", "36": "E", "38": "S", "39": "N", "40": "N", "41": "S", "43": "W", "44": "N", "46": "E", "48": "W", "51": "S", "52": "W", "53": "N", "54": "N", "55": "E", "56": "W", "57": "E", "58": "S", "60": "W", "61": "N", "62": "E", "64": "E", "65": "N", "66": "S", "69": "N", "71": "N", "72": "W", "73": "S", "74": "S", "75": "E", "76": "N", "77": "N", "79": "S"}, {"19": "N", "0": "N", "1": "E", "3": "W", "5": "W", "6": "S", "7": "W", "8": "S", "10": "S", "11": "N", "12": "S", "13": "W", "16": "E", "21": "W", "22": "S", "23": "N", "25": "S", "29": "E", "31": "S", "32": "W", "35": "S", "36": "N", "37": "W", "39": "W", "40": "N", "41": "S", "43": "W", "53": "N", "55": "E", "56": "S", "60": "N", "61": "W", "62": "S", "63": "E", "64": "S", "65": "W", "66": "S", "68": "E", "72": "W", "73": "S", "74": "W", "75": "E", "76": "W", "77": "E"}, {"18": "S", "0": "W", "3": "W", "5": "W", "7": "W", "8": "E", "11": "W", "16": "E", "17": "W", "20": "S", "21": "W", "22": "S", "23": "W", "26": "E", "27": "W", "28": "E", "29": "N", "32": "W", "34": "S", "35": "S", "36": "N", "37": "W", "38": "S", "39": "W", "40": "E", "42": "N", "44": "W", "48": "W", "49": "W", "50": "S", "53": "W", "54": "N", "56": "S", "57": "E", "60": "W", "62": "S", "63": "E", "64": "S", "65": "S", "66": "S", "72": "W", "73": "W", "75": "E", "77": "E"}, {"18": "E", "0": "S", "2": "W", "3": "N", "4": "W", "7": "N", "8": "E", "9": "N", "11": "S", "14": "S", "17": "W", "20": "S", "26": "E", "27": "W", "28": "E", "29": "E", "32": "W", "34": "S", "36": "N", "37": "W", "38": "S", "39": "N", "40": "S", "42": "E", "44": "W", "45": "S", "48": "W", "49": "W", "50": "W", "52": "N", "53": "W", "55": "E", "56": "S", "57": "S", "58": "W", "60": "W", "65": "W", "66": "S", "68": "E", "71": "N", "73": "S", "75": "E", "76": "N", "77": "N", "79": "W"}, {"18": "N", "19": "N", "0": "W", "2": "W", "3": "W", "4": "S", "8": "S", "9": "W", "10": "S", "11": "W", "13": "W", "15": "N", "17": "S", "22": "E", "24": "E", "25": "W", "26": "S", "28": "E", "29": "N", "31": "S", "32": "W", "35": "S", "39": "N", "42": "E", "43": "N", "44": "W", "45": "W", "53": "N", "54": "N", "55": "S", "56": "W", "57": "S", "59": "W", "60": "N", "61": "W", "65": "W", "66": "W", "68": "S", "71": "W", "72": "W", "73": "W", "74": "W", "75": "E", "76": "N", "77": "N", "79": "W"}, {"18": "E", "0": "W", "2": "W", "3": "S", "4": "S", "6": "E", "9": "W", "10": "S", "11": "W", "12": "W", "13": "N", "14": "E", "15": "N", "17": "W", "20": "E", "22": "E", "23": "N", "24": "S", "25": "S", "26": "E", "28": "S", "29": "E", "32": "N", "33": "S", "36": "N", "39": "W", "42": "E", "45": "S", "48": "W", "53": "W", "54": "N", "55": "E", "56": "S", "57": "S", "59": "W", "60": "N", "61": "S", "62": "E", "63": "E", "64": "E", "65": "W", "66": "W", "67": "N", "68": "S", "73": "W", "74": "N", "75": "N", "76": "N", "77": "N", "79": "S"}, {"1": "E", "2": "W", "3": "W", "5": "N", "6": "S", "8": "S", "9": "W", "10": "S", "11": "S", "12": "S", "13": "W", "14": "S", "15": "N", "17": "W", "20": "E", "22": "S", "23": "W", "25": "S", "26": "E", "28": "E", "35": "W", "36": "N", "37": "N", "42": "E", "45": "S", "47": "N", "49": "W", "51": "E", "54": "N", "55": "E", "56": "W", "57": "S", "58": "S", "59": "N", "60": "N", "62": "S", "63": "E", "64": "S", "65": "W", "66": "N", "67": "N", "68": "S", "71": "W", "72": "S", "73": "W", "74": "N", "76": "N", "79": "S"}, {"18": "N", "19": "N", "1": "E", "2": "W", "3": "W", "5": "W", "6": "S", "9": "W", "10": "E", "11": "W", "13": "S", "14": "E", "16": "E", "17": "S", "20": "S", "21": "N", "22": "E", "25": "W", "26": "S", "27": "N", "28": "N", "29": "N", "36": "N", "37": "N", "38": "S", "42": "E", "45": "S", "47": "E", "48": "S", "49": "N", "52": "N", "53": "W", "55": "N", "57": "S", "59": "W", "62": "E", "63": "E", "64": "E", "65": "W", "66": "E", "67": "N", "68": "S", "71": "W", "72": "S", "73": "S", "74": "W", "76": "W", "78": "W", "79": "S"}, {"18": "W", "0": "W", "2": "W", "3": "S", "6": "W", "9": "W", "10": "E", "11": "S", "13": "W", "14": "E", "17": "W", "20": "S", "21": "W", "22": "S", "23": "N", "24": "W", "25": "W", "26": "E", "27": "N", "28": "E", "32": "N", "34": "S", "36": "E", "39": "N", "41": "E", "47": "E", "48": "W", "49": "W", "51": "S", "52": "N", "53": "S", "54": "E", "55": "E", "57": "S", "59": "W", "62": "E", "63": "N", "66": "E", "68": "S", "71": "W", "74": "W", "76": "N", "77": "N", "78": "W"}, {"18": "W", "3": "W", "9": "W", "11": "W", "12": "S", "14": "S", "17": "W", "21": "N", "22": "S", "23": "W", "24": "W", "25": "S", "26": "N", "27": "N", "28": "N", "29": "N", "32": "N", "33": "W", "35": "W", "36": "E", "39": "N", "42": "E", "43": "S", "47": "N", "48": "W", "49": "S", "50": "W", "52": "N", "53": "W", "54": "N", "55": "E", "58": "S", "59": "S", "60": "N", "62": "S", "63": "E", "64": "S", "66": "S", "71": "W", "73": "W", "74": "W", "76": "E", "77": "N", "79": "S"}, {"18": "N", "19": "N", "11": "W", "12": "S", "16": "S", "17": "W", "21": "W", "22": "S", "23": "N", "25": "W", "26": "E", "27": "W", "29": "E", "31": "S", "32": "N", "37": "W", "38": "S", "39": "N", "42": "E", "44": "W", "47": "E", "48": "S", "50": "N", "52": "N", "53": "W", "54": "W", "55": "E", "56": "N", "58": "S", "59": "W", "60": "W", "62": "S", "64": "S", "68": "E", "71": "N", "73": "S", "74": "W", "75": "E", "76": "E"}, {"18": "N", "0": "N", "3": "W", "5": "W", "9": "S", "10": "W", "11": "S", "13": "N", "16": "E", "17": "W", "21": "W", "22": "E", "23": "W", "24": "W", "25": "S", "27": "W", "29": "S", "32": "W", "35": "W", "36": "N", "38": "W", "42": "S", "44": "W", "48": "W", "50": "N", "52": "N", "53": "N", "56": "N", "62": "E", "64": "E", "66": "S", "68": "S", "71": "W", "72": "W", "73": "S", "74": "W", "75": "N", "76": "E"}, {"18": "N", "0": "W", "3": "S", "5": "W", "9": "W", "11": "W", "16": "S", "21": "N", "22": "S", "23": "N", "25": "S", "27": "S", "28": "N", "29": "E", "34": "E", "36": "N", "38": "W", "40": "E", "43": "W", "45": "W", "48": "S", "49": "N", "50": "N", "52": "N", "53": "W", "62": "E", "64": "S", "66": "W", "71": "W", "72": "W", "73": "W", "74": "S", "75": "N", "76": "N", "77": "N", "78": "S", "79": "W"}, {"18": "N", "0": "S", "2": "W", "3": "S", "5": "W", "6": "S", "9": "W", "16": "S", "17": "S", "21": "W", "23": "W", "25": "S", "27": "W", "28": "N", "36": "N", "38": "S", "40": "E", "42": "E", "44": "W", "45": "N", "48": "S", "49": "N", "50": "N", "51": "S", "53": "W", "55": "N", "56": "W", "57": "S", "59": "N", "62": "S", "66": "S", "68": "S", "71": "W", "73": "W", "74": "W", "75": "N", "77": "N", "78": "W", "79": "W"}, {"0": "W", "2": "S", "3": "W", "5": "S", "6": "W", "9": "S", "10": "W", "11": "W", "12": "E", "16": "S", "21": "W", "22": "E", "23": "W", "25": "W", "27": "W", "29": "E", "32": "N", "38": "E", "40": "E", "42": "S", "45": "W", "47": "E", "48": "W", "49": "W", "50": "W", "53": "W", "55": "N", "56": "W", "57": "E", "59": "N", "62": "E", "66": "W", "72": "N", "73": "S", "74": "N", "75": "E", "77": "N", "78": "N"}, {"0": "S", "2": "E", "3": "W", "6": "S", "9": "W", "12": "E", "16": "S", "21": "N", "22": "S", "25": "W", "27": "W", "34": "E", "36": "N", "37": "N", "38": "E", "40": "N", "43": "W", "45": "W", "47": "N", "48": "W", "50": "N", "53": "W", "55": "E", "56": "W", "57": "E", "59": "W", "62": "N", "66": "N", "72": "W", "73": "W", "74": "W", "75": "N", "76": "N", "78": "W"}, {"0": "W", "6": "W", "9": "W", "13": "S", "14": "S", "16": "S", "22": "W", "23": "S", "27": "N", "29": "E", "34": "E", "37": "E", "38": "S", "40": "E", "43": "S", "44": "N", "45": "S", "47": "E", "48": "W", "51": "E", "53": "W", "55": "N", "56": "N", "57": "E", "62": "E", "66": "W", "69": "N", "72": "W", "74": "W", "76": "N", "78": "W", "79": "S"}, {"6": "W", "9": "S", "12": "S", "14": "S", "16": "S", "22": "W", "23": "W", "24": "N", "25": "N", "29": "S", "35": "S", "37": "N", "38": "S", "40": "E", "43": "W", "44": "W", "47": "E", "48": "N", "49": "W", "55": "N", "56": "W", "57": "S", "74": "N", "76": "W", "78": "N", "79": "E"}, {"0": "W", "2": "N", "6": "S", "9": "S", "10": "W", "11": "N", "12": "S", "13": "W", "14": "S", "16": "S", "22": "S", "23": "W", "24": "W", "25": "W", "29": "E", "35": "E", "38": "S", "40": "E", "42": "S", "44": "W", "48": "W", "49": "W", "50": "W", "51": "E", "55": "N", "56": "W", "57": "W", "73": "W", "76": "N"}, {"1": "E", "2": "N", "6": "W", "9": "W", "10": "S", "11": "W", "12": "S", "13": "N", "16": "S", "21": "W", "24": "W", "25": "S", "29": "N", "32": "E", "35": "S", "38": "S", "40": "E", "41": "S", "45": "W", "48": "W", "49": "S", "50": "W", "53": "W", "56": "N", "57": "S", "68": "S", "72": "W", "73": "W", "76": "W"}, {"0": "W", "1": "N", "6": "S", "9": "W", "11": "W", "12": "W", "13": "W", "16": "S", "21": "W", "24": "W", "26": "N", "29": "E", "35": "S", "38": "E", "41": "W", "43": "W", "45": "W", "47": "N", "54": "W", "56": "W", "57": "S", "68": "W", "69": "E", "72": "N", "73": "W", "75": "W", "77": "W", "79": "S"}, {"0": "W", "1": "W", "6": "W", "13": "S", "14": "E", "21": "W", "23": "W", "29": "E", "35": "W", "38": "S", "39": "N", "40": "N", "43": "W", "44": "S", "45": "N", "48": "W", "50": "W", "51": "N", "54": "W", "55": "N", "57": "W", "59": "W", "62": "N", "64": "S", "68": "S", "69": "N", "72": "W", "73": "W", "74": "W"}, {"2": "E", "6": "W", "10": "W", "12": "S", "13": "W", "14": "S", "16": "W", "17": "W", "23": "S", "25": "S", "29": "S", "34": "N", "35": "S", "38": "W", "39": "E", "43": "S", "44": "E", "45": "N", "48": "N", "50": "W", "57": "S", "59": "W", "60": "E", "64": "S", "68": "S", "69": "N", "73": "S", "76": "W"}, {"3": "N", "4": "W", "6": "W", "9": "S", "12": "S", "13": "S", "14": "S", "22": "S", "24": "W", "25": "E", "34": "E", "38": "S", "39": "E", "40": "E", "41": "W", "42": "S", "43": "E", "44": "S", "45": "W", "48": "W", "51": "E", "56": "W", "57": "S", "59": "W", "60": "E", "64": "S", "69": "N", "72": "N", "73": "W", "76": "S", "79": "W"}, {"19": "S", "1": "N", "3": "W", "4": "S", "13": "W", "14": "S", "16": "S", "21": "S", "22": "W", "23": "W", "25": "S", "29": "E", "32": "E", "35": "S", "38": "W", "39": "E", "40": "E", "41": "W", "42": "S", "43": "S", "44": "S", "48": "N", "50": "N", "51": "S", "56": "W", "57": "W", "59": "W", "64": "E", "69": "N", "72": "W", "73": "W", "74": "W", "76": "S", "77": "N", "78": "E"}, {"0": "N", "2": "N", "11": "S", "12": "W", "13": "W", "16": "S", "21": "W", "22": "W", "23": "W", "25": "S", "29": "N", "40": "E", "41": "W", "42": "E", "43": "S", "44": "W", "48": "N", "50": "W", "51": "S", "55": "N", "56": "S", "57": "W", "64": "E", "68": "S", "69": "N", "72": "W", "73": "W", "74": "S", "76": "W", "77": "W"}, {"0": "W", "8": "E", "11": "E", "13": "S", "16": "S", "21": "W", "23": "W", "26": "N", "34": "E", "40": "S", "41": "N", "42": "S", "43": "S", "45": "S", "48": "N", "50": "W", "51": "S", "54": "W", "55": "N", "56": "W", "57": "W", "65": "E", "69": "E", "72": "W", "74": "W", "76": "W", "77": "W"}, {"19": "S", "0": "W", "16": "S", "22": "S", "24": "W", "25": "S", "26": "E", "39": "E", "40": "S", "41": "N", "43": "E", "48": "N", "51": "S", "55": "N", "56": "S", "57": "W", "66": "W", "68": "E", "69": "E", "71": "N", "72": "W", "73": "W", "74": "W"}, {"19": "S", "0": "S", "22": "W", "25": "E", "26": "N", "29": "E", "34": "E", "35": "S", "39": "S", "41": "W", "43": "S", "45": "S", "48": "N", "50": "N", "51": "E", "56": "S", "57": "W", "68": "S", "69": "N", "71": "N", "73": "N"}, {"19": "S", "0": "S", "11": "N", "12": "W", "13": "W", "14": "S", "24": "W", "29": "N", "34": "S", "35": "E", "45": "S", "48": "W", "50": "N", "57": "W", "60": "N", "68": "W", "69": "E", "71": "N", "77": "W"}, {"3": "N", "10": "W", "11": "W", "12": "S", "13": "W", "14": "E", "16": "W", "22": "S", "25": "S", "29": "E", "32": "N", "34": "S", "35": "S", "38": "W", "45": "S", "48": "W", "50": "N", "51": "S", "57": "W", "60": "W", "66": "W", "68": "W", "69": "N", "71": "N", "72": "N", "77": "W"}, {"2": "N", "4": "W", "10": "S", "11": "S", "12": "W", "13": "S", "14": "S", "16": "W", "21": "W", "25": "W", "26": "N", "29": "S", "32": "N", "34": "E", "35": "S", "38": "S", "43": "E", "50": "W", "51": "E", "54": "S", "55": "N", "57": "W", "60": "W", "66": "N", "68": "S", "69": "N", "71": "W", "72": "N", "73": "W", "76": "W", "77": "W"}, {"3": "W", "4": "W", "10": "W", "12": "S", "14": "W", "16": "W", "21": "W", "25": "S", "26": "E", "29": "E", "32": "N", "35": "E", "38": "S", "43": "N", "45": "S", "50": "W", "51": "N", "55": "N", "57": "S", "68": "W", "69": "E", "71": "N", "72": "W", "73": "N", "74": "S", "76": "N", "77": "W"}, {"3": "W", "4": "W", "10": "W", "16": "W", "21": "N", "22": "S", "24": "S", "26": "N", "29": "N", "31": "N", "35": "S", "43": "E", "45": "S", "50": "S", "51": "E", "54": "E", "57": "W", "68": "W", "69": "N", "71": "E", "73": "N", "74": "W", "76": "N"}, {"4": "W", "5": "N", "6": "S", "14": "S", "16": "W", "22": "W", "24": "W", "26": "N", "29": "N", "33": "E", "34": "E", "43": "S", "45": "S", "59": "W", "68": "W", "69": "W", "71": "E", "73": "N", "74": "W", "77": "W"}, {"4": "S", "5": "W", "8": "N", "16": "W", "21": "N", "22": "S", "26": "N", "29": "E", "34": "E", "35": "E", "38": "W", "42": "W", "45": "S", "53": "S", "55": "W", "57": "W", "68": "W", "69": "W", "71": "N", "73": "W", "77": "W"}, {"4": "W", "8": "N", "10": "N", "13": "E", "14": "S", "16": "W", "29": "S", "34": "E", "35": "E", "38": "W", "41": "E", "42": "S", "51": "E", "53": "W", "57": "N", "60": "N", "62": "N", "68": "W", "69": "S", "71": "N", "73": "W", "76": "W", "78": "N", "79": "W"}, {"8": "N", "11": "N", "12": "S", "24": "N", "29": "E", "35": "E", "38": "W", "42": "S", "51": "E", "53": "S", "54": "E", "60": "N", "64": "N", "65": "S", "68": "W", "71": "N", "72": "S", "76": "W", "78": "W", "79": "S"}, {"2": "W", "3": "S", "4": "W", "6": "S", "11": "N", "14": "W", "29": "S", "32": "W", "34": "N", "38": "W", "42": "S", "43": "E", "45": "E", "48": "N", "51": "E", "57": "W", "59": "W", "64": "N", "65": "S", "68": "W", "71": "N", "72": "W", "76": "S", "77": "W", "78": "N"}, {"2": "N", "5": "N", "11": "W", "14": "S", "23": "S", "24": "W", "32": "N", "38": "W", "41": "S", "42": "S", "51": "N", "54": "E", "55": "S", "59": "S", "64": "E", "65": "E", "68": "S", "71": "E", "72": "W", "76": "S", "77": "W", "78": "E"}, {"19": "S", "2": "N", "3": "E", "5": "N", "8": "N", "12": "W", "14": "S", "23": "W", "24": "S", "26": "N", "32": "E", "38": "S", "41": "W", "43": "N", "48": "W", "50": "W", "53": "E", "59": "S", "62": "E", "64": "E", "65": "N", "68": "W", "72": "S", "77": "W", "78": "E", "79": "S"}, {"2": "N", "4": "N", "5": "W", "8": "W", "17": "S", "23": "S", "24": "W", "27": "N", "32": "N", "39": "W", "41": "W", "49": "N", "50": "N", "51": "E", "59": "E", "62": "E", "65": "N", "69": "W", "71": "E", "72": "W", "77": "W", "78": "N"}, {"2": "E", "4": "W", "5": "N", "12": "S", "14": "W", "17": "S", "23": "W", "24": "S", "26": "N", "33": "W", "34": "N", "38": "E", "41": "S", "43": "W", "45": "S", "50": "N", "51": "E", "59": "S", "62": "E", "72": "N", "77": "W", "78": "W"}, {"19": "E", "2": "N", "5": "E", "6": "N", "22": "S", "23": "S", "24": "W", "26": "W", "29": "E", "32": "W", "38": "S", "41": "W", "43": "W", "49": "N", "51": "N", "53": "S", "59": "S", "62": "E", "66": "E", "68": "N", "72": "N", "77": "N", "79": "E"}, {"19": "S", "2": "W", "12": "S", "14": "W", "16": "N", "23": "W", "24": "S", "25": "S", "26": "W", "29": "S", "32": "N", "41": "S", "43": "S", "45": "E", "51": "N", "53": "S", "55": "W", "57": "W", "60": "E", "62": "E", "65": "E", "68": "W", "72": "N", "74": "W", "77": "W"}, {"2": "N", "4": "W", "6": "W", "12": "W", "14": "W", "16": "W", "23": "S", "24": "W", "25": "S", "29": "S", "32": "N", "34": "N", "35": "E", "41": "W", "43": "S", "51": "N", "53": "S", "57": "N", "60": "E", "62": "E", "72": "N", "79": "S"}, {"2": "E", "4": "W", "5": "N", "9": "E", "12": "S", "24": "W", "25": "E", "29": "S", "31": "N", "34": "N", "35": "E", "43": "E", "50": "W", "57": "N", "59": "E", "60": "N", "62": "E", "64": "N", "68": "W", "72": "E", "78": "N"}, {"2": "E", "4": "W", "5": "N", "24": "N", "25": "E", "34": "W", "35": "E", "38": "W", "43": "S", "48": "S", "50": "N", "57": "W", "59": "N", "60": "E", "62": "N", "64": "N", "66": "N", "72": "E", "77": "N", "78": "N", "79": "S"}, {"2": "E", "4": "S", "5": "E", "10": "W", "12": "W", "24": "N", "25": "E", "32": "N", "34": "N", "41": "N", "49": "W", "50": "N", "51": "W", "57": "S", "64": "E", "72": "E", "79": "E"}, {"2": "E", "4": "W", "8": "N", "10": "W", "12": "W", "25": "E", "26": "N", "29": "S", "31": "N", "32": "N", "33": "W", "34": "W", "35": "E", "42": "S", "45": "E", "48": "W", "49": "W", "64": "E", "71": "E", "72": "E", "73": "N", "74": "N", "78": "W", "79": "E"}, {"19": "S", "2": "N", "8": "N", "10": "W", "12": "W", "21": "N", "22": "S", "25": "S", "29": "E", "33": "S", "45": "N", "48": "S", "49": "N", "55": "W", "64": "N", "72": "E", "76": "E", "78": "N", "79": "E"}, {"19": "S", "2": "E", "10": "W", "21": "N", "22": "W", "25": "E", "29": "S", "33": "S", "35": "E", "41": "W", "43": "W", "49": "E", "55": "S", "57": "W", "64": "N", "72": "E", "74": "W", "78": "E", "79": "S"}, {"19": "W", "6": "E", "10": "W", "11": "N", "21": "E", "22": "W", "25": "E", "29": "W", "33": "S", "34": "N", "43": "S", "49": "N", "55": "W", "57": "W", "65": "N", "72": "E", "74": "N"}, {"1": "W", "5": "N", "6": "N", "8": "W", "9": "E", "11": "E", "22": "N", "24": "N", "25": "N", "33": "E", "34": "W", "36": "E", "43": "S", "49": "N", "53": "W", "55": "S", "57": "N", "59": "E", "60": "N", "65": "E", "72": "E", "74": "N", "76": "S"}, {"1": "W", "4": "N", "5": "E", "8": "N", "9": "N", "13": "E", "22": "W", "23": "E", "24": "N", "25": "E", "26": "W", "31": "W", "33": "E", "34": "W", "35": "N", "36": "S", "38": "N", "43": "S", "49": "E", "55": "W", "59": "E", "60": "N", "64": "N", "72": "N", "74": "N", "76": "S", "77": "W", "79": "E"}, {"1": "W", "4": "N", "5": "S", "8": "W", "22": "N", "23": "S", "24": "E", "25": "N", "28": "W", "29": "W", "31": "W", "34": "W", "36": "S", "49": "S", "53": "N", "55": "N", "59": "S", "62": "W", "64": "W", "65": "S", "66": "N", "68": "N", "72": "E", "74": "N", "76": "S", "79": "N"}, {"1": "S", "2": "S", "4": "E", "8": "N", "11": "E", "13": "E", "21": "S", "22": "E", "24": "N", "25": "E", "28": "N", "29": "S", "31": "W", "32": "E", "33": "S", "34": "W", "36": "S", "41": "N", "42": "W", "45": "E", "53": "W", "55": "W", "57": "N", "59": "E", "62": "W", "65": "E", "68": "E", "71": "E", "72": "E", "73": "E", "74": "E", "76": "S", "79": "E"}, {"1": "W", "2": "E", "4": "N", "5": "E", "8": "N", "13": "E", "21": "E", "24": "N", "25": "N", "26": "W", "28": "W", "31": "W", "32": "E", "33": "W", "36": "S", "41": "N", "42": "N", "43": "E", "45": "N", "53": "S", "57": "N", "59": "S", "62": "W", "63": "W", "65": "S", "68": "N", "69": "W", "71": "E", "72": "E", "73": "N", "74": "E", "78": "E", "79": "E"}, {"1": "W", "4": "E", "5": "E", "6": "N", "8": "N", "13": "E", "14": "N", "21": "E", "25": "N", "26": "W", "31": "W", "35": "N", "36": "S", "41": "E", "42": "N", "43": "E", "45": "E", "46": "N", "49": "E", "53": "S", "57": "E", "59": "S", "62": "N", "63": "W", "64": "W", "65": "E", "66": "N", "68": "N", "69": "W", "71": "E", "73": "N", "74": "N", "78": "S", "79": "N"}, {"2": "S", "4": "E", "5": "E", "6": "N", "8": "W", "10": "N", "11": "S", "13": "E", "14": "N", "25": "W", "26": "W", "28": "W", "29": "W", "31": "W", "34": "N", "35": "N", "36": "E", "38": "W", "41": "E", "42": "W", "43": "S", "45": "E", "46": "W", "49": "E", "55": "W", "59": "E", "64": "N", "65": "N", "66": "N", "68": "N", "69": "S", "71": "E", "74": "E", "78": "E", "79": "N"}, {"1": "W", "4": "E", "5": "E", "8": "N", "9": "E", "10": "N", "11": "S", "13": "E", "14": "N", "21": "E", "22": "N", "29": "W", "31": "S", "32": "N", "34": "N", "35": "N", "41": "N", "42": "N", "49": "N", "55": "W", "59": "E", "63": "W", "64": "W", "68": "N", "69": "W", "71": "E", "73": "E", "74": "N", "79": "N"}, {"2": "S", "4": "E", "5": "E", "6": "N", "8": "W", "9": "E", "10": "N", "11": "E", "14": "N", "21": "S", "24": "E", "29": "W", "32": "E", "33": "S", "34": "N", "35": "N", "42": "W", "44": "E", "46": "W", "49": "E", "52": "S", "59": "E", "60": "E", "61": "N", "62": "W", "63": "N", "64": "N", "66": "N", "68": "N", "69": "S", "71": "E", "73": "N", "74": "E", "79": "N"}, {"4": "E", "5": "S", "6": "W", "8": "W", "10": "N", "11": "S", "14": "W", "21": "E", "28": "W", "29": "W", "31": "W", "32": "N", "33": "S", "34": "W", "35": "W", "42": "W", "44": "E", "46": "W", "49": "S", "52": "E", "59": "N", "60": "S", "62": "W", "63": "W", "66": "W", "68": "W", "69": "S", "71": "E", "72": "E", "74": "E", "79": "E"}, {"4": "N", "5": "E", "6": "N", "8": "W", "10": "N", "11": "E", "13": "E", "30": "E", "32": "N", "33": "W", "42": "N", "44": "N", "47": "W", "49": "S", "51": "N", "52": "S", "59": "E", "62": "W", "63": "W", "66": "W", "67": "N", "71": "S", "72": "N", "74": "S"}, {"0": "N", "4": "E", "5": "S", "9": "S", "10": "N", "17": "E", "20": "W", "21": "E", "24": "N", "30": "N", "31": "W", "32": "E", "33": "S", "42": "W", "44": "N", "45": "S", "46": "W", "51": "N", "56": "E", "59": "E", "62": "W", "63": "W", "64": "N", "65": "E", "66": "N", "67": "W", "72": "N", "73": "E", "74": "E"}, {"0": "E", "4": "E", "6": "E", "8": "W", "14": "W", "17": "E", "20": "S", "21": "S", "24": "N", "28": "W", "30": "N", "32": "E", "35": "N", "37": "S", "38": "N", "42": "W", "44": "N", "45": "E", "46": "S", "51": "E", "56": "E", "57": "N", "59": "E", "64": "N", "65": "E", "66": "N", "67": "W", "68": "E", "69": "E", "73": "S", "74": "N", "77": "W", "78": "N", "79": "N"}, {"4": "N", "6": "N", "8": "W", "10": "N", "11": "S", "12": "N", "13": "E", "14": "S", "17": "E", "21": "S", "22": "N", "24": "N", "25": "N", "28": "W", "30": "N", "35": "N", "37": "E", "38": "N", "42": "W", "44": "N", "45": "E", "46": "W", "49": "E", "51": "N", "52": "S", "55": "W", "56": "E", "59": "E", "63": "W", "65": "E", "66": "N", "67": "W", "68": "N", "73": "E", "74": "E", "76": "S", "77": "S", "78": "N", "79": "W"}, {"1": "W", "10": "E", "12": "N", "14": "W", "17": "E", "21": "E", "22": "N", "28": "W", "29": "S", "30": "W", "37": "S", "44": "N", "45": "N", "46": "N", "49": "S", "51": "W", "52": "W", "53": "E", "55": "W", "56": "E", "61": "N", "63": "W", "65": "E", "66": "W", "67": "S", "73": "E", "74": "E", "76": "W", "77": "S", "78": "E", "79": "N"}, {"1": "W", "2": "S", "10": "N", "12": "N", "13": "E", "14": "N", "17": "E", "21": "E", "22": "N", "28": "W", "29": "E", "30": "N", "32": "E", "37": "E", "45": "N", "46": "W", "51": "W", "52": "S", "55": "W", "57": "N", "62": "N", "63": "W", "64": "E", "66": "N", "67": "W", "69": "S", "74": "E", "75": "W", "76": "S", "77": "S", "78": "E"}, {"1": "W", "2": "W", "4": "E", "6": "N", "8": "W", "10": "N", "11": "E", "12": "E", "14": "N", "21": "E", "25": "E", "28": "W", "29": "S", "30": "E", "34": "N", "35": "E", "37": "E", "41": "E", "42": "W", "44": "E", "45": "E", "47": "S", "51": "N", "53": "S", "54": "S", "58": "E", "62": "W", "64": "N", "66": "N", "67": "W", "69": "S", "74": "S", "78": "N"}, {"4": "N", "8": "W", "11": "N", "12": "N", "21": "E", "25": "E", "28": "W", "30": "E", "34": "W", "38": "N", "41": "N", "47": "W", "49": "E", "51": "W", "53": "S", "54": "S", "61": "N", "64": "W", "66": "W", "67": "W", "68": "N", "73": "N", "75": "N", "78": "E"}, {"6": "N", "8": "W", "11": "N", "12": "N", "21": "E", "22": "N", "23": "E", "25": "N", "29": "W", "41": "N", "43": "E", "44": "N", "45": "E", "46": "N", "47": "W", "49": "S", "51": "W", "53": "E", "57": "N", "61": "E", "63": "W", "66": "W", "67": "W", "68": "N", "69": "W", "72": "N", "73": "E", "75": "W", "77": "E", "78": "E"}, {"4": "N", "6": "N", "7": "S", "8": "S", "10": "N", "11": "N", "14": "N", "34": "W", "35": "E", "36": "S", "37": "E", "38": "W", "42": "N", "43": "S", "44": "N", "45": "E", "46": "N", "47": "N", "49": "S", "53": "S", "56": "E", "58": "E", "63": "W", "66": "N", "69": "W", "71": "E", "73": "S", "75": "W", "77": "S", "78": "S", "79": "N"}, {"4": "N", "6": "N", "7": "S", "10": "W", "14": "N", "34": "S", "35": "N", "36": "W", "41": "E", "44": "W", "45": "N", "46": "W", "53": "W", "56": "E", "58": "N", "63": "S", "66": "W", "69": "S", "71": "S", "72": "N", "78": "E", "79": "E"}, {"1": "W", "2": "W", "4": "N", "8": "W", "11": "E", "13": "E", "14": "N", "20": "N", "21": "E", "22": "N", "25": "E", "29": "W", "30": "E", "33": "E", "35": "E", "36": "W", "37": "E", "44": "N", "45": "E", "46": "N", "51": "W", "53": "S", "56": "E", "57": "N", "63": "W", "67": "S", "69": "W", "75": "W", "76": "S", "77": "S", "79": "S"}, {"1": "N", "2": "S", "4": "N", "8": "N", "13": "E", "17": "N", "25": "N", "29": "W", "33": "E", "34": "E", "36": "S", "37": "E", "38": "N", "44": "N", "45": "E", "46": "N", "49": "S", "51": "W", "54": "S", "62": "W", "63": "W", "65": "E", "67": "W", "68": "N", "69": "W", "73": "E", "75": "S", "76": "E"}, {"1": "W", "2": "W", "4": "N", "6": "W", "9": "E", "11": "E", "14": "W", "17": "E", "29": "W", "30": "E", "35": "N", "36": "S", "37": "E", "38": "N", "41": "N", "44": "N", "45": "E", "46": "E", "49": "E", "51": "W", "62": "W", "63": "S", "66": "N", "68": "N", "70": "N", "73": "S", "76": "S"}, {"1": "W", "2": "S", "4": "N", "6": "N", "8": "W", "9": "N", "11": "E", "17": "N", "22": "N", "29": "W", "30": "N", "35": "N", "36": "S", "37": "E", "42": "W", "43": "E", "44": "N", "45": "S", "46": "N", "47": "W", "49": "E", "51": "W", "56": "E", "60": "S", "62": "W", "63": "W", "65": "E", "66": "W", "70": "N", "72": "N", "73": "E", "77": "W"}, {"0": "E", "1": "S", "14": "W", "23": "E", "24": "N", "25": "N", "29": "W", "30": "W", "36": "S", "37": "S", "42": "W", "44": "N", "46": "N", "47": "W", "49": "S", "50": "E", "51": "W", "54": "E", "56": "E", "60": "E", "61": "N", "63": "W", "65": "E", "66": "W", "67": "S", "68": "N", "71": "S", "73": "E", "77": "W", "78": "N"}, {"0": "E", "1": "W", "11": "E", "14": "N", "23": "E", "24": "E", "25": "E", "30": "N", "31": "S", "33": "E", "36": "E", "37": "E", "41": "N", "46": "W", "47": "W", "49": "S", "50": "E", "54": "S", "56": "E", "60": "S", "61": "E", "66": "N", "67": "W", "71": "E", "74": "E", "75": "W", "77": "S", "78": "E"}, {"0": "S", "1": "W", "3": "E", "6": "N", "9": "E", "11": "E", "14": "W", "24": "S", "30": "E", "33": "E", "35": "W", "38": "N", "44": "N", "46": "W", "50": "E", "61": "E", "62": "W", "66": "N", "70": "E", "71": "E", "73": "E", "74": "E", "78": "E"}, {"0": "E", "6": "E", "14": "N", "21": "S", "22": "E", "25": "E", "31": "S", "33": "N", "42": "S", "44": "N", "46": "W", "58": "N", "65": "N", "66": "N", "73": "N", "78": "E"}, {"0": "E", "14": "N", "21": "S", "22": "N", "23": "E", "25": "E", "33": "E", "36": "S", "44": "N", "46": "W", "49": "W", "54": "W", "58": "W", "60": "E", "63": "N", "65": "N", "69": "S", "75": "W"}, {"0": "S", "3": "N", "8": "W", "11": "S", "22": "N", "25": "N", "27": "E", "29": "W", "33": "E", "35": "W", "37": "E", "39": "S", "46": "W", "49": "S", "53": "E", "58": "S", "60": "N", "65": "E", "69": "E", "71": "S", "75": "N"}, {"0": "E", "3": "E", "25": "N", "27": "E", "29": "S", "31": "S", "35": "N", "37": "S", "39": "S", "42": "W", "46": "N", "49": "E", "50": "E", "53": "E", "59": "N", "60": "N", "61": "N", "65": "S", "70": "E", "71": "S", "75": "W", "77": "E"}, {"0": "N", "3": "E", "25": "E", "27": "E", "31": "W", "37": "E", "39": "S", "41": "N", "46": "W", "49": "E", "53": "E", "60": "E", "65": "E", "66": "N", "70": "N", "75": "W", "77": "S"}, {"0": "N", "3": "E", "11": "S", "22": "N", "24": "E", "31": "W", "35": "N", "38": "E", "41": "N", "46": "W", "49": "N", "53": "E", "60": "N", "66": "W", "67": "W", "70": "N", "71": "S", "75": "W"}, {"63": "W"}, {"61": "W", "66": "N", "47": "W", "21": "S", "63": "W"}, {"22": "N", "24": "E", "25": "S", "31": "W", "33": "E", "37": "S", "65": "E", "69": "S", "70": "E", "77": "S", "3": "E", "12": "N", "38": "N", "41": "N", "45": "E", "46": "W", "54": "S", "71": "E", "79": "W", "58": "W", "67": "S", "9": "N", "60": "E", "59": "N", "66": "W", "47": "W"}, {"4": "N", "22": "E", "24": "N", "25": "E", "33": "E", "37": "S", "50": "S", "3": "S", "12": "W", "38": "W", "41": "N", "45": "E", "46": "N", "71": "S", "79": "S", "58": "S", "67": "E", "59": "E", "66": "W", "47": "S"}, {"22": "N", "24": "E", "49": "E", "70": "S", "72": "E", "75": "W", "3": "E", "11": "E", "41": "N", "45": "E", "71": "W", "79": "E", "58": "W", "67": "S", "59": "E", "39": "W", "66": "S"}, {"20": "N", "22": "E", "29": "W", "49": "E", "65": "E", "72": "S", "11": "E", "38": "N", "41": "E", "45": "N", "54": "E", "79": "E", "67": "E", "9": "E", "59": "S"}, {"4": "N", "20": "N", "29": "W", "33": "E", "37": "E", "49": "E", "65": "S", "12": "W", "38": "N", "41": "E", "45": "N", "46": "N", "79": "S", "67": "E", "9": "E", "59": "E", "61": "N"}, {"33": "E", "37": "E", "49": "E", "65": "E", "70": "E", "75": "S", "78": "S", "11": "N", "45": "N", "46": "W", "48": "E", "71": "S", "58": "S", "67": "E", "9": "N", "59": "S", "61": "N"}, {"37": "S", "65": "E", "77": "S", "78": "E", "11": "E", "45": "W", "46": "W", "48": "N", "54": "S", "71": "S", "58": "W", "67": "S", "9": "N", "59": "E"}, {"31": "N", "37": "S", "65": "N", "78": "N", "3": "E", "11": "E", "45": "N", "46": "S", "48": "N", "71": "S", "67": "W", "9": "E", "39": "S"}, {"31": "N", "49": "E", "65": "E", "78": "E", "3": "E", "11": "S", "45": "N", "48": "N", "9": "E", "59": "S", "61": "E"}, {"23": "E", "24": "E", "31": "N", "49": "E", "65": "E", "77": "S", "78": "E", "3": "S", "12": "N", "38": "N", "48": "E", "79": "E", "16": "N", "9": "S", "60": "E", "59": "S", "61": "E"}, {"24": "N", "49": "S", "69": "S", "77": "E", "3": "E", "12": "E", "46": "W", "54": "W", "71": "E", "79": "N", "16": "N", "9": "S", "59": "W", "39": "S"}, {"24": "N", "43": "E", "49": "S", "75": "W", "77": "S", "78": "N", "3": "N", "12": "N", "46": "S", "48": "N", "54": "S", "71": "S", "9": "S", "60": "E"}, {"43": "E", "70": "E", "75": "W", "78": "E", "3": "E", "12": "W", "54": "S", "67": "S", "60": "E"}, {"23": "E", "43": "E", "70": "E", "77": "W", "3": "E", "12": "N", "54": "S", "16": "N", "58": "N", "67": "E", "60": "E"}, {"23": "E", "70": "N", "77": "W", "54": "S", "16": "N", "58": "W", "60": "E"}, {"33": "E", "69": "S", "70": "E", "77": "W", "3": "N", "12": "N", "54": "W", "16": "W", "60": "E", "39": "S"}, {"33": "E", "70": "E", "77": "S", "2": "E", "54": "S", "16": "N", "67": "E", "39": "S"}, {"65": "S", "70": "E", "2": "E", "38": "N", "54": "W", "71": "W", "67": "S", "60": "E"}, {"70": "S", "2": "E", "12": "W", "38": "N", "45": "E", "54": "S", "71": "W"}, {"33": "E", "12": "N", "38": "E", "45": "N", "54": "S", "59": "E", "47": "W"}, {"78": "E", "38": "N", "45": "N", "54": "W", "60": "E", "59": "E", "47": "W"}, {"78": "S", "12": "E", "45": "W", "54": "S", "59": "E"}, {"70": "E", "12": "N", "27": "N", "45": "W", "54": "E", "67": "S", "59": "N"}, {"70": "E", "12": "N", "40": "W", "41": "E", "54": "E", "59": "E", "47": "N"}, {"69": "S", "70": "E", "77": "E", "0": "N", "12": "E", "40": "W", "41": "N", "54": "N"}, {"77": "S", "12": "N", "27": "E", "40": "W", "41": "W"}, {"77": "S", "27": "N", "41": "N", "48": "N"}, {"69": "S", "77": "E", "27": "E", "41": "E", "48": "E", "67": "W"}, {"53": "E", "77": "E", "12": "N", "27": "S", "40": "W", "41": "N", "79": "E", "47": "W"}, {"12": "E", "27": "E", "40": "W", "41": "E", "48": "E", "79": "E", "39": "W", "47": "S"}, {"41": "N", "48": "E", "79": "E", "39": "S"}, {"22": "N", "43": "E", "53": "E", "3": "E", "40": "W", "39": "S"}, {"43": "E", "53": "E", "67": "S", "39": "S", "47": "W"}, {"43": "E", "58": "N", "39": "W"}, {"43": "E", "40": "W"}, {"33": "E", "43": "E", "53": "E", "40": "W", "48": "E", "58": "W", "67": "S"}, {"33": "E", "53": "E", "40": "S", "48": "E"}, {"43": "N", "41": "W", "48": "S", "39": "W"}, {"53": "E", "48": "E", "39": "S"}, {"33": "E", "53": "E", "40": "W", "41": "W", "48": "E"}, {"33": "E", "53": "E", "0": "E", "40": "S", "41": "W", "48": "N"}, {"33": "S", "0": "E", "46": "S", "79": "E", "67": "S", "39": "W"}, {"33": "E", "79": "E", "39": "S"}, {"33": "E", "53": "E", "48": "E", "79": "E"}, {"46": "W", "48": "E", "79": "N", "16": "E", "67": "S", "76": "W"}, {"48": "S", "16": "N", "58": "N", "67": "W", "39": "S"}, {"33": "E", "48": "S", "58": "W", "39": "S"}, {"33": "S", "48": "E", "76": "W"}, {"33": "E", "48": "E", "58": "W", "67": "W"}, {"33": "N", "0": "E", "58": "S", "67": "S"}, {"33": "N", "0": "N", "16": "N", "58": "S", "67": "W"}, {"0": "E", "48": "N", "58": "W", "67": "W"}, {"22": "W", "67": "N"}, {"22": "W", "16": "N", "67": "W"}, {"48": "N", "16": "N", "58": "S"}, {"20": "N", "48": "N", "16": "N"}, {"20": "N", "22": "W"}, {"40": "S", "59": "N"}, {"0": "E", "27": "E", "16": "N"}, {"0": "S", "16": "W", "58": "W", "76": "S"}, {"76": "S"}, {"76": "S"}, {"58": "W"}, {"58": "S"}, {"58": "W"}, {"58": "W"}, {"58": "W"}, {"22": "N", "0": "E", "27": "E"}, {"22": "N", "27": "E", "58": "N"}, {"27": "S"}, {"0": "S"}, {"27": "E"}, {"27": "E", "47": "W"}, {"27": "N", "47": "N"}, {"27": "E", "47": "W"}, {"27": "E"}, {"27": "E"}, {"27": "E"}, {"27": "E"}, {"58": "W", "39": "E"}, {"27": "S", "58": "N"}, {"58": "E"}, {"58": "N"}, {"58": "N", "76": "E"}, {"76": "E"}, {"58": "N"}, {"16": "N"}, {"39": "E"}, {"39": "N"}, {"39": "E"}, {"39": "E"}, {"39": "S"}, {"16": "N"}, {"16": "E"}, {"39": "E"}, {"39": "E"}, {"16": "N"}, {"16": "N"}, {"16": "W"}, {"16": "W"}, {"20": "N"}, {"20": "N"}, {"20": "N"}, {"20": "W"}, {"20": "N"}, {"20": "N"}]}