{"instance": "small_free_001_10x10_40_40", "steps": [{"4": "W", "23": "E", "10": "E", "18": "W", "1": "S", "31": "E", "36": "N", "6": "W", "35": "N", "26": "S", "14": "E", "15": "S", "20": "S", "22": "W", "9": "S", "21": "N", "3": "W", "11": "N", "38": "E", "17": "S", "39": "W", "27": "E", "34": "W", "12": "S", "13": "W", "29": "W", "24": "E", "7": "E", "28": "N", "16": "S"}, {"20": "W", "1": "W", "37": "E", "7": "N", "19": "S", "26": "S", "38": "N", "29": "N", "23": "W", "15": "N", "13": "N", "10": "N", "39": "W", "24": "N", "35": "W", "4": "W", "2": "N", "9": "S", "31": "E", "21": "N", "16": "S", "27": "E", "28": "N", "22": "W", "18": "W", "25": "E", "14": "S", "33": "W", "6": "W", "0": "S", "12": "W"}, {"33": "W", "37": "S", "24": "E", "26": "S", "28": "W", "5": "N", "29": "N", "12": "E", "31": "S", "9": "E", "10": "S", "25": "S", "13": "N", "3": "W", "21": "E", "14": "E", "11": "N", "39": "E", "30": "W", "6": "N", "32": "S", "36": "S", "20": "E", "15": "N", "2": "S", "1": "N", "18": "W", "27": "S", "38": "S"}, {"3": "N", "6": "W", "8": "S", "17": "W", "23": "S", "36": "N", "4": "W", "2": "S", "11": "E", "39": "W", "26": "N", "10": "N", "12": "W", "38": "S", "15": "N", "37": "S", "13": "W", "19": "W", "20": "W", "9": "S", "18": "W", "7": "E", "14": "E", "32": "E", "31": "E", "33": "N", "22": "W", "1": "S"}, {"28": "E", "22": "N", "9": "E", "30": "N", "26": "S", "2": "E", "37": "E", "31": "S", "15": "W", "33": "N", "11": "N", "7": "E", "12": "E", "36": "S", "5": "N", "17": "E", "6": "W", "13": "W", "18": "E", "24": "N", "21": "S", "1": "N", "0": "E"}, {"11": "S", "17": "W", "31": "S", "28": "W", "26": "N", "8": "S", "29": "E", "39": "W", "15": "N", "21": "N", "34": "E", "33": "S", "2": "N", "16": "E", "9": "W", "36": "N", "1": "S", "18": "W", "24": "N", "27": "E", "0": "W", "4": "S", "7": "E", "23": "S", "6": "S"}, {"13": "W", "20": "S", "12": "E", "2": "S", "38": "S", "4": "N", "32": "S", "26": "W", "39": "W", "5": "N", "15": "W", "34": "E", "16": "W", "18": "S", "17": "E", "10": "S", "1": "N", "7": "E", "27": "E", "29": "W", "3": "S", "9": "S", "36": "W"}, {"32": "W", "8": "S", "21": "W", "17": "E", "11": "E", "34": "S", "26": "S", "1": "N", "14": "E", "18": "S", "15": "N", "28": "N", "9": "W", "2": "N", "33": "W", "29": "E", "10": "N", "27": "S", "12": "E", "13": "W", "5": "S", "24": "E", "36": "N", "20": "W"}, {"26": "N", "38": "S", "33": "N", "1": "W", "8": "N", "18": "N", "29": "N", "15": "W", "4": "S", "22": "S", "0": "S", "5": "E", "20": "E", "35": "S", "9": "E", "24": "N", "21": "N", "11": "N", "3": "N", "2": "E", "14": "S", "17": "W"}, {"9": "W", "20": "W", "37": "S", "23": "E", "2": "E", "16": "S", "21": "E", "12": "E", "25": "S", "8": "S", "1": "N", "11": "E", "29": "W", "5": "E", "7": "E", "27": "S", "18": "E", "33": "E", "24": "N", "26": "E"}, {"14": "E", "34": "W", "3": "N", "8": "N", "19": "N", "2": "W", "25": "N", "33": "N", "7": "N", "20": "N", "36": "W", "27": "S", "12": "E", "5": "N", "9": "E", "23": "W", "10": "S", "1": "S", "37": "N", "18": "N", "28": "W"}, {"36": "N", "14": "S", "4": "N", "16": "E", "29": "E", "28": "E", "20": "W", "21": "S", "34": "E", "12": "N", "1": "S", "10": "N", "19": "S", "33": "S", "17": "E"}, {"19": "N", "26": "W", "39": "W", "21": "S", "0": "N", "16": "W", "36": "N", "17": "N", "29": "W", "33": "N", "10": "S", "37": "W", "7": "W", "4": "N", "25": "W", "12": "S", "9": "S", "24": "N", "22": "N", "34": "W", "20": "E", "3": "E", "8": "W", "28": "W"}, {"20": "E", "29": "W", "33": "N", "24": "S", "19": "N", "36": "N", "23": "S", "26": "E", "9": "N", "13": "W", "16": "E", "34": "E", "7": "E", "17": "S", "14": "E", "21": "N", "10": "E"}, {"16": "W", "28": "S", "10": "N", "37": "E", "18": "N", "36": "E", "32": "S", "9": "S", "25": "S", "7": "E", "38": "S", "1": "W", "34": "W", "17": "S", "26": "E", "13": "N", "21": "S"}, {"25": "N", "17": "E", "18": "W", "34": "E", "37": "E", "7": "E", "32": "W", "36": "E", "9": "N", "1": "E", "33": "W", "2": "E", "21": "N", "26": "E", "28": "E", "38": "N", "19": "E"}, {"7": "S", "34": "W", "10": "N", "37": "S", "18": "N", "2": "S", "19": "W", "33": "N", "16": "E", "24": "E", "1": "N", "26": "W"}, {"25": "N", "28": "E", "32": "E", "16": "W", "20": "W", "19": "E", "9": "E", "37": "E", "21": "E", "1": "S", "0": "W", "26": "W"}, {"0": "E", "1": "W", "8": "W", "28": "W", "21": "W", "29": "W", "26": "E", "32": "S", "23": "N", "18": "N", "9": "E", "37": "E", "20": "E"}, {"23": "S", "0": "W", "26": "E", "10": "S", "32": "S", "28": "S", "18": "S", "20": "N", "9": "E", "8": "N", "29": "E"}, {"12": "E", "10": "N", "23": "S", "22": "N", "20": "E", "18": "N", "9": "E", "26": "S", "32": "E", "8": "W", "0": "N", "17": "W"}, {"20": "E", "8": "E", "34": "E", "21": "W", "14": "W", "32": "S", "17": "E", "1": "N", "3": "E", "26": "N", "23": "S"}, {"26": "E", "23": "E", "34": "E", "8": "N", "21": "S", "25": "N", "10": "W", "14": "E", "20": "S", "37": "N", "16": "S", "1": "E", "28": "N", "3": "N", "0": "S", "38": "E", "19": "E"}, {"13": "N", "26": "E", "0": "N", "1": "E", "38": "W", "3": "W", "28": "N", "18": "N", "23": "N", "8": "N", "34": "W", "19": "S", "37": "E", "21": "W", "25": "E"}, {"25": "E", "26": "E", "18": "S", "23": "S", "34": "S", "28": "W", "10": "E", "8": "N", "21": "W", "1": "E", "0": "S", "3": "E", "13": "S"}, {"10": "W", "1": "E", "21": "N", "3": "W", "23": "S", "34": "S", "26": "S", "0": "N"}, {"13": "N", "21": "S", "3": "E", "0": "E", "26": "E", "18": "N", "8": "E", "23": "E", "34": "S", "1": "W"}, {"21": "E", "10": "S", "18": "S", "14": "S", "34": "N", "0": "E", "23": "E", "8": "N"}, {"3": "E", "8": "S", "25": "N", "17": "E", "34": "E", "23": "S", "38": "E", "29": "S", "26": "S", "14": "E", "10": "N", "21": "N"}, {"34": "W", "26": "N", "33": "N", "23": "E", "21": "W", "8": "E", "28": "N", "0": "E", "14": "S", "10": "N", "20": "E"}, {"14": "E", "23": "E", "28": "W", "0": "W", "3": "W", "1": "N", "25": "N", "21": "S"}, {"25": "S", "28": "W", "3": "W", "1": "S", "10": "S", "26": "W", "34": "S", "23": "E", "20": "W", "21": "N"}, {"28": "S", "26": "E", "17": "E", "20": "E", "23": "E", "0": "W", "21": "S", "1": "N", "10": "S", "34": "N", "25": "S"}, {"21": "N", "18": "N", "26": "W", "25": "S", "23": "N", "0": "E", "34": "E", "1": "S", "20": "W", "10": "S", "17": "S"}, {"23": "N", "1": "W", "21": "N", "18": "W", "34": "E", "20": "N", "26": "E", "25": "E"}, {"33": "S", "34": "W", "19": "S", "13": "S", "20": "S", "1": "E", "25": "S", "10": "W", "0": "S"}, {"34": "S", "1": "N", "26": "N", "28": "W", "10": "N", "25": "S", "19": "W"}, {"28": "W", "29": "N", "10": "E", "33": "N", "34": "W", "1": "E", "3": "N"}, {"13": "E", "1": "S", "10": "E", "26": "S", "3": "S", "28": "W", "34": "S", "18": "E", "29": "S"}, {"29": "N", "3": "N", "34": "W", "21": "S", "18": "W", "1": "N"}, {"18": "E", "21": "N", "26": "W", "10": "N", "34": "W", "0": "N", "20": "E", "1": "S", "33": "N"}, {"21": "S", "28": "S", "20": "W", "34": "N", "3": "S", "38": "W"}, {"34": "N", "20": "E", "0": "W", "21": "N", "38": "E", "3": "N", "26": "N"}, {"20": "W", "0": "E", "34": "N", "26": "S", "1": "N"}, {"20": "E", "26": "E", "21": "S", "34": "W", "1": "S", "18": "S"}, {"34": "W", "19": "S", "21": "S", "26": "S", "20": "W", "18": "S"}, {"3": "S", "29": "S", "34": "E", "19": "W", "18": "N", "20": "S", "21": "N", "1": "N"}, {"1": "S", "18": "N", "20": "S", "21": "S", "34": "W"}, {"18": "N", "0": "E", "21": "N", "26": "S", "34": "E", "1": "N"}, {"26": "W", "21": "N", "33": "N", "1": "S", "20": "E", "34": "S", "38": "W"}, {"38": "E", "33": "S", "26": "S", "20": "E", "10": "S", "34": "E", "21": "N", "0": "N"}, {"26": "S", "0": "S", "33": "N", "34": "W", "10": "N", "21": "S", "20": "E"}, {"0": "N", "20": "E", "38": "W", "33": "S", "29": "W", "21": "N"}, {"33": "N", "21": "S", "26": "E", "34": "W", "20": "E", "1": "N", "0": "S", "3": "N"}, {"20": "W", "33": "W", "34": "E", "26": "S", "1": "S", "21": "N", "0": "W"}, {"20": "W", "38": "N", "26": "S", "33": "W", "3": "S"}, {"38": "S", "1": "E", "21": "S", "3": "N", "26": "S", "0": "S", "20": "E"}, {"34": "W", "26": "W", "3": "N", "1": "W", "0": "N", "21": "N"}, {"3": "S", "0": "S", "26": "E", "34": "N"}, {"1": "E"}, {"1": "S", "0": "N", "3": "N", "26": "E", "34": "W"}, {"1": "S", "26": "N", "20": "S", "0": "S", "3": "S", "34": "E"}, {"20": "N", "3": "S", "26": "N", "1": "S", "34": "W", "21": "S"}, {"34": "W", "26": "S", "3": "N", "0": "N", "20": "S", "21": "N", "1": "S"}, {"34": "E", "0": "E", "1": "W", "20": "N", "38": "N", "21": "S", "3": "S", "26": "N"}, {"1": "S", "34": "E", "0": "W", "3": "N", "21": "N", "20": "S", "26": "N", "29": "W"}, {"29": "E", "3": "S", "34": "E", "20": "W", "1": "W", "0": "E", "26": "S"}, {"38": "S", "3": "N", "1": "W", "20": "N", "34": "S", "26": "E"}, {"0": "W", "20": "E", "21": "S", "1": "E", "26": "N"}, {"21": "N", "3": "N", "20": "W", "0": "S", "1": "W"}, {"0": "N", "34": "N", "26": "W", "3": "S", "1": "W"}, {"3": "N", "1": "N", "20": "S", "0": "S", "26": "W"}, {"26": "E", "0": "N", "21": "S", "20": "N"}, {"20": "S", "21": "N", "0": "S", "26": "S", "34": "E", "1": "S"}, {"34": "W", "3": "S", "21": "S", "1": "E", "0": "N", "20": "E"}, {"1": "W", "21": "N", "0": "S"}, {"3": "N", "1": "N", "26": "N", "34": "W", "0": "N"}, {"34": "E", "38": "N", "20": "W", "0": "E"}, {"34": "S", "0": "W", "38": "S", "20": "N", "1": "S", "10": "S", "21": "S"}, {"26": "S", "0": "S", "34": "W", "21": "N", "1": "N", "10": "N"}, {"20": "E", "26": "N"}, {"26": "N", "34": "N", "20": "E", "21": "S"}, {"34": "E", "21": "N", "26": "S", "0": "N"}, {"21": "S", "38": "N", "1": "S", "26": "E", "0": "E"}, {"1": "N", "26": "S", "21": "N", "38": "S", "0": "W"}, {"34": "W", "20": "W", "26": "E"}, {"0": "S", "1": "S", "26": "E", "3": "S", "20": "S"}, {"0": "N", "20": "N", "3": "N"}, {"26": "N", "0": "S", "1": "N", "20": "S", "21": "S"}, {"20": "W", "21": "N", "0": "N", "34": "E", "26": "N"}, {"0": "S", "20": "N", "26": "E", "21": "S", "34": "E"}, {"26": "N", "20": "E", "21": "N", "0": "N"}, {"0": "S", "26": "E", "20": "S", "21": "S"}, {"21": "N", "34": "W", "26": "E"}, {"34": "W", "20": "W", "0": "N"}, {"21": "S", "20": "E", "34": "E", "0": "S"}, {"1": "S", "21": "N", "3": "S", "0": "N", "26": "W"}, {"0": "S", "26": "W", "34": "W"}, {"34": "E", "26": "S"}, {"26": "E", "21": "S", "20": "E"}]}