{"instance": "small_000_10x10_20_10", "steps": [{"2": "S", "1": "N", "9": "N", "5": "S", "7": "W", "6": "N", "4": "W", "3": "E", "8": "W"}, {"2": "S", "4": "W", "6": "N", "7": "S", "3": "N", "9": "E", "0": "W"}, {"5": "W", "3": "N", "8": "W", "6": "E", "7": "E", "0": "W"}, {"7": "S", "6": "E", "3": "N", "5": "W", "9": "N", "2": "W"}, {"9": "N", "6": "E", "5": "S", "7": "S", "8": "N", "3": "N"}, {"0": "W", "9": "E", "2": "S", "6": "E", "3": "N", "8": "N", "5": "S"}, {"5": "S", "9": "N", "8": "N", "3": "W", "2": "S", "0": "N", "6": "E"}, {"8": "N", "0": "N", "5": "W", "2": "E", "9": "E", "6": "S"}, {"2": "E", "0": "E", "5": "W", "9": "E", "8": "E", "6": "E"}, {"2": "E", "5": "E", "9": "E", "6": "E", "8": "N", "0": "N"}, {"9": "E", "8": "N", "2": "E", "5": "S", "6": "S", "0": "E"}, {"5": "S", "2": "E", "6": "S", "8": "N", "9": "S", "0": "N"}, {"8": "N"}, {"9": "E", "2": "E", "8": "E"}, {"8": "E", "2": "E", "9": "E"}, {"2": "E", "8": "E", "9": "S"}, {"2": "E", "8": "N", "9": "E", "0": "W"}, {"8": "E", "9": "S", "0": "N", "2": "E"}, {"2": "E", "0": "N", "9": "S", "8": "E"}, {"2": "N", "9": "S", "0": "E", "8": "E"}, {"9": "W"}, {"2": "N", "8": "S", "9": "S"}, {"2": "N"}, {"2": "W"}]}