{"instance": "small_free_001_10x10_40_40", "steps": [{"35": "W", "10": "N", "17": "W", "9": "E", "1": "S", "16": "S", "33": "W", "39": "W", "3": "W", "19": "W", "18": "W", "36": "W", "38": "E", "15": "N", "27": "E", "7": "E", "13": "N", "11": "N", "30": "W", "4": "N", "21": "N", "14": "E", "12": "E", "26": "W", "6": "W", "25": "N", "29": "W", "20": "W", "28": "W", "24": "N"}, {"2": "E", "17": "E", "3": "N", "13": "N", "22": "W", "27": "S", "15": "S", "12": "W", "9": "S", "18": "N", "5": "E", "0": "S", "25": "N", "34": "W", "14": "E", "24": "W", "20": "E", "26": "E", "33": "W", "39": "W", "10": "E", "1": "S", "37": "E", "28": "N", "36": "E", "32": "S", "7": "W", "30": "S"}, {"27": "S", "28": "E", "37": "E", "30": "N", "34": "S", "29": "N", "6": "W", "8": "E", "3": "W", "9": "S", "1": "W", "15": "W", "2": "E", "26": "E", "32": "S", "13": "W", "38": "S", "14": "S", "33": "N", "0": "E", "20": "E", "24": "E", "7": "N", "25": "E", "36": "N", "19": "E", "31": "S", "10": "S"}, {"12": "E", "16": "S", "24": "N", "11": "N", "8": "N", "5": "E", "29": "E", "26": "S", "36": "S", "10": "S", "34": "S", "17": "S", "13": "W", "9": "E", "18": "S", "6": "W", "2": "E", "15": "N", "37": "S", "30": "N", "25": "S", "14": "E", "1": "E", "28": "N"}, {"11": "E", "0": "E", "36": "N", "26": "E", "5": "W", "1": "W", "2": "N", "38": "E", "20": "E", "34": "N", "10": "N", "21": "E", "7": "E", "15": "N", "18": "E", "9": "W", "12": "E", "31": "E", "29": "N", "13": "E", "17": "E", "14": "E", "24": "E"}, {"26": "N", "1": "W", "6": "W", "33": "N", "36": "N", "3": "W", "15": "W", "31": "S", "2": "S", "7": "N", "18": "W", "12": "E", "17": "S", "19": "E", "9": "S", "5": "E", "28": "W", "16": "S", "10": "S", "38": "N", "13": "N", "37": "S"}, {"28": "W", "19": "W", "18": "W", "8": "N", "24": "N", "37": "W", "38": "S", "2": "E", "9": "E", "26": "S", "29": "E", "23": "S", "3": "E", "36": "W", "10": "S", "14": "N", "31": "E", "13": "W", "16": "N", "25": "E", "21": "E", "7": "E"}, {"12": "E", "20": "S", "9": "S", "10": "E", "16": "S", "21": "W", "23": "N", "31": "S", "17": "S", "29": "W", "5": "N", "14": "E", "25": "S", "28": "E", "27": "S", "26": "E", "11": "N", "37": "E", "8": "W", "7": "E", "19": "W"}, {"15": "E", "23": "S", "11": "E", "25": "S", "32": "S", "2": "E", "33": "W", "14": "E", "28": "E", "7": "S", "4": "W", "31": "E", "20": "E", "19": "S", "24": "N", "12": "W", "21": "W", "10": "E"}, {"4": "W", "22": "W", "17": "E", "15": "W", "12": "E", "20": "W", "2": "W", "13": "E", "10": "N", "24": "W", "25": "E", "7": "E", "18": "S", "11": "E", "34": "E", "29": "E", "23": "S", "0": "S", "39": "E", "37": "S", "21": "E"}, {"5": "W", "18": "N", "28": "N", "36": "E", "10": "E", "3": "N", "0": "E", "22": "N", "24": "N", "14": "E", "19": "W", "21": "E", "38": "S", "37": "N", "25": "S", "29": "S", "9": "S", "2": "W"}, {"5": "N", "18": "N", "7": "N", "2": "S", "12": "E", "20": "E", "27": "E", "28": "W", "38": "W", "3": "N", "22": "E", "33": "W", "37": "E", "29": "N", "19": "E", "36": "W", "10": "W", "13": "W", "14": "S", "21": "W"}, {"13": "E", "26": "S", "20": "E", "12": "S", "32": "E", "5": "E", "24": "E", "18": "W", "22": "W", "36": "E", "7": "N", "33": "W", "28": "E", "19": "S", "10": "W", "9": "N", "29": "N"}, {"33": "N", "3": "N", "14": "E", "20": "W", "29": "W", "26": "S", "24": "W", "10": "S", "17": "E", "34": "N", "4": "W", "5": "N", "27": "S", "7": "S"}, {"34": "S", "15": "W", "10": "W", "36": "W", "38": "W", "33": "N", "17": "E", "9": "E", "7": "E", "22": "W", "24": "E", "20": "E", "21": "S"}, {"15": "E", "24": "E", "33": "W", "10": "N", "38": "E", "27": "E", "34": "E", "26": "N", "36": "S", "37": "E", "9": "S", "29": "E", "20": "E", "13": "W", "21": "E"}, {"29": "W", "27": "E", "10": "W", "28": "E", "36": "N", "24": "E", "26": "E", "38": "S", "15": "E", "9": "E", "14": "E", "37": "E", "18": "W", "34": "W", "22": "N", "21": "W"}, {"21": "N", "10": "S", "29": "N", "9": "E", "7": "E", "13": "E", "37": "W", "18": "N", "15": "W", "14": "S", "38": "S", "24": "E", "34": "E"}, {"39": "E", "10": "N", "21": "S", "26": "S", "9": "N", "28": "W", "14": "S", "18": "N", "29": "W", "13": "W", "33": "S", "38": "W", "7": "E", "34": "E", "23": "S"}, {"13": "E", "7": "E", "23": "E", "26": "N", "21": "N", "37": "S", "29": "N", "28": "N", "10": "N", "39": "S", "14": "S", "36": "E", "38": "N", "15": "N", "34": "W"}, {"21": "N", "34": "W", "26": "E", "23": "S", "13": "W", "10": "N", "18": "N", "28": "E", "39": "E", "29": "W", "36": "N"}, {"37": "E", "14": "S", "38": "E", "33": "N", "23": "N", "34": "E", "7": "S", "36": "N", "20": "W", "16": "W", "13": "W", "10": "N", "15": "E", "29": "W", "28": "N"}, {"14": "N", "29": "S", "39": "W", "15": "N", "36": "N", "28": "W", "23": "S", "10": "S", "13": "S", "38": "W", "33": "N", "18": "S"}, {"18": "N", "26": "S", "15": "W", "28": "W", "32": "S", "37": "S", "33": "N", "14": "S", "16": "S", "29": "W", "13": "E", "38": "E", "23": "S", "34": "S"}, {"34": "N", "13": "W", "37": "N", "10": "N", "16": "N", "33": "W", "38": "W", "32": "W", "28": "W", "29": "S", "14": "E", "23": "E", "21": "W"}, {"14": "W", "28": "S", "26": "S", "33": "N", "13": "W", "23": "N", "21": "E", "10": "W", "15": "E", "37": "S"}, {"26": "N", "33": "N", "34": "W", "21": "N", "28": "W", "10": "E", "32": "E", "0": "S", "23": "W", "37": "N", "14": "W"}, {"37": "N", "28": "W", "33": "N", "26": "S", "38": "E", "39": "E", "32": "S"}, {"32": "W", "33": "E", "38": "W", "39": "W", "37": "W", "10": "S", "26": "E", "18": "S"}, {"23": "W", "32": "S", "21": "S", "15": "E", "39": "E", "33": "E", "18": "N", "10": "N", "37": "S", "28": "E"}, {"32": "E", "28": "W", "10": "S", "26": "S", "21": "S", "15": "W", "33": "S", "23": "E", "34": "W", "37": "N", "39": "W"}, {"18": "S", "15": "S", "28": "S", "26": "N", "38": "S", "37": "E", "21": "W"}, {"28": "N", "13": "S", "21": "W", "16": "S", "23": "S", "26": "N", "15": "N", "10": "S"}, {"18": "W", "10": "N", "16": "N", "39": "E", "15": "S", "23": "N"}, {"39": "W", "10": "N", "34": "W", "13": "S", "15": "W", "28": "E", "23": "W", "21": "S", "18": "W", "26": "S"}, {"23": "W", "13": "N", "10": "S", "18": "E", "38": "S", "26": "N", "21": "S", "15": "E"}, {"15": "W", "26": "W", "13": "W", "38": "N", "10": "N", "21": "W", "23": "E", "28": "N"}, {"20": "N", "23": "E", "13": "W", "21": "E", "26": "N"}, {"16": "W", "20": "W", "28": "N", "23": "S", "26": "S"}, {"20": "E", "28": "W", "13": "S", "23": "N", "26": "N", "21": "S"}, {"13": "N", "39": "E", "21": "S", "28": "S", "23": "W", "26": "S", "18": "W", "37": "E"}, {"23": "E", "15": "S", "28": "N", "16": "E", "13": "S", "21": "N", "18": "N"}, {"20": "S", "21": "S", "13": "N", "38": "N", "15": "W", "26": "E"}, {"13": "S", "23": "S", "21": "E", "10": "N", "15": "W"}, {"23": "S", "26": "S", "28": "S", "18": "S", "39": "S", "21": "N", "13": "N"}, {"10": "S", "21": "S", "18": "N", "26": "N", "13": "S", "23": "E", "39": "N"}, {"28": "E", "15": "W", "10": "N", "20": "N", "26": "S", "21": "E", "23": "S", "13": "S"}, {"13": "N", "15": "N", "23": "E", "18": "S", "16": "W", "26": "N"}, {"28": "E", "21": "W", "23": "E", "18": "E", "13": "N"}, {"16": "E", "23": "E", "18": "W", "21": "W", "28": "W"}, {"21": "N", "20": "S", "28": "N", "23": "E", "18": "N"}, {"13": "W", "28": "W", "18": "S"}, {"26": "W", "38": "E", "15": "S", "21": "N", "18": "N", "23": "E", "13": "N"}, {"23": "N", "28": "N", "15": "N", "21": "S", "26": "E", "18": "S", "10": "N", "13": "S"}, {"15": "N", "13": "N", "18": "N", "23": "N", "21": "S"}, {"13": "E", "18": "S", "28": "E"}, {"18": "N", "13": "S", "28": "S", "26": "W", "21": "E"}, {"26": "W", "15": "S", "21": "E", "18": "S", "13": "S", "10": "S"}, {"13": "N", "26": "S", "21": "W", "38": "W", "18": "W"}, {"15": "W", "21": "W", "28": "E", "18": "E", "13": "S", "26": "S"}, {"28": "N", "21": "W", "15": "E", "13": "N", "18": "E"}, {"18": "S", "20": "N", "21": "S"}, {"18": "N", "16": "W", "21": "S", "26": "S", "28": "E"}, {"28": "E", "18": "W", "21": "E", "26": "W", "16": "E"}, {"28": "W", "16": "W", "26": "W", "13": "S", "18": "E"}, {"18": "S", "21": "W", "16": "E", "26": "S", "28": "N"}, {"18": "N", "26": "E", "20": "S", "21": "S"}, {"26": "S", "13": "S", "18": "S", "28": "W", "38": "E"}, {"26": "W", "13": "N", "18": "E", "28": "S", "10": "N", "21": "E", "15": "N"}, {"21": "E", "26": "E", "13": "W", "18": "N", "28": "S"}, {"13": "N", "18": "S", "15": "S", "26": "S", "28": "S"}, {"15": "N", "28": "W", "21": "N", "18": "N", "13": "N"}, {"26": "W", "28": "N", "18": "S", "13": "S", "21": "E"}, {"26": "N", "15": "S", "13": "N", "28": "W", "21": "S", "18": "S"}, {"21": "E", "15": "N", "28": "N", "26": "E", "18": "N"}, {"21": "E", "18": "S", "13": "E", "26": "S", "28": "W"}, {"21": "E", "18": "N", "26": "N", "13": "W", "28": "N"}, {"13": "E", "28": "E", "18": "S", "26": "W"}, {"26": "E", "21": "E", "28": "E", "18": "N"}, {"26": "W", "28": "W"}, {"28": "W", "21": "E", "26": "N"}, {"13": "W", "28": "W"}, {"18": "N", "26": "S", "21": "E", "13": "W"}, {"21": "W", "26": "E", "13": "W", "28": "S"}, {"26": "E", "21": "W", "28": "W", "18": "S", "13": "E"}, {"18": "N", "26": "S", "13": "E", "21": "E", "28": "W"}, {"13": "S", "21": "N", "28": "N", "18": "S"}, {"21": "E", "28": "E", "18": "N", "26": "W", "13": "N"}, {"28": "E", "26": "W", "21": "N", "18": "S"}, {"18": "N", "21": "S", "28": "S", "26": "N", "13": "S"}, {"21": "W", "13": "E", "28": "W", "26": "N"}, {"18": "W", "28": "E", "26": "S", "13": "W"}, {"13": "E", "26": "W", "18": "E", "21": "N"}, {"18": "W", "26": "S", "21": "N", "28": "W"}, {"28": "W", "26": "E", "21": "S", "13": "N", "18": "W"}, {"13": "S", "28": "E", "21": "E", "26": "E"}, {"18": "N", "15": "S", "28": "S", "21": "S", "26": "E"}, {"21": "W", "28": "S", "15": "N"}, {"15": "S", "28": "E", "13": "W", "26": "E", "18": "S", "21": "S"}, {"18": "E", "13": "E", "26": "E", "21": "W", "15": "N", "28": "W"}]}