{"instance": "small_free_001_10x10_40_40", "steps": [{"1": "N", "3": "W", "15": "S", "26": "S", "28": "W", "2": "N", "4": "S", "5": "N", "6": "N", "7": "N", "9": "E", "10": "N", "11": "N", "12": "W", "13": "W", "14": "N", "16": "S", "17": "W", "18": "W", "20": "S", "22": "S", "23": "N", "24": "S", "25": "N", "27": "E", "29": "E", "30": "S", "33": "S", "34": "N", "36": "W", "37": "S", "38": "N", "39": "S"}, {"1": "N", "3": "N", "26": "W", "28": "W", "2": "N", "4": "S", "5": "W", "6": "W", "7": "N", "9": "E", "10": "E", "16": "E", "18": "N", "19": "S", "20": "W", "22": "E", "23": "N", "24": "E", "25": "E", "27": "E", "29": "N", "30": "W", "33": "W"}, {"0": "N", "1": "N", "3": "N", "28": "W", "2": "N", "5": "N", "6": "N", "7": "N", "9": "E", "10": "S", "12": "N", "16": "N", "17": "N", "20": "N", "22": "E", "23": "N", "25": "N", "29": "E", "30": "W", "32": "W", "33": "W", "34": "N", "36": "W", "38": "N"}, {"0": "E", "1": "N", "15": "S", "2": "E", "5": "N", "6": "N", "7": "E", "8": "N", "9": "S", "12": "N", "16": "N", "19": "E", "22": "N", "23": "E", "25": "E", "31": "E", "32": "N", "34": "N", "36": "W", "37": "S", "39": "E"}, {"0": "N", "1": "W", "15": "S", "2": "E", "4": "W", "5": "N", "6": "W", "7": "N", "8": "N", "9": "W", "12": "N", "16": "W", "18": "W", "19": "S", "22": "W", "25": "E", "27": "S", "31": "N", "32": "W", "34": "W", "36": "N", "37": "S", "39": "N"}, {"0": "E", "1": "W", "3": "W", "15": "W", "28": "N", "2": "N", "4": "W", "6": "N", "7": "N", "8": "W", "10": "S", "12": "N", "13": "N", "16": "N", "18": "N", "19": "W", "22": "N", "25": "E", "27": "W", "31": "E", "32": "S", "36": "W", "39": "W"}, {"3": "N", "15": "S", "28": "N", "2": "E", "4": "W", "6": "W", "10": "W", "11": "W", "12": "E", "16": "N", "17": "N", "18": "W", "19": "W", "22": "N", "24": "E", "25": "E", "30": "W", "31": "E", "36": "N", "37": "S", "39": "W"}, {"3": "N", "15": "W", "28": "W", "4": "S", "6": "W", "7": "N", "8": "W", "10": "N", "11": "N", "12": "N", "18": "W", "19": "W", "24": "E", "25": "S", "30": "W", "31": "E", "36": "N", "37": "E"}, {"1": "N", "3": "E", "15": "W", "28": "W", "4": "W", "8": "W", "10": "E", "11": "N", "12": "E", "18": "W", "19": "S", "24": "N", "27": "E", "29": "N", "30": "N", "36": "N", "37": "S", "38": "E"}, {"1": "W", "3": "N", "28": "N", "2": "N", "4": "N", "5": "N", "8": "W", "9": "S", "10": "E", "11": "N", "18": "N", "19": "W", "22": "N", "24": "N", "27": "N", "30": "N", "34": "N", "36": "N", "37": "S"}, {"0": "E", "28": "W", "2": "N", "4": "W", "5": "E", "9": "S", "10": "E", "13": "N", "18": "N", "22": "N", "24": "N", "27": "E", "29": "E", "31": "N", "32": "S", "34": "W", "36": "W", "39": "S"}, {"3": "W"}, {"3": "S"}, {"24": "W"}, {"24": "N"}, {"24": "N"}, {"24": "E"}, {"24": "E"}, {"24": "N"}, {"28": "W", "13": "W", "18": "E", "27": "E", "26": "N", "0": "E", "1": "W", "15": "W"}, {"28": "S", "13": "W", "18": "N", "27": "S", "26": "E", "0": "E", "1": "S", "15": "N"}, {"32": "S", "26": "E", "0": "S", "1": "S", "15": "W"}, {"13": "W", "27": "S", "32": "S", "26": "S", "0": "S", "1": "W"}, {"13": "W", "27": "S", "32": "S", "0": "S", "1": "S", "15": "N"}, {"13": "N", "27": "S", "32": "E", "26": "E", "15": "N"}, {"32": "S", "26": "E"}, {"26": "E", "0": "W", "1": "S"}, {"32": "S", "26": "E", "0": "S", "1": "S"}, {"26": "E", "0": "W", "1": "E"}, {"26": "E", "0": "S", "1": "S"}, {"32": "E", "26": "S"}, {"26": "E", "1": "E", "15": "N"}, {"15": "N"}, {"1": "S"}, {"1": "E"}, {"15": "N"}, {"15": "N"}, {"15": "E"}, {"15": "E"}, {"15": "N"}, {"32": "W"}]}