{"instance": "small_free_001_10x10_40_40", "steps": [{"23": "E", "7": "N", "18": "W", "27": "S", "32": "E", "26": "S", "6": "W", "13": "N", "29": "N", "39": "W", "9": "S", "15": "W", "17": "E", "4": "W", "33": "W", "21": "N", "25": "N", "35": "W", "24": "E", "19": "S", "16": "S", "0": "S", "1": "W", "10": "E", "20": "S", "2": "N", "22": "W", "38": "S", "28": "N", "14": "W", "30": "S"}, {"18": "N", "26": "E", "39": "W", "24": "E", "25": "S", "1": "S", "4": "N", "34": "W", "17": "W", "30": "W", "9": "S", "38": "E", "6": "N", "12": "E", "21": "N", "33": "N", "29": "N", "27": "S", "3": "N", "7": "E", "37": "E", "0": "E", "28": "N", "15": "N", "20": "E", "14": "E", "13": "N"}, {"13": "E", "9": "E", "16": "E", "25": "E", "36": "N", "34": "S", "22": "W", "6": "W", "26": "E", "38": "W", "2": "E", "37": "E", "27": "E", "30": "N", "18": "W", "15": "W", "8": "N", "20": "E", "23": "E", "10": "S", "7": "E", "3": "N", "29": "N", "14": "S", "17": "S", "12": "E"}, {"26": "S", "15": "N", "33": "N", "7": "E", "12": "S", "20": "W", "2": "E", "14": "S", "9": "S", "1": "N", "10": "E", "36": "N", "13": "N", "17": "S", "8": "N", "25": "S", "6": "W", "37": "S", "38": "E", "5": "W", "30": "S", "31": "S", "18": "W", "3": "N", "16": "N"}, {"36": "W", "34": "E", "19": "S", "33": "W", "17": "W", "28": "E", "7": "E", "30": "W", "6": "W", "38": "W", "20": "E", "29": "W", "37": "S", "13": "W", "2": "N", "14": "E", "5": "E", "10": "E", "39": "E", "18": "S", "12": "N", "27": "E", "15": "E", "9": "S", "25": "S"}, {"38": "E", "6": "S", "27": "W", "13": "W", "19": "S", "4": "W", "5": "N", "10": "N", "29": "W", "17": "E", "2": "S", "39": "W", "21": "E", "32": "N", "12": "E", "18": "N", "20": "W", "31": "W", "30": "E", "28": "W", "16": "W", "1": "N", "36": "E", "34": "W", "15": "S", "14": "S"}, {"22": "W", "4": "W", "0": "S", "14": "W", "17": "S", "3": "W", "19": "W", "11": "N", "20": "E", "2": "E", "15": "N", "1": "W", "34": "E", "24": "E", "30": "W", "37": "E", "18": "W", "13": "W", "7": "E", "38": "S", "16": "E", "28": "W", "33": "W", "10": "S", "5": "N"}, {"14": "E", "1": "W", "34": "W", "5": "N", "29": "N", "36": "N", "18": "N", "23": "S", "30": "N", "12": "E", "26": "S", "10": "N", "33": "S", "0": "E", "27": "N", "28": "W", "2": "E", "7": "E", "16": "E", "15": "E"}, {"38": "S", "22": "S", "11": "E", "12": "S", "29": "N", "39": "W", "17": "E", "34": "W", "30": "N", "24": "S", "33": "N", "19": "S", "23": "S", "20": "S", "9": "S", "26": "E", "1": "S", "2": "N", "16": "W", "15": "W", "13": "E"}, {"7": "E", "32": "S", "13": "W", "17": "S", "29": "S", "37": "E", "28": "E", "21": "N", "20": "N", "2": "W", "30": "E", "10": "N", "9": "N", "11": "E", "5": "W", "15": "N", "16": "E", "33": "S", "24": "S"}, {"16": "W", "38": "W", "5": "E", "33": "N", "15": "E", "9": "S", "7": "E", "14": "W", "19": "N", "1": "E", "21": "E", "39": "S", "24": "E", "17": "N", "2": "S", "29": "W", "10": "S"}, {"9": "E", "36": "N", "15": "N", "25": "N", "1": "S", "10": "N", "3": "N", "26": "W", "21": "W", "17": "S", "39": "N", "38": "E", "24": "S", "29": "W", "16": "E", "28": "E"}, {"36": "N", "1": "E", "16": "S", "24": "N", "28": "E", "9": "N", "39": "S", "5": "S", "3": "S", "33": "W", "17": "E", "2": "N", "10": "S", "32": "N", "14": "W", "27": "S", "13": "S", "15": "E"}, {"0": "E", "32": "S", "9": "E", "10": "N", "23": "E", "37": "S", "3": "E", "5": "N", "13": "S", "24": "N", "28": "W", "20": "E", "2": "W", "19": "W", "15": "S", "25": "N", "16": "S"}, {"16": "S", "37": "N", "2": "E", "9": "E", "25": "S", "0": "S", "29": "N", "32": "S", "11": "E", "14": "S", "21": "E", "19": "N", "17": "N", "15": "W", "20": "N", "5": "W", "26": "S", "33": "S", "22": "N", "28": "E"}, {"2": "S", "15": "E", "28": "W", "14": "S", "18": "N", "10": "N", "9": "E", "24": "N", "26": "N", "37": "S", "16": "E", "1": "S", "25": "S", "5": "E", "29": "S", "19": "E", "21": "E", "17": "W", "12": "E"}, {"38": "N", "33": "N", "37": "N", "2": "S", "13": "N", "16": "W", "1": "W", "39": "W", "17": "E", "11": "N", "26": "N"}, {"38": "S", "27": "S", "26": "S", "2": "S", "21": "S", "28": "W", "23": "S", "33": "S", "5": "N", "20": "N", "14": "E", "15": "N", "17": "W", "16": "S", "11": "N"}, {"16": "E", "24": "S", "22": "N", "38": "S", "37": "S", "17": "E", "26": "E", "29": "S", "15": "W", "10": "S", "14": "E", "21": "W", "27": "S", "18": "N", "33": "W"}, {"23": "S", "14": "N", "39": "W", "13": "W", "37": "N", "33": "N", "20": "N", "17": "E", "16": "W", "5": "S", "28": "E", "38": "S", "26": "S"}, {"24": "S", "22": "N", "37": "S", "39": "N", "14": "S", "27": "S", "33": "S", "26": "N", "3": "S", "16": "E", "18": "N", "21": "E", "5": "N", "20": "E", "28": "W", "23": "S"}, {"15": "W", "24": "N", "28": "E", "14": "W", "20": "E", "38": "S", "5": "E", "37": "N", "33": "N", "27": "E", "21": "N"}, {"5": "E", "23": "E", "33": "N", "24": "S", "31": "W", "28": "W", "17": "E", "27": "S", "21": "N", "26": "E", "14": "E", "20": "E", "10": "E"}, {"28": "E", "16": "W", "20": "E", "31": "E", "38": "W", "23": "E", "27": "N", "33": "W", "5": "S", "21": "N", "24": "S", "10": "W"}, {"16": "N", "14": "W", "24": "N", "33": "E", "23": "E", "28": "W", "38": "E", "3": "S", "27": "N", "20": "E"}, {"28": "E", "27": "E", "21": "E", "38": "W", "16": "S", "26": "E", "20": "E", "23": "E", "3": "N", "14": "E", "33": "W", "24": "S"}, {"38": "E", "15": "E", "27": "E", "31": "W", "33": "E", "28": "W", "14": "W", "24": "N", "21": "W"}, {"3": "N", "24": "N", "28": "E", "32": "S", "15": "E", "20": "E", "38": "S", "33": "W", "14": "E"}, {"38": "S", "24": "S", "21": "E", "26": "S", "37": "W", "28": "W", "10": "S", "33": "E", "16": "W", "14": "W", "20": "S"}, {"21": "W", "10": "N", "28": "N", "26": "N", "14": "W", "20": "S", "37": "E", "15": "W"}, {"26": "E", "14": "E", "20": "W", "28": "W"}, {"24": "S", "28": "W", "20": "S", "33": "S", "14": "E"}, {"24": "N", "33": "N"}, {"26": "W", "24": "W", "32": "N", "28": "W", "15": "S", "21": "E"}, {"33": "S", "26": "E", "28": "W", "15": "N", "32": "S", "21": "W", "37": "W", "14": "S", "24": "E", "10": "E"}, {"37": "E", "33": "N", "24": "S", "28": "W", "10": "W", "26": "W", "21": "E", "16": "E", "14": "N"}, {"14": "S", "10": "E", "16": "W", "21": "E", "28": "W", "24": "N", "37": "E", "31": "W", "26": "E"}, {"14": "N", "28": "S", "31": "E", "10": "E", "37": "W", "15": "N", "21": "W", "24": "S", "26": "S"}, {"16": "S", "26": "N", "10": "N", "24": "N", "15": "S", "14": "S", "37": "E", "21": "E"}, {"31": "W", "14": "N", "26": "W", "21": "W", "16": "N", "15": "N", "10": "E", "37": "W", "33": "S", "32": "N"}, {"32": "S", "15": "S", "33": "N", "26": "E", "10": "W", "24": "S", "31": "E", "37": "E"}, {"21": "W", "25": "W", "37": "E", "24": "N", "33": "E"}, {"26": "N", "25": "E", "33": "N", "24": "N", "14": "S"}, {"33": "N", "21": "E", "14": "N"}, {"21": "W", "24": "W", "10": "E", "26": "W", "32": "N"}, {"32": "S", "10": "W", "21": "N", "13": "S"}, {"21": "S", "24": "E", "13": "N", "14": "S"}, {"24": "N", "26": "S", "14": "N", "21": "E", "33": "S"}, {"25": "W", "14": "S", "10": "E", "26": "E", "21": "W", "33": "N"}, {"21": "E", "10": "W", "14": "E", "25": "E", "26": "W", "24": "W"}, {"10": "E", "24": "E", "14": "E", "21": "W", "26": "E"}, {"16": "E", "14": "E", "33": "S", "10": "E", "24": "W", "25": "W", "26": "S"}, {"13": "E", "10": "N", "25": "E", "33": "N", "24": "E", "16": "E", "26": "N", "14": "E", "21": "N", "31": "N"}, {"21": "S", "26": "W", "13": "W", "31": "S", "16": "W"}, {"10": "N", "16": "W", "26": "E", "31": "N", "14": "W"}, {"21": "N", "10": "N", "31": "S", "16": "E", "14": "E"}, {"21": "S", "25": "W", "14": "S", "3": "S", "10": "W", "16": "E"}, {"3": "N", "21": "E", "25": "E", "16": "W", "10": "N", "14": "N"}, {"26": "S", "33": "S", "31": "N", "21": "W", "16": "E"}, {"25": "W", "33": "N", "14": "S", "31": "S", "26": "N", "10": "W", "16": "W"}, {"14": "N", "10": "W", "26": "S", "24": "S", "25": "E", "21": "E", "31": "N", "16": "W"}, {"31": "E", "16": "E", "21": "W", "33": "S", "14": "E", "10": "W"}, {"16": "W", "24": "W", "10": "E", "26": "W", "14": "W", "31": "W", "33": "N", "21": "E"}, {"31": "S", "33": "S", "32": "N", "21": "W", "10": "N", "13": "S", "26": "E", "24": "E"}, {"24": "W", "16": "W", "32": "S", "21": "E", "14": "W", "26": "S", "33": "N", "13": "W", "10": "W"}, {"14": "S", "24": "E", "21": "W", "31": "N"}, {"31": "S", "15": "S", "14": "E", "24": "N", "13": "W", "21": "N", "26": "E"}, {"21": "S", "26": "E", "24": "S", "3": "S", "14": "N", "33": "S", "13": "W", "15": "N"}, {"32": "N", "3": "N", "24": "N", "13": "E", "15": "S", "33": "N", "26": "N"}, {"33": "S", "15": "W", "26": "E", "31": "E", "14": "S"}, {"26": "W", "24": "S", "13": "W", "15": "E", "14": "N", "33": "N"}, {"3": "E", "31": "W", "24": "N", "32": "W", "13": "N", "21": "E", "15": "W"}, {"31": "E", "32": "E", "15": "N", "14": "S", "21": "W"}, {"13": "S", "33": "S", "14": "N", "3": "S", "26": "E", "21": "E"}, {"33": "N", "15": "E", "24": "S", "26": "N", "3": "W", "21": "W", "13": "E"}, {"3": "N", "14": "E", "24": "S", "26": "N"}, {"32": "W", "24": "N", "26": "W"}, {"13": "S", "32": "S", "21": "N"}, {"14": "W", "13": "N", "21": "S"}, {"14": "E", "33": "S", "21": "N", "32": "N", "13": "S"}, {"21": "S", "33": "N", "13": "N", "24": "S", "25": "W", "32": "S", "14": "W"}, {"32": "N", "14": "E", "24": "N", "15": "S", "33": "S", "25": "E"}, {"21": "E", "32": "S", "33": "N", "13": "S", "15": "W"}, {"13": "N", "21": "W", "33": "S", "3": "E", "24": "S"}, {"13": "W", "33": "N", "25": "W", "15": "N", "24": "N"}, {"13": "N", "14": "W", "25": "E"}, {"13": "S", "31": "N", "14": "E", "21": "N"}, {"3": "N", "24": "W", "32": "E", "13": "S", "21": "E"}, {"13": "E", "3": "E", "15": "S", "24": "E", "21": "W"}, {"13": "N", "21": "S", "31": "W", "15": "N", "25": "W"}, {"15": "E", "33": "S", "25": "E", "31": "S"}, {"33": "N", "15": "W", "3": "E", "32": "N"}, {"13": "S", "15": "E", "31": "E"}, {"15": "W", "24": "W", "33": "E", "21": "E", "3": "N", "13": "N"}, {"15": "E", "33": "W", "21": "W", "3": "W", "24": "N", "13": "W"}, {"14": "S", "31": "W", "13": "N", "3": "W", "21": "E", "15": "W"}, {"21": "W", "31": "E", "13": "S", "24": "E"}, {"13": "E", "32": "W", "15": "E"}, {"21": "E", "33": "S", "15": "W", "32": "E", "3": "E"}, {"33": "N", "21": "W", "3": "W", "15": "S", "14": "S", "13": "E", "32": "W"}, {"13": "W", "3": "N", "15": "N", "33": "E", "14": "S", "32": "E"}, {"21": "E", "33": "W", "3": "W", "14": "N"}, {"3": "N", "21": "W", "14": "N", "33": "E", "24": "W"}, {"33": "W", "21": "E", "3": "S", "15": "E", "24": "E"}, {"3": "W", "21": "W", "15": "W", "24": "W"}, {"24": "E", "3": "W", "15": "E", "13": "W"}, {"15": "W", "13": "S", "14": "W", "3": "N", "21": "N"}, {"15": "S", "14": "N", "3": "S", "33": "S", "13": "N", "24": "S", "21": "S"}, {"14": "E", "33": "N", "15": "N", "24": "S", "21": "N", "13": "E"}, {"24": "N", "21": "S"}, {"14": "W", "31": "W", "3": "N", "24": "S", "15": "E"}, {"24": "N", "3": "S", "15": "W", "21": "E", "13": "S", "32": "S", "14": "E"}, {"13": "N", "21": "W", "15": "S", "33": "S"}, {"31": "N", "21": "N", "13": "W", "33": "N", "15": "N"}, {"3": "W", "13": "N", "31": "E", "32": "W", "21": "S", "24": "W"}, {"24": "E", "32": "E", "3": "E"}, {"3": "N", "24": "S", "21": "E", "33": "E"}, {"33": "W", "24": "N", "3": "S", "21": "W", "13": "S", "14": "W"}, {"32": "W", "15": "E", "21": "E", "24": "N", "13": "W", "14": "S"}, {"14": "E", "31": "S", "13": "E", "15": "W"}, {"21": "W", "14": "S"}, {"13": "N", "32": "N", "15": "E", "14": "N"}, {"21": "N", "24": "W", "32": "S", "3": "N", "15": "W", "13": "S", "14": "S", "25": "W"}, {"25": "E", "14": "N", "21": "S", "3": "S", "24": "E", "13": "N", "32": "N"}, {"3": "E", "24": "W", "14": "S", "32": "E", "13": "S"}, {"15": "E", "3": "W", "21": "E", "24": "S", "31": "W", "14": "N", "32": "W", "13": "E"}, {"14": "N", "15": "W", "31": "E", "21": "W", "32": "E", "24": "N"}, {"24": "S", "33": "S", "15": "E", "3": "N", "14": "S"}, {"24": "N", "21": "E", "15": "W", "14": "N", "33": "N", "3": "S"}, {"21": "W", "13": "W"}, {"31": "W", "14": "S", "33": "S", "21": "E", "3": "E", "13": "E"}, {"3": "W", "24": "E", "32": "S", "33": "N", "21": "W"}, {"24": "W", "31": "N", "21": "E", "14": "S"}, {"33": "S", "21": "W", "14": "N", "24": "E", "31": "E"}, {"13": "S", "32": "W", "15": "S", "14": "W", "33": "S"}, {"33": "N", "13": "N", "14": "E", "32": "E", "21": "S", "15": "N"}, {"21": "N", "33": "N", "13": "W", "24": "W", "14": "W", "31": "W"}, {"31": "E", "33": "S", "24": "E", "14": "E", "21": "N", "13": "E", "15": "E"}, {"13": "S", "33": "N", "15": "W", "21": "S", "14": "S"}, {"21": "E", "14": "N", "13": "N", "32": "W", "31": "W"}, {"21": "W", "32": "E", "13": "W", "15": "S", "3": "N", "14": "W", "33": "S"}, {"3": "S", "33": "N", "14": "E", "13": "E", "15": "N", "24": "W", "31": "E"}, {"24": "E", "15": "E", "14": "W", "3": "E", "13": "W", "33": "S", "21": "E"}, {"13": "E", "14": "E", "21": "W", "3": "W", "33": "N"}, {"24": "W", "3": "W", "15": "W", "13": "S", "14": "S", "33": "S"}, {"24": "E", "3": "E", "33": "N", "21": "E", "13": "N", "31": "W", "14": "N"}, {"31": "E", "14": "S", "24": "S", "21": "W", "15": "S"}, {"13": "S", "24": "N", "15": "N", "21": "N", "14": "N", "31": "W"}, {"15": "E", "21": "S", "3": "N", "13": "N", "31": "E", "14": "S"}, {"21": "E", "14": "N", "3": "S", "15": "W", "13": "S"}, {"21": "W", "13": "W", "15": "E", "3": "N"}, {"14": "W", "13": "N", "15": "W", "3": "S"}, {"3": "N", "31": "W", "15": "S", "14": "W", "13": "E"}, {"15": "N", "3": "S", "33": "E", "24": "S", "31": "E", "14": "E"}, {"21": "E", "24": "N", "15": "E", "14": "N", "13": "W", "33": "W"}, {"3": "N", "13": "E", "15": "W", "21": "W", "24": "S"}, {"3": "S", "13": "W", "24": "N", "31": "W", "14": "S"}, {"14": "E", "31": "S", "24": "W", "15": "S", "13": "N"}, {"21": "E", "15": "N", "13": "S", "32": "N", "24": "E", "14": "W"}, {"31": "E", "13": "N", "21": "W", "14": "E"}, {"15": "E", "14": "W", "21": "E"}, {"13": "S", "21": "W", "14": "N", "15": "W", "3": "W"}, {"21": "E", "14": "S", "3": "E", "13": "E"}, {"14": "N", "21": "W", "3": "W", "24": "S", "32": "W"}, {"32": "E", "3": "E", "33": "S", "24": "N", "14": "S"}, {"33": "N", "14": "E", "15": "E", "21": "E", "3": "N"}, {"14": "S", "21": "W", "3": "S", "15": "W"}, {"33": "E", "14": "N"}, {"33": "N", "21": "N", "15": "S"}, {"31": "W", "15": "N", "21": "S", "24": "W", "13": "W"}, {"32": "S", "24": "E", "14": "S", "3": "N", "13": "E"}, {"33": "E", "15": "E", "3": "S", "14": "N", "24": "W", "13": "W"}, {"13": "N", "33": "W", "14": "N", "24": "S"}, {"13": "N", "15": "W", "24": "N"}, {"14": "S", "21": "E", "13": "S"}, {"13": "N", "3": "N", "21": "W", "14": "N", "24": "S", "15": "S"}, {"14": "S", "24": "N", "3": "S", "15": "N", "13": "S"}, {"21": "N", "24": "E", "13": "N", "32": "N", "15": "S"}, {"15": "N", "13": "S", "31": "E", "21": "S", "24": "W"}, {"21": "E", "15": "E", "24": "E", "13": "N", "3": "N"}, {"3": "S", "13": "E", "15": "W", "21": "W", "14": "W"}, {"24": "W", "15": "E", "14": "E"}, {"24": "E", "15": "W", "3": "N", "14": "S"}, {"14": "N", "15": "E", "21": "E", "3": "S"}, {"3": "N", "15": "W", "14": "S", "21": "W"}, {"3": "S", "14": "N", "21": "N"}, {"24": "W", "21": "S"}, {"24": "E", "3": "N", "15": "E", "21": "E", "14": "S"}, {"14": "N", "21": "W", "15": "W", "3": "S", "24": "W"}, {"3": "N", "24": "E", "14": "W"}, {"3": "S", "14": "N", "15": "E"}, {"15": "W", "3": "N"}, {"21": "E", "14": "S", "3": "S", "15": "E"}, {"15": "W", "21": "W", "14": "N", "24": "S", "3": "E"}, {"21": "N", "24": "N", "15": "E", "3": "W"}, {"3": "E", "15": "W", "21": "S"}, {"21": "E", "15": "E", "3": "W"}, {"3": "E", "15": "W", "14": "S", "21": "W"}, {"14": "E", "15": "S", "3": "W"}, {"15": "N", "14": "W", "21": "N"}]}