{"instance": "small_free_001_10x10_40_40", "steps": [{"0": "W", "1": "N", "15": "S", "26": "S", "28": "E", "2": "N", "4": "W", "5": "N", "6": "N", "7": "N", "9": "S", "10": "S", "11": "W", "13": "E", "14": "N", "16": "E", "17": "W", "20": "W", "22": "S", "23": "W", "24": "S", "27": "S", "30": "S", "31": "N", "32": "N", "33": "S", "34": "E", "37": "S", "38": "N"}, {"0": "N", "1": "N", "15": "W", "26": "W", "2": "N", "5": "N", "7": "N", "8": "W", "9": "S", "11": "N", "14": "N", "17": "W", "20": "S", "22": "S", "23": "W", "27": "W", "30": "W", "32": "N", "33": "W", "34": "E", "36": "S", "37": "W"}, {"1": "W", "3": "E", "15": "S", "2": "E", "4": "W", "7": "W", "9": "E", "11": "N", "16": "E", "17": "S", "18": "E", "22": "S", "27": "W", "30": "S", "31": "E", "32": "E", "33": "S", "34": "S", "36": "S"}, {"1": "N", "15": "S", "2": "N", "9": "S", "10": "S", "16": "S", "18": "S", "23": "W", "27": "S", "30": "S", "31": "N", "33": "W", "34": "E", "36": "S", "37": "S"}, {"0": "N", "1": "N", "3": "S", "15": "S", "2": "N", "5": "W", "6": "N", "9": "S", "10": "S", "11": "N", "14": "E", "18": "S", "20": "W", "30": "W", "33": "W", "34": "S", "36": "W", "37": "S"}, {"0": "N", "3": "S", "15": "S", "26": "N", "2": "N", "4": "N", "8": "N", "9": "E", "10": "W", "11": "N", "14": "S", "18": "E", "20": "W", "25": "W", "30": "N", "33": "N", "37": "S", "38": "N"}, {"0": "W", "3": "S", "26": "N", "2": "E", "4": "W", "7": "N", "8": "W", "9": "S", "11": "N", "17": "S", "22": "E", "25": "N", "30": "N", "31": "E", "33": "W", "37": "W"}, {"0": "N", "1": "E", "5": "N", "6": "N", "9": "S", "11": "N", "14": "W", "16": "E", "22": "E", "25": "N", "30": "N", "31": "N", "33": "S", "34": "E", "37": "W"}, {"0": "E", "1": "N", "3": "W", "5": "N", "6": "W", "8": "N", "10": "E", "16": "E", "17": "S", "22": "S", "23": "N", "24": "W", "31": "N", "33": "W", "37": "S", "38": "E"}, {"2": "E", "5": "N", "6": "S", "8": "N", "9": "S", "11": "E", "17": "S", "22": "E", "24": "S", "27": "S"}, {"26": "N", "6": "W", "9": "E", "11": "N", "16": "E", "17": "S", "22": "E", "24": "S", "27": "E", "30": "N", "34": "S", "38": "N"}, {"2": "S", "6": "N", "9": "E", "11": "E", "13": "N", "16": "S", "17": "S", "23": "W", "24": "S", "25": "N", "27": "S", "30": "N", "34": "S"}, {"0": "E", "15": "W", "5": "N", "6": "N", "17": "E", "18": "W", "23": "S", "25": "E"}, {"0": "S", "1": "W", "3": "N", "6": "W", "8": "E", "10": "E", "14": "E", "16": "S", "17": "E", "18": "N", "21": "E", "22": "N", "23": "S", "25": "E", "28": "W", "38": "S"}, {"0": "S", "1": "W", "3": "N", "6": "S", "9": "E", "10": "E", "11": "E", "13": "N", "14": "E", "16": "S", "17": "N", "18": "N", "20": "E", "21": "N", "22": "N", "23": "E", "24": "E", "25": "S", "26": "E", "27": "E", "28": "N", "30": "E", "31": "E", "34": "W", "36": "E", "37": "N"}, {"0": "E", "1": "S", "2": "S", "3": "N", "5": "E", "6": "W", "9": "N", "10": "N", "11": "E", "13": "N", "14": "E", "15": "N", "17": "E", "20": "E", "21": "N", "23": "E", "24": "E", "25": "E", "26": "E", "27": "E", "28": "N", "29": "N", "30": "S", "31": "S", "32": "S", "34": "N", "36": "N", "37": "E", "38": "W", "39": "W"}, {"0": "S", "1": "S", "3": "W", "5": "S", "7": "S", "8": "E", "10": "E", "11": "S", "14": "S", "15": "W", "17": "E", "18": "W", "22": "W", "23": "E", "24": "E", "25": "E", "28": "W", "29": "W", "32": "S", "33": "N", "34": "W", "36": "N", "37": "E", "38": "S", "39": "W"}, {"0": "E", "1": "S", "2": "S", "5": "E", "7": "S", "8": "S", "10": "N", "11": "S", "12": "S", "13": "W", "14": "E", "15": "N", "16": "W", "17": "E", "18": "N", "20": "N", "21": "N", "22": "W", "23": "E", "24": "E", "25": "S", "28": "W", "29": "W", "31": "S", "32": "S", "33": "N", "34": "W", "36": "N", "37": "N", "38": "E", "39": "W"}, {"1": "S", "2": "S", "3": "N", "5": "S", "6": "S", "7": "E", "10": "N", "11": "S", "13": "W", "14": "S", "16": "W", "17": "N", "18": "N", "22": "N", "23": "S", "24": "N", "25": "S", "26": "S", "28": "W", "29": "W", "31": "S", "32": "W", "33": "N", "36": "N", "38": "S", "39": "W"}, {"2": "S", "3": "W", "9": "N", "11": "S", "14": "S", "17": "E", "18": "N", "21": "N", "23": "E", "25": "S", "29": "N", "31": "S", "32": "S", "33": "E", "35": "W", "36": "N", "38": "S", "39": "W"}, {"2": "S", "5": "S", "6": "S", "9": "N", "10": "N", "14": "S", "15": "N", "17": "N", "18": "W", "21": "N", "22": "W", "23": "E", "25": "S", "26": "S", "31": "S", "32": "E", "34": "W", "37": "E", "38": "S"}, {"1": "S", "5": "E", "6": "W", "7": "E", "12": "E", "14": "S", "16": "W", "23": "S", "27": "E", "29": "N", "34": "N", "37": "N", "38": "S"}, {"7": "E", "12": "E", "19": "S", "20": "E", "23": "S", "27": "E", "29": "W", "32": "S", "33": "N", "37": "E", "38": "E"}, {"3": "W", "6": "S", "10": "W", "15": "W", "19": "S", "27": "E", "34": "W"}, {"7": "N", "10": "S", "22": "S", "31": "S", "32": "S", "34": "S"}, {"7": "E", "18": "W", "22": "W", "24": "N", "28": "N", "31": "S", "33": "W", "34": "S", "36": "S"}, {"6": "E", "7": "N", "14": "E", "19": "W", "22": "N", "23": "S", "26": "S", "28": "W", "33": "W", "36": "W"}, {"14": "E", "28": "W", "32": "E", "33": "N", "36": "N", "37": "E"}, {"1": "S", "3": "E", "7": "E", "14": "E", "18": "N", "20": "E", "28": "W", "33": "W", "36": "W"}, {"1": "S", "3": "N", "7": "E", "10": "N", "14": "S", "18": "W", "22": "N", "23": "E", "24": "N", "26": "S", "28": "W", "33": "N", "36": "N"}, {"7": "S", "18": "W", "20": "N", "24": "E", "26": "E", "33": "E", "34": "W", "36": "N", "38": "S"}, {"7": "S", "18": "N", "20": "W", "32": "E"}, {"14": "W", "16": "W", "24": "N", "32": "E"}, {"15": "N", "32": "S", "34": "N", "37": "E", "38": "W"}, {"20": "W", "26": "E", "32": "S", "34": "E", "38": "W"}, {"3": "N", "10": "N", "16": "S", "23": "E", "26": "S", "38": "S"}, {"12": "E", "14": "E", "24": "W", "26": "E", "37": "W"}, {"3": "N", "7": "E", "10": "N", "14": "E", "28": "S", "34": "N"}, {"22": "S", "23": "E"}, {"7": "N", "15": "E"}, {"7": "E", "15": "N", "16": "N"}, {"0": "E", "7": "E", "24": "W", "26": "E", "34": "W"}, {"7": "S", "15": "E", "23": "N", "24": "S"}, {"15": "N", "23": "E", "26": "S", "34": "N"}, {"15": "W", "23": "E", "26": "S"}, {"10": "E", "15": "N", "26": "E"}, {"10": "E", "23": "S"}, {"12": "N", "13": "E", "22": "N"}, {"10": "E", "12": "E", "16": "W", "22": "E", "26": "E", "37": "E"}, {"12": "E", "15": "E", "26": "E", "37": "E"}, {"12": "S", "13": "N", "15": "E", "26": "E"}, {"10": "E", "15": "N", "22": "E", "26": "N", "32": "S"}, {"0": "E", "10": "E", "22": "E", "26": "E", "37": "E"}, {"10": "N", "13": "N", "22": "N", "26": "N", "36": "E", "37": "E"}, {"10": "N", "13": "N", "36": "N"}, {"0": "N", "10": "N", "13": "W", "36": "E"}, {"0": "E", "13": "W", "15": "N"}, {"15": "W"}, {"20": "E", "33": "N"}, {"33": "N"}, {"10": "W"}, {"10": "W", "13": "N", "33": "W"}, {"10": "W", "13": "N", "20": "N", "33": "N"}, {"10": "N", "13": "N"}, {"0": "W", "10": "W", "15": "W"}, {"0": "S"}, {"13": "S"}, {"20": "N", "33": "N"}, {"0": "S", "13": "S", "20": "E"}, {"20": "E", "33": "N"}, {"0": "E", "20": "S", "33": "E"}, {"20": "E", "33": "E"}, {"20": "E", "33": "S"}, {"20": "E"}, {"38": "S"}, {"20": "E", "22": "N"}, {"22": "W", "24": "N", "38": "S"}, {"0": "E", "24": "W", "38": "E"}, {"0": "E", "38": "S"}, {"0": "S"}, {"0": "W"}, {"0": "S", "20": "E"}, {"0": "S", "20": "E"}, {"0": "W", "20": "E"}, {"0": "W", "13": "S"}, {"0": "W"}, {"20": "S"}, {"20": "S"}, {"20": "S"}, {"32": "W"}, {"32": "W"}, {"32": "N"}, {"32": "W"}, {"26": "N"}, {"22": "E"}, {"13": "W", "22": "N", "24": "W"}, {"13": "W", "22": "W", "24": "W", "26": "E"}, {"13": "N", "22": "W", "24": "N"}, {"13": "N", "22": "W", "24": "N"}, {"13": "W", "22": "W", "24": "N"}, {"13": "W", "22": "W", "24": "W"}, {"13": "W", "22": "S", "24": "N"}, {"13": "S", "26": "N"}, {"13": "W", "24": "N", "26": "E"}, {"13": "W", "24": "W"}, {"13": "S", "24": "N", "26": "E"}, {"13": "S", "24": "N", "26": "S"}, {"24": "E", "26": "S"}, {"13": "S", "24": "E"}, {"13": "E", "26": "E"}, {"13": "S", "24": "E", "26": "N"}, {"13": "S", "24": "E"}, {"24": "E"}, {"13": "S", "24": "E"}, {"13": "E", "24": "N"}, {"13": "E"}, {"13": "N"}, {"13": "N", "24": "S"}, {"13": "E", "24": "E"}, {"26": "N"}, {"26": "S"}]}