{"instance": "small_free_001_10x10_40_40", "steps": [{"9": "S", "4": "W", "32": "S", "11": "N", "29": "N", "14": "E", "21": "E", "31": "E", "23": "E", "7": "E", "28": "N", "26": "S", "13": "E", "33": "S", "38": "E", "35": "N", "15": "N", "17": "E", "10": "N", "1": "S", "22": "W", "36": "N", "3": "N", "39": "W", "16": "N", "24": "S", "20": "W", "27": "S", "12": "E"}, {"18": "N", "27": "S", "35": "S", "17": "W", "11": "E", "19": "S", "3": "N", "13": "W", "16": "S", "21": "N", "37": "E", "32": "E", "9": "S", "28": "N", "1": "W", "22": "S", "24": "E", "34": "W", "33": "N", "6": "N", "10": "E", "14": "E", "2": "S", "0": "S", "26": "S", "20": "S", "15": "N", "12": "W"}, {"21": "N", "13": "W", "10": "E", "20": "E", "29": "W", "33": "N", "28": "W", "11": "E", "32": "S", "2": "E", "38": "S", "12": "E", "19": "S", "24": "N", "3": "E", "16": "N", "37": "S", "15": "W", "30": "W", "26": "W", "14": "E", "27": "E", "17": "E", "7": "E", "9": "S", "4": "N", "25": "N", "6": "S"}, {"27": "S", "0": "S", "36": "N", "3": "N", "1": "W", "26": "E", "19": "W", "18": "W", "25": "S", "33": "W", "15": "N", "37": "E", "13": "W", "9": "E", "12": "E", "8": "W", "14": "E", "20": "E", "38": "S", "30": "W", "2": "E", "28": "E"}, {"37": "E", "17": "S", "36": "S", "3": "E", "29": "E", "34": "N", "20": "S", "32": "W", "30": "E", "0": "S", "15": "E", "16": "N", "18": "W", "9": "E", "14": "S", "13": "N", "23": "E", "1": "N", "8": "N", "11": "E", "25": "S"}, {"4": "W", "16": "E", "32": "E", "30": "N", "7": "N", "15": "E", "31": "S", "11": "N", "33": "N", "9": "S", "28": "E", "25": "S", "24": "N", "0": "E", "20": "E", "8": "N", "3": "N", "13": "N", "1": "S", "34": "S", "2": "E", "12": "S", "17": "S", "36": "S", "14": "E"}, {"6": "W", "14": "S", "3": "E", "15": "W", "8": "E", "20": "W", "25": "E", "26": "E", "36": "E", "1": "S", "16": "W", "11": "N", "28": "W", "9": "E", "18": "W", "33": "W", "7": "E", "24": "N", "38": "S", "12": "N", "13": "S"}, {"25": "E", "31": "S", "26": "E", "14": "S", "7": "N", "18": "W", "20": "E", "12": "E", "36": "W", "13": "S", "3": "W", "23": "E", "28": "W", "33": "W", "9": "E", "16": "W", "37": "W"}, {"31": "S", "13": "W", "17": "S", "6": "W", "29": "W", "28": "E", "5": "N", "23": "E", "14": "E", "10": "S", "9": "E", "12": "E", "36": "N", "37": "E", "16": "N", "38": "E", "26": "E"}, {"10": "N", "31": "E", "4": "W", "18": "W", "6": "W", "16": "S", "20": "E", "29": "E", "12": "S", "15": "W", "38": "W", "33": "W", "17": "E", "28": "W", "13": "S", "5": "N"}, {"10": "S", "16": "S", "38": "W", "15": "N", "36": "N", "6": "W", "23": "S", "3": "S", "13": "W", "31": "E", "5": "E", "26": "W", "22": "S"}, {"13": "W", "35": "E", "5": "E", "20": "S", "38": "E", "27": "S", "12": "W", "36": "N", "37": "E", "21": "E", "33": "S", "16": "S", "7": "E"}, {"33": "N", "10": "E", "12": "E", "3": "E", "39": "E", "27": "E", "16": "S", "25": "E", "26": "W", "20": "E", "28": "N", "36": "N", "14": "E", "35": "E", "21": "W", "18": "S", "13": "S", "24": "N", "7": "E", "17": "E", "5": "N", "23": "E"}, {"33": "N", "26": "E", "18": "N", "17": "E", "29": "S", "21": "N", "12": "W", "35": "W", "10": "E", "13": "N", "28": "W", "16": "S", "36": "N", "7": "E"}, {"27": "E", "13": "N", "12": "E", "28": "W", "7": "E", "24": "S", "10": "N", "18": "E", "3": "S", "33": "N", "35": "S"}, {"28": "W", "38": "W", "35": "W", "18": "N", "16": "W", "7": "E", "26": "W", "12": "E", "29": "E", "13": "E", "3": "N", "27": "E"}, {"3": "W", "20": "S", "26": "E", "28": "W", "32": "N", "13": "S", "10": "E", "29": "W"}, {"13": "N", "3": "N", "7": "S", "0": "E", "18": "S", "22": "W", "39": "S", "26": "W", "24": "E", "20": "S", "21": "S", "34": "S", "28": "S"}, {"0": "E", "37": "S", "24": "E", "33": "N", "20": "E", "29": "W", "22": "W", "38": "N", "28": "N", "26": "E", "35": "E", "3": "N", "13": "E"}, {"37": "S", "29": "E", "33": "N", "20": "E", "26": "S", "35": "W", "38": "W", "22": "N", "24": "W", "18": "N", "34": "W", "28": "S", "3": "W"}, {"3": "N", "22": "N", "37": "N", "20": "S", "32": "S", "18": "N", "29": "W", "28": "W", "26": "E", "13": "S", "21": "N", "35": "E"}, {"35": "W", "21": "S", "20": "E", "37": "S", "3": "S", "26": "E", "10": "N", "13": "W", "16": "E", "18": "W"}, {"18": "E", "28": "N", "3": "N", "24": "N", "21": "N", "26": "N", "35": "E", "20": "E", "37": "E", "39": "E", "13": "W", "10": "E"}, {"38": "E", "10": "W", "39": "W", "21": "S", "13": "N", "24": "N", "3": "W", "28": "W", "26": "E", "35": "W", "32": "W", "18": "W"}, {"20": "N", "3": "W", "38": "N", "35": "E", "18": "E", "15": "E", "33": "N", "21": "N", "28": "S", "24": "N", "13": "W"}, {"22": "N", "38": "W", "13": "N", "14": "S", "24": "E", "26": "E", "18": "N", "20": "N", "3": "N"}, {"33": "N", "37": "W", "3": "S", "22": "N", "20": "N", "35": "E", "13": "N", "18": "N", "23": "E", "24": "N"}, {"24": "S", "37": "E", "33": "E", "15": "E", "10": "E", "14": "E", "16": "E"}, {"15": "N", "13": "N", "10": "N", "29": "N", "33": "W", "20": "N", "26": "W", "38": "N"}, {"10": "S", "15": "E", "35": "S", "29": "S", "24": "N", "3": "E", "39": "W", "38": "S", "23": "S", "37": "S"}, {"10": "N", "37": "N", "13": "S", "32": "N", "24": "E", "33": "E", "15": "W", "16": "E", "35": "N", "3": "W"}, {"13": "N", "20": "E", "33": "W", "32": "S", "24": "E", "37": "S"}, {"39": "E", "24": "S", "14": "S", "35": "N", "26": "E", "37": "N"}, {"26": "W", "35": "S", "10": "W", "39": "W", "37": "W", "32": "N"}, {"13": "E", "37": "E", "33": "E", "35": "W", "38": "N", "20": "E"}, {"38": "S", "35": "E", "20": "W"}, {"32": "E", "29": "S", "10": "E", "38": "N", "15": "E", "20": "E", "23": "E"}, {"23": "W", "21": "E", "20": "W", "3": "N", "32": "E", "29": "E", "37": "W", "26": "W", "15": "W", "33": "W", "38": "S", "35": "E", "10": "W"}, {"37": "N", "21": "W", "29": "W", "32": "W", "26": "S", "20": "N", "24": "W", "35": "W", "15": "N", "39": "S", "38": "N"}, {"26": "N", "39": "W", "23": "S", "37": "E", "38": "N", "3": "E", "32": "S", "33": "W", "35": "S"}, {"10": "W", "15": "W", "35": "W", "38": "S", "26": "E", "3": "S", "39": "W"}, {"29": "E", "39": "W", "10": "E", "15": "E", "26": "W", "37": "E", "32": "N", "38": "W"}, {"38": "E", "10": "W", "32": "S", "3": "N", "26": "S", "15": "S", "21": "S"}, {"39": "N", "29": "S", "21": "N", "3": "S", "38": "W", "26": "E"}, {"26": "E", "39": "N", "38": "W", "29": "N"}, {"39": "W", "38": "S", "3": "E"}, {"21": "S", "3": "W", "29": "S", "26": "W", "38": "S", "10": "E"}, {"26": "E", "15": "N", "10": "W", "29": "N", "23": "W", "38": "S"}, {"32": "N", "38": "E", "15": "W", "10": "S", "26": "S", "21": "S"}, {"16": "S", "26": "W", "3": "N", "38": "S", "15": "E", "21": "N", "32": "S"}, {"3": "S", "26": "N", "15": "W", "16": "E", "38": "S"}, {"10": "N", "32": "N", "21": "S", "3": "N", "23": "S", "38": "S", "26": "S", "29": "S"}, {"26": "E", "15": "E", "38": "E", "29": "N", "32": "S", "3": "S", "23": "N", "10": "N", "21": "N"}, {"38": "S", "29": "S", "26": "N", "15": "S", "3": "E", "16": "W"}, {"21": "W", "38": "S", "26": "W", "3": "W", "16": "S", "29": "N"}, {"23": "S", "21": "W", "38": "E", "10": "S", "15": "E", "26": "E", "3": "N"}, {"15": "W", "10": "N", "21": "E", "16": "W", "3": "S", "38": "E"}, {"15": "E"}, {"26": "W", "35": "E", "21": "W"}, {"21": "W", "15": "W", "23": "S", "26": "S", "35": "N"}, {"10": "S", "23": "S", "15": "E", "21": "N", "32": "N", "26": "N", "35": "E"}, {"10": "E", "26": "E", "21": "N", "35": "W", "15": "W", "32": "S"}, {"23": "S", "26": "W", "21": "S", "15": "N", "35": "N", "10": "W"}, {"21": "N", "15": "S", "23": "N", "26": "E", "10": "N", "32": "N", "35": "N"}, {"32": "W", "35": "W", "3": "N", "10": "S"}, {"21": "S", "35": "N", "23": "S", "10": "N", "3": "S", "26": "W"}, {"21": "N", "15": "E", "26": "E", "32": "E", "3": "N", "23": "S", "35": "W"}, {"23": "N", "15": "W", "10": "S", "32": "S", "3": "S", "35": "E"}, {"10": "N", "15": "N", "21": "S", "35": "W", "3": "N", "23": "N", "26": "N"}, {"21": "N", "15": "S", "23": "S", "35": "W", "26": "S", "3": "N"}, {"3": "S", "32": "N", "23": "E", "35": "E", "15": "E", "10": "W"}, {"32": "S", "21": "S", "3": "S", "10": "E", "23": "E", "15": "W"}, {"21": "N", "3": "N", "23": "N", "26": "W"}, {"15": "E", "35": "W", "26": "E", "10": "S", "23": "N"}, {"10": "N", "26": "S", "21": "S", "15": "W", "32": "N"}, {"21": "N", "32": "S"}, {"15": "N", "3": "N", "32": "N", "35": "N", "26": "S"}, {"26": "W", "35": "W", "32": "S", "15": "W"}, {"35": "W", "3": "S", "26": "S"}, {"3": "S", "15": "E", "35": "S"}, {"15": "W", "32": "N", "10": "W", "26": "W", "35": "W"}, {"35": "S", "21": "S", "10": "E", "26": "S", "32": "W", "3": "N"}, {"3": "S", "26": "E", "21": "N", "15": "E"}, {"26": "S", "15": "W"}, {"26": "W", "10": "S", "35": "N", "32": "E"}, {"15": "N", "32": "W", "26": "W", "21": "S", "35": "S", "10": "N"}, {"15": "S", "21": "N", "26": "N", "35": "N"}, {"3": "N", "26": "S", "15": "E", "21": "S", "35": "S"}, {"15": "S", "3": "S", "21": "N", "26": "N"}, {"10": "S", "32": "E", "26": "W"}, {"35": "S", "10": "N", "26": "W", "32": "S"}, {"15": "E", "26": "W", "35": "E", "21": "S"}, {"21": "N", "15": "W", "10": "S", "26": "S", "35": "W", "3": "N"}, {"21": "S", "32": "N", "10": "N", "3": "S"}, {"10": "S", "21": "S", "15": "E", "26": "W", "32": "S", "3": "N"}, {"10": "N", "15": "W", "21": "N", "3": "S", "26": "S", "35": "E"}, {"10": "S", "15": "E", "3": "E", "35": "E", "26": "E", "21": "N"}, {"15": "W", "3": "W", "35": "E", "10": "S"}, {"32": "N", "15": "N", "10": "N"}, {"21": "S", "32": "S", "15": "W", "26": "W", "10": "E"}]}