{"instance": "election_109", "steps": [{"11": "S", "23": "S", "38": "S", "0": "N", "1": "N", "2": "N", "3": "N", "4": "N", "5": "N", "6": "N", "7": "N", "8": "N", "9": "N", "10": "N", "12": "N", "13": "N", "14": "N", "15": "N", "16": "N", "17": "N", "18": "N", "19": "N", "20": "N", "21": "N", "22": "N", "24": "N", "25": "N", "26": "N", "27": "N", "28": "N", "29": "N", "30": "N", "31": "N", "32": "N", "33": "N", "34": "N", "35": "N", "36": "N", "37": "N", "47": "S", "48": "S", "49": "S", "50": "S", "67": "S", "88": "S", "97": "S", "39": "N", "40": "N", "41": "N", "42": "N", "43": "N", "44": "N", "45": "N", "46": "N", "51": "N", "52": "N", "53": "N", "54": "N", "55": "N", "56": "N", "57": "N", "58": "N", "59": "N", "60": "N", "61": "N", "62": "N", "63": "N", "64": "N", "65": "N", "66": "N", "68": "N", "69": "N", "70": "N", "71": "N", "72": "N", "73": "N", "74": "N", "75": "N", "76": "N", "77": "N", "78": "N", "79": "N", "80": "N", "81": "N", "82": "N", "83": "N", "84": "N", "85": "N", "86": "N", "87": "N", "89": "N", "90": "N", "91": "N", "92": "N", "93": "N", "94": "N", "95": "N", "96": "N", "98": "N", "99": "N", "100": "N", "101": "N", "102": "N", "103": "N", "104": "N", "105": "N", "106": "N", "107": "N", "108": "N"}, {"11": "S", "23": "S", "38": "S", "0": "N", "1": "N", "2": "N", "3": "N", "4": "N", "5": "N", "6": "N", "7": "N", "8": "N", "9": "N", "10": "N", "12": "N", "13": "N", "14": "N", "15": "N", "16": "N", "17": "N", "18": "N", "19": "N", "20": "N", "21": "N", "22": "N", "24": "N", "25": "N", "26": "N", "27": "N", "28": "N", "29": "N", "30": "N", "31": "N", "32": "N", "33": "N", "34": "N", "35": "N", "36": "N", "37": "N", "47": "S", "48": "S", "49": "S", "50": "S", "67": "S", "88": "S", "97": "S", "39": "N", "40": "N", "41": "N", "42": "N", "43": "N", "44": "N", "45": "N", "46": "N", "51": "N", "52": "N", "53": "N", "54": "N", "55": "N", "56": "N", "57": "N", "58": "N", "59": "N", "60": "N", "61": "N", "62": "N", "63": "N", "64": "N", "65": "N", "66": "N", "68": "N", "69": "N", "70": "N", "71": "N", "72": "N", "73": "N", "74": "N", "75": "N", "76": "N", "77": "N", "78": "N", "79": "N", "80": "N", "81": "N", "82": "N", "83": "N", "84": "N", "85": "N", "86": "N", "87": "N", "89": "N", "90": "N", "91": "N", "92": "N", "93": "N", "94": "N", "95": "N", "96": "N", "98": "N", "99": "N", "100": "N", "101": "N", "102": "N", "103": "N", "104": "N", "105": "N", "106": "N", "107": "N", "108": "N"}, {"11": "S", "23": "S", "38": "S", "0": "N", "1": "N", "2": "N", "3": "N", "4": "N", "5": "N", "6": "N", "7": "N", "8": "N", "9": "N", "10": "N", "12": "N", "13": "N", "14": "N", "15": "N", "16": "N", "17": "N", "18": "N", "19": "N", "20": "N", "21": "N", "22": "N", "24": "N", "25": "N", "26": "N", "27": "N", "28": "N", "29": "N", "30": "N", "31": "N", "32": "N", "33": "N", "34": "N", "35": "N", "36": "N", "37": "N", "47": "S", "48": "S", "49": "S", "50": "S", "67": "S", "88": "S", "97": "S", "39": "N", "40": "N", "41": "N", "42": "N", "43": "N", "44": "N", "45": "N", "46": "N", "51": "N", "52": "N", "53": "N", "54": "N", "55": "N", "56": "N", "57": "N", "58": "N", "59": "N", "60": "N", "61": "N", "62": "N", "63": "N", "64": "N", "65": "N", "66": "N", "68": "N", "69": "N", "70": "N", "71": "N", "72": "N", "73": "N", "74": "N", "75": "N", "76": "N", "77": "N", "78": "N", "79": "N", "80": "N", "81": "N", "82": "N", "83": "N", "84": "N", "85": "N", "86": "N", "87": "N", "89": "N", "90": "N", "91": "N", "92": "N", "93": "N", "94": "N", "95": "N", "96": "N", "98": "N", "99": "N", "100": "N", "101": "N", "102": "N", "103": "N", "104": "N", "105": "N", "106": "N", "107": "N", "108": "N"}, {"11": "S", "23": "S", "38": "S", "0": "N", "1": "N", "2": "N", "3": "N", "4": "N", "5": "N", "6": "N", "7": "N", "8": "N", "9": "N", "10": "N", "12": "N", "13": "N", "14": "N", "15": "N", "16": "N", "17": "N", "18": "N", "19": "N", "20": "N", "21": "N", "22": "N", "24": "N", "25": "N", "26": "N", "27": "N", "28": "N", "29": "N", "30": "N", "31": "N", "32": "N", "33": "N", "34": "N", "35": "N", "36": "N", "37": "N", "47": "S", "48": "S", "49": "S", "50": "S", "67": "S", "88": "S", "97": "S", "39": "N", "40": "N", "41": "N", "42": "N", "43": "N", "44": "N", "45": "N", "46": "N", "51": "N", "52": "N", "53": "N", "54": "N", "55": "N", "56": "N", "57": "N", "58": "N", "59": "N", "60": "N", "61": "N", "62": "N", "63": "N", "64": "N", "65": "N", "66": "N", "68": "N", "69": "N", "70": "N", "71": "N", "72": "N", "73": "N", "74": "N", "75": "N", "76": "N", "77": "N", "78": "N", "79": "N", "80": "N", "81": "N", "82": "N", "83": "N", "84": "N", "85": "N", "86": "N", "87": "N", "89": "N", "90": "N", "91": "N", "92": "N", "93": "N", "94": "N", "95": "N", "96": "N", "98": "N", "99": "N", "100": "N", "101": "N", "102": "N", "103": "N", "104": "N", "105": "N", "106": "N", "107": "N", "108": "N"}, {"11": "S", "23": "S", "38": "S", "0": "N", "1": "N", "2": "N", "3": "N", "4": "N", "5": "N", "6": "N", "7": "N", "8": "N", "9": "N", "10": "N", "12": "N", "13": "N", "14": "N", "15": "N", "16": "N", "17": "N", "18": "N", "19": "N", "20": "N", "21": "N", "22": "N", "24": "N", "25": "N", "26": "N", "27": "N", "28": "N", "29": "N", "30": "N", "31": "N", "32": "N", "33": "N", "34": "N", "35": "N", "36": "N", "37": "N", "47": "S", "48": "S", "49": "S", "50": "S", "67": "S", "88": "S", "97": "S", "39": "N", "40": "N", "41": "N", "42": "N", "43": "N", "44": "N", "45": "N", "46": "N", "51": "N", "52": "N", "53": "N", "54": "N", "55": "N", "56": "N", "57": "N", "58": "N", "59": "N", "60": "N", "61": "N", "62": "N", "63": "N", "64": "N", "65": "N", "66": "N", "68": "N", "69": "N", "70": "N", "71": "N", "72": "N", "73": "N", "74": "N", "75": "N", "76": "N", "77": "N", "78": "N", "79": "N", "80": "N", "81": "N", "82": "N", "83": "N", "84": "N", "85": "N", "86": "N", "87": "N", "89": "N", "90": "N", "91": "N", "92": "N", "93": "N", "94": "N", "95": "N", "96": "N", "98": "N", "99": "N", "100": "N", "101": "N", "102": "N", "103": "N", "104": "N", "105": "N", "106": "N", "107": "N", "108": "N"}, {"11": "S", "23": "S", "38": "S", "0": "N", "1": "N", "2": "N", "3": "N", "4": "N", "5": "N", "6": "N", "7": "N", "8": "N", "9": "N", "10": "N", "12": "N", "13": "N", "14": "N", "15": "N", "16": "N", "17": "N", "18": "N", "19": "N", "20": "N", "21": "N", "22": "N", "24": "N", "25": "N", "26": "N", "27": "N", "28": "N", "29": "N", "30": "N", "31": "N", "32": "N", "33": "N", "34": "N", "35": "N", "36": "N", "37": "N", "47": "S", "48": "S", "49": "S", "50": "S", "67": "S", "88": "S", "97": "S", "39": "N", "40": "N", "41": "N", "42": "N", "43": "N", "44": "N", "45": "N", "46": "N", "51": "N", "52": "N", "53": "N", "54": "N", "55": "N", "56": "N", "57": "N", "58": "N", "59": "N", "60": "N", "61": "N", "62": "N", "63": "N", "64": "N", "65": "N", "66": "N", "68": "N", "69": "N", "70": "N", "71": "N", "72": "N", "73": "N", "74": "N", "75": "N", "76": "N", "77": "N", "78": "N", "79": "N", "80": "N", "81": "N", "82": "N", "83": "N", "84": "N", "85": "N", "86": "N", "87": "N", "89": "N", "90": "N", "91": "N", "92": "N", "93": "N", "94": "N", "95": "N", "96": "N", "98": "N", "99": "N", "100": "N", "101": "N", "102": "N", "103": "N", "104": "N", "105": "N", "106": "N", "107": "N", "108": "N"}, {"11": "S", "23": "S", "38": "S", "0": "N", "1": "N", "2": "N", "3": "N", "4": "N", "5": "N", "6": "N", "7": "N", "8": "N", "9": "N", "10": "N", "12": "N", "13": "N", "14": "N", "15": "N", "16": "N", "17": "N", "18": "N", "19": "N", "20": "N", "21": "N", "22": "N", "24": "N", "25": "N", "26": "N", "27": "N", "28": "N", "29": "N", "30": "N", "31": "N", "32": "N", "33": "N", "34": "N", "35": "N", "36": "N", "37": "N", "47": "S", "48": "S", "49": "S", "50": "S", "67": "S", "88": "S", "97": "S", "39": "N", "40": "N", "41": "N", "42": "N", "43": "N", "44": "N", "45": "N", "46": "N", "51": "N", "52": "N", "53": "N", "54": "N", "55": "N", "56": "N", "57": "N", "58": "N", "59": "N", "60": "N", "61": "N", "62": "N", "63": "N", "64": "N", "65": "N", "66": "N", "68": "N", "69": "N", "70": "N", "71": "N", "72": "N", "73": "N", "74": "N", "75": "N", "76": "N", "77": "N", "78": "N", "79": "N", "80": "N", "81": "N", "82": "N", "83": "N", "84": "N", "85": "N", "86": "N", "87": "N", "89": "N", "90": "N", "91": "N", "92": "N", "93": "N", "94": "N", "95": "N", "96": "N", "98": "N", "99": "N", "100": "N", "101": "N", "102": "N", "103": "N", "104": "N", "105": "N", "106": "N", "107": "N", "108": "N"}, {"11": "S", "23": "S", "38": "S", "0": "N", "1": "N", "2": "N", "3": "N", "4": "N", "5": "N", "6": "N", "7": "N", "8": "N", "9": "N", "10": "N", "12": "N", "13": "N", "14": "N", "15": "N", "16": "N", "17": "N", "18": "N", "19": "N", "20": "N", "21": "N", "22": "N", "24": "N", "25": "N", "26": "N", "27": "N", "28": "N", "29": "N", "30": "N", "31": "N", "32": "N", "33": "N", "34": "N", "35": "N", "36": "N", "37": "N", "47": "S", "48": "S", "49": "S", "50": "S", "67": "S", "88": "S", "97": "S", "39": "N", "40": "N", "41": "N", "42": "N", "43": "N", "44": "N", "45": "N", "46": "N", "51": "N", "52": "N", "53": "N", "54": "N", "55": "N", "56": "N", "57": "N", "58": "N", "59": "N", "60": "N", "61": "N", "62": "N", "63": "N", "64": "N", "65": "N", "66": "N", "68": "N", "69": "N", "70": "N", "71": "N", "72": "N", "73": "N", "74": "N", "75": "N", "76": "N", "77": "N", "78": "N", "79": "N", "80": "N", "81": "N", "82": "N", "83": "N", "84": "N", "85": "N", "86": "N", "87": "N", "89": "N", "90": "N", "91": "N", "92": "N", "93": "N", "94": "N", "95": "N", "96": "N", "98": "N", "99": "N", "100": "N", "101": "N", "102": "N", "103": "N", "104": "N", "105": "N", "106": "N", "107": "N", "108": "N"}, {"11": "S", "23": "S", "38": "S", "0": "N", "1": "N", "2": "N", "3": "N", "4": "N", "5": "N", "6": "N", "7": "N", "8": "N", "9": "N", "10": "N", "12": "N", "13": "N", "14": "N", "15": "N", "16": "N", "17": "N", "18": "N", "19": "N", "20": "N", "21": "N", "22": "N", "24": "N", "25": "N", "26": "N", "27": "N", "28": "N", "29": "N", "30": "N", "31": "N", "32": "N", "33": "N", "34": "N", "35": "N", "36": "N", "37": "N", "47": "S", "48": "S", "49": "S", "50": "S", "67": "S", "88": "S", "97": "S", "39": "N", "40": "N", "41": "N", "42": "N", "43": "N", "44": "N", "45": "N", "46": "N", "51": "N", "52": "N", "53": "N", "54": "N", "55": "N", "56": "N", "57": "N", "58": "N", "59": "N", "60": "N", "61": "N", "62": "N", "63": "N", "64": "N", "65": "N", "66": "N", "68": "N", "69": "N", "70": "N", "71": "N", "72": "N", "73": "N", "74": "N", "75": "N", "76": "N", "77": "N", "78": "N", "79": "N", "80": "N", "81": "N", "82": "N", "83": "N", "84": "N", "85": "N", "86": "N", "87": "N", "89": "N", "90": "N", "91": "N", "92": "N", "93": "N", "94": "N", "95": "N", "96": "N", "98": "N", "99": "N", "100": "N", "101": "N", "102": "N", "103": "N", "104": "N", "105": "N", "106": "N", "107": "N", "108": "N"}, {"11": "S", "23": "S", "38": "S", "0": "N", "1": "N", "2": "N", "3": "N", "4": "N", "5": "N", "6": "N", "7": "N", "8": "N", "9": "N", "10": "N", "12": "N", "13": "N", "14": "N", "15": "N", "16": "N", "17": "N", "18": "N", "19": "N", "20": "N", "21": "N", "22": "N", "24": "N", "25": "N", "26": "N", "27": "N", "28": "N", "29": "N", "30": "N", "31": "N", "32": "N", "33": "N", "34": "N", "35": "N", "36": "N", "37": "N", "47": "S", "48": "S", "49": "S", "50": "S", "67": "S", "88": "S", "97": "S", "39": "N", "40": "N", "41": "N", "42": "N", "43": "N", "44": "N", "45": "N", "46": "N", "51": "N", "52": "N", "53": "N", "54": "N", "55": "N", "56": "N", "57": "N", "58": "N", "59": "N", "60": "N", "61": "N", "62": "N", "63": "N", "64": "N", "65": "N", "66": "N", "68": "N", "69": "N", "70": "N", "71": "N", "72": "N", "73": "N", "74": "N", "75": "N", "76": "N", "77": "N", "78": "N", "79": "N", "80": "N", "81": "N", "82": "N", "83": "N", "84": "N", "85": "N", "86": "N", "87": "N", "89": "N", "90": "N", "91": "N", "92": "N", "93": "N", "94": "N", "95": "N", "96": "N", "98": "N", "99": "N", "100": "N", "101": "N", "102": "N", "103": "N", "104": "N", "105": "N", "106": "N", "107": "N", "108": "N"}, {"11": "S", "23": "S", "38": "S", "0": "N", "1": "N", "2": "N", "3": "N", "4": "N", "5": "N", "6": "N", "7": "N", "8": "N", "9": "N", "10": "N", "12": "N", "13": "N", "14": "N", "15": "N", "16": "N", "17": "N", "18": "N", "19": "N", "20": "N", "21": "N", "22": "N", "24": "N", "25": "N", "26": "N", "27": "N", "28": "N", "29": "N", "30": "N", "31": "N", "32": "N", "33": "N", "34": "N", "35": "N", "36": "N", "37": "N", "47": "S", "48": "S", "49": "S", "50": "S", "67": "S", "88": "S", "97": "S", "39": "N", "40": "N", "41": "N", "42": "N", "43": "N", "44": "N", "45": "N", "46": "N", "51": "N", "52": "N", "53": "N", "54": "N", "55": "N", "56": "N", "57": "N", "58": "N", "59": "N", "60": "N", "61": "N", "62": "N", "63": "N", "64": "N", "65": "N", "66": "N", "68": "N", "69": "N", "70": "N", "71": "N", "72": "N", "73": "N", "74": "N", "75": "N", "76": "N", "77": "N", "78": "N", "79": "N", "80": "N", "81": "N", "82": "N", "83": "N", "84": "N", "85": "N", "86": "N", "87": "N", "89": "N", "90": "N", "91": "N", "92": "N", "93": "N", "94": "N", "95": "N", "96": "N", "98": "N", "99": "N", "100": "N", "101": "N", "102": "N", "103": "N", "104": "N", "105": "N", "106": "N", "107": "N", "108": "N"}, {"11": "S", "23": "S", "38": "S", "0": "N", "1": "N", "2": "N", "3": "N", "4": "N", "5": "N", "6": "N", "7": "N", "8": "N", "9": "N", "10": "N", "12": "N", "13": "N", "14": "N", "15": "N", "16": "N", "17": "N", "18": "N", "19": "N", "20": "N", "21": "N", "22": "N", "24": "N", "25": "N", "26": "N", "27": "N", "28": "N", "29": "N", "30": "N", "31": "N", "32": "N", "33": "N", "34": "N", "35": "N", "36": "N", "37": "N", "47": "S", "48": "S", "49": "S", "50": "S", "67": "S", "88": "S", "97": "S", "39": "N", "40": "N", "41": "N", "42": "N", "43": "N", "44": "N", "45": "N", "46": "N", "51": "N", "52": "N", "53": "N", "54": "N", "55": "N", "56": "N", "57": "N", "58": "N", "59": "N", "60": "N", "61": "N", "62": "N", "63": "N", "64": "N", "65": "N", "66": "N", "68": "N", "69": "N", "70": "N", "71": "N", "72": "N", "73": "N", "74": "N", "75": "N", "76": "N", "77": "N", "78": "N", "79": "N", "80": "N", "81": "N", "82": "N", "83": "N", "84": "N", "85": "N", "86": "N", "87": "N", "89": "N", "90": "N", "91": "N", "92": "N", "93": "N", "94": "N", "95": "N", "96": "N", "98": "N", "99": "N", "100": "N", "101": "N", "102": "N", "103": "N", "104": "N", "105": "N", "106": "N", "107": "N", "108": "N"}, {"11": "S", "23": "S", "38": "S", "0": "N", "1": "N", "2": "N", "3": "N", "4": "N", "5": "N", "6": "N", "7": "N", "8": "N", "9": "N", "10": "N", "12": "N", "13": "N", "14": "N", "15": "N", "16": "N", "17": "N", "18": "N", "19": "N", "20": "N", "21": "N", "22": "N", "24": "N", "25": "N", "26": "N", "27": "N", "28": "N", "29": "N", "30": "N", "31": "N", "32": "N", "33": "N", "34": "N", "35": "N", "36": "N", "37": "N", "47": "S", "48": "S", "49": "S", "50": "S", "67": "S", "88": "S", "97": "S", "39": "N", "40": "N", "41": "N", "42": "N", "43": "N", "44": "N", "45": "N", "46": "N", "51": "N", "52": "N", "53": "N", "54": "N", "55": "N", "56": "N", "57": "N", "58": "N", "59": "N", "60": "N", "61": "N", "62": "N", "63": "N", "64": "N", "65": "N", "66": "N", "68": "N", "69": "N", "70": "N", "71": "N", "72": "N", "73": "N", "74": "N", "75": "N", "76": "N", "77": "N", "78": "N", "79": "N", "80": "N", "81": "N", "82": "N", "83": "N", "84": "N", "85": "N", "86": "N", "87": "N", "89": "N", "90": "N", "91": "N", "92": "N", "93": "N", "94": "N", "95": "N", "96": "N", "98": "N", "99": "N", "100": "N", "101": "N", "102": "N", "103": "N", "104": "N", "105": "N", "106": "N", "107": "N", "108": "N"}, {"11": "S", "23": "S", "38": "S", "0": "N", "1": "N", "2": "N", "3": "N", "4": "N", "5": "N", "6": "N", "7": "N", "8": "N", "9": "N", "10": "N", "12": "N", "13": "N", "14": "N", "15": "N", "16": "N", "17": "N", "18": "N", "19": "N", "20": "N", "21": "N", "22": "N", "24": "N", "25": "N", "26": "N", "27": "N", "28": "N", "29": "N", "30": "N", "31": "N", "32": "N", "33": "N", "34": "N", "35": "N", "36": "N", "37": "N", "47": "S", "48": "S", "49": "S", "50": "S", "67": "S", "88": "S", "97": "S", "39": "N", "40": "N", "41": "N", "42": "N", "43": "N", "44": "N", "45": "N", "46": "N", "51": "N", "52": "N", "53": "N", "54": "N", "55": "N", "56": "N", "57": "N", "58": "N", "59": "N", "60": "N", "61": "N", "62": "N", "63": "N", "64": "N", "65": "N", "66": "N", "68": "N", "69": "N", "70": "N", "71": "N", "72": "N", "73": "N", "74": "N", "75": "N", "76": "N", "77": "N", "78": "N", "79": "N", "80": "N", "81": "N", "82": "N", "83": "N", "84": "N", "85": "N", "86": "N", "87": "N", "89": "N", "90": "N", "91": "N", "92": "N", "93": "N", "94": "N", "95": "N", "96": "N", "98": "N", "99": "N", "100": "N", "101": "N", "102": "N", "103": "N", "104": "N", "105": "N", "106": "N", "107": "N", "108": "N"}, {"11": "S", "23": "S", "38": "S", "0": "N", "1": "N", "2": "N", "3": "N", "4": "N", "5": "N", "6": "N", "7": "N", "8": "N", "9": "N", "10": "N", "12": "N", "13": "N", "14": "N", "15": "N", "16": "N", "17": "N", "18": "N", "19": "N", "20": "N", "21": "N", "22": "N", "24": "N", "25": "N", "26": "N", "27": "N", "28": "N", "29": "N", "30": "N", "31": "N", "32": "N", "33": "N", "34": "N", "35": "N", "36": "N", "37": "N", "47": "S", "48": "S", "49": "S", "50": "S", "67": "S", "88": "S", "97": "S", "39": "N", "40": "N", "41": "N", "42": "N", "43": "N", "44": "N", "45": "N", "46": "N", "51": "N", "52": "N", "53": "N", "54": "N", "55": "N", "56": "N", "57": "N", "58": "N", "59": "N", "60": "N", "61": "N", "62": "N", "63": "N", "64": "N", "65": "N", "66": "N", "68": "N", "69": "N", "70": "N", "71": "N", "72": "N", "73": "N", "74": "N", "75": "N", "76": "N", "77": "N", "78": "N", "79": "N", "80": "N", "81": "N", "82": "N", "83": "N", "84": "N", "85": "N", "86": "N", "87": "N", "89": "N", "90": "N", "91": "N", "92": "N", "93": "N", "94": "N", "95": "N", "96": "N", "98": "N", "99": "N", "100": "N", "101": "N", "102": "N", "103": "N", "104": "N", "105": "N", "106": "N", "107": "N", "108": "N"}, {"11": "S", "23": "S", "38": "S", "0": "N", "1": "N", "2": "N", "3": "N", "4": "N", "5": "N", "6": "N", "7": "N", "8": "N", "9": "N", "10": "N", "12": "N", "13": "N", "14": "N", "15": "N", "16": "N", "17": "N", "18": "N", "19": "N", "20": "N", "21": "N", "22": "N", "24": "N", "25": "N", "26": "N", "27": "N", "28": "N", "29": "N", "30": "N", "31": "N", "32": "N", "33": "N", "34": "N", "35": "N", "36": "N", "37": "N", "47": "S", "48": "S", "49": "S", "50": "S", "67": "S", "88": "S", "97": "S", "39": "N", "40": "N", "41": "N", "42": "N", "43": "N", "44": "N", "45": "N", "46": "N", "51": "N", "52": "N", "53": "N", "54": "N", "55": "N", "56": "N", "57": "N", "58": "N", "59": "N", "60": "N", "61": "N", "62": "N", "63": "N", "64": "N", "65": "N", "66": "N", "68": "N", "69": "N", "70": "N", "71": "N", "72": "N", "73": "N", "74": "N", "75": "N", "76": "N", "77": "N", "78": "N", "79": "N", "80": "N", "81": "N", "82": "N", "83": "N", "84": "N", "85": "N", "86": "N", "87": "N", "89": "N", "90": "N", "91": "N", "92": "N", "93": "N", "94": "N", "95": "N", "96": "N", "98": "N", "99": "N", "100": "N", "101": "N", "102": "N", "103": "N", "104": "N", "105": "N", "106": "N", "107": "N", "108": "N"}, {"11": "S", "23": "S", "38": "S", "0": "N", "1": "N", "2": "N", "3": "N", "4": "N", "5": "N", "6": "N", "7": "N", "8": "N", "9": "N", "10": "N", "12": "N", "13": "N", "14": "N", "15": "N", "16": "N", "17": "N", "18": "N", "19": "N", "20": "N", "21": "N", "22": "N", "24": "N", "25": "N", "26": "N", "27": "N", "28": "N", "29": "N", "30": "N", "31": "N", "32": "N", "33": "N", "34": "N", "35": "N", "36": "N", "37": "N", "47": "S", "48": "S", "49": "S", "50": "S", "67": "S", "88": "S", "97": "S", "39": "N", "40": "N", "41": "N", "42": "N", "43": "N", "44": "N", "45": "N", "46": "N", "51": "N", "52": "N", "53": "N", "54": "N", "55": "N", "56": "N", "57": "N", "58": "N", "59": "N", "60": "N", "61": "N", "62": "N", "63": "N", "64": "N", "65": "N", "66": "N", "68": "N", "69": "N", "70": "N", "71": "N", "72": "N", "73": "N", "74": "N", "75": "N", "76": "N", "77": "N", "78": "N", "79": "N", "80": "N", "81": "N", "82": "N", "83": "N", "84": "N", "85": "N", "86": "N", "87": "N", "89": "N", "90": "N", "91": "N", "92": "N", "93": "N", "94": "N", "95": "N", "96": "N", "98": "N", "99": "N", "100": "N", "101": "N", "102": "N", "103": "N", "104": "N", "105": "N", "106": "N", "107": "N", "108": "N"}, {"11": "S", "23": "S", "38": "S", "0": "N", "1": "N", "2": "N", "3": "N", "4": "N", "5": "N", "6": "N", "7": "N", "8": "N", "9": "N", "10": "N", "12": "N", "13": "N", "14": "N", "15": "N", "16": "N", "17": "N", "18": "N", "19": "N", "20": "N", "21": "N", "22": "N", "24": "N", "25": "N", "26": "N", "27": "N", "28": "N", "29": "N", "30": "N", "31": "N", "32": "N", "33": "N", "34": "N", "35": "N", "36": "N", "37": "N", "47": "S", "48": "S", "49": "S", "50": "S", "67": "S", "88": "S", "97": "S", "39": "N", "40": "N", "41": "N", "42": "N", "43": "N", "44": "N", "45": "N", "46": "N", "51": "N", "52": "N", "53": "N", "54": "N", "55": "N", "56": "N", "57": "N", "58": "N", "59": "N", "60": "N", "61": "N", "62": "N", "63": "N", "64": "N", "65": "N", "66": "N", "68": "N", "69": "N", "70": "N", "71": "N", "72": "N", "73": "N", "74": "N", "75": "N", "76": "N", "77": "N", "78": "N", "79": "N", "80": "N", "81": "N", "82": "N", "83": "N", "84": "N", "85": "N", "86": "N", "87": "N", "89": "N", "90": "N", "91": "N", "92": "N", "93": "N", "94": "N", "95": "N", "96": "N", "98": "N", "99": "N", "100": "N", "101": "N", "102": "N", "103": "N", "104": "N", "105": "N", "106": "N", "107": "N", "108": "N"}, {"11": "S", "23": "S", "38": "S", "0": "N", "1": "N", "2": "N", "3": "N", "4": "N", "5": "N", "6": "N", "7": "N", "8": "N", "9": "N", "10": "N", "12": "N", "13": "N", "14": "N", "15": "N", "16": "N", "17": "N", "18": "N", "19": "N", "20": "N", "21": "N", "22": "N", "24": "N", "25": "N", "26": "N", "27": "N", "28": "N", "29": "N", "30": "N", "31": "N", "32": "N", "33": "N", "34": "N", "35": "N", "36": "N", "37": "N", "47": "S", "48": "S", "49": "S", "50": "S", "67": "S", "88": "S", "97": "S", "39": "N", "40": "N", "41": "N", "42": "N", "43": "N", "44": "N", "45": "N", "46": "N", "51": "N", "52": "N", "53": "N", "54": "N", "55": "N", "56": "N", "57": "N", "58": "N", "59": "N", "60": "N", "61": "N", "62": "N", "63": "N", "64": "N", "65": "N", "66": "N", "68": "N", "69": "N", "70": "N", "71": "N", "72": "N", "73": "N", "74": "N", "75": "N", "76": "N", "77": "N", "78": "N", "79": "N", "80": "N", "81": "N", "82": "N", "83": "N", "84": "N", "85": "N", "86": "N", "87": "N", "89": "N", "90": "N", "91": "N", "92": "N", "93": "N", "94": "N", "95": "N", "96": "N", "98": "N", "99": "N", "100": "N", "101": "N", "102": "N", "103": "N", "104": "N", "105": "N", "106": "N", "107": "N", "108": "N"}, {"11": "S", "23": "S", "38": "S", "0": "N", "1": "N", "2": "N", "3": "N", "4": "N", "5": "N", "6": "N", "7": "N", "8": "N", "9": "N", "10": "N", "12": "N", "13": "N", "14": "N", "15": "N", "16": "N", "17": "N", "18": "N", "19": "N", "20": "N", "21": "N", "22": "N", "24": "N", "25": "N", "26": "N", "27": "N", "28": "N", "29": "N", "30": "N", "31": "N", "32": "N", "33": "N", "34": "N", "35": "N", "36": "N", "37": "N", "47": "S", "48": "S", "49": "S", "50": "S", "67": "S", "88": "S", "97": "S", "39": "N", "40": "N", "41": "N", "42": "N", "43": "N", "44": "N", "45": "N", "46": "N", "51": "N", "52": "N", "53": "N", "54": "N", "55": "N", "56": "N", "57": "N", "58": "N", "59": "N", "60": "N", "61": "N", "62": "N", "63": "N", "64": "N", "65": "N", "66": "N", "68": "N", "69": "N", "70": "N", "71": "N", "72": "N", "73": "N", "74": "N", "75": "N", "76": "N", "77": "N", "78": "N", "79": "N", "80": "N", "81": "N", "82": "N", "83": "N", "84": "N", "85": "N", "86": "N", "87": "N", "89": "N", "90": "N", "91": "N", "92": "N", "93": "N", "94": "N", "95": "N", "96": "N", "98": "N", "99": "N", "100": "N", "101": "N", "102": "N", "103": "N", "104": "N", "105": "N", "106": "N", "107": "N", "108": "N"}, {"11": "S", "23": "S", "38": "S", "0": "N", "1": "N", "2": "N", "3": "N", "4": "N", "5": "N", "6": "N", "7": "N", "8": "N", "9": "N", "10": "N", "12": "N", "13": "N", "14": "N", "15": "N", "16": "N", "17": "N", "18": "N", "19": "N", "20": "N", "21": "N", "22": "N", "24": "N", "25": "N", "26": "N", "27": "N", "28": "N", "29": "N", "30": "N", "31": "N", "32": "N", "33": "N", "34": "N", "35": "N", "36": "N", "37": "N", "47": "S", "48": "S", "49": "S", "50": "S", "67": "S", "88": "S", "97": "S", "39": "N", "40": "N", "41": "N", "42": "N", "43": "N", "44": "N", "45": "N", "46": "N", "51": "N", "52": "N", "53": "N", "54": "N", "55": "N", "56": "N", "57": "N", "58": "N", "59": "N", "60": "N", "61": "N", "62": "N", "63": "N", "64": "N", "65": "N", "66": "N", "68": "N", "69": "N", "70": "N", "71": "N", "72": "N", "73": "N", "74": "N", "75": "N", "76": "N", "77": "N", "78": "N", "79": "N", "80": "N", "81": "N", "82": "N", "83": "N", "84": "N", "85": "N", "86": "N", "87": "N", "89": "N", "90": "N", "91": "N", "92": "N", "93": "N", "94": "N", "95": "N", "96": "N", "98": "N", "99": "N", "100": "N", "101": "N", "102": "N", "103": "N", "104": "N", "105": "N", "106": "N", "107": "N", "108": "N"}, {"11": "W", "23": "W", "38": "W", "0": "W", "1": "W", "2": "W", "3": "W", "4": "W", "5": "W", "6": "W", "7": "W", "8": "W", "9": "W", "10": "W", "12": "W", "13": "W", "14": "W", "15": "W", "16": "W", "17": "W", "18": "W", "19": "W", "20": "W", "21": "W", "22": "W", "24": "W", "25": "W", "26": "W", "27": "W", "28": "W", "29": "W", "30": "W", "31": "W", "32": "W", "33": "W", "34": "W", "35": "W", "36": "W", "37": "W", "47": "E", "48": "E", "49": "E", "50": "E", "67": "E", "88": "E", "97": "E", "39": "E", "40": "E", "41": "E", "42": "E", "43": "E", "44": "E", "45": "E", "46": "E", "51": "E", "52": "E", "53": "E", "54": "E", "55": "E", "56": "E", "57": "E", "58": "E", "59": "E", "60": "E", "61": "E", "62": "E", "63": "E", "64": "E", "65": "E", "66": "E", "68": "E", "69": "E", "70": "E", "71": "E", "72": "E", "73": "E", "74": "E", "75": "E", "76": "E", "77": "E", "78": "E", "79": "E", "80": "E", "81": "E", "82": "E", "83": "E", "84": "E", "85": "E", "86": "E", "87": "E", "89": "E", "90": "E", "91": "E", "92": "E", "93": "E", "94": "E", "95": "E", "96": "E", "98": "E", "99": "E", "100": "E", "101": "E", "102": "E", "103": "E", "104": "E", "105": "E", "106": "E", "107": "E", "108": "E"}, {"11": "W", "23": "W", "38": "W", "0": "W", "1": "W", "2": "W", "3": "W", "4": "W", "5": "W", "6": "W", "7": "W", "8": "W", "9": "W", "10": "W", "12": "W", "13": "W", "14": "W", "15": "W", "16": "W", "17": "W", "18": "W", "19": "W", "20": "W", "21": "W", "22": "W", "24": "W", "25": "W", "26": "W", "27": "W", "28": "W", "29": "W", "30": "W", "31": "W", "32": "W", "33": "W", "34": "W", "35": "W", "36": "W", "37": "W", "47": "E", "48": "E", "49": "E", "50": "E", "67": "E", "88": "E", "97": "E", "39": "E", "40": "E", "41": "E", "42": "E", "43": "E", "44": "E", "45": "E", "46": "E", "51": "E", "52": "E", "53": "E", "54": "E", "55": "E", "56": "E", "57": "E", "58": "E", "59": "E", "60": "E", "61": "E", "62": "E", "63": "E", "64": "E", "65": "E", "66": "E", "68": "E", "69": "E", "70": "E", "71": "E", "72": "E", "73": "E", "74": "E", "75": "E", "76": "E", "77": "E", "78": "E", "79": "E", "80": "E", "81": "E", "82": "E", "83": "E", "84": "E", "85": "E", "86": "E", "87": "E", "89": "E", "90": "E", "91": "E", "92": "E", "93": "E", "94": "E", "95": "E", "96": "E", "98": "E", "99": "E", "100": "E", "101": "E", "102": "E", "103": "E", "104": "E", "105": "E", "106": "E", "107": "E", "108": "E"}, {"11": "W", "23": "W", "38": "W", "0": "W", "1": "W", "2": "W", "3": "W", "4": "W", "5": "W", "6": "W", "7": "W", "8": "W", "9": "W", "10": "W", "12": "W", "13": "W", "14": "W", "15": "W", "16": "W", "17": "W", "18": "W", "19": "W", "20": "W", "21": "W", "22": "W", "24": "W", "25": "W", "26": "W", "27": "W", "28": "W", "29": "W", "30": "W", "31": "W", "32": "W", "33": "W", "34": "W", "35": "W", "36": "W", "37": "W", "47": "E", "48": "E", "49": "E", "50": "E", "67": "E", "88": "E", "97": "E", "39": "E", "40": "E", "41": "E", "42": "E", "43": "E", "44": "E", "45": "E", "46": "E", "51": "E", "52": "E", "53": "E", "54": "E", "55": "E", "56": "E", "57": "E", "58": "E", "59": "E", "60": "E", "61": "E", "62": "E", "63": "E", "64": "E", "65": "E", "66": "E", "68": "E", "69": "E", "70": "E", "71": "E", "72": "E", "73": "E", "74": "E", "75": "E", "76": "E", "77": "E", "78": "E", "79": "E", "80": "E", "81": "E", "82": "E", "83": "E", "84": "E", "85": "E", "86": "E", "87": "E", "89": "E", "90": "E", "91": "E", "92": "E", "93": "E", "94": "E", "95": "E", "96": "E", "98": "E", "99": "E", "100": "E", "101": "E", "102": "E", "103": "E", "104": "E", "105": "E", "106": "E", "107": "E", "108": "E"}, {"11": "W", "23": "W", "38": "W", "0": "W", "1": "W", "2": "W", "3": "W", "4": "W", "5": "W", "6": "W", "7": "W", "8": "W", "9": "W", "10": "W", "12": "W", "13": "W", "14": "W", "15": "W", "16": "W", "17": "W", "18": "W", "19": "W", "20": "W", "21": "W", "22": "W", "24": "W", "25": "W", "26": "W", "27": "W", "28": "W", "29": "W", "30": "W", "31": "W", "32": "W", "33": "W", "34": "W", "35": "W", "36": "W", "37": "W", "47": "E", "48": "E", "49": "E", "50": "E", "67": "E", "88": "E", "97": "E", "39": "E", "40": "E", "41": "E", "42": "E", "43": "E", "44": "E", "45": "E", "46": "E", "51": "E", "52": "E", "53": "E", "54": "E", "55": "E", "56": "E", "57": "E", "58": "E", "59": "E", "60": "E", "61": "E", "62": "E", "63": "E", "64": "E", "65": "E", "66": "E", "68": "E", "69": "E", "70": "E", "71": "E", "72": "E", "73": "E", "74": "E", "75": "E", "76": "E", "77": "E", "78": "E", "79": "E", "80": "E", "81": "E", "82": "E", "83": "E", "84": "E", "85": "E", "86": "E", "87": "E", "89": "E", "90": "E", "91": "E", "92": "E", "93": "E", "94": "E", "95": "E", "96": "E", "98": "E", "99": "E", "100": "E", "101": "E", "102": "E", "103": "E", "104": "E", "105": "E", "106": "E", "107": "E", "108": "E"}, {"11": "W", "23": "W", "38": "W", "0": "W", "1": "W", "2": "W", "3": "W", "4": "W", "5": "W", "6": "W", "7": "W", "8": "W", "9": "W", "10": "W", "12": "W", "13": "W", "14": "W", "15": "W", "16": "W", "17": "W", "18": "W", "19": "W", "20": "W", "21": "W", "22": "W", "24": "W", "25": "W", "26": "W", "27": "W", "28": "W", "29": "W", "30": "W", "31": "W", "32": "W", "33": "W", "34": "W", "35": "W", "36": "W", "37": "W", "47": "E", "48": "E", "49": "E", "50": "E", "67": "E", "88": "E", "97": "E", "39": "E", "40": "E", "41": "E", "42": "E", "43": "E", "44": "E", "45": "E", "46": "E", "51": "E", "52": "E", "53": "E", "54": "E", "55": "E", "56": "E", "57": "E", "58": "E", "59": "E", "60": "E", "61": "E", "62": "E", "63": "E", "64": "E", "65": "E", "66": "E", "68": "E", "69": "E", "70": "E", "71": "E", "72": "E", "73": "E", "74": "E", "75": "E", "76": "E", "77": "E", "78": "E", "79": "E", "80": "E", "81": "E", "82": "E", "83": "E", "84": "E", "85": "E", "86": "E", "87": "E", "89": "E", "90": "E", "91": "E", "92": "E", "93": "E", "94": "E", "95": "E", "96": "E", "98": "E", "99": "E", "100": "E", "101": "E", "102": "E", "103": "E", "104": "E", "105": "E", "106": "E", "107": "E", "108": "E"}, {"11": "W", "23": "W", "38": "W", "0": "W", "1": "W", "2": "W", "3": "W", "4": "W", "5": "W", "6": "W", "7": "W", "8": "W", "9": "W", "10": "W", "12": "W", "13": "W", "14": "W", "15": "W", "16": "W", "17": "W", "18": "W", "19": "W", "20": "W", "21": "W", "22": "W", "24": "W", "25": "W", "26": "W", "27": "W", "28": "W", "29": "W", "30": "W", "31": "W", "32": "W", "33": "W", "34": "W", "35": "W", "36": "W", "37": "W", "47": "E", "48": "E", "49": "E", "50": "E", "67": "E", "88": "E", "97": "E", "39": "E", "40": "E", "41": "E", "42": "E", "43": "E", "44": "E", "45": "E", "46": "E", "51": "E", "52": "E", "53": "E", "54": "E", "55": "E", "56": "E", "57": "E", "58": "E", "59": "E", "60": "E", "61": "E", "62": "E", "63": "E", "64": "E", "65": "E", "66": "E", "68": "E", "69": "E", "70": "E", "71": "E", "72": "E", "73": "E", "74": "E", "75": "E", "76": "E", "77": "E", "78": "E", "79": "E", "80": "E", "81": "E", "82": "E", "83": "E", "84": "E", "85": "E", "86": "E", "87": "E", "89": "E", "90": "E", "91": "E", "92": "E", "93": "E", "94": "E", "95": "E", "96": "E", "98": "E", "99": "E", "100": "E", "101": "E", "102": "E", "103": "E", "104": "E", "105": "E", "106": "E", "107": "E", "108": "E"}, {"11": "W", "23": "W", "38": "W", "0": "W", "1": "W", "2": "W", "3": "W", "4": "W", "5": "W", "6": "W", "7": "W", "8": "W", "9": "W", "10": "W", "12": "W", "13": "W", "14": "W", "15": "W", "16": "W", "17": "W", "18": "W", "19": "W", "20": "W", "21": "W", "22": "W", "24": "W", "25": "W", "26": "W", "27": "W", "28": "W", "29": "W", "30": "W", "31": "W", "32": "W", "33": "W", "34": "W", "35": "W", "36": "W", "37": "W", "47": "E", "48": "E", "49": "E", "50": "E", "67": "E", "88": "E", "97": "E", "39": "E", "40": "E", "41": "E", "42": "E", "43": "E", "44": "E", "45": "E", "46": "E", "51": "E", "52": "E", "53": "E", "54": "E", "55": "E", "56": "E", "57": "E", "58": "E", "59": "E", "60": "E", "61": "E", "62": "E", "63": "E", "64": "E", "65": "E", "66": "E", "68": "E", "69": "E", "70": "E", "71": "E", "72": "E", "73": "E", "74": "E", "75": "E", "76": "E", "77": "E", "78": "E", "79": "E", "80": "E", "81": "E", "82": "E", "83": "E", "84": "E", "85": "E", "86": "E", "87": "E", "89": "E", "90": "E", "91": "E", "92": "E", "93": "E", "94": "E", "95": "E", "96": "E", "98": "E", "99": "E", "100": "E", "101": "E", "102": "E", "103": "E", "104": "E", "105": "E", "106": "E", "107": "E", "108": "E"}, {"11": "W", "23": "W", "38": "W", "0": "W", "1": "W", "2": "W", "3": "W", "4": "W", "5": "W", "6": "W", "7": "W", "8": "W", "9": "W", "10": "W", "12": "W", "13": "W", "14": "W", "15": "W", "16": "W", "17": "W", "18": "W", "19": "W", "20": "W", "21": "W", "22": "W", "24": "W", "25": "W", "26": "W", "27": "W", "28": "W", "29": "W", "30": "W", "31": "W", "32": "W", "33": "W", "34": "W", "35": "W", "36": "W", "37": "W", "47": "E", "48": "E", "49": "E", "50": "E", "67": "E", "88": "E", "97": "E", "39": "E", "40": "E", "41": "E", "42": "E", "43": "E", "44": "E", "45": "E", "46": "E", "51": "E", "52": "E", "53": "E", "54": "E", "55": "E", "56": "E", "57": "E", "58": "E", "59": "E", "60": "E", "61": "E", "62": "E", "63": "E", "64": "E", "65": "E", "66": "E", "68": "E", "69": "E", "70": "E", "71": "E", "72": "E", "73": "E", "74": "E", "75": "E", "76": "E", "77": "E", "78": "E", "79": "E", "80": "E", "81": "E", "82": "E", "83": "E", "84": "E", "85": "E", "86": "E", "87": "E", "89": "E", "90": "E", "91": "E", "92": "E", "93": "E", "94": "E", "95": "E", "96": "E", "98": "E", "99": "E", "100": "E", "101": "E", "102": "E", "103": "E", "104": "E", "105": "E", "106": "E", "107": "E", "108": "E"}, {"11": "W", "23": "W", "38": "W", "0": "W", "1": "W", "2": "W", "3": "W", "4": "W", "5": "W", "6": "W", "7": "W", "8": "W", "9": "W", "10": "W", "12": "W", "13": "W", "14": "W", "15": "W", "16": "W", "17": "W", "18": "W", "19": "W", "20": "W", "21": "W", "22": "W", "24": "W", "25": "W", "26": "W", "27": "W", "28": "W", "29": "W", "30": "W", "31": "W", "32": "W", "33": "W", "34": "W", "35": "W", "36": "W", "37": "W", "47": "E", "48": "E", "49": "E", "50": "E", "67": "E", "88": "E", "97": "E", "39": "E", "40": "E", "41": "E", "42": "E", "43": "E", "44": "E", "45": "E", "46": "E", "51": "E", "52": "E", "53": "E", "54": "E", "55": "E", "56": "E", "57": "E", "58": "E", "59": "E", "60": "E", "61": "E", "62": "E", "63": "E", "64": "E", "65": "E", "66": "E", "68": "E", "69": "E", "70": "E", "71": "E", "72": "E", "73": "E", "74": "E", "75": "E", "76": "E", "77": "E", "78": "E", "79": "E", "80": "E", "81": "E", "82": "E", "83": "E", "84": "E", "85": "E", "86": "E", "87": "E", "89": "E", "90": "E", "91": "E", "92": "E", "93": "E", "94": "E", "95": "E", "96": "E", "98": "E", "99": "E", "100": "E", "101": "E", "102": "E", "103": "E", "104": "E", "105": "E", "106": "E", "107": "E", "108": "E"}, {"11": "W", "23": "W", "38": "W", "0": "W", "1": "W", "2": "W", "3": "W", "4": "W", "5": "W", "6": "W", "7": "W", "8": "W", "9": "W", "10": "W", "12": "W", "13": "W", "14": "W", "15": "W", "16": "W", "17": "W", "18": "W", "19": "W", "20": "W", "21": "W", "22": "W", "24": "W", "25": "W", "26": "W", "27": "W", "28": "W", "29": "W", "30": "W", "31": "W", "32": "W", "33": "W", "34": "W", "35": "W", "36": "W", "37": "W", "47": "E", "48": "E", "49": "E", "50": "E", "67": "E", "88": "E", "97": "E", "39": "E", "40": "E", "41": "E", "42": "E", "43": "E", "44": "E", "45": "E", "46": "E", "51": "E", "52": "E", "53": "E", "54": "E", "55": "E", "56": "E", "57": "E", "58": "E", "59": "E", "60": "E", "61": "E", "62": "E", "63": "E", "64": "E", "65": "E", "66": "E", "68": "E", "69": "E", "70": "E", "71": "E", "72": "E", "73": "E", "74": "E", "75": "E", "76": "E", "77": "E", "78": "E", "79": "E", "80": "E", "81": "E", "82": "E", "83": "E", "84": "E", "85": "E", "86": "E", "87": "E", "89": "E", "90": "E", "91": "E", "92": "E", "93": "E", "94": "E", "95": "E", "96": "E", "98": "E", "99": "E", "100": "E", "101": "E", "102": "E", "103": "E", "104": "E", "105": "E", "106": "E", "107": "E", "108": "E"}, {"11": "W", "23": "W", "38": "W", "0": "W", "1": "W", "2": "W", "3": "W", "4": "W", "5": "W", "6": "W", "7": "W", "8": "W", "9": "W", "10": "W", "12": "W", "13": "W", "14": "W", "15": "W", "16": "W", "17": "W", "18": "W", "19": "W", "20": "W", "21": "W", "22": "W", "24": "W", "25": "W", "26": "W", "27": "W", "28": "W", "29": "W", "30": "W", "31": "W", "32": "W", "33": "W", "34": "W", "35": "W", "36": "W", "37": "W", "47": "E", "48": "E", "49": "E", "50": "E", "67": "E", "88": "E", "97": "E", "39": "E", "40": "E", "41": "E", "42": "E", "43": "E", "44": "E", "45": "E", "46": "E", "51": "E", "52": "E", "53": "E", "54": "E", "55": "E", "56": "E", "57": "E", "58": "E", "59": "E", "60": "E", "61": "E", "62": "E", "63": "E", "64": "E", "65": "E", "66": "E", "68": "E", "69": "E", "70": "E", "71": "E", "72": "E", "73": "E", "74": "E", "75": "E", "76": "E", "77": "E", "78": "E", "79": "E", "80": "E", "81": "E", "82": "E", "83": "E", "84": "E", "85": "E", "86": "E", "87": "E", "89": "E", "90": "E", "91": "E", "92": "E", "93": "E", "94": "E", "95": "E", "96": "E", "98": "E", "99": "E", "100": "E", "101": "E", "102": "E", "103": "E", "104": "E", "105": "E", "106": "E", "107": "E", "108": "E"}, {"11": "W", "23": "W", "38": "W", "0": "W", "1": "W", "2": "W", "3": "W", "4": "W", "5": "W", "6": "W", "7": "W", "8": "W", "9": "W", "10": "W", "12": "W", "13": "W", "14": "W", "15": "W", "16": "W", "17": "W", "18": "W", "19": "W", "20": "W", "21": "W", "22": "W", "24": "W", "25": "W", "26": "W", "27": "W", "28": "W", "29": "W", "30": "W", "31": "W", "32": "W", "33": "W", "34": "W", "35": "W", "36": "W", "37": "W", "47": "E", "48": "E", "49": "E", "50": "E", "67": "E", "88": "E", "97": "E", "39": "E", "40": "E", "41": "E", "42": "E", "43": "E", "44": "E", "45": "E", "46": "E", "51": "E", "52": "E", "53": "E", "54": "E", "55": "E", "56": "E", "57": "E", "58": "E", "59": "E", "60": "E", "61": "E", "62": "E", "63": "E", "64": "E", "65": "E", "66": "E", "68": "E", "69": "E", "70": "E", "71": "E", "72": "E", "73": "E", "74": "E", "75": "E", "76": "E", "77": "E", "78": "E", "79": "E", "80": "E", "81": "E", "82": "E", "83": "E", "84": "E", "85": "E", "86": "E", "87": "E", "89": "E", "90": "E", "91": "E", "92": "E", "93": "E", "94": "E", "95": "E", "96": "E", "98": "E", "99": "E", "100": "E", "101": "E", "102": "E", "103": "E", "104": "E", "105": "E", "106": "E", "107": "E", "108": "E"}, {"11": "W", "23": "W", "38": "W", "0": "W", "1": "W", "2": "W", "3": "W", "4": "W", "5": "W", "6": "W", "7": "W", "8": "W", "9": "W", "10": "W", "12": "W", "13": "W", "14": "W", "15": "W", "16": "W", "17": "W", "18": "W", "19": "W", "20": "W", "21": "W", "22": "W", "24": "W", "25": "W", "26": "W", "27": "W", "28": "W", "29": "W", "30": "W", "31": "W", "32": "W", "33": "W", "34": "W", "35": "W", "36": "W", "37": "W", "47": "E", "48": "E", "49": "E", "50": "E", "67": "E", "88": "E", "97": "E", "39": "E", "40": "E", "41": "E", "42": "E", "43": "E", "44": "E", "45": "E", "46": "E", "51": "E", "52": "E", "53": "E", "54": "E", "55": "E", "56": "E", "57": "E", "58": "E", "59": "E", "60": "E", "61": "E", "62": "E", "63": "E", "64": "E", "65": "E", "66": "E", "68": "E", "69": "E", "70": "E", "71": "E", "72": "E", "73": "E", "74": "E", "75": "E", "76": "E", "77": "E", "78": "E", "79": "E", "80": "E", "81": "E", "82": "E", "83": "E", "84": "E", "85": "E", "86": "E", "87": "E", "89": "E", "90": "E", "91": "E", "92": "E", "93": "E", "94": "E", "95": "E", "96": "E", "98": "E", "99": "E", "100": "E", "101": "E", "102": "E", "103": "E", "104": "E", "105": "E", "106": "E", "107": "E", "108": "E"}, {"11": "W", "23": "W", "38": "W", "0": "W", "1": "W", "2": "W", "3": "W", "4": "W", "5": "W", "6": "W", "7": "W", "8": "W", "9": "W", "10": "W", "12": "W", "13": "W", "14": "W", "15": "W", "16": "W", "17": "W", "18": "W", "19": "W", "20": "W", "21": "W", "22": "W", "24": "W", "25": "W", "26": "W", "27": "W", "28": "W", "29": "W", "30": "W", "31": "W", "32": "W", "33": "W", "34": "W", "35": "W", "36": "W", "37": "W", "47": "E", "48": "E", "49": "E", "50": "E", "67": "E", "88": "E", "97": "E", "39": "E", "40": "E", "41": "E", "42": "E", "43": "E", "44": "E", "45": "E", "46": "E", "51": "E", "52": "E", "53": "E", "54": "E", "55": "E", "56": "E", "57": "E", "58": "E", "59": "E", "60": "E", "61": "E", "62": "E", "63": "E", "64": "E", "65": "E", "66": "E", "68": "E", "69": "E", "70": "E", "71": "E", "72": "E", "73": "E", "74": "E", "75": "E", "76": "E", "77": "E", "78": "E", "79": "E", "80": "E", "81": "E", "82": "E", "83": "E", "84": "E", "85": "E", "86": "E", "87": "E", "89": "E", "90": "E", "91": "E", "92": "E", "93": "E", "94": "E", "95": "E", "96": "E", "98": "E", "99": "E", "100": "E", "101": "E", "102": "E", "103": "E", "104": "E", "105": "E", "106": "E", "107": "E", "108": "E"}, {"11": "W", "23": "W", "38": "W", "0": "W", "1": "W", "2": "W", "3": "W", "4": "W", "5": "W", "6": "W", "7": "W", "8": "W", "9": "W", "10": "W", "12": "W", "13": "W", "14": "W", "15": "W", "16": "W", "17": "W", "18": "W", "19": "W", "20": "W", "21": "W", "22": "W", "24": "W", "25": "W", "26": "W", "27": "W", "28": "W", "29": "W", "30": "W", "31": "W", "32": "W", "33": "W", "34": "W", "35": "W", "36": "W", "37": "W", "47": "E", "48": "E", "49": "E", "50": "E", "67": "E", "88": "E", "97": "E", "39": "E", "40": "E", "41": "E", "42": "E", "43": "E", "44": "E", "45": "E", "46": "E", "51": "E", "52": "E", "53": "E", "54": "E", "55": "E", "56": "E", "57": "E", "58": "E", "59": "E", "60": "E", "61": "E", "62": "E", "63": "E", "64": "E", "65": "E", "66": "E", "68": "E", "69": "E", "70": "E", "71": "E", "72": "E", "73": "E", "74": "E", "75": "E", "76": "E", "77": "E", "78": "E", "79": "E", "80": "E", "81": "E", "82": "E", "83": "E", "84": "E", "85": "E", "86": "E", "87": "E", "89": "E", "90": "E", "91": "E", "92": "E", "93": "E", "94": "E", "95": "E", "96": "E", "98": "E", "99": "E", "100": "E", "101": "E", "102": "E", "103": "E", "104": "E", "105": "E", "106": "E", "107": "E", "108": "E"}, {"11": "W", "23": "W", "38": "W", "0": "W", "1": "W", "2": "W", "3": "W", "4": "W", "5": "W", "6": "W", "7": "W", "8": "W", "9": "W", "10": "W", "12": "W", "13": "W", "14": "W", "15": "W", "16": "W", "17": "W", "18": "W", "19": "W", "20": "W", "21": "W", "22": "W", "24": "W", "25": "W", "26": "W", "27": "W", "28": "W", "29": "W", "30": "W", "31": "W", "32": "W", "33": "W", "34": "W", "35": "W", "36": "W", "37": "W", "47": "E", "48": "E", "49": "E", "50": "E", "67": "E", "88": "E", "97": "E", "39": "E", "40": "E", "41": "E", "42": "E", "43": "E", "44": "E", "45": "E", "46": "E", "51": "E", "52": "E", "53": "E", "54": "E", "55": "E", "56": "E", "57": "E", "58": "E", "59": "E", "60": "E", "61": "E", "62": "E", "63": "E", "64": "E", "65": "E", "66": "E", "68": "E", "69": "E", "70": "E", "71": "E", "72": "E", "73": "E", "74": "E", "75": "E", "76": "E", "77": "E", "78": "E", "79": "E", "80": "E", "81": "E", "82": "E", "83": "E", "84": "E", "85": "E", "86": "E", "87": "E", "89": "E", "90": "E", "91": "E", "92": "E", "93": "E", "94": "E", "95": "E", "96": "E", "98": "E", "99": "E", "100": "E", "101": "E", "102": "E", "103": "E", "104": "E", "105": "E", "106": "E", "107": "E", "108": "E"}, {"11": "W", "23": "W", "38": "W", "0": "W", "1": "W", "2": "W", "3": "W", "4": "W", "5": "W", "6": "W", "7": "W", "8": "W", "9": "W", "10": "W", "12": "W", "13": "W", "14": "W", "15": "W", "16": "W", "17": "W", "18": "W", "19": "W", "20": "W", "21": "W", "22": "W", "24": "W", "25": "W", "26": "W", "27": "W", "28": "W", "29": "W", "30": "W", "31": "W", "32": "W", "33": "W", "34": "W", "35": "W", "36": "W", "37": "W", "47": "E", "48": "E", "49": "E", "50": "E", "67": "E", "88": "E", "97": "E", "39": "E", "40": "E", "41": "E", "42": "E", "43": "E", "44": "E", "45": "E", "46": "E", "51": "E", "52": "E", "53": "E", "54": "E", "55": "E", "56": "E", "57": "E", "58": "E", "59": "E", "60": "E", "61": "E", "62": "E", "63": "E", "64": "E", "65": "E", "66": "E", "68": "E", "69": "E", "70": "E", "71": "E", "72": "E", "73": "E", "74": "E", "75": "E", "76": "E", "77": "E", "78": "E", "79": "E", "80": "E", "81": "E", "82": "E", "83": "E", "84": "E", "85": "E", "86": "E", "87": "E", "89": "E", "90": "E", "91": "E", "92": "E", "93": "E", "94": "E", "95": "E", "96": "E", "98": "E", "99": "E", "100": "E", "101": "E", "102": "E", "103": "E", "104": "E", "105": "E", "106": "E", "107": "E", "108": "E"}, {"11": "W", "23": "W", "38": "W", "0": "W", "1": "W", "2": "W", "3": "W", "4": "W", "5": "W", "6": "W", "7": "W", "8": "W", "9": "W", "10": "W", "12": "W", "13": "W", "14": "W", "15": "W", "16": "W", "17": "W", "18": "W", "19": "W", "20": "W", "21": "W", "22": "W", "24": "W", "25": "W", "26": "W", "27": "W", "28": "W", "29": "W", "30": "W", "31": "W", "32": "W", "33": "W", "34": "W", "35": "W", "36": "W", "37": "W", "47": "E", "48": "E", "49": "E", "50": "E", "67": "E", "88": "E", "97": "E", "39": "E", "40": "E", "41": "E", "42": "E", "43": "E", "44": "E", "45": "E", "46": "E", "51": "E", "52": "E", "53": "E", "54": "E", "55": "E", "56": "E", "57": "E", "58": "E", "59": "E", "60": "E", "61": "E", "62": "E", "63": "E", "64": "E", "65": "E", "66": "E", "68": "E", "69": "E", "70": "E", "71": "E", "72": "E", "73": "E", "74": "E", "75": "E", "76": "E", "77": "E", "78": "E", "79": "E", "80": "E", "81": "E", "82": "E", "83": "E", "84": "E", "85": "E", "86": "E", "87": "E", "89": "E", "90": "E", "91": "E", "92": "E", "93": "E", "94": "E", "95": "E", "96": "E", "98": "E", "99": "E", "100": "E", "101": "E", "102": "E", "103": "E", "104": "E", "105": "E", "106": "E", "107": "E", "108": "E"}, {"11": "W", "23": "W", "38": "W", "0": "W", "1": "W", "2": "W", "3": "W", "4": "W", "5": "W", "6": "W", "7": "W", "8": "W", "9": "W", "10": "W", "12": "W", "13": "W", "14": "W", "15": "W", "16": "W", "17": "W", "18": "W", "19": "W", "20": "W", "21": "W", "22": "W", "24": "W", "25": "W", "26": "W", "27": "W", "28": "W", "29": "W", "30": "W", "31": "W", "32": "W", "33": "W", "34": "W", "35": "W", "36": "W", "37": "W", "47": "E", "48": "E", "49": "E", "50": "E", "67": "E", "88": "E", "97": "E", "39": "E", "40": "E", "41": "E", "42": "E", "43": "E", "44": "E", "45": "E", "46": "E", "51": "E", "52": "E", "53": "E", "54": "E", "55": "E", "56": "E", "57": "E", "58": "E", "59": "E", "60": "E", "61": "E", "62": "E", "63": "E", "64": "E", "65": "E", "66": "E", "68": "E", "69": "E", "70": "E", "71": "E", "72": "E", "73": "E", "74": "E", "75": "E", "76": "E", "77": "E", "78": "E", "79": "E", "80": "E", "81": "E", "82": "E", "83": "E", "84": "E", "85": "E", "86": "E", "87": "E", "89": "E", "90": "E", "91": "E", "92": "E", "93": "E", "94": "E", "95": "E", "96": "E", "98": "E", "99": "E", "100": "E", "101": "E", "102": "E", "103": "E", "104": "E", "105": "E", "106": "E", "107": "E", "108": "E"}, {"11": "W", "23": "W", "38": "W", "0": "W", "1": "W", "2": "W", "3": "W", "4": "W", "5": "W", "6": "W", "7": "W", "8": "W", "9": "W", "10": "W", "12": "W", "13": "W", "14": "W", "15": "W", "16": "W", "17": "W", "18": "W", "19": "W", "20": "W", "21": "W", "22": "W", "24": "W", "25": "W", "26": "W", "27": "W", "28": "W", "29": "W", "30": "W", "31": "W", "32": "W", "33": "W", "34": "W", "35": "W", "36": "W", "37": "W", "47": "E", "48": "E", "49": "E", "50": "E", "67": "E", "88": "E", "97": "E", "39": "E", "40": "E", "41": "E", "42": "E", "43": "E", "44": "E", "45": "E", "46": "E", "51": "E", "52": "E", "53": "E", "54": "E", "55": "E", "56": "E", "57": "E", "58": "E", "59": "E", "60": "E", "61": "E", "62": "E", "63": "E", "64": "E", "65": "E", "66": "E", "68": "E", "69": "E", "70": "E", "71": "E", "72": "E", "73": "E", "74": "E", "75": "E", "76": "E", "77": "E", "78": "E", "79": "E", "80": "E", "81": "E", "82": "E", "83": "E", "84": "E", "85": "E", "86": "E", "87": "E", "89": "E", "90": "E", "91": "E", "92": "E", "93": "E", "94": "E", "95": "E", "96": "E", "98": "E", "99": "E", "100": "E", "101": "E", "102": "E", "103": "E", "104": "E", "105": "E", "106": "E", "107": "E", "108": "E"}, {"11": "W", "23": "W", "38": "W", "0": "W", "1": "W", "2": "W", "3": "W", "4": "W", "5": "W", "6": "W", "7": "W", "8": "W", "9": "W", "10": "W", "12": "W", "13": "W", "14": "W", "15": "W", "16": "W", "17": "W", "18": "W", "19": "W", "20": "W", "21": "W", "22": "W", "24": "W", "25": "W", "26": "W", "27": "W", "28": "W", "29": "W", "30": "W", "31": "W", "32": "W", "33": "W", "34": "W", "35": "W", "36": "W", "37": "W", "47": "E", "48": "E", "49": "E", "50": "E", "67": "E", "88": "E", "97": "E", "39": "E", "40": "E", "41": "E", "42": "E", "43": "E", "44": "E", "45": "E", "46": "E", "51": "E", "52": "E", "53": "E", "54": "E", "55": "E", "56": "E", "57": "E", "58": "E", "59": "E", "60": "E", "61": "E", "62": "E", "63": "E", "64": "E", "65": "E", "66": "E", "68": "E", "69": "E", "70": "E", "71": "E", "72": "E", "73": "E", "74": "E", "75": "E", "76": "E", "77": "E", "78": "E", "79": "E", "80": "E", "81": "E", "82": "E", "83": "E", "84": "E", "85": "E", "86": "E", "87": "E", "89": "E", "90": "E", "91": "E", "92": "E", "93": "E", "94": "E", "95": "E", "96": "E", "98": "E", "99": "E", "100": "E", "101": "E", "102": "E", "103": "E", "104": "E", "105": "E", "106": "E", "107": "E", "108": "E"}, {"0": "W", "1": "W", "2": "W", "70": "E", "71": "E", "74": "E", "75": "E", "78": "E", "79": "E", "80": "E", "81": "E", "82": "E", "83": "E", "89": "E", "90": "E", "91": "E", "92": "E", "98": "E", "100": "E", "102": "E", "104": "E", "106": "E", "107": "E", "108": "E"}, {"0": "W", "1": "W", "2": "W", "70": "E", "71": "E", "74": "E", "75": "E", "78": "E", "79": "E", "80": "E", "81": "E", "82": "E", "83": "E", "89": "E", "90": "E", "91": "E", "92": "E", "98": "E", "100": "E", "102": "E", "104": "E", "106": "E", "107": "E", "108": "E"}, {"0": "W", "1": "W", "2": "W", "70": "E", "71": "E", "74": "E", "75": "E", "78": "E", "79": "E", "80": "E", "81": "E", "82": "E", "83": "E", "89": "E", "90": "E", "91": "E", "92": "E", "98": "E", "100": "E", "102": "E", "104": "E", "106": "E", "107": "E", "108": "E"}, {"0": "W", "1": "W", "2": "W", "70": "E", "71": "E", "74": "E", "75": "E", "78": "E", "79": "E", "80": "E", "81": "E", "82": "E", "83": "E", "89": "E", "90": "E", "91": "E", "92": "E", "98": "E", "100": "E", "102": "E", "104": "E", "106": "E", "107": "E", "108": "E"}, {"0": "W", "1": "W", "2": "W", "70": "E", "71": "E", "74": "E", "75": "E", "78": "E", "79": "E", "80": "E", "81": "E", "82": "E", "83": "E", "89": "E", "90": "E", "91": "E", "92": "E", "98": "E", "100": "E", "102": "E", "104": "E", "106": "E", "107": "E", "108": "E"}, {"0": "W", "1": "W", "2": "W", "70": "E", "71": "E", "74": "E", "75": "E", "78": "E", "79": "E", "80": "E", "81": "E", "82": "E", "83": "E", "89": "E", "90": "E", "91": "E", "92": "E", "98": "E", "100": "E", "102": "E", "104": "E", "106": "E", "107": "E", "108": "E"}, {"0": "W", "1": "W", "2": "W", "70": "E", "71": "E", "74": "E", "75": "E", "78": "E", "79": "E", "80": "E", "81": "E", "82": "E", "83": "E", "89": "E", "90": "E", "91": "E", "92": "E", "98": "E", "100": "E", "102": "E", "104": "E", "106": "E", "107": "E", "108": "E"}, {"0": "W", "1": "W", "2": "W", "70": "E", "71": "E", "74": "E", "75": "E", "78": "E", "79": "E", "80": "E", "81": "E", "82": "E", "83": "E", "89": "E", "90": "E", "91": "E", "92": "E", "98": "E", "100": "E", "102": "E", "104": "E", "106": "E", "107": "E", "108": "E"}, {"0": "W", "1": "W", "2": "W", "70": "E", "71": "E", "74": "E", "75": "E", "78": "E", "79": "E", "80": "E", "81": "E", "82": "E", "83": "E", "89": "E", "90": "E", "91": "E", "92": "E", "98": "E", "100": "E", "102": "E", "104": "E", "106": "E", "107": "E", "108": "E"}, {"0": "W", "1": "W", "2": "W", "70": "E", "71": "E", "74": "E", "75": "E", "78": "E", "79": "E", "80": "E", "81": "E", "82": "E", "83": "E", "89": "E", "90": "E", "91": "E", "92": "E", "98": "E", "100": "E", "102": "E", "104": "E", "106": "E", "107": "E", "108": "E"}, {"70": "E", "71": "E", "74": "E", "75": "E", "78": "E", "79": "E", "80": "E", "81": "E", "82": "E", "83": "E", "89": "E", "90": "E", "91": "E", "92": "E", "98": "E", "100": "E", "102": "E", "104": "E", "106": "E", "107": "E", "108": "E"}]}