{"instance": "small_free_001_10x10_40_40", "steps": [{"0": "W", "1": "N", "26": "W", "28": "E", "2": "N", "4": "W", "5": "N", "6": "N", "7": "N", "9": "S", "10": "S", "11": "N", "12": "W", "13": "S", "14": "N", "16": "E", "17": "W", "20": "W", "23": "N", "24": "S", "25": "E", "27": "S", "29": "E", "30": "S", "31": "N", "32": "N", "33": "S", "34": "E", "36": "W", "37": "W", "38": "N"}, {"0": "N", "1": "N", "15": "S", "26": "S", "28": "S", "35": "N", "2": "N", "4": "N", "5": "N", "6": "W", "7": "W", "9": "W", "10": "S", "11": "N", "13": "E", "14": "E", "16": "N", "19": "N", "20": "W", "23": "W", "24": "S", "25": "N", "27": "S", "29": "S", "30": "S", "31": "N", "32": "N", "33": "W", "34": "N", "36": "W", "37": "S"}, {"0": "N", "1": "N", "15": "S", "26": "S", "28": "E", "35": "E", "2": "N", "4": "N", "6": "N", "7": "N", "9": "S", "10": "W", "11": "N", "12": "W", "13": "N", "16": "N", "18": "E", "19": "N", "20": "S", "22": "E", "23": "W", "24": "W", "25": "N", "27": "S", "29": "E", "30": "W", "31": "N", "32": "N", "34": "E", "36": "W", "38": "N"}, {"0": "N", "1": "W", "15": "W", "28": "E", "35": "E", "2": "N", "4": "N", "7": "N", "10": "S", "11": "N", "16": "E", "17": "S", "18": "S", "19": "N", "20": "W", "22": "N", "23": "S", "24": "W", "25": "E", "27": "S", "29": "N", "30": "W", "31": "E", "32": "N", "33": "W", "34": "E", "36": "W", "37": "W", "38": "N"}, {"1": "N", "15": "S", "28": "N", "2": "E", "4": "W", "5": "N", "7": "N", "9": "S", "10": "W", "14": "W", "17": "S", "18": "S", "24": "W", "27": "S", "29": "E", "30": "W", "31": "E", "36": "N"}, {"15": "S", "26": "S", "2": "N", "4": "W", "5": "N", "6": "N", "7": "N", "8": "N", "10": "S", "13": "N", "16": "E", "22": "W", "23": "S", "25": "E", "27": "S", "29": "E", "30": "W", "31": "E", "39": "W"}, {"1": "W", "15": "W", "28": "N", "4": "S", "6": "E", "7": "E", "8": "N", "9": "S", "11": "E", "12": "W", "22": "N", "23": "W", "25": "N", "27": "S", "29": "N", "31": "E", "34": "S", "36": "N", "38": "E"}, {"15": "W", "5": "W", "6": "N", "8": "W", "9": "W", "12": "N", "14": "W", "22": "N", "27": "E", "29": "W", "31": "S", "36": "W"}, {"0": "E", "1": "S", "15": "W", "28": "N", "2": "W", "5": "W", "8": "W", "9": "S", "12": "N", "19": "W", "22": "N", "29": "N"}, {"0": "S", "4": "W", "5": "N", "8": "W", "9": "S", "11": "E", "12": "E", "22": "E", "30": "N", "31": "E", "32": "E", "39": "W"}, {"4": "W", "5": "N", "6": "W", "7": "E", "11": "E", "12": "N", "14": "E", "16": "E", "19": "W", "22": "E", "25": "E", "31": "E", "32": "S", "36": "W", "38": "S", "39": "W"}, {"1": "E", "3": "E", "35": "E", "4": "W", "5": "E", "6": "W", "8": "W", "11": "N", "12": "N", "13": "N", "14": "N", "16": "E", "22": "N", "25": "S", "27": "S", "31": "E", "36": "S", "38": "S"}, {"0": "W", "1": "N", "3": "S", "35": "N", "4": "W", "5": "N", "6": "N", "9": "E", "10": "E", "11": "E", "12": "N", "16": "S", "23": "S", "27": "E", "29": "W", "36": "S", "38": "W"}, {"3": "E", "35": "E", "4": "W", "7": "S", "10": "E", "11": "N", "12": "E", "14": "W", "16": "W", "17": "N", "25": "E", "27": "E", "31": "E", "33": "W", "34": "E", "39": "S"}, {"3": "E", "35": "E", "2": "N", "4": "S", "7": "E", "9": "S", "10": "E", "11": "N", "12": "N", "16": "S", "17": "N", "19": "N", "22": "W", "24": "W", "25": "E", "27": "E", "31": "N", "33": "W", "34": "E", "36": "S"}]}