{"instance": "small_001_10x10_40_30", "steps": [{"21": "W", "26": "E", "1": "W", "18": "E", "29": "W", "17": "W", "2": "W", "6": "E", "11": "E", "22": "W", "24": "W", "9": "W", "20": "S", "23": "S", "3": "W", "28": "N", "14": "S", "13": "W", "25": "S", "19": "W", "16": "N", "7": "E", "15": "E", "8": "N", "10": "E", "5": "N", "0": "E"}, {"11": "S", "21": "W", "1": "E", "19": "E", "10": "E", "7": "W", "29": "W", "8": "N", "25": "E", "4": "E", "6": "E", "13": "N", "18": "N", "5": "W", "16": "N", "28": "N", "3": "W", "24": "W", "2": "W", "26": "S", "9": "S"}, {"29": "N", "17": "W", "21": "N", "24": "W", "19": "S", "5": "N", "28": "E", "11": "E", "1": "S", "26": "N", "8": "W", "22": "N", "15": "E", "2": "W", "25": "S", "3": "W", "13": "N", "6": "N", "18": "E", "16": "N", "7": "E", "9": "E", "27": "E", "0": "S"}, {"13": "N", "6": "N", "25": "S", "28": "W", "27": "W", "19": "S", "7": "S", "20": "S", "5": "N", "11": "W", "2": "W", "1": "S", "21": "W", "29": "E", "22": "S", "0": "S", "23": "S", "18": "W", "9": "S"}, {"22": "N", "26": "N", "18": "N", "13": "N", "3": "W", "27": "S", "19": "E", "2": "N", "16": "N", "0": "E", "7": "S", "25": "S", "28": "W", "24": "S", "1": "S", "11": "E", "21": "N", "6": "N", "20": "S"}, {"11": "S", "19": "E", "5": "N", "6": "S", "25": "S", "21": "W", "0": "E", "27": "S", "13": "E", "20": "E", "22": "S", "7": "N", "29": "E", "23": "S"}, {"29": "E", "16": "W", "21": "S", "7": "S", "25": "S", "24": "S", "0": "E", "19": "E", "1": "E", "26": "W", "11": "W", "13": "E"}, {"22": "N", "13": "E", "8": "N", "19": "E", "7": "E", "23": "W", "5": "S", "21": "E", "11": "S", "16": "W", "25": "E", "27": "W", "28": "S", "0": "E", "10": "W"}, {"10": "S", "28": "N", "7": "E", "5": "N", "26": "W", "13": "E", "17": "E", "27": "W", "16": "W", "8": "E", "24": "S", "19": "S", "0": "E", "11": "S", "6": "S", "23": "S", "21": "W", "4": "E"}, {"13": "E", "1": "S", "15": "E", "18": "E", "26": "S", "6": "N", "7": "E", "17": "N", "27": "S", "20": "S", "5": "E", "23": "W", "24": "S", "28": "E", "21": "E", "19": "E", "0": "E", "29": "S", "16": "W"}, {"25": "E", "29": "N", "23": "E", "28": "W", "10": "N", "21": "N", "19": "E", "4": "E", "16": "W", "8": "N", "5": "W", "12": "S", "20": "E", "1": "E", "6": "W", "24": "E"}, {"19": "E", "29": "N", "10": "S", "16": "N", "25": "E", "4": "W", "14": "S", "20": "S", "28": "W", "23": "E", "7": "N", "6": "E", "27": "E", "8": "S"}, {"5": "N", "10": "N", "6": "W", "8": "E", "27": "E", "25": "S", "1": "E", "16": "E", "29": "S", "19": "E", "21": "N", "2": "W", "7": "E", "22": "E", "15": "S", "12": "E"}, {"17": "N", "20": "E", "26": "N", "6": "W", "29": "N", "8": "W", "4": "W", "7": "E", "23": "N", "1": "N", "12": "E", "14": "S", "21": "N", "22": "N", "25": "E"}, {"21": "N", "16": "N", "5": "S", "23": "S", "6": "N", "22": "N", "8": "N", "7": "S", "15": "S"}, {"15": "S", "21": "N", "29": "W", "6": "E", "23": "W", "5": "N", "16": "N", "26": "W", "8": "N", "22": "N", "10": "E", "12": "S"}, {"16": "E", "29": "W", "24": "S", "22": "W", "5": "N", "26": "N", "7": "E", "10": "S", "8": "N", "6": "E"}, {"29": "E", "16": "E", "6": "N", "8": "N", "26": "N", "15": "W", "1": "W", "7": "E", "18": "W", "12": "S", "24": "S", "4": "W", "5": "N", "22": "W", "23": "W"}, {"4": "E", "6": "E", "7": "N", "22": "W", "10": "S", "23": "S", "16": "N", "1": "W", "12": "W", "29": "N", "15": "S", "8": "W", "5": "N"}, {"18": "W", "7": "E", "10": "W", "4": "W", "6": "E", "16": "N", "12": "E", "5": "N", "8": "W", "15": "S", "23": "S", "1": "S", "22": "W", "29": "N"}, {"15": "S", "8": "W", "16": "N", "5": "N", "29": "W", "7": "N", "4": "W", "12": "E", "22": "W", "1": "N", "6": "S"}, {"16": "E", "29": "N", "1": "W", "6": "S", "8": "W", "23": "E", "5": "W", "7": "N", "15": "E", "12": "E", "22": "S"}, {"1": "N", "15": "E", "23": "S", "8": "W", "29": "E", "22": "W", "5": "W", "16": "N", "12": "N", "7": "N"}, {"12": "N", "22": "W", "8": "W", "7": "N", "15": "E", "5": "W", "29": "E", "16": "E", "18": "W", "23": "S"}, {"5": "W", "12": "N", "18": "W", "23": "S", "8": "S", "16": "E", "22": "S", "7": "N", "29": "W", "15": "E", "1": "W", "4": "W"}, {"16": "E", "22": "S", "5": "W", "12": "E", "18": "N", "23": "S", "8": "W", "7": "W", "4": "W", "29": "W", "1": "W", "15": "E"}, {"8": "S", "7": "N", "29": "E", "4": "W", "1": "N", "16": "E", "18": "W", "5": "W", "23": "E", "15": "N", "12": "N"}, {"18": "N", "15": "N", "16": "E", "4": "N", "23": "E", "5": "W", "7": "N", "12": "N"}, {"18": "N", "4": "S", "29": "S", "8": "N", "12": "N", "16": "S", "23": "E", "15": "N", "7": "N", "1": "N"}, {"23": "E", "7": "N", "8": "S", "29": "N", "1": "N", "12": "W", "5": "S", "16": "E", "4": "N", "18": "N"}, {"4": "S", "12": "N", "16": "E", "5": "N", "23": "E", "1": "N"}, {"16": "E", "12": "N", "5": "S", "1": "E", "4": "N", "18": "E", "29": "W", "23": "E"}, {"1": "E", "18": "W", "5": "N", "23": "E", "29": "E", "16": "S"}, {"16": "S", "4": "S", "23": "E", "18": "E", "5": "S"}, {"16": "W", "1": "E", "18": "W", "29": "S", "23": "E"}, {"22": "W", "4": "S", "23": "N", "5": "E", "1": "E", "29": "W"}, {"1": "E", "5": "W", "18": "N", "22": "S", "4": "N", "8": "S"}, {"29": "N", "5": "S", "8": "W", "4": "S", "1": "E", "22": "S", "18": "E"}, {"18": "E", "29": "N", "5": "S", "1": "E", "8": "S", "22": "E"}, {"8": "S", "5": "W", "1": "E", "29": "S", "22": "S", "4": "W", "18": "E"}, {"4": "N", "1": "E", "8": "S", "5": "S", "18": "E", "29": "N", "22": "S"}, {"1": "E", "18": "E", "4": "N", "22": "S", "8": "E"}, {"8": "E", "1": "S", "4": "N", "29": "N", "22": "E", "18": "E"}, {"1": "S", "4": "N", "18": "E", "29": "E"}, {"8": "E", "18": "E", "29": "E", "4": "N", "1": "S"}, {"1": "S", "18": "E", "29": "S"}, {"4": "E", "18": "W"}, {"18": "E", "1": "E", "4": "N"}, {"4": "E", "18": "S"}, {"18": "S", "4": "E"}, {"4": "E", "18": "S"}, {"18": "S", "4": "E"}, {"4": "E"}, {"4": "E"}, {"4": "E"}, {"4": "E"}, {"4": "S"}, {"4": "S"}]}