{"instance": "small_free_001_10x10_40_40", "steps": [{"21": "E", "0": "W", "1": "N", "3": "W", "26": "W", "35": "E", "2": "N", "4": "S", "5": "N", "6": "N", "7": "N", "9": "E", "10": "E", "11": "N", "12": "W", "13": "E", "16": "S", "17": "W", "23": "W", "24": "E", "25": "N", "27": "E", "29": "E", "30": "W", "31": "E", "33": "S", "36": "W", "37": "E", "38": "N"}, {"0": "N", "3": "N", "15": "S", "2": "N", "4": "W", "5": "N", "7": "N", "8": "S", "9": "S", "10": "S", "12": "W", "16": "S", "17": "W", "18": "S", "19": "S", "23": "W", "24": "E", "25": "N", "27": "E", "29": "E", "30": "W", "31": "E", "33": "W", "36": "W", "37": "S"}, {"0": "E", "3": "W", "15": "S", "4": "N", "5": "W", "7": "N", "9": "S", "10": "E", "11": "N", "13": "S", "16": "E", "18": "S", "19": "S", "22": "W", "24": "S", "25": "N", "27": "N", "30": "W", "31": "S", "33": "W", "34": "W", "36": "W", "37": "S", "39": "E"}, {"21": "E", "0": "E", "15": "S", "26": "S", "4": "N", "5": "N", "7": "N", "9": "E", "13": "S", "17": "S", "19": "S", "22": "N", "24": "W", "25": "E", "27": "E", "30": "W", "33": "W", "34": "S", "36": "W", "39": "E"}, {"21": "N", "0": "E", "26": "W", "2": "E", "4": "W", "5": "N", "6": "N", "7": "E", "9": "S", "17": "S", "19": "W", "22": "W", "25": "S", "29": "S", "30": "N", "31": "S", "34": "S", "36": "N"}, {"21": "N", "0": "E", "3": "N", "15": "S", "26": "S", "2": "N", "4": "W", "5": "E", "6": "W", "7": "N", "8": "W", "12": "N", "17": "E", "19": "W", "22": "W", "23": "W", "25": "E", "27": "S", "29": "S", "31": "S", "36": "N", "37": "E"}, {"28": "W"}, {"28": "W"}, {"28": "W"}, {"28": "W"}, {"28": "W"}, {"28": "W"}, {"28": "W"}, {"28": "W"}, {"28": "N"}, {"28": "N"}, {"28": "E"}, {"38": "S"}, {"38": "W"}, {"38": "S"}, {"38": "W"}, {"38": "S"}, {"38": "S"}, {"38": "S"}, {"38": "E"}, {"38": "S"}, {"38": "S"}, {"38": "S"}, {"38": "S"}, {"38": "E"}, {"38": "E"}, {"27": "W"}, {"27": "W"}, {"27": "S"}, {"27": "S"}, {"27": "S"}, {"27": "E"}, {"27": "S"}, {"27": "E"}, {"27": "E"}, {"21": "N"}, {"21": "N"}, {"21": "W"}, {"21": "N"}, {"37": "E"}, {"37": "N"}, {"37": "N"}, {"37": "E"}, {"37": "E"}, {"37": "S"}, {"37": "E"}, {"37": "S"}, {"31": "E"}, {"26": "E"}, {"26": "E"}, {"26": "E"}, {"26": "E"}, {"26": "E"}, {"26": "N"}, {"26": "N"}, {"26": "E"}, {"26": "E"}, {"26": "E"}, {"26": "S"}, {"26": "E"}, {"26": "E"}, {"26": "S"}, {"33": "W"}, {"33": "W"}, {"33": "N"}, {"33": "N"}, {"33": "N"}, {"33": "N"}, {"33": "N"}, {"33": "N"}, {"33": "W"}, {"33": "N"}, {"33": "N"}, {"33": "N"}, {"33": "E"}, {"39": "W"}, {"39": "W"}, {"39": "W"}, {"39": "N"}, {"39": "W"}, {"39": "W"}, {"39": "W"}, {"39": "W"}, {"39": "S"}, {"20": "E"}, {"20": "S"}, {"20": "E"}, {"20": "E"}, {"20": "E"}, {"20": "E"}, {"20": "E"}, {"20": "E"}, {"20": "E"}, {"20": "E"}, {"0": "S"}, {"0": "S"}, {"0": "W"}, {"0": "S"}, {"0": "S"}, {"0": "E"}, {"14": "E"}, {"14": "E"}, {"14": "E"}, {"14": "E"}, {"14": "E"}, {"14": "E"}, {"14": "E"}, {"14": "E"}, {"14": "S"}, {"14": "S"}, {"14": "S"}, {"14": "S"}, {"14": "S"}, {"10": "N"}, {"10": "N"}, {"10": "W"}, {"10": "N"}, {"10": "N"}, {"10": "E"}, {"10": "N"}, {"10": "N"}, {"10": "E"}, {"10": "N"}, {"10": "N"}, {"1": "S"}, {"1": "W"}, {"1": "S"}, {"1": "W"}, {"1": "S"}, {"32": "S"}, {"32": "S"}, {"32": "S"}, {"32": "S"}, {"32": "E"}, {"32": "S"}, {"32": "S"}, {"29": "W"}, {"29": "W"}, {"29": "S"}, {"29": "W"}, {"29": "W"}, {"29": "N"}, {"29": "W"}, {"29": "N"}, {"29": "W"}, {"29": "N"}, {"29": "N"}, {"29": "N"}, {"29": "N"}, {"23": "S"}, {"23": "S"}, {"23": "S"}, {"23": "E"}, {"23": "E"}, {"23": "S"}, {"23": "E"}, {"23": "E"}, {"23": "E"}, {"23": "E"}, {"23": "E"}, {"23": "S"}, {"23": "E"}, {"23": "S"}, {"23": "E"}, {"23": "E"}, {"23": "N"}, {"17": "N"}, {"17": "E"}, {"17": "E"}, {"17": "S"}, {"17": "E"}, {"17": "E"}, {"17": "S"}, {"17": "E"}, {"11": "E"}, {"11": "E"}, {"11": "E"}, {"11": "N"}, {"24": "N"}, {"24": "N"}, {"24": "N"}, {"24": "E"}, {"24": "N"}, {"24": "E"}, {"24": "N"}, {"24": "N"}, {"24": "E"}, {"13": "W"}, {"13": "W"}, {"13": "W"}, {"13": "N"}, {"13": "W"}, {"13": "N"}, {"13": "W"}, {"13": "N"}, {"13": "W"}, {"13": "W"}, {"13": "N"}, {"13": "N"}, {"13": "E"}, {"36": "E"}, {"36": "E"}, {"36": "N"}, {"36": "N"}, {"36": "E"}, {"36": "E"}, {"36": "N"}, {"16": "S"}, {"16": "S"}, {"16": "W"}, {"35": "W"}, {"35": "W"}, {"3": "N"}, {"3": "N"}, {"15": "W"}, {"15": "W"}, {"15": "N"}, {"15": "N"}, {"15": "N"}, {"15": "N"}, {"15": "N"}, {"15": "W"}, {"15": "N"}, {"15": "N"}, {"15": "N"}, {"34": "W"}, {"34": "N"}, {"8": "N"}, {"8": "N"}, {"8": "N"}, {"8": "E"}, {"30": "E"}, {"30": "E"}, {"30": "E"}, {"25": "S"}, {"25": "S"}, {"25": "E"}, {"25": "S"}, {"25": "S"}, {"22": "N"}, {"19": "N"}, {"19": "E"}, {"18": "N"}, {"18": "N"}, {"18": "W"}, {"18": "N"}, {"18": "N"}, {"18": "W"}, {"18": "W"}, {"18": "W"}, {"18": "N"}, {"18": "N"}, {"18": "N"}, {"12": "E"}, {"12": "E"}, {"12": "E"}, {"12": "E"}, {"12": "E"}, {"12": "S"}, {"12": "E"}, {"12": "E"}, {"12": "S"}, {"9": "E"}, {"9": "E"}, {"9": "S"}, {"9": "E"}, {"7": "E"}, {"7": "S"}, {"7": "S"}, {"7": "S"}, {"7": "E"}, {"7": "E"}, {"7": "E"}, {"7": "E"}, {"7": "E"}, {"7": "E"}, {"7": "S"}, {"6": "S"}, {"6": "W"}, {"6": "W"}, {"6": "W"}, {"6": "S"}, {"5": "E"}, {"5": "E"}, {"5": "S"}, {"2": "E"}, {"2": "E"}, {"2": "S"}, {"2": "S"}, {"2": "S"}, {"2": "S"}]}