{"instance": "small_free_001_10x10_40_40", "steps": [{"23": "E", "39": "W", "20": "W", "17": "E", "21": "N", "32": "E", "9": "S", "16": "S", "24": "E", "35": "W", "33": "W", "14": "E", "18": "W", "3": "W", "1": "S", "4": "W", "6": "W", "8": "W", "13": "W", "26": "S", "27": "E", "38": "E", "10": "E", "28": "N", "15": "W", "22": "W", "29": "N", "7": "E"}, {"7": "N", "18": "W", "39": "W", "21": "N", "2": "S", "15": "N", "37": "E", "33": "W", "1": "S", "17": "S", "19": "S", "36": "N", "0": "S", "4": "W", "26": "S", "24": "N", "29": "N", "20": "S", "3": "N", "8": "N", "14": "S", "31": "S", "25": "E", "9": "S", "13": "N", "38": "S", "28": "N", "12": "N"}, {"16": "S", "33": "W", "26": "S", "27": "S", "10": "N", "6": "W", "8": "N", "28": "N", "13": "W", "1": "W", "25": "E", "0": "N", "7": "E", "20": "E", "3": "N", "9": "E", "30": "E", "24": "E", "18": "N", "34": "S", "17": "S", "29": "E", "12": "E", "14": "S", "15": "W", "38": "N"}, {"28": "S", "30": "W", "38": "S", "12": "S", "31": "E", "0": "S", "14": "S", "9": "S", "21": "E", "1": "W", "29": "W", "26": "E", "18": "W", "7": "N", "33": "N", "13": "S", "15": "W", "6": "N", "23": "N"}, {"37": "S", "3": "N", "32": "N", "33": "W", "7": "E", "28": "W", "12": "S", "5": "N", "34": "S", "30": "W", "13": "W", "6": "S", "31": "E", "8": "N", "23": "E", "15": "N", "36": "W", "11": "N", "24": "W", "26": "E", "25": "S", "21": "N"}, {"30": "W", "7": "S", "10": "N", "31": "E", "36": "E", "29": "E", "34": "W", "5": "N", "8": "S", "17": "E", "33": "W", "14": "E", "18": "N", "25": "N", "37": "S", "28": "N", "13": "W", "6": "N", "22": "N", "32": "N", "9": "N", "3": "E", "20": "E"}, {"31": "S", "25": "S", "7": "W", "36": "N", "9": "S", "30": "N", "17": "S", "3": "W", "18": "S", "14": "S", "8": "E", "22": "W", "6": "W", "5": "S", "13": "S", "27": "E", "15": "S", "11": "N", "20": "W", "29": "N", "10": "S"}, {"26": "W", "29": "W", "14": "W", "20": "S", "11": "E", "28": "W", "21": "E", "10": "N", "6": "W", "13": "W", "27": "W", "33": "W", "24": "S", "31": "S", "9": "S", "5": "N", "2": "E", "32": "E", "30": "W", "7": "E", "18": "N", "12": "S", "15": "N", "3": "W"}, {"30": "E", "32": "W", "15": "S", "16": "S", "5": "N", "14": "E", "20": "N", "24": "N", "18": "S", "11": "W", "19": "W", "34": "N", "22": "N", "29": "E", "23": "N", "21": "N", "3": "N", "25": "E", "27": "N", "7": "N", "38": "N", "33": "E", "12": "N"}, {"36": "N", "28": "W", "4": "N", "38": "S", "20": "N", "26": "E", "34": "E", "12": "E", "15": "N", "7": "E", "6": "N", "33": "S", "27": "S", "37": "E", "18": "N", "13": "N", "24": "N", "25": "N", "23": "S"}, {"26": "N", "33": "W", "24": "S", "9": "E", "29": "W", "25": "N", "12": "W", "30": "E", "34": "W", "6": "S", "20": "E", "22": "S", "17": "W", "32": "E", "28": "E", "27": "E", "15": "S", "5": "E", "7": "E", "39": "S", "13": "W"}, {"13": "E", "32": "S", "38": "S", "12": "E", "23": "W", "28": "N", "14": "S", "34": "E", "27": "S", "11": "N", "29": "W", "20": "W", "33": "E", "24": "N", "9": "E", "25": "S", "17": "S", "5": "E", "10": "N", "7": "E"}, {"14": "E", "34": "W", "13": "S", "25": "S", "11": "E", "21": "E", "2": "N", "20": "E", "18": "N", "9": "E", "23": "E", "36": "S", "37": "S", "17": "S", "7": "N", "15": "E", "6": "S", "16": "E", "28": "S", "33": "N"}, {"26": "E", "28": "N", "23": "E", "36": "N", "13": "N", "15": "N", "2": "N", "14": "W", "20": "W", "33": "N", "16": "W", "12": "N", "9": "E", "7": "S", "25": "S", "19": "S", "39": "W", "17": "N"}, {"20": "E", "13": "S", "17": "N", "4": "W", "39": "S", "10": "E", "24": "E", "28": "S", "15": "W", "12": "S", "7": "S", "11": "N", "32": "W", "2": "N", "21": "W", "22": "W", "16": "N"}, {"39": "N", "2": "S", "21": "W", "24": "N", "0": "N", "37": "S", "18": "N", "29": "E", "17": "S", "7": "E", "12": "W", "20": "W", "11": "E", "34": "E", "22": "N", "14": "E", "33": "N", "32": "S"}, {"39": "N", "13": "N", "20": "E", "18": "W", "2": "S", "11": "E", "29": "W", "17": "N", "28": "W", "7": "E", "37": "N", "33": "N", "15": "S", "10": "W", "34": "E"}, {"11": "S", "15": "N", "27": "E", "26": "E", "2": "N", "24": "W", "20": "W", "12": "E", "0": "W", "34": "W", "37": "S", "17": "S", "13": "S", "29": "E"}, {"29": "W", "10": "N", "20": "E", "0": "E", "23": "E", "15": "N", "13": "N", "17": "E", "37": "W", "39": "N", "27": "S", "2": "E", "28": "E"}, {"20": "W", "26": "E", "27": "E", "28": "W", "34": "W", "37": "E", "2": "E", "12": "N", "0": "E", "14": "E", "21": "E", "17": "E", "13": "E", "15": "N"}, {"28": "E", "27": "S", "16": "S", "36": "N", "23": "E", "34": "W", "12": "E", "14": "W", "26": "E", "2": "N", "37": "N", "0": "E", "13": "W", "17": "W"}, {"20": "W", "39": "S", "2": "S", "28": "E", "36": "N", "0": "N", "21": "E", "12": "E", "13": "N", "10": "S", "26": "E", "16": "S", "37": "N"}, {"37": "S", "17": "W", "10": "N", "12": "E", "23": "E", "20": "E", "13": "S", "28": "S", "21": "W"}, {"26": "E", "39": "S", "37": "N", "21": "W", "0": "N", "17": "N", "38": "N", "20": "E", "12": "N", "18": "E", "28": "N"}, {"2": "N", "32": "W", "39": "N", "23": "W", "18": "W", "21": "N", "33": "S"}, {"17": "E", "28": "E", "37": "E", "12": "S", "13": "S", "2": "S"}, {"17": "W", "28": "W", "0": "E", "12": "S", "23": "E", "29": "E", "37": "E", "10": "S", "20": "W", "14": "S"}, {"10": "N", "37": "E", "17": "E", "2": "N", "28": "E", "13": "N", "20": "E", "14": "E", "0": "S", "39": "W"}, {"23": "S", "2": "S", "37": "E", "28": "W", "13": "E", "20": "S", "39": "E", "18": "E", "0": "S", "29": "E", "14": "E"}, {"18": "W", "14": "E", "29": "N", "2": "S", "39": "W", "33": "W", "20": "S", "23": "E", "0": "N"}, {"0": "E", "23": "E", "2": "S", "14": "S", "29": "E", "20": "N", "33": "E", "13": "W", "38": "E"}, {"38": "W", "23": "S", "39": "S", "17": "W", "13": "N", "29": "W", "20": "N", "0": "S"}, {"39": "N", "33": "N", "13": "N", "0": "N", "38": "E", "17": "S", "20": "W", "23": "S", "14": "W", "10": "S"}, {"14": "N", "38": "W", "17": "E", "0": "S", "20": "N", "10": "N", "13": "N", "28": "S"}, {"20": "N", "28": "N", "17": "E", "23": "E", "38": "W"}, {"14": "W", "23": "E", "33": "W", "20": "W", "17": "S", "39": "W", "29": "E", "32": "N"}, {"33": "S", "32": "S", "18": "S", "23": "S", "29": "W", "0": "N", "17": "N", "14": "N", "20": "E"}, {"0": "S", "38": "W", "14": "S", "33": "N", "23": "W"}, {"23": "W", "18": "N", "38": "S", "17": "N", "0": "N", "14": "N", "33": "N"}, {"38": "N", "23": "E", "17": "S", "14": "S", "20": "N", "32": "N", "33": "N", "10": "N", "0": "S", "29": "E"}, {"28": "E", "17": "N", "32": "W", "29": "S", "14": "E", "20": "E", "38": "S", "23": "W", "0": "E", "33": "W", "24": "E"}, {"20": "E", "0": "S", "17": "E", "18": "N", "10": "N", "29": "W", "23": "E", "33": "E"}, {"20": "S", "10": "E", "28": "W", "24": "N", "33": "W"}, {"10": "E", "32": "E", "33": "E", "29": "N", "28": "W", "23": "S", "14": "W"}, {"0": "E", "14": "E", "20": "E", "10": "N", "23": "S"}, {"28": "W", "0": "W", "23": "W", "33": "S", "14": "S", "29": "W"}, {"28": "W", "33": "N", "23": "W", "0": "E", "38": "N", "29": "W", "14": "N"}, {"29": "W", "38": "N", "14": "S", "28": "N", "0": "W"}, {"14": "N", "29": "W", "38": "S", "28": "N", "33": "W"}, {"29": "E", "14": "W", "28": "W", "38": "S"}, {"14": "E", "29": "W", "33": "E", "0": "E", "28": "W"}, {"24": "S", "32": "S", "14": "W", "20": "W", "28": "W", "0": "S"}, {"20": "E", "32": "N", "29": "N", "0": "E", "24": "N", "33": "S", "28": "S", "14": "E"}, {"28": "S", "29": "S", "0": "S", "33": "N", "14": "S", "24": "S"}, {"14": "N", "0": "W", "24": "N", "33": "W", "28": "N"}, {"33": "E", "28": "S", "14": "W", "29": "N"}, {"33": "W", "28": "N", "14": "E", "0": "W", "29": "S"}, {"28": "S", "0": "W", "14": "S", "29": "N"}, {"0": "W", "14": "N", "33": "E", "29": "S"}, {"29": "N", "14": "S"}, {"14": "E", "33": "S", "29": "S", "24": "S", "32": "S"}, {"29": "W", "28": "N", "33": "N"}, {"29": "E", "28": "S", "14": "W"}, {"28": "N", "14": "E", "33": "S", "32": "N"}, {"32": "S", "20": "W", "33": "N"}, {"20": "E", "29": "W", "14": "S", "33": "W", "28": "N"}, {"14": "S", "33": "E", "28": "S"}, {"28": "S", "14": "E"}, {"33": "W", "14": "E", "28": "N"}, {"14": "N", "33": "E", "28": "S", "29": "E"}, {"20": "E", "29": "N", "14": "E"}, {"29": "S", "28": "N", "14": "N", "33": "W", "20": "W"}, {"29": "W", "28": "S"}, {"29": "E", "20": "E", "33": "E"}, {"14": "S", "29": "N", "28": "N"}, {"29": "S", "14": "N", "33": "S", "28": "S"}, {"20": "W", "14": "S", "33": "N", "28": "N"}, {"33": "W", "29": "W", "28": "S", "14": "N"}, {"28": "N", "33": "E"}, {"14": "E", "33": "W", "28": "S"}, {"33": "E", "28": "N", "14": "N"}, {"28": "S", "33": "W", "14": "N"}, {"14": "W", "33": "E"}, {"14": "W", "28": "N"}, {"28": "S", "33": "W", "29": "E"}, {"28": "N", "20": "E", "33": "E", "38": "N"}, {"38": "S", "29": "N", "28": "S", "33": "W"}, {"29": "S", "33": "E"}, {"33": "S", "28": "N", "20": "W"}, {"33": "N", "29": "W", "38": "N", "28": "N"}, {"38": "N", "33": "W"}, {"33": "E", "38": "S"}, {"28": "S", "33": "S", "38": "S"}, {"28": "S", "33": "N"}, {"28": "N", "33": "W"}, {"33": "E", "38": "N", "28": "W"}, {"29": "E", "28": "E", "38": "S"}, {"28": "S", "29": "W"}, {"33": "W", "28": "N", "29": "E"}, {"33": "E", "28": "S", "29": "W"}]}