{"instance": "small_free_001_10x10_40_40", "steps": [{"0": "W", "1": "N", "3": "E", "15": "S", "26": "W", "28": "E", "35": "E", "2": "W", "4": "S", "5": "N", "6": "W", "7": "N", "9": "S", "11": "N", "12": "W", "13": "S", "14": "W", "16": "E", "17": "W", "18": "W", "20": "W", "22": "S", "23": "N", "24": "S", "25": "W", "27": "S", "29": "E", "30": "W", "31": "E", "32": "S", "33": "S", "34": "E", "36": "W", "37": "W", "38": "N", "39": "S"}, {"1": "E", "3": "S", "15": "S", "26": "S", "35": "E", "2": "N", "4": "W", "5": "W", "6": "N", "7": "N", "8": "S", "9": "S", "12": "W", "13": "S", "16": "N", "17": "W", "19": "N", "20": "S", "23": "W", "24": "W", "25": "N", "27": "S", "29": "S", "32": "W", "34": "E", "36": "W", "37": "N", "38": "N"}, {"1": "N", "3": "S", "15": "S", "26": "S", "2": "N", "5": "W", "6": "W", "7": "W", "9": "S", "10": "S", "12": "N", "13": "S", "16": "N", "17": "W", "19": "N", "23": "W", "24": "S", "25": "N", "27": "S", "29": "E", "30": "S", "34": "S", "37": "W", "38": "E"}, {"1": "W", "15": "W", "28": "E", "2": "N", "4": "N", "5": "W", "6": "N", "8": "S", "9": "S", "11": "E", "12": "N", "13": "S", "16": "N", "18": "S", "19": "N", "23": "W", "24": "S", "29": "S", "31": "E", "34": "E", "36": "W", "37": "W", "38": "N"}, {"26": "W", "28": "N", "35": "N", "2": "E", "4": "W", "8": "W", "10": "S", "11": "E", "12": "N", "13": "W", "14": "N", "16": "W", "18": "S", "23": "N", "24": "S", "29": "S", "31": "E", "34": "S", "36": "W", "37": "S", "38": "E"}, {"35": "W", "11": "N", "15": "W", "26": "S", "28": "W"}, {"1": "W", "35": "W", "11": "N", "15": "W", "26": "E", "28": "N"}, {"1": "S", "35": "W", "11": "E", "22": "W", "39": "W", "3": "W", "15": "N", "26": "S", "28": "W"}, {"1": "S", "35": "S", "39": "N", "3": "N", "15": "W", "26": "E", "28": "W"}, {"1": "S", "0": "E", "3": "W", "15": "N", "26": "E", "28": "N"}, {"1": "S", "22": "W", "0": "E", "3": "N", "15": "N", "26": "N"}, {"1": "W", "22": "N", "39": "W", "0": "S", "3": "W", "15": "N", "26": "E", "28": "W"}, {"39": "W", "3": "N", "28": "W"}, {"39": "W", "3": "W", "26": "E", "28": "W"}, {"39": "W", "3": "N", "15": "E", "26": "E"}, {"15": "N", "26": "N"}, {"15": "E", "26": "E", "28": "W"}, {"22": "N", "32": "W", "15": "N", "26": "S", "28": "W"}, {"22": "W", "32": "S", "15": "W", "26": "E", "28": "W"}, {"22": "N", "15": "N", "28": "S"}, {"3": "N"}, {"32": "W", "26": "N"}, {"32": "S", "3": "N", "26": "E"}, {"32": "S", "3": "E", "26": "E"}, {"32": "E"}, {"32": "S", "0": "S"}, {"32": "E", "0": "S"}, {"32": "E", "0": "S"}, {"0": "E"}, {"0": "E"}, {"0": "N"}, {"32": "S"}, {"32": "E"}, {"32": "E"}, {"32": "S"}, {"32": "E"}, {"32": "S"}, {"32": "W"}, {"32": "W"}]}