{"instance": "galaxy_cluster_00000_20x20_20_80", "steps": [{"18": "N", "0": "W", "1": "E", "3": "N", "4": "W", "6": "S", "7": "N", "9": "N", "10": "E", "11": "S", "12": "S", "13": "W", "14": "S", "15": "W", "16": "S", "17": "N", "20": "N", "21": "W", "24": "S", "25": "W", "26": "E", "27": "W", "28": "E", "29": "N", "31": "E", "33": "W", "34": "E", "35": "S", "36": "N", "37": "W", "38": "S", "39": "W", "40": "N", "41": "S", "42": "N", "44": "W", "46": "E", "48": "S", "50": "S", "51": "S", "52": "N", "55": "S", "56": "W", "59": "N", "60": "W", "61": "S", "62": "E", "63": "N", "64": "S", "65": "W", "67": "E", "68": "E", "69": "N", "70": "S", "71": "N", "72": "S", "73": "S", "74": "W", "75": "E", "76": "N", "77": "N", "78": "S"}, {"18": "N", "19": "S", "4": "S", "5": "N", "6": "S", "7": "N", "8": "E", "10": "E", "13": "W", "14": "S", "15": "W", "16": "S", "17": "W", "20": "E", "22": "S", "23": "N", "24": "W", "25": "S", "26": "S", "27": "W", "28": "N", "29": "W", "30": "S", "33": "S", "34": "E", "35": "S", "36": "N", "37": "W", "39": "W", "41": "W", "42": "N", "43": "W", "45": "S", "46": "E", "48": "W", "50": "W", "51": "E", "54": "N", "55": "S", "56": "W", "59": "W", "61": "W", "62": "E", "63": "N", "64": "S", "65": "W", "66": "E", "67": "E", "68": "S", "69": "E", "71": "N", "73": "W", "74": "S", "76": "N", "77": "N", "78": "S"}, {"18": "N", "0": "W", "1": "S", "3": "N", "4": "S", "6": "S", "7": "W", "8": "E", "9": "N", "10": "E", "12": "E", "13": "W", "14": "E", "16": "E", "17": "N", "20": "E", "21": "W", "22": "S", "23": "W", "24": "S", "26": "S", "27": "W", "28": "E", "29": "N", "30": "E", "31": "S", "33": "W", "34": "E", "36": "E", "37": "N", "41": "S", "42": "E", "43": "N", "44": "W", "45": "W", "47": "E", "48": "W", "50": "W", "51": "S", "52": "E", "54": "W", "56": "W", "57": "S", "59": "S", "61": "S", "63": "N", "64": "W", "65": "W", "66": "E", "68": "S", "69": "N", "70": "W", "71": "W", "72": "W", "73": "W", "74": "W", "75": "N", "76": "W", "77": "E", "78": "W", "79": "W"}, {"18": "N", "19": "S", "0": "W", "1": "S", "2": "N", "4": "S", "5": "N", "6": "W", "7": "W", "8": "S", "9": "W", "10": "S", "12": "S", "13": "N", "14": "S", "16": "E", "20": "E", "21": "W", "22": "S", "23": "N", "27": "N", "28": "E", "30": "S", "33": "S", "35": "S", "36": "N", "38": "W", "40": "N", "41": "W", "42": "N", "43": "W", "44": "W", "45": "W", "46": "E", "47": "S", "48": "W", "51": "E", "52": "N", "57": "E", "59": "W", "60": "N", "61": "W", "63": "N", "64": "S", "67": "N", "68": "E", "69": "N", "70": "S", "71": "W", "72": "W", "74": "W", "77": "E", "78": "W", "79": "W"}, {"18": "N", "0": "W", "1": "S", "2": "W", "5": "W", "6": "S", "7": "N", "8": "E", "10": "S", "11": "W", "12": "S", "13": "W", "14": "S", "15": "N", "17": "W", "20": "E", "21": "N", "22": "S", "23": "E", "25": "E", "26": "E", "27": "W", "30": "S", "36": "E", "37": "W", "39": "N", "40": "N", "44": "W", "46": "N", "47": "S", "48": "S", "49": "W", "51": "E", "52": "W", "53": "W", "54": "W", "57": "S", "61": "S", "62": "E", "63": "N", "64": "W", "66": "S", "69": "N", "70": "S", "71": "N", "72": "W", "74": "W", "75": "E", "76": "N", "77": "N"}, {"19": "S", "1": "S", "2": "W", "3": "N", "5": "W", "6": "W", "7": "W", "8": "S", "9": "N", "10": "S", "12": "S", "13": "S", "14": "W", "15": "W", "17": "W", "21": "W", "22": "W", "23": "N", "27": "N", "30": "W", "33": "E", "34": "E", "35": "W", "36": "N", "37": "N", "39": "N", "40": "N", "42": "N", "46": "W", "47": "E", "48": "S", "51": "S", "52": "N", "53": "W", "56": "W", "57": "S", "58": "S", "61": "S", "62": "S", "63": "N", "64": "W", "65": "N", "66": "S", "68": "E", "69": "N", "70": "S", "72": "W", "74": "N", "75": "E", "76": "W", "77": "E", "79": "W"}, {"9": "E"}, {"9": "E"}, {"9": "S"}, {"9": "S"}, {"9": "S"}, {"9": "S"}, {"9": "S"}, {"9": "W"}, {"9": "S"}, {"9": "W"}, {"9": "W"}, {"9": "N"}, {"2": "W"}, {"2": "N"}, {"2": "N"}, {"2": "W"}, {"2": "N"}, {"2": "N"}, {"2": "E"}, {"2": "E"}, {"2": "S"}, {"2": "E"}, {"2": "E"}, {"72": "W"}, {"72": "W"}, {"72": "N"}, {"72": "N"}, {"72": "N"}, {"72": "N"}, {"72": "N"}, {"72": "W"}, {"72": "N"}, {"72": "N"}, {"72": "E"}, {"72": "N"}, {"72": "N"}, {"72": "E"}, {"72": "N"}, {"72": "N"}, {"49": "S"}, {"49": "S"}, {"49": "S"}, {"49": "E"}, {"49": "E"}, {"49": "S"}, {"49": "E"}, {"49": "E"}, {"49": "E"}, {"49": "E"}, {"49": "E"}, {"49": "E"}, {"26": "N"}, {"26": "N"}, {"26": "N"}, {"26": "N"}, {"26": "N"}, {"26": "N"}, {"26": "N"}, {"26": "N"}, {"26": "N"}, {"26": "N"}, {"26": "N"}, {"0": "E"}, {"0": "N"}, {"0": "N"}, {"0": "W"}, {"0": "N"}, {"0": "N"}, {"0": "E"}, {"0": "E"}, {"0": "S"}, {"0": "E"}, {"0": "S"}, {"0": "S"}, {"0": "E"}, {"0": "S"}, {"45": "N"}, {"45": "E"}, {"45": "E"}, {"45": "E"}, {"45": "E"}, {"45": "N"}, {"45": "E"}, {"45": "E"}, {"45": "E"}, {"45": "E"}, {"45": "E"}, {"45": "E"}, {"45": "S"}, {"45": "S"}, {"58": "W"}, {"58": "W"}, {"58": "W"}, {"58": "W"}, {"58": "W"}, {"58": "W"}, {"58": "W"}, {"58": "W"}, {"58": "W"}, {"58": "N"}, {"58": "W"}, {"58": "W"}, {"58": "W"}, {"58": "W"}, {"58": "S"}, {"20": "N"}, {"20": "W"}, {"20": "W"}, {"20": "N"}, {"20": "N"}, {"20": "W"}, {"20": "W"}, {"79": "E"}, {"79": "E"}, {"79": "S"}, {"79": "E"}, {"79": "S"}, {"79": "S"}, {"79": "S"}, {"79": "E"}, {"79": "E"}, {"79": "E"}, {"79": "E"}, {"79": "E"}, {"79": "E"}, {"79": "E"}, {"79": "E"}, {"79": "E"}, {"79": "E"}, {"79": "E"}, {"79": "S"}, {"71": "E"}, {"71": "E"}, {"71": "E"}, {"71": "E"}, {"71": "E"}, {"71": "E"}, {"71": "E"}, {"71": "S"}, {"71": "S"}, {"59": "S"}, {"59": "E"}, {"59": "S"}, {"59": "E"}, {"59": "S"}, {"59": "E"}, {"59": "E"}, {"59": "E"}, {"59": "E"}, {"59": "E"}, {"59": "E"}, {"59": "E"}, {"54": "S"}, {"54": "S"}, {"54": "S"}, {"54": "S"}, {"54": "S"}, {"54": "S"}, {"54": "S"}, {"54": "S"}, {"54": "E"}, {"54": "S"}, {"50": "W"}, {"50": "N"}, {"50": "N"}, {"50": "N"}, {"50": "W"}, {"50": "W"}, {"50": "N"}, {"50": "N"}, {"50": "N"}, {"50": "N"}, {"50": "N"}, {"50": "N"}, {"50": "N"}, {"50": "N"}, {"50": "W"}, {"50": "W"}, {"50": "W"}, {"50": "W"}, {"47": "N"}, {"47": "W"}, {"47": "W"}, {"47": "W"}, {"47": "W"}, {"47": "N"}, {"47": "N"}, {"47": "N"}, {"47": "N"}, {"47": "N"}, {"47": "W"}, {"47": "W"}, {"47": "W"}, {"47": "W"}, {"47": "W"}, {"47": "W"}, {"38": "S"}, {"38": "W"}, {"38": "W"}, {"38": "W"}, {"38": "W"}, {"38": "W"}, {"38": "W"}, {"38": "W"}, {"37": "S"}, {"37": "E"}, {"37": "E"}, {"37": "S"}, {"37": "E"}, {"37": "E"}, {"37": "S"}, {"37": "S"}, {"37": "S"}, {"37": "E"}, {"37": "E"}, {"37": "E"}, {"37": "E"}, {"37": "E"}, {"37": "S"}, {"37": "E"}, {"37": "E"}, {"37": "E"}, {"37": "E"}, {"15": "E"}, {"15": "N"}, {"15": "N"}, {"15": "E"}, {"14": "N"}, {"14": "W"}, {"14": "W"}, {"14": "S"}, {"14": "W"}, {"14": "W"}, {"14": "W"}, {"14": "W"}, {"3": "S"}, {"3": "S"}, {"3": "S"}, {"3": "E"}, {"21": "W"}, {"21": "S"}, {"21": "W"}, {"21": "S"}, {"21": "S"}, {"21": "E"}, {"21": "E"}, {"21": "N"}, {"21": "E"}, {"21": "N"}, {"29": "E"}, {"29": "S"}, {"29": "E"}, {"29": "E"}, {"29": "E"}, {"29": "S"}, {"29": "E"}, {"29": "S"}, {"29": "S"}, {"29": "S"}, {"29": "S"}, {"29": "S"}, {"65": "S"}, {"65": "S"}, {"65": "S"}, {"65": "E"}, {"65": "S"}, {"65": "E"}, {"65": "E"}, {"65": "E"}, {"65": "E"}, {"65": "N"}, {"65": "E"}, {"65": "E"}, {"65": "N"}, {"65": "E"}, {"65": "E"}, {"65": "N"}, {"65": "E"}, {"65": "E"}, {"65": "E"}, {"65": "E"}, {"65": "E"}, {"65": "E"}, {"65": "E"}, {"65": "E"}, {"65": "E"}, {"39": "E"}, {"39": "E"}, {"39": "S"}, {"39": "S"}, {"39": "S"}, {"39": "S"}, {"39": "S"}, {"39": "S"}, {"39": "S"}, {"39": "S"}, {"39": "S"}, {"39": "S"}, {"39": "E"}, {"68": "W"}, {"68": "W"}, {"68": "N"}, {"68": "W"}, {"68": "W"}, {"68": "W"}, {"68": "W"}, {"68": "W"}, {"68": "W"}, {"68": "W"}, {"68": "W"}, {"68": "W"}, {"63": "E"}, {"63": "S"}, {"63": "S"}, {"63": "S"}, {"63": "S"}, {"63": "W"}, {"63": "S"}, {"63": "W"}, {"63": "S"}, {"63": "W"}, {"63": "S"}, {"63": "W"}, {"63": "W"}, {"63": "W"}, {"63": "W"}, {"63": "W"}, {"63": "W"}, {"63": "W"}, {"63": "W"}, {"63": "W"}, {"63": "W"}, {"63": "N"}, {"63": "N"}, {"63": "E"}, {"44": "N"}, {"44": "N"}, {"44": "W"}, {"44": "N"}, {"44": "N"}, {"44": "N"}, {"44": "N"}, {"44": "E"}, {"44": "N"}, {"44": "N"}, {"44": "N"}, {"44": "N"}, {"44": "N"}, {"44": "N"}, {"44": "N"}, {"44": "N"}, {"44": "W"}, {"44": "W"}, {"32": "N"}, {"32": "N"}, {"32": "N"}, {"32": "N"}, {"32": "N"}, {"32": "N"}, {"32": "E"}, {"32": "N"}, {"32": "N"}, {"32": "E"}, {"32": "N"}, {"32": "N"}, {"32": "N"}, {"32": "N"}, {"32": "N"}, {"32": "N"}, {"32": "N"}, {"32": "N"}, {"32": "N"}, {"32": "W"}, {"76": "W"}, {"76": "W"}, {"76": "S"}, {"76": "S"}, {"76": "S"}, {"76": "W"}, {"76": "S"}, {"76": "S"}, {"76": "S"}, {"76": "W"}, {"74": "W"}, {"74": "S"}, {"74": "E"}, {"74": "S"}, {"74": "S"}, {"74": "W"}, {"74": "W"}, {"74": "S"}, {"74": "W"}, {"74": "W"}, {"74": "W"}, {"74": "W"}, {"74": "N"}, {"74": "W"}, {"74": "W"}, {"74": "W"}, {"74": "S"}, {"74": "W"}, {"74": "W"}, {"74": "S"}, {"74": "E"}, {"74": "E"}, {"74": "E"}, {"74": "S"}, {"74": "S"}, {"74": "W"}, {"74": "S"}, {"74": "S"}, {"74": "E"}, {"74": "E"}, {"74": "S"}, {"74": "W"}, {"74": "W"}, {"74": "S"}, {"74": "S"}, {"74": "S"}, {"74": "W"}]}