{"instance": "small_free_001_10x10_40_40", "steps": [{"26": "S", "13": "E", "20": "W"}, {"26": "W", "18": "W"}, {"18": "S", "20": "W", "24": "S"}, {"13": "E", "18": "S", "24": "S"}, {"13": "N", "20": "S"}, {"23": "E", "24": "S"}, {"18": "E", "23": "N", "24": "S"}, {"13": "N", "18": "E", "23": "N"}, {"13": "N", "18": "S", "23": "N", "24": "E"}, {"21": "N", "18": "W", "23": "N"}, {"26": "E", "13": "W", "18": "W", "23": "E"}, {"26": "E"}, {"26": "E"}, {"26": "E"}, {"26": "E"}, {"26": "E"}, {"35": "W"}, {"18": "W", "23": "E", "24": "N", "26": "S"}, {"18": "W", "23": "E", "24": "E", "26": "E"}, {"18": "W", "23": "S", "24": "E", "38": "E", "26": "E"}, {"18": "N", "23": "E", "24": "N"}, {"18": "N"}, {"13": "N", "24": "N"}, {"18": "N", "23": "E", "24": "N"}, {"18": "N", "24": "N"}, {"24": "N"}, {"18": "N", "24": "E", "21": "E"}, {"21": "W"}, {"18": "W"}, {"13": "N"}, {"13": "W"}, {"13": "W"}, {"13": "S"}, {"20": "E"}, {"18": "N"}, {"18": "N"}, {"18": "N", "38": "E"}, {"18": "E"}, {"21": "N"}, {"21": "N"}, {"18": "N", "21": "N"}, {"24": "N"}, {"20": "E", "23": "N"}]}