{"instance": "small_free_001_10x10_40_40", "steps": [{"23": "E", "4": "W", "1": "S", "35": "W", "2": "N", "33": "W", "3": "N", "25": "S", "12": "W", "38": "N", "17": "E", "13": "N", "14": "E", "10": "E", "30": "W", "27": "E", "24": "E", "29": "N", "15": "N", "9": "E", "20": "W", "28": "N", "7": "E", "16": "S", "0": "N", "18": "W", "22": "W", "36": "N", "39": "W", "21": "N", "34": "W"}, {"19": "S", "15": "N", "20": "E", "10": "N", "21": "N", "0": "S", "36": "N", "9": "S", "3": "W", "37": "E", "12": "E", "38": "E", "7": "N", "29": "N", "13": "N", "18": "W", "34": "E", "6": "W", "26": "E", "25": "N", "39": "W", "1": "S", "28": "N", "33": "E", "2": "E", "14": "S", "16": "E"}, {"24": "W", "10": "N", "21": "S", "7": "N", "15": "N", "18": "W", "38": "S", "23": "E", "29": "E", "30": "N", "3": "N", "16": "N", "36": "S", "37": "E", "6": "S", "34": "S", "12": "S", "33": "S", "14": "E", "13": "N", "32": "E", "31": "N", "20": "W", "0": "E"}, {"3": "N", "39": "S", "26": "S", "18": "W", "11": "E", "36": "S", "21": "E", "20": "S", "31": "E", "15": "N", "32": "W", "28": "N", "7": "E", "13": "E", "16": "N", "12": "S", "2": "E", "27": "E", "24": "E", "14": "E", "17": "E", "29": "N", "5": "S"}, {"25": "N", "17": "S", "28": "W", "21": "E", "10": "E", "9": "E", "3": "E", "5": "S", "18": "N", "16": "N", "4": "N", "39": "W", "7": "E", "26": "S", "32": "E", "34": "W", "12": "N", "6": "S", "36": "S", "8": "N", "29": "E", "2": "S", "13": "W"}, {"17": "S", "14": "W", "8": "N", "36": "N", "2": "E", "29": "W", "12": "W", "32": "W", "37": "S", "20": "S", "21": "S", "0": "E", "22": "W", "19": "S", "25": "N", "11": "S", "15": "N", "33": "N", "5": "W", "6": "W", "23": "S", "13": "E", "24": "W", "7": "W", "39": "W", "26": "W"}, {"37": "W", "36": "W", "24": "W", "28": "E", "10": "N", "25": "N", "33": "S", "16": "S", "21": "N", "9": "S", "7": "E", "38": "S", "5": "N", "27": "E", "15": "S", "39": "W", "13": "W", "26": "W", "2": "W", "12": "E", "31": "W", "18": "E", "3": "S", "17": "N", "14": "E"}, {"26": "E", "24": "S", "17": "S", "5": "N", "14": "S", "33": "S", "20": "W", "1": "W", "25": "E", "19": "S", "22": "S", "15": "W", "29": "W", "7": "S", "34": "W", "36": "W", "18": "W", "28": "W", "10": "N", "9": "E", "12": "E", "2": "E", "16": "W"}, {"0": "E", "7": "E", "25": "W", "3": "S", "16": "E", "22": "N", "5": "S", "20": "S", "24": "N", "9": "E", "19": "N", "33": "S", "14": "W", "10": "S", "28": "E", "13": "W", "23": "W", "38": "W", "18": "N", "21": "S"}, {"18": "N", "20": "W", "3": "N", "38": "S", "28": "W", "24": "N", "23": "E", "10": "N", "21": "E", "22": "S", "9": "S", "7": "E", "25": "W", "14": "N", "6": "N", "32": "N", "26": "S", "16": "N"}, {"14": "N", "18": "S", "33": "N", "12": "E", "22": "N", "11": "S", "38": "E", "29": "E", "10": "N", "16": "S", "32": "W", "9": "E", "6": "N", "3": "S", "5": "N", "20": "N", "7": "N", "36": "N", "26": "E", "28": "N", "19": "S"}, {"9": "S", "21": "S", "1": "E", "5": "W", "11": "N", "36": "N", "14": "E", "39": "S", "26": "N", "33": "N", "19": "N", "32": "W", "6": "W", "18": "N", "27": "W", "20": "N", "17": "W", "7": "S", "3": "S", "12": "E", "10": "N", "16": "N", "24": "W", "28": "S"}, {"37": "W", "24": "S", "5": "N", "38": "E", "28": "N", "12": "E", "6": "N", "16": "N", "17": "E", "15": "S", "2": "S", "39": "N", "18": "E", "25": "N", "27": "S", "13": "S", "33": "N", "10": "N", "31": "S", "11": "S", "21": "E", "7": "E", "36": "S"}, {"17": "S", "16": "S", "18": "W", "33": "S", "38": "S", "11": "S", "3": "E", "37": "W", "0": "S", "32": "E", "6": "S", "26": "S", "21": "S", "28": "S", "13": "N", "36": "W", "14": "N", "39": "E", "24": "W", "25": "E", "20": "N", "7": "W"}, {"38": "N", "36": "N", "26": "S", "28": "N", "1": "N", "24": "S", "19": "W", "7": "E", "15": "W", "6": "W", "33": "N", "27": "N", "14": "W", "39": "W", "22": "W", "5": "N", "13": "W", "3": "E", "37": "E", "18": "E", "23": "N", "11": "S", "10": "E", "25": "E", "29": "E"}, {"36": "N", "23": "S", "11": "E", "14": "N", "16": "W", "0": "N", "5": "W", "3": "E", "18": "N", "21": "W", "13": "S", "17": "E", "15": "N", "38": "N", "32": "W", "31": "N", "29": "S", "37": "N", "24": "S"}, {"0": "E", "26": "E", "37": "N", "23": "W", "17": "E", "38": "W", "1": "S", "5": "E", "14": "N", "31": "S", "36": "N", "13": "N", "29": "N", "21": "E", "3": "N", "27": "N", "16": "W", "25": "N", "7": "N", "20": "N", "32": "N", "4": "W", "15": "W", "39": "N"}, {"18": "N", "27": "S", "0": "N", "33": "S", "24": "S", "5": "S", "25": "N", "31": "N", "28": "N", "13": "E", "26": "E", "36": "N", "3": "S", "21": "E", "11": "W", "7": "W"}, {"3": "W", "1": "S", "0": "S", "21": "S", "33": "W", "29": "S", "20": "W", "32": "W", "14": "E", "24": "W", "38": "E", "37": "S", "18": "S", "11": "S", "36": "E", "25": "S", "13": "S", "12": "E", "31": "S", "16": "W"}, {"21": "S", "11": "S", "5": "S", "32": "W", "1": "S", "13": "W", "7": "W", "14": "S", "37": "S", "29": "N", "28": "E", "33": "E", "26": "S", "24": "W", "20": "S", "3": "W"}, {"21": "S", "36": "E", "37": "N", "38": "N", "18": "N", "20": "N", "32": "N", "7": "N", "24": "W", "1": "E", "28": "E", "22": "S", "14": "W", "26": "N", "25": "N", "3": "S", "33": "N", "0": "N"}, {"38": "W", "13": "S", "23": "N", "20": "W", "5": "W", "25": "W", "11": "S", "24": "W", "16": "N", "7": "S", "4": "S", "28": "E", "36": "E", "31": "N", "37": "S", "33": "S", "14": "W", "32": "W"}, {"14": "S", "38": "N", "24": "E", "1": "W", "31": "N", "16": "N", "20": "S", "3": "S", "21": "E", "23": "N", "25": "E", "29": "E", "4": "N", "22": "N", "13": "S", "18": "N", "32": "W", "7": "N"}, {"32": "E", "29": "W", "37": "N", "25": "S", "16": "W", "5": "W", "38": "S", "23": "N", "18": "S", "7": "W", "14": "N", "26": "W", "1": "E"}, {"1": "S", "25": "S", "0": "N", "3": "E", "28": "N", "26": "W", "13": "N", "21": "N", "23": "N", "32": "S", "24": "E", "33": "N", "16": "W", "11": "W", "22": "E", "14": "N", "38": "S", "7": "N", "29": "N", "4": "W"}, {"38": "S", "21": "N", "20": "S", "37": "S", "18": "W", "11": "W", "29": "N", "1": "S", "22": "W", "16": "N", "26": "S", "0": "W", "24": "S", "33": "S", "25": "E", "14": "W", "13": "W", "7": "E"}, {"7": "W", "13": "S", "28": "E", "1": "N", "0": "W", "5": "W", "16": "E", "24": "N", "27": "W", "23": "W"}, {"31": "S", "21": "S", "28": "N", "33": "W", "38": "N", "3": "S", "37": "W", "1": "E", "7": "E", "27": "N", "14": "W", "13": "N", "16": "N", "20": "N", "26": "N", "25": "S", "24": "W", "5": "E"}, {"13": "S", "27": "S", "7": "N", "16": "W", "23": "N", "29": "N", "22": "S", "21": "N", "3": "N", "14": "S", "20": "S", "38": "E", "5": "N", "25": "S", "33": "N", "37": "E", "1": "N", "24": "W", "31": "N", "11": "S"}, {"21": "N", "37": "W", "29": "E", "14": "W", "31": "E", "28": "W", "3": "N", "7": "W", "13": "W", "16": "W", "33": "N", "27": "N", "0": "W", "1": "N", "26": "S", "22": "S"}, {"3": "E", "20": "E", "26": "S", "38": "N", "28": "E", "23": "N", "11": "N", "7": "E", "14": "W", "16": "S", "31": "N", "33": "N", "1": "W", "32": "S", "29": "E", "5": "S", "0": "N", "24": "E"}, {"11": "N", "32": "N", "33": "E", "23": "E", "26": "W", "20": "E", "22": "S", "28": "W", "21": "E", "14": "E", "24": "N", "16": "N", "25": "N", "38": "S", "29": "S", "7": "E"}, {"3": "W", "38": "W", "20": "E", "33": "N", "5": "E", "7": "W", "26": "E", "22": "W", "28": "S", "21": "S", "24": "W", "25": "N"}, {"21": "W", "28": "W", "3": "N", "26": "S", "22": "E", "27": "S", "16": "W", "11": "E", "23": "S", "13": "N", "24": "N", "37": "W", "33": "S", "38": "N", "25": "S", "20": "W"}, {"26": "W", "25": "S", "28": "E", "7": "E", "22": "S", "29": "N", "11": "S", "13": "E", "23": "S", "1": "E", "27": "N", "20": "E", "3": "E", "24": "S", "0": "N", "33": "N", "5": "N"}, {"24": "N", "32": "E", "29": "S", "0": "W", "11": "W", "23": "N", "22": "E", "3": "E", "33": "S", "21": "E", "1": "S", "20": "W", "25": "W", "14": "N", "16": "S", "5": "W", "7": "W", "26": "N"}, {"14": "N", "13": "S", "1": "S", "22": "N", "11": "E", "24": "N", "20": "N", "26": "S", "32": "W", "37": "E", "38": "N", "16": "S", "33": "N", "28": "W", "7": "S", "3": "S", "27": "S", "25": "N"}, {"24": "E", "33": "S", "3": "E", "0": "N", "27": "S", "7": "N", "11": "E", "25": "E", "38": "S", "31": "S", "1": "W", "20": "W", "32": "W", "37": "E", "13": "S", "16": "S", "21": "S"}, {"5": "S", "37": "W", "1": "S", "32": "E", "16": "S", "14": "S", "38": "E", "24": "E", "31": "W", "21": "E", "28": "E", "13": "S", "22": "W", "25": "N", "3": "W", "0": "N"}, {"27": "N", "29": "N", "28": "S", "14": "E", "5": "E", "20": "N", "22": "E", "25": "N", "33": "W", "1": "N", "7": "S", "26": "E", "23": "W", "13": "W", "3": "E", "32": "W", "16": "W", "38": "N", "21": "E"}, {"3": "W", "25": "W", "26": "S", "31": "S", "5": "N", "20": "E", "7": "N", "21": "S", "27": "N", "24": "S", "16": "S", "28": "W", "38": "N", "1": "N", "33": "N", "32": "W", "29": "E", "23": "E", "37": "W"}, {"37": "E", "7": "N", "0": "W", "20": "W", "13": "W", "38": "S", "28": "W", "1": "E", "26": "E", "32": "W", "23": "W", "31": "N", "5": "N", "22": "W", "33": "N", "16": "E", "27": "S", "25": "E", "14": "W", "24": "S", "29": "S"}, {"3": "S", "27": "N", "11": "N", "29": "N", "1": "W", "25": "W", "14": "N", "23": "E", "7": "W", "5": "N", "16": "E", "37": "W", "32": "S", "33": "E", "21": "W", "20": "S", "26": "N"}, {"22": "W", "23": "N", "37": "W", "13": "S", "26": "S", "24": "S", "29": "E", "3": "N", "11": "S", "20": "W", "25": "S", "5": "W", "7": "S", "33": "S", "27": "W", "0": "W", "32": "N", "38": "W", "14": "E", "21": "W"}, {"21": "S", "31": "W", "29": "S", "25": "W", "27": "W", "37": "E", "14": "E", "1": "S", "11": "E", "22": "E", "3": "S", "26": "S", "28": "E", "38": "N", "13": "S", "23": "S", "24": "W", "7": "N", "32": "S"}, {"26": "W", "38": "S", "14": "E", "27": "E", "5": "E", "1": "N", "25": "E", "32": "S", "16": "N", "0": "E", "24": "S", "29": "W", "23": "N", "21": "E", "11": "N", "20": "S"}, {"21": "E", "28": "S", "7": "S", "33": "S", "20": "E", "22": "N", "31": "W", "24": "W", "38": "W", "32": "S", "1": "E", "14": "W", "16": "N", "3": "S", "27": "E", "11": "W", "29": "E"}, {"1": "E", "31": "N", "38": "E", "21": "N", "24": "E", "0": "W", "3": "E", "13": "E", "29": "S", "23": "E", "20": "E", "22": "E", "25": "N", "28": "E", "7": "N", "27": "S", "16": "W", "14": "N", "33": "N"}, {"28": "S", "38": "N", "13": "N", "31": "N", "21": "W", "24": "S", "20": "S", "14": "S", "16": "S", "11": "N", "23": "N", "0": "E", "26": "N", "33": "S", "22": "W", "37": "W", "29": "N", "5": "S", "32": "N"}, {"22": "E", "16": "E", "3": "W", "27": "N", "29": "S", "14": "W", "25": "W", "31": "E", "20": "W", "21": "S", "0": "W", "28": "E", "37": "W", "26": "N"}, {"25": "N", "32": "S", "14": "E", "20": "W", "22": "W", "31": "E", "26": "S", "1": "W", "37": "W", "27": "N", "0": "E", "28": "N", "33": "W", "16": "W", "5": "N", "38": "E", "11": "S", "21": "W"}, {"28": "S", "14": "W", "24": "N", "3": "N", "13": "S", "31": "W", "38": "N", "1": "S", "21": "E", "32": "E", "22": "W", "20": "N", "33": "N", "23": "S", "27": "S", "29": "S", "5": "S"}, {"31": "N", "5": "W", "11": "E", "13": "W", "26": "E", "29": "W", "25": "S", "38": "W", "1": "S", "22": "S", "28": "S", "14": "W", "16": "W", "27": "S", "21": "W", "23": "W", "33": "N", "3": "N", "32": "W"}, {"20": "S", "33": "E", "31": "S", "1": "W", "16": "N", "0": "W", "23": "E", "14": "W", "24": "N", "29": "N", "3": "W", "26": "E", "21": "N", "28": "W", "11": "W", "32": "E", "25": "E", "38": "S"}, {"14": "S", "24": "S", "1": "E", "11": "S", "16": "E", "31": "W", "37": "N", "29": "N", "26": "W", "23": "N", "28": "S", "25": "N", "0": "S", "38": "E", "22": "S", "13": "N", "27": "S", "3": "S", "32": "W", "20": "S"}, {"13": "N", "20": "N", "29": "E", "38": "N", "16": "S", "3": "N", "32": "N", "7": "W", "28": "S", "22": "W", "11": "E", "0": "W", "21": "E", "31": "N", "37": "E", "25": "S", "14": "E", "26": "N"}, {"22": "E", "20": "N", "21": "N", "7": "W", "5": "N", "26": "S", "11": "W", "27": "N", "13": "S", "31": "W", "16": "E", "38": "N", "29": "N", "28": "W", "23": "E", "3": "E", "33": "S", "32": "S"}, {"20": "N", "3": "E", "7": "W", "0": "S", "14": "W", "24": "W", "28": "S", "26": "E", "23": "W", "33": "S", "16": "W", "21": "N", "25": "E", "37": "W", "32": "N", "1": "E", "22": "W", "11": "W", "27": "E", "5": "W"}, {"33": "E", "24": "S", "37": "N", "27": "W", "22": "E", "26": "W", "7": "E", "13": "S", "16": "E", "25": "S", "38": "N", "5": "N", "3": "E", "31": "W", "21": "E", "0": "W", "14": "W"}, {"22": "E", "14": "N", "5": "N", "33": "N", "1": "E", "20": "S", "3": "N", "21": "S", "13": "S", "11": "E", "31": "N", "7": "S", "24": "S", "28": "E", "37": "E", "0": "N", "27": "N", "32": "N", "16": "W", "26": "W", "29": "S"}, {"32": "E", "14": "S", "1": "E", "5": "E", "0": "W", "16": "S", "26": "E", "27": "N", "22": "S", "37": "N", "38": "E", "20": "N", "3": "S", "7": "N", "33": "W", "13": "E", "23": "E", "31": "W", "28": "E", "25": "W", "29": "S", "24": "N", "11": "S"}, {"25": "S", "33": "S", "27": "S", "1": "E", "16": "W", "37": "W", "29": "W", "13": "W", "0": "N", "38": "S", "21": "N", "28": "N", "5": "S"}, {"3": "W", "5": "E", "28": "N", "7": "W", "16": "W", "29": "W", "14": "W", "37": "N", "25": "N", "32": "S", "24": "N", "33": "N", "26": "N", "21": "S", "23": "N", "20": "S", "38": "E", "1": "N", "22": "N", "13": "N", "0": "W", "27": "N"}, {"24": "E", "26": "N", "29": "E", "25": "W", "38": "N", "1": "N", "11": "N", "0": "S", "31": "W", "20": "S", "13": "S", "32": "E", "37": "S", "16": "W", "7": "S", "28": "S", "3": "W", "21": "N", "22": "W"}, {"24": "S", "20": "S", "13": "N", "32": "S", "11": "E", "28": "W", "29": "W", "5": "S", "31": "S", "3": "S", "22": "W", "21": "N", "14": "S", "1": "N", "16": "W", "38": "E", "26": "S", "33": "W", "0": "S", "37": "S", "23": "W", "27": "S"}, {"28": "E", "11": "N", "0": "N", "5": "E", "37": "S", "16": "E", "32": "E", "24": "W", "29": "W", "25": "W", "13": "S", "1": "W", "21": "N", "27": "N", "38": "S", "26": "E", "7": "E"}, {"16": "S", "21": "N", "11": "W", "3": "N", "20": "E", "0": "W", "5": "S", "32": "W", "22": "S", "33": "E", "31": "N", "25": "E", "14": "N", "1": "N", "7": "S", "26": "N", "38": "N", "29": "W", "28": "E"}, {"3": "W", "20": "W", "11": "S", "27": "N", "29": "N", "37": "N", "5": "N", "23": "E", "26": "E", "21": "N", "1": "S", "14": "S", "38": "E", "32": "S", "0": "N", "7": "N", "33": "S", "13": "S", "28": "E"}, {"27": "S", "31": "W", "20": "S", "0": "S", "23": "W", "38": "E", "37": "E", "13": "W", "3": "N", "16": "W", "1": "N", "33": "N", "7": "W", "24": "S", "11": "S", "26": "N", "32": "N", "22": "W", "5": "W"}, {"22": "S", "25": "N", "37": "N", "11": "N", "20": "S", "31": "W", "28": "N", "5": "S", "24": "E", "7": "N", "33": "N", "26": "N", "21": "W", "14": "S", "32": "S", "29": "S"}, {"31": "W", "33": "N", "5": "S", "1": "W", "3": "S", "28": "N", "38": "E", "23": "W", "37": "W", "14": "N", "32": "W", "7": "S", "16": "N", "13": "W", "22": "E", "0": "N", "24": "W", "11": "W", "25": "W", "29": "W"}, {"7": "N", "26": "W", "20": "N", "5": "S", "16": "N", "24": "N", "38": "E", "28": "S", "11": "N", "37": "S", "32": "W", "23": "E", "31": "N", "22": "S", "29": "N", "1": "W", "25": "S", "21": "N"}, {"32": "S", "0": "S", "26": "S", "11": "E", "13": "W", "21": "N", "20": "E", "5": "N", "14": "E", "24": "N", "1": "N", "7": "S", "37": "N", "29": "E", "28": "N", "23": "S", "38": "S", "31": "N"}, {"33": "S", "31": "S", "32": "N", "28": "S", "20": "W", "1": "N", "0": "S", "5": "E", "22": "W", "11": "N", "27": "S", "16": "W", "23": "N", "29": "N", "24": "E", "25": "S", "14": "W", "7": "N", "13": "E"}, {"24": "S", "3": "S", "31": "E", "20": "S", "25": "W", "28": "S", "7": "E", "22": "S", "32": "E", "13": "N", "14": "E", "21": "W", "27": "N", "23": "E", "29": "N", "0": "W", "11": "S", "37": "S", "38": "E", "1": "N", "5": "W", "33": "S"}, {"31": "S", "16": "E", "21": "E", "25": "W", "3": "N", "22": "E", "7": "S", "38": "E", "37": "N", "0": "N", "20": "E", "23": "E", "11": "E", "32": "S", "5": "W", "13": "E", "24": "W", "14": "W"}, {"29": "N", "21": "W", "16": "N", "32": "E", "14": "S", "37": "N", "24": "E", "20": "E", "0": "E", "38": "W", "1": "E", "22": "N", "7": "W", "13": "E", "26": "W", "33": "N"}, {"38": "E", "3": "E", "33": "S", "11": "S", "37": "E", "0": "N", "16": "W", "26": "E", "24": "E", "22": "N", "23": "S", "20": "E", "21": "E", "27": "E", "14": "S", "29": "E", "25": "N", "31": "E"}, {"31": "N", "13": "W", "24": "S", "5": "N", "23": "S", "21": "S", "20": "E", "26": "S", "28": "N", "16": "N", "14": "E", "25": "S", "0": "E", "1": "E", "11": "N", "3": "W", "33": "N", "37": "S", "32": "E", "22": "S"}, {"20": "E", "14": "S", "22": "N", "38": "S", "33": "W", "29": "W", "3": "E", "26": "E", "28": "S", "13": "E", "21": "W", "24": "W", "37": "S", "0": "W", "31": "N", "5": "E", "23": "E", "11": "S", "7": "W", "1": "W", "32": "W"}, {"29": "W", "26": "W", "38": "N", "22": "N", "33": "E", "21": "N", "31": "E", "14": "S", "3": "W", "7": "E", "0": "E", "23": "W", "24": "N"}, {"3": "E", "28": "S", "11": "W", "14": "N", "22": "S", "5": "N", "0": "W", "26": "E", "23": "S", "38": "W", "29": "N", "31": "S", "21": "W", "32": "W", "20": "N", "16": "N", "1": "N", "24": "S", "27": "W", "25": "W"}, {"7": "E", "24": "E", "3": "W", "33": "S", "32": "E", "26": "N", "20": "E", "31": "N", "11": "S", "38": "E", "5": "W", "37": "W", "0": "W", "27": "N", "21": "S", "22": "S", "13": "S", "1": "N"}, {"29": "S", "1": "S", "27": "N", "31": "E", "26": "S", "38": "N", "0": "E", "32": "N", "3": "N", "13": "W", "14": "W", "7": "E", "16": "E", "11": "S", "25": "E", "21": "W", "23": "N", "24": "E", "5": "E"}, {"26": "S", "13": "S", "11": "W", "22": "W", "14": "S", "32": "S", "29": "E", "5": "N", "1": "S", "3": "W", "0": "W", "37": "E"}, {"13": "E", "25": "N", "22": "S", "21": "S", "23": "W", "29": "S", "28": "N", "16": "E", "31": "W", "14": "N", "11": "N", "7": "E", "1": "E", "33": "S", "27": "E", "24": "W", "26": "S"}, {"33": "N", "13": "E", "22": "N", "31": "E", "21": "E", "25": "N", "26": "E", "27": "E", "1": "W", "5": "E", "37": "E", "14": "E", "16": "S", "32": "N", "20": "W", "38": "S", "3": "E", "23": "S", "29": "E"}, {"38": "W", "20": "W", "11": "W", "3": "S", "24": "S", "37": "N", "13": "E", "14": "N", "28": "S", "23": "W", "25": "W", "16": "S", "32": "E", "27": "E", "5": "N", "29": "N", "33": "S", "21": "E"}, {"24": "E", "7": "N", "27": "N", "14": "S", "20": "W", "38": "N", "32": "N", "26": "E", "28": "S", "11": "N", "29": "S", "23": "N", "21": "N", "31": "W", "16": "W", "25": "S"}, {"31": "W", "16": "N", "20": "S", "1": "W", "21": "N", "26": "W", "25": "S", "22": "N", "5": "S", "7": "W", "11": "W", "23": "N", "33": "N", "3": "E", "24": "S", "0": "S", "38": "E", "29": "N"}, {"23": "W", "7": "E", "29": "E", "22": "S", "25": "S", "20": "S", "0": "E", "11": "W", "3": "S", "27": "S", "1": "E", "13": "W", "38": "W", "16": "E", "14": "N", "32": "W", "24": "E"}, {"11": "E", "13": "E", "32": "E", "29": "E", "7": "W", "21": "S", "1": "E", "5": "N", "3": "W", "25": "N", "31": "S", "26": "N", "28": "S", "37": "N", "20": "W", "23": "E", "16": "S", "24": "E"}, {"31": "N", "16": "W", "21": "E", "38": "E", "26": "W", "28": "W", "37": "N", "27": "S", "7": "W", "0": "N", "24": "W", "29": "E", "14": "W", "32": "W", "13": "N", "33": "N", "1": "E", "11": "S"}, {"28": "E", "13": "S", "33": "N", "29": "W", "31": "S", "23": "E", "21": "N", "1": "W", "22": "S", "3": "E", "25": "E", "32": "W", "14": "N", "20": "N", "11": "W", "7": "E", "0": "W", "37": "W", "5": "N", "26": "E", "27": "N"}, {"24": "W", "27": "S", "14": "N", "21": "W", "0": "E", "32": "S", "31": "N", "5": "E", "23": "S", "13": "W", "22": "W", "16": "N", "28": "W", "25": "S", "11": "W", "7": "W", "3": "N", "37": "W"}, {"5": "N", "23": "S", "3": "W", "22": "S", "32": "S", "37": "N", "29": "W", "7": "E", "14": "N", "38": "W", "28": "N", "13": "W", "25": "W", "20": "E", "16": "N", "0": "E", "27": "N", "21": "W"}, {"21": "N", "11": "W", "23": "E", "25": "E", "22": "N", "16": "N", "37": "E", "1": "W", "27": "W", "26": "W", "33": "S", "32": "W", "20": "S", "31": "E", "24": "E", "29": "E", "5": "S", "14": "N", "7": "S", "13": "W"}, {"7": "E", "21": "W", "26": "N", "1": "S", "11": "E", "13": "N", "38": "W", "20": "N", "31": "E", "37": "N", "3": "N", "16": "W", "28": "E", "24": "W", "23": "N", "32": "N", "5": "S"}, {"29": "S", "14": "S", "11": "W", "27": "W", "22": "S", "31": "W", "7": "W", "28": "W", "21": "E", "3": "E", "20": "W", "5": "N", "16": "S", "37": "W", "23": "E", "38": "W", "26": "W", "13": "W", "0": "E", "25": "E"}, {"24": "W", "26": "W", "16": "N", "27": "N", "0": "S", "29": "E", "14": "E", "31": "S", "1": "W", "25": "W", "21": "N", "13": "E", "32": "E", "20": "E", "3": "N", "37": "S", "11": "W"}, {"16": "S", "28": "S", "22": "E", "32": "W", "11": "N", "37": "N", "23": "E", "27": "W", "26": "E", "1": "N", "29": "W", "5": "N", "38": "S", "3": "N", "25": "W", "13": "S"}, {"21": "N", "29": "E", "0": "E", "14": "E", "16": "N", "5": "E", "13": "N", "38": "N", "24": "N", "3": "E", "23": "S", "7": "S", "27": "E", "26": "S", "22": "S", "28": "W"}, {"7": "E", "37": "N", "27": "N", "29": "S", "31": "N", "5": "W", "32": "E", "38": "W", "26": "W", "3": "S", "1": "N", "20": "W", "11": "E", "24": "S", "0": "N", "21": "N", "23": "W", "28": "W"}, {"22": "E", "27": "N", "28": "W", "26": "E", "14": "E", "25": "W", "1": "E", "11": "W", "24": "E", "5": "S", "29": "N", "31": "E", "32": "N", "7": "W", "0": "W", "23": "N"}, {"29": "N", "21": "N", "7": "N", "38": "W", "3": "W", "5": "S", "31": "E", "23": "W", "0": "W", "26": "S", "32": "S", "20": "S", "27": "N", "1": "N", "25": "S", "33": "S"}, {"1": "N", "27": "W", "7": "E", "24": "W", "33": "S", "3": "N", "0": "S", "29": "N", "5": "N", "38": "E", "13": "E", "23": "N", "37": "S", "16": "S", "20": "W", "11": "S", "31": "W", "32": "W"}, {"32": "S", "7": "W", "25": "N", "3": "E", "5": "E", "11": "N", "16": "N", "1": "S", "23": "S", "21": "E", "31": "E", "26": "W", "0": "N", "14": "S", "24": "W", "20": "E"}, {"1": "W", "24": "N", "3": "N", "5": "W", "16": "S", "0": "W", "26": "N", "21": "E", "20": "N", "37": "N", "25": "E", "14": "E", "31": "S", "33": "N", "11": "S", "27": "S"}, {"38": "W", "24": "E", "5": "N", "20": "N", "27": "E", "32": "S", "28": "N", "23": "S", "13": "S", "3": "E", "21": "N", "0": "W", "31": "S", "29": "W", "7": "S", "16": "E"}, {"0": "S", "23": "W", "24": "E", "28": "E", "16": "E", "22": "W", "26": "N", "21": "S", "31": "W", "14": "S", "32": "S", "37": "E", "11": "N", "5": "W", "13": "E", "38": "E", "20": "E", "29": "W", "1": "S", "7": "N"}, {"24": "E", "38": "S", "25": "E", "13": "N", "32": "S", "28": "S", "0": "E", "23": "S", "16": "E", "20": "W", "21": "S", "5": "S", "1": "N", "7": "E", "31": "S", "14": "W", "26": "E"}, {"3": "S", "31": "W", "20": "N", "14": "S", "0": "S", "16": "E", "23": "N", "32": "E", "28": "W", "25": "S", "33": "N", "22": "E", "1": "S", "29": "E", "37": "N", "38": "E", "13": "N", "11": "N", "21": "S", "26": "S"}, {"13": "N", "24": "W", "37": "S", "21": "W", "3": "S", "38": "N", "26": "W", "7": "N", "20": "N", "28": "E", "32": "E", "1": "S", "33": "S", "0": "S", "31": "S", "22": "N"}, {"27": "E", "3": "S", "1": "W", "16": "N", "23": "S", "38": "W", "5": "S", "11": "S", "33": "N", "0": "S", "31": "S", "24": "N", "28": "W", "22": "S", "7": "W", "20": "W", "13": "E", "21": "N", "32": "E", "29": "E"}, {"0": "W", "5": "N", "3": "N", "32": "E", "20": "N", "11": "E", "26": "W", "7": "W", "14": "S", "38": "S", "31": "S", "23": "E", "28": "W", "29": "S", "37": "S", "21": "W", "1": "S", "13": "N", "24": "E"}, {"14": "S", "1": "E", "31": "S", "7": "E", "13": "S", "27": "W", "20": "E", "37": "N", "28": "W", "16": "W", "21": "W", "29": "S", "3": "S", "33": "S", "32": "E", "22": "E", "23": "W", "38": "S", "11": "N"}, {"38": "S", "20": "W", "11": "W", "5": "E", "3": "W", "24": "S", "0": "S", "13": "N", "1": "N", "14": "E", "28": "N", "29": "N", "32": "E", "31": "S", "23": "S", "22": "N", "7": "S", "21": "E", "27": "S"}, {"37": "W", "22": "N", "7": "N", "5": "S", "26": "W", "29": "S", "13": "E", "24": "E", "31": "N", "20": "W", "14": "W", "27": "E", "1": "E", "23": "N", "21": "W"}, {"33": "N", "0": "N", "27": "W", "11": "W", "24": "S", "7": "S", "20": "E", "13": "W", "23": "W", "37": "N", "21": "W", "38": "E", "31": "N", "28": "N", "25": "S", "32": "E", "26": "N", "29": "N"}, {"3": "E", "11": "N", "29": "N", "1": "N", "20": "N", "26": "W", "32": "E", "33": "N", "28": "S", "0": "S", "27": "N", "13": "E", "5": "E", "38": "S", "14": "W", "21": "N", "22": "E"}, {"23": "E", "29": "W", "32": "E", "7": "S", "22": "S", "5": "N", "21": "N", "28": "W", "1": "E", "38": "N", "24": "W", "13": "S", "25": "N", "16": "S", "11": "S"}, {"31": "S", "25": "N", "38": "S", "3": "S", "1": "N", "22": "W", "13": "W", "27": "S", "16": "W", "11": "S", "26": "S", "23": "N", "37": "S", "29": "N", "7": "N", "5": "W", "0": "S"}, {"38": "S", "14": "W", "13": "W", "26": "E", "21": "W", "5": "N", "16": "N", "23": "N", "22": "N", "28": "N", "3": "S", "27": "N", "0": "N", "24": "E", "1": "W", "29": "S"}, {"1": "S", "38": "S", "31": "S", "27": "N", "24": "E", "7": "W", "26": "S", "23": "S", "16": "W", "11": "N", "5": "S", "37": "E", "29": "S", "13": "S", "20": "E", "28": "S", "22": "N"}, {"11": "W", "33": "S", "5": "W", "26": "N", "1": "S", "14": "E", "13": "W", "21": "E", "38": "W", "22": "E", "29": "N", "28": "W", "24": "W", "20": "S", "37": "S"}, {"37": "S", "13": "E", "0": "N", "27": "W", "1": "W", "22": "E", "31": "N", "16": "E", "23": "W", "3": "E", "24": "E", "29": "E", "5": "E", "25": "S", "7": "E"}, {"37": "S", "26": "W", "7": "W", "21": "N", "14": "S", "38": "E", "24": "W", "1": "S", "29": "S", "27": "E", "13": "E", "3": "N", "31": "N", "28": "S", "20": "S", "22": "N", "23": "N", "0": "N", "5": "W"}, {"5": "N", "24": "N", "29": "W", "23": "E", "27": "E", "38": "W", "13": "E", "1": "E", "14": "W", "3": "S", "21": "W", "26": "N", "16": "S", "20": "E", "11": "W", "33": "N", "25": "N", "7": "W", "37": "W"}, {"13": "E", "38": "W", "11": "S", "37": "N", "0": "N", "22": "E", "21": "E", "33": "E", "7": "N", "31": "S", "29": "N", "28": "W", "5": "S", "20": "W", "23": "E", "25": "W", "16": "N", "1": "N", "24": "S", "14": "W", "3": "W"}, {"33": "N", "7": "E", "22": "W", "20": "E", "37": "E", "14": "E", "21": "E", "38": "N", "0": "N", "27": "S", "3": "S", "1": "E", "5": "W", "16": "W", "31": "S", "23": "S", "24": "W", "26": "W", "13": "E", "28": "W", "25": "W"}, {"14": "W", "13": "S", "29": "N", "24": "W", "1": "N", "33": "N", "16": "E", "26": "W", "5": "S", "11": "N", "3": "N", "25": "S", "37": "N", "22": "S", "20": "W"}, {"1": "E", "21": "S", "24": "W", "11": "S", "23": "N", "3": "N", "28": "S", "7": "E", "14": "E", "27": "W", "33": "N", "31": "N", "26": "E", "29": "E", "5": "N", "20": "N", "13": "S", "16": "W", "0": "S"}, {"33": "W", "5": "S", "21": "N", "20": "S", "13": "W", "24": "W", "38": "S", "23": "E", "3": "W", "22": "N", "31": "S", "37": "N", "28": "N", "11": "N", "29": "S", "1": "W"}, {"22": "E", "11": "S", "27": "S", "13": "E", "28": "N", "29": "W", "25": "N", "0": "S", "26": "E", "3": "E", "14": "E", "1": "W", "31": "E", "21": "S", "20": "S", "23": "S", "33": "W", "38": "W", "5": "N", "37": "W"}, {"26": "W", "7": "S", "20": "S", "0": "E", "31": "S", "3": "S", "14": "N", "1": "S", "37": "E", "27": "N", "33": "W", "23": "N", "25": "E", "16": "W", "24": "W", "38": "E", "22": "E", "13": "E"}, {"27": "N", "25": "W", "21": "E", "31": "S", "23": "E", "28": "W", "0": "S", "5": "N", "37": "N", "7": "N", "1": "S", "20": "N", "3": "W", "26": "N", "33": "W", "11": "N", "13": "W", "22": "W"}, {"38": "E", "20": "N", "26": "W", "24": "E", "3": "N", "11": "S", "1": "E", "31": "S", "25": "W", "7": "S", "16": "E", "33": "W", "37": "N", "0": "E", "22": "S", "28": "E", "13": "E", "29": "W"}, {"24": "N", "20": "W", "7": "E", "13": "E", "27": "E", "31": "E", "3": "S", "21": "E", "5": "N", "16": "W", "23": "W", "37": "E", "14": "E", "33": "W", "38": "S", "22": "W", "29": "E"}, {"38": "S", "7": "N", "3": "N", "5": "S", "31": "E", "29": "N", "24": "S", "11": "W", "20": "S", "37": "W", "21": "E", "26": "N", "22": "N", "1": "E", "27": "W", "13": "W", "28": "S"}, {"37": "S", "11": "S", "22": "S", "24": "W", "31": "E", "20": "E", "0": "N", "16": "S", "23": "N", "13": "E", "26": "W", "3": "W", "7": "S", "25": "E", "14": "S", "29": "W", "5": "N"}, {"26": "E", "31": "E", "11": "E", "38": "N", "21": "W", "5": "E", "27": "W", "14": "E", "20": "E", "29": "S", "37": "W", "28": "W", "13": "E", "22": "N", "3": "S", "0": "S", "24": "E", "1": "S"}, {"26": "S", "11": "E", "16": "N", "38": "S", "28": "E", "20": "W", "37": "E", "3": "S", "29": "S", "13": "E", "1": "W", "23": "N", "27": "W", "21": "S"}, {"0": "N", "21": "W", "31": "E", "24": "E", "28": "W", "27": "S", "14": "N", "7": "E", "16": "S", "29": "W", "37": "E", "3": "E", "11": "N", "20": "W", "26": "W", "23": "E", "38": "E"}, {"25": "E", "14": "S", "16": "N", "29": "S", "37": "S", "26": "S", "5": "E", "11": "E", "13": "E", "23": "W", "20": "N", "28": "S", "27": "W", "7": "S", "31": "E"}, {"1": "S", "13": "N", "23": "W", "24": "E", "5": "W", "7": "W", "31": "E", "29": "N", "14": "W", "26": "N", "25": "W", "38": "W", "0": "S", "37": "E", "11": "S", "21": "N", "20": "N", "27": "E"}, {"31": "E", "23": "E", "25": "S", "5": "E", "13": "N", "1": "N", "38": "S", "11": "E", "0": "W", "3": "E", "20": "S", "27": "N", "29": "N", "37": "N", "7": "W", "14": "N", "21": "S", "16": "S", "22": "S"}, {"25": "S", "28": "N", "27": "W", "5": "S", "16": "N", "23": "E", "26": "E", "14": "W", "37": "N", "3": "N", "24": "W", "29": "E", "38": "N", "11": "N"}, {"16": "E", "14": "E", "13": "S", "37": "S", "3": "S", "11": "W", "24": "N", "0": "S", "22": "W", "27": "S", "21": "N", "20": "N", "5": "S", "29": "S", "1": "E", "25": "N"}, {"21": "S", "1": "N", "14": "N", "38": "S", "7": "E", "37": "W", "24": "E", "20": "E", "3": "W", "0": "S", "26": "W", "16": "S", "22": "E", "25": "N", "28": "S", "29": "W", "11": "N"}, {"21": "S", "25": "E", "29": "N", "37": "N", "38": "S", "14": "N", "0": "E", "3": "E", "27": "E", "26": "N", "23": "W", "20": "W", "11": "E", "16": "W", "5": "W", "22": "W"}, {"16": "S", "21": "E", "24": "S", "1": "S", "38": "S", "5": "W", "27": "W", "37": "S", "7": "E", "0": "W", "11": "E", "25": "W", "14": "W", "26": "S", "13": "N"}, {"13": "S", "28": "W", "21": "W", "38": "E", "27": "W", "1": "N", "20": "N", "23": "W", "29": "S", "5": "W", "0": "N", "14": "E", "3": "N", "22": "E"}, {"14": "E", "11": "W", "24": "E", "23": "W", "5": "E", "16": "N", "3": "E", "21": "E", "29": "S", "25": "W", "38": "N", "7": "E", "28": "E", "22": "N", "0": "N"}, {"5": "N", "25": "W", "7": "W", "29": "E", "27": "E", "20": "E", "11": "N", "16": "N", "23": "E", "38": "S", "0": "W", "21": "S", "14": "W", "22": "W", "1": "S", "13": "N", "26": "S", "24": "N"}, {"24": "W", "26": "N", "38": "N", "5": "S", "22": "E", "27": "S", "25": "W", "13": "S", "29": "N", "14": "E", "20": "N", "11": "S", "3": "W", "7": "E", "1": "N", "28": "N", "37": "W"}, {"28": "S", "27": "S", "29": "W", "5": "E", "20": "W", "0": "N", "25": "N", "14": "S", "21": "E", "22": "E", "24": "N", "38": "E", "13": "S", "7": "W"}, {"29": "N", "3": "N", "24": "N", "22": "W", "25": "E", "14": "S", "27": "W", "5": "W", "21": "W", "13": "N", "0": "S", "23": "W", "28": "S", "7": "S", "11": "W", "20": "N", "26": "S", "16": "E", "1": "N", "38": "W"}, {"26": "N", "25": "S", "24": "E", "16": "W", "13": "W", "23": "S", "11": "N", "29": "N", "38": "E", "0": "N", "5": "N", "3": "E", "22": "W", "7": "E", "1": "W"}, {"23": "W", "14": "W", "7": "W", "1": "N", "24": "S", "13": "E", "37": "W", "11": "N", "22": "W", "38": "E", "29": "E", "0": "E", "25": "N"}, {"24": "S", "11": "N", "7": "N", "37": "S", "1": "W", "16": "E", "28": "E", "22": "S", "26": "N", "25": "S", "38": "W", "5": "E", "13": "S", "14": "E", "0": "W"}, {"0": "E", "20": "W", "27": "N", "16": "W", "22": "N", "11": "S", "24": "S", "37": "N", "13": "N", "25": "W", "14": "W", "23": "N", "7": "N", "3": "W", "29": "W", "21": "N", "38": "E"}, {"0": "E", "23": "W", "14": "S", "16": "E", "26": "E", "1": "E", "11": "E", "13": "N", "24": "E", "28": "W", "27": "S", "38": "W", "20": "S", "3": "E", "22": "W", "21": "S", "7": "S"}, {"13": "S", "26": "S", "5": "S", "25": "S", "11": "N", "3": "W", "37": "E", "7": "N", "24": "W", "23": "E", "21": "E", "22": "W", "27": "W", "1": "E", "14": "E"}, {"26": "E", "11": "E", "28": "S", "20": "S", "5": "N", "38": "E", "13": "N", "7": "S", "0": "S", "21": "W", "3": "S", "37": "E", "16": "W", "22": "W", "25": "S", "1": "S"}, {"3": "N", "7": "W", "1": "W", "28": "N", "14": "N", "16": "S", "29": "W", "24": "W", "27": "N", "21": "N", "0": "W", "5": "N", "22": "S", "23": "S", "38": "S", "11": "N"}, {"20": "S", "27": "E", "37": "N", "29": "E", "23": "E", "24": "N", "38": "E", "5": "E", "7": "E", "21": "S", "11": "W", "13": "W", "26": "E", "16": "E", "14": "N", "1": "S", "22": "E"}, {"13": "W", "29": "E", "27": "W", "25": "S", "28": "W", "26": "S", "14": "W", "5": "E", "0": "S", "23": "N", "7": "N", "1": "E", "21": "W"}, {"20": "E", "3": "S", "7": "E", "23": "E", "5": "W", "25": "S", "21": "N", "29": "S", "24": "E", "26": "N", "11": "W", "37": "S", "0": "S", "27": "S", "28": "S", "38": "W", "1": "S"}, {"24": "W", "13": "E", "27": "S", "0": "W", "5": "S", "38": "N", "11": "S", "20": "W", "1": "S", "7": "W", "26": "W", "29": "N", "37": "S", "21": "S", "22": "E"}, {"22": "W", "26": "E", "5": "E", "20": "N", "25": "E", "23": "W", "16": "W", "28": "N", "37": "S", "7": "E", "1": "W", "24": "W", "11": "E", "3": "E", "29": "W"}, {"24": "S", "11": "S", "14": "N", "1": "E", "7": "S", "5": "W", "27": "N", "28": "S", "26": "E", "0": "N", "29": "W", "22": "E", "38": "E", "13": "N", "16": "S", "25": "W", "37": "E", "3": "N", "21": "W"}, {"14": "E", "1": "N", "21": "W", "27": "E", "37": "E", "29": "W", "20": "E", "5": "E", "25": "N", "7": "N", "28": "E", "11": "E", "23": "W", "24": "E"}, {"13": "E", "20": "S", "22": "S", "26": "W", "27": "E", "24": "E", "25": "N", "38": "W", "37": "N", "21": "E", "28": "N", "3": "W", "23": "S", "11": "W", "5": "N", "1": "S", "16": "S", "0": "E"}, {"14": "S", "38": "E", "28": "S", "25": "S", "21": "N", "29": "S", "16": "N", "23": "N", "11": "E", "22": "E", "20": "W", "37": "W", "24": "N", "27": "W", "3": "E"}, {"28": "E", "1": "W", "5": "S", "22": "N", "29": "S", "14": "N", "3": "W", "38": "S", "26": "S", "0": "S", "13": "S", "25": "E", "37": "N", "16": "N"}, {"25": "S", "29": "N", "0": "W", "24": "W", "13": "S", "7": "N", "1": "E", "16": "E", "22": "E", "26": "W", "3": "S", "28": "E", "37": "W", "14": "N", "20": "N", "11": "E", "21": "S", "23": "E"}, {"11": "W", "14": "W", "0": "E", "25": "N", "22": "S", "5": "W", "3": "W", "28": "S", "13": "W", "21": "E", "20": "S", "16": "N", "1": "N", "23": "W", "37": "E", "24": "W", "26": "W", "38": "N"}, {"11": "S", "7": "W", "16": "S", "5": "N", "1": "W", "24": "S", "20": "S", "27": "E", "37": "S", "22": "N", "26": "W", "3": "S", "38": "W", "29": "W", "0": "W", "28": "S"}, {"23": "S", "38": "E", "1": "E", "20": "N", "24": "W", "26": "E", "14": "E", "27": "S", "16": "S", "21": "W", "11": "N", "7": "E", "0": "E"}, {"38": "W", "23": "S", "16": "W", "28": "S", "11": "E", "3": "N", "21": "N", "5": "W", "27": "N", "29": "E", "26": "N", "14": "S", "20": "S", "0": "W", "25": "S", "24": "E", "13": "W"}, {"1": "N", "29": "S", "7": "W", "16": "E", "14": "S", "21": "S", "3": "W", "11": "S", "37": "N", "25": "W", "13": "E", "23": "E", "28": "S"}, {"13": "W", "29": "N", "0": "S", "3": "W", "37": "W", "1": "N", "28": "W", "11": "S", "7": "W", "22": "N", "21": "S", "14": "W", "24": "W", "16": "W", "38": "W", "5": "W", "27": "W"}, {"3": "S", "1": "N", "21": "E", "38": "S", "27": "S", "16": "N", "0": "E", "20": "E", "5": "E", "23": "S", "26": "E", "13": "N", "22": "N", "29": "E", "7": "W"}, {"7": "W", "5": "W", "1": "W", "20": "E", "28": "N", "3": "S", "23": "S", "38": "S", "37": "S", "26": "E", "29": "W", "27": "E", "25": "E", "21": "W", "0": "N", "24": "E", "13": "E", "14": "S"}, {"13": "E", "1": "S", "3": "N", "23": "E", "21": "N", "38": "E", "22": "N", "37": "N", "11": "S", "25": "W", "20": "W", "27": "S", "28": "E", "7": "E"}, {"16": "S", "23": "W", "21": "E", "29": "E", "11": "N", "27": "N", "25": "E", "3": "S", "28": "N", "1": "N", "22": "N", "26": "S", "24": "E", "37": "E", "20": "W", "14": "E", "13": "N"}, {"11": "W", "14": "E", "5": "W", "37": "E", "23": "N", "28": "W", "22": "W", "38": "E", "21": "E", "25": "S", "29": "W", "27": "E", "1": "N"}, {"23": "S", "16": "S", "37": "E", "24": "W", "25": "W", "13": "W", "5": "W", "28": "S", "0": "E", "22": "W", "1": "S", "7": "S", "38": "N", "29": "W", "27": "W", "11": "N"}, {"28": "W", "27": "S", "7": "S", "23": "S", "22": "E", "29": "W", "24": "W", "37": "S", "11": "S", "26": "S", "21": "N", "13": "N", "0": "N", "14": "W", "16": "S"}, {"13": "E", "29": "S", "7": "W", "25": "N", "22": "S", "14": "N", "23": "S", "21": "W", "1": "E", "37": "S", "5": "S", "3": "S", "27": "N", "11": "S"}, {"21": "N", "25": "E", "7": "E", "20": "S", "16": "S", "37": "W", "13": "N", "3": "E", "1": "S", "14": "N", "23": "W", "26": "N", "27": "N", "24": "N", "0": "S", "5": "S"}, {"1": "S", "3": "S", "20": "E", "14": "W", "11": "N", "28": "E", "37": "W", "25": "N", "26": "W", "38": "N", "23": "E", "7": "N", "24": "S", "0": "S", "16": "N"}, {"5": "E", "13": "S", "25": "N", "28": "N", "27": "N", "20": "S", "38": "W", "26": "W", "21": "S", "22": "E", "14": "E", "37": "E", "23": "E"}, {"38": "S", "16": "E", "26": "S", "27": "S", "14": "S", "7": "E", "37": "N", "0": "S", "1": "N", "11": "E", "21": "W", "24": "W", "23": "N", "29": "W", "5": "W", "22": "N", "25": "N", "20": "W"}, {"11": "S", "5": "S", "13": "N", "3": "E", "38": "E", "14": "N", "0": "S", "37": "E", "27": "E", "16": "W", "21": "N", "28": "E", "23": "N", "25": "N", "29": "N", "1": "W", "7": "W", "22": "N"}, {"22": "E", "3": "S", "23": "S", "11": "S", "25": "W", "13": "S", "38": "W", "0": "S", "7": "N", "28": "E", "5": "W", "24": "E", "29": "E", "1": "N", "27": "W", "21": "N", "37": "S", "16": "S"}, {"27": "E", "29": "W", "20": "N", "21": "E", "5": "N", "22": "W", "26": "S", "28": "W", "13": "W", "38": "N", "1": "N", "23": "N", "3": "E", "37": "E", "14": "W", "7": "E"}, {"23": "E", "14": "E", "16": "N", "20": "E", "5": "N", "38": "N", "3": "W", "22": "N", "37": "N", "0": "E", "27": "E", "11": "W", "26": "N", "25": "N", "7": "E", "29": "E", "24": "E", "28": "W"}, {"21": "N", "24": "W", "37": "E", "11": "N", "23": "E", "13": "N", "38": "E", "28": "N", "29": "E", "3": "W", "14": "E", "5": "S"}, {"13": "N", "25": "W", "23": "W", "27": "W", "26": "N", "28": "N", "3": "E", "22": "N", "21": "E", "11": "E", "0": "E", "5": "N", "14": "W", "7": "W", "20": "W", "16": "N", "37": "W", "38": "S", "29": "W"}]}