{"instance": "small_free_001_10x10_40_40", "steps": [{"1": "N", "3": "W", "15": "E", "26": "W", "28": "E", "2": "N", "4": "S", "5": "N", "6": "N", "7": "N", "9": "E", "10": "N", "12": "W", "13": "E", "14": "W", "16": "S", "17": "W", "18": "E", "20": "W", "23": "N", "24": "N", "25": "S", "27": "E", "29": "N", "30": "W", "31": "E", "32": "N", "33": "S", "36": "N", "38": "N", "39": "S"}, {"3": "N", "15": "E", "28": "N", "2": "N", "5": "W", "7": "N", "8": "W", "9": "E", "10": "E", "11": "E", "16": "E", "17": "W", "18": "E", "19": "W", "23": "E", "24": "E", "27": "E", "29": "E", "30": "W", "32": "E", "33": "E", "34": "E", "39": "S"}, {"0": "E", "1": "N", "3": "E", "15": "E", "2": "E", "5": "N", "7": "N", "8": "N", "9": "S", "10": "E", "16": "N", "19": "S", "23": "E", "24": "N", "27": "S", "29": "E", "31": "N", "34": "E", "36": "W", "37": "S", "39": "S"}, {"0": "S", "1": "W", "15": "S", "2": "N", "5": "W", "7": "N", "9": "S", "10": "E", "11": "N", "19": "W", "23": "N", "24": "E", "29": "E", "31": "E", "34": "E", "36": "N", "38": "E"}, {"15": "S", "2": "N", "4": "W", "5": "N", "6": "E", "7": "N", "8": "W", "9": "S", "10": "S", "11": "E", "17": "S", "19": "S", "22": "N", "23": "N", "24": "N", "29": "E", "30": "W", "31": "E", "32": "E", "36": "N"}, {"3": "W", "15": "S", "26": "S", "2": "E", "4": "W", "5": "N", "6": "N", "9": "S", "10": "E", "11": "E", "16": "N", "17": "S", "22": "N", "24": "E", "25": "N", "27": "E", "29": "N", "30": "W", "31": "E", "32": "N", "34": "S", "36": "N", "37": "S", "39": "E"}, {"15": "W", "5": "N", "7": "E", "8": "W", "9": "S", "11": "N", "16": "N", "19": "W", "20": "W", "22": "E", "24": "N", "25": "E", "27": "E", "29": "N", "30": "W", "32": "N", "36": "W", "37": "E", "39": "N"}, {"15": "W", "2": "N", "5": "E", "7": "E", "8": "N", "9": "S", "11": "E", "20": "W", "22": "N", "23": "N", "24": "E", "25": "N", "29": "N", "32": "N", "36": "W", "37": "E"}, {"0": "S", "3": "N", "15": "S", "26": "W", "2": "N", "7": "N", "9": "E", "10": "N", "12": "S", "16": "W", "22": "W", "23": "E", "25": "E", "29": "W", "32": "W", "36": "N", "37": "S"}, {"0": "S", "3": "N", "15": "W", "26": "S", "2": "W", "4": "W", "7": "E", "10": "N", "11": "N", "12": "S", "16": "N", "22": "N", "23": "N", "24": "N", "25": "N", "29": "W", "32": "S", "36": "W", "37": "S", "38": "W", "39": "W"}, {"20": "E"}, {"20": "N"}, {"20": "E"}, {"20": "E"}, {"20": "E"}, {"20": "E"}, {"20": "E"}, {"20": "E"}, {"20": "E"}, {"20": "E"}, {"20": "E"}, {"20": "E"}, {"20": "E"}, {"20": "S"}, {"20": "S"}, {"16": "W"}, {"16": "W"}, {"16": "S"}, {"16": "S"}, {"16": "E"}, {"16": "S"}, {"16": "S"}, {"16": "S"}, {"16": "S"}, {"16": "S"}, {"16": "E"}, {"21": "N"}, {"21": "N"}, {"21": "N"}, {"21": "N"}, {"21": "N"}, {"21": "E"}, {"32": "S"}, {"32": "S"}, {"32": "S"}, {"32": "S"}, {"32": "S"}, {"32": "S"}, {"32": "S"}, {"32": "S"}, {"32": "S"}, {"34": "S"}, {"34": "W"}, {"34": "W"}, {"34": "W"}, {"34": "W"}, {"34": "W"}, {"34": "N"}, {"28": "W"}, {"28": "N"}, {"28": "W"}, {"28": "W"}, {"28": "W"}, {"28": "W"}, {"28": "W"}, {"28": "W"}, {"28": "W"}, {"4": "N"}, {"4": "N"}, {"39": "W"}, {"39": "W"}, {"39": "W"}, {"39": "W"}, {"39": "N"}, {"39": "W"}, {"39": "N"}, {"27": "E"}, {"27": "S"}, {"27": "S"}, {"27": "S"}, {"27": "W"}, {"3": "W"}, {"3": "N"}, {"0": "E"}, {"0": "E"}, {"15": "N"}, {"15": "W"}, {"15": "N"}, {"15": "N"}, {"15": "W"}, {"15": "W"}, {"15": "W"}, {"15": "N"}, {"15": "N"}, {"15": "N"}, {"15": "N"}, {"15": "N"}, {"15": "E"}, {"17": "E"}, {"17": "S"}, {"17": "E"}, {"17": "E"}, {"17": "N"}, {"17": "E"}, {"17": "E"}, {"17": "S"}, {"17": "E"}, {"13": "N"}, {"13": "W"}, {"13": "W"}, {"13": "W"}, {"13": "W"}, {"13": "W"}, {"13": "W"}, {"13": "W"}, {"13": "N"}, {"13": "N"}, {"13": "E"}, {"29": "W"}, {"29": "S"}, {"29": "W"}, {"29": "W"}, {"29": "W"}, {"29": "W"}, {"29": "W"}, {"23": "E"}, {"23": "S"}, {"23": "S"}, {"23": "S"}, {"23": "S"}, {"23": "S"}, {"23": "E"}, {"23": "E"}, {"23": "S"}, {"23": "S"}, {"23": "E"}, {"23": "S"}, {"23": "S"}, {"23": "S"}, {"12": "E"}, {"12": "E"}, {"12": "N"}, {"12": "N"}, {"12": "E"}, {"12": "E"}, {"12": "E"}, {"12": "E"}, {"12": "S"}, {"38": "S"}, {"38": "S"}, {"38": "S"}, {"38": "S"}, {"38": "S"}, {"38": "S"}, {"38": "S"}, {"38": "E"}, {"38": "S"}, {"38": "S"}, {"26": "E"}, {"26": "E"}, {"26": "E"}, {"26": "E"}, {"26": "E"}, {"26": "E"}, {"26": "E"}, {"26": "E"}, {"26": "E"}, {"26": "E"}, {"37": "N"}, {"37": "E"}, {"37": "N"}, {"37": "E"}, {"37": "E"}, {"37": "E"}, {"36": "E"}, {"36": "E"}, {"36": "E"}, {"36": "E"}, {"33": "W"}, {"33": "N"}, {"33": "N"}, {"33": "W"}, {"33": "N"}, {"33": "W"}, {"33": "N"}, {"33": "W"}, {"33": "W"}, {"33": "N"}, {"33": "N"}, {"33": "N"}, {"33": "N"}, {"33": "N"}, {"33": "W"}, {"22": "W"}, {"22": "S"}, {"22": "W"}, {"22": "W"}, {"22": "S"}, {"14": "E"}, {"14": "E"}, {"14": "E"}, {"14": "E"}, {"14": "E"}, {"14": "E"}, {"14": "E"}, {"14": "E"}, {"14": "S"}, {"14": "S"}, {"14": "S"}, {"14": "S"}, {"14": "E"}, {"14": "S"}, {"10": "N"}, {"10": "N"}, {"10": "N"}, {"10": "N"}, {"10": "N"}, {"10": "W"}, {"35": "W"}, {"31": "S"}, {"31": "S"}, {"31": "S"}, {"31": "W"}, {"31": "S"}, {"19": "E"}, {"19": "E"}, {"30": "N"}, {"30": "E"}, {"30": "E"}, {"30": "E"}, {"30": "E"}, {"25": "E"}, {"25": "S"}, {"25": "S"}, {"25": "S"}, {"25": "S"}, {"18": "W"}, {"18": "W"}, {"18": "W"}, {"18": "N"}, {"18": "N"}, {"18": "W"}, {"18": "W"}, {"18": "W"}, {"18": "N"}, {"18": "N"}, {"18": "N"}, {"11": "W"}, {"9": "N"}, {"9": "E"}, {"9": "E"}, {"9": "N"}, {"8": "E"}, {"8": "E"}, {"8": "E"}, {"7": "S"}, {"7": "E"}, {"7": "E"}, {"7": "S"}, {"7": "S"}, {"7": "S"}, {"7": "E"}, {"7": "E"}, {"7": "E"}, {"7": "S"}, {"6": "S"}, {"6": "W"}, {"6": "W"}, {"6": "W"}, {"6": "W"}, {"6": "W"}, {"6": "S"}, {"5": "S"}, {"5": "E"}, {"5": "E"}, {"5": "E"}, {"5": "S"}, {"1": "S"}, {"1": "S"}, {"1": "S"}, {"1": "S"}, {"1": "W"}, {"2": "S"}, {"2": "E"}, {"2": "E"}, {"2": "S"}, {"2": "S"}, {"2": "S"}, {"2": "S"}, {"2": "S"}, {"2": "S"}]}