{"instance": "small_free_001_10x10_40_40", "steps": [{"0": "W", "1": "N", "3": "W", "28": "E", "2": "N", "4": "W", "5": "N", "6": "N", "7": "N", "9": "E", "10": "N", "11": "N", "12": "W", "13": "E", "14": "N", "16": "E", "17": "W", "18": "W", "20": "W", "22": "W", "23": "N", "24": "S", "25": "E", "27": "E", "29": "N", "30": "W", "31": "E", "32": "N", "33": "S", "34": "W", "36": "S", "37": "E", "38": "N"}, {"0": "N", "1": "E", "3": "N", "28": "S", "2": "N", "5": "N", "6": "N", "7": "N", "8": "N", "9": "S", "10": "E", "11": "N", "18": "N", "19": "S", "22": "N", "25": "S", "27": "N", "29": "W", "30": "W", "32": "N", "33": "W", "34": "N", "36": "S", "37": "S", "38": "N"}, {"1": "N", "3": "W", "2": "E", "4": "N", "6": "W", "8": "W", "9": "S", "10": "S", "11": "E", "12": "W", "14": "N", "17": "W", "18": "W", "19": "W", "20": "W", "22": "N", "25": "E", "27": "N", "29": "W", "30": "W", "32": "E", "36": "S", "37": "S", "38": "E"}, {"1": "N", "3": "W", "2": "E", "4": "W", "6": "W", "8": "W", "9": "S", "12": "N", "14": "E", "16": "N", "17": "W", "19": "W", "20": "S", "22": "W", "24": "W", "27": "E", "29": "W", "30": "W", "31": "S", "34": "W", "38": "S"}, {"1": "W", "3": "N", "15": "S", "2": "N", "5": "E", "6": "N", "8": "W", "12": "E", "14": "E", "16": "N", "17": "W", "24": "W", "27": "S", "29": "W", "30": "S"}, {"1": "W", "3": "W", "15": "S", "2": "E", "6": "N", "7": "N", "8": "N", "11": "E", "14": "E", "19": "W", "25": "E", "27": "E"}, {"1": "N", "3": "W", "15": "S", "2": "N", "4": "W", "6": "W", "7": "N", "11": "N", "12": "N", "16": "W", "22": "W", "25": "E", "27": "E", "29": "S", "34": "S", "39": "E"}, {"1": "W", "15": "S", "28": "S", "4": "N", "5": "N", "6": "W", "7": "E", "9": "S", "10": "N", "11": "E", "12": "N", "22": "N", "25": "E", "27": "S", "30": "W", "31": "S", "34": "E", "37": "S", "39": "S"}, {"15": "W", "28": "E", "4": "W", "5": "N", "6": "N", "7": "E", "9": "S", "12": "E", "13": "E", "14": "E", "22": "N", "25": "S", "27": "S", "30": "N", "31": "S", "34": "S", "36": "W", "39": "S"}, {"3": "N", "15": "W", "28": "N", "4": "W", "5": "N", "7": "N", "9": "S", "12": "N", "13": "N", "14": "E", "20": "S", "22": "N", "27": "S", "29": "W", "30": "N", "31": "E", "34": "S", "36": "W", "37": "S", "39": "W"}, {"3": "N", "15": "W", "28": "N", "5": "E", "7": "E", "10": "N", "12": "N", "13": "W", "14": "E", "29": "S", "31": "E", "36": "W", "37": "E"}, {"3": "N", "28": "N", "6": "E", "7": "E", "10": "N", "12": "E", "13": "N", "14": "E", "18": "W", "29": "W", "36": "N", "37": "S"}, {"3": "N", "15": "W", "28": "N", "2": "N", "6": "S", "7": "N", "9": "E", "10": "N", "12": "E", "14": "S", "17": "S", "18": "N", "20": "E", "22": "N", "29": "N", "30": "E", "31": "E", "34": "S", "36": "N", "37": "W", "39": "N"}, {"26": "E"}, {"26": "E"}, {"26": "E"}, {"26": "E"}, {"26": "E"}, {"26": "E"}, {"26": "E"}, {"26": "E"}, {"26": "E"}, {"26": "S"}, {"26": "S"}, {"26": "W"}, {"38": "W"}, {"38": "S"}, {"38": "S"}, {"38": "S"}, {"38": "S"}, {"38": "S"}, {"38": "S"}, {"38": "S"}, {"38": "S"}, {"38": "S"}, {"38": "E"}, {"13": "W"}, {"13": "N"}, {"13": "W"}, {"13": "W"}, {"13": "W"}, {"13": "W"}, {"13": "W"}, {"20": "S"}, {"20": "E"}, {"20": "E"}, {"20": "E"}, {"20": "E"}, {"20": "N"}, {"20": "E"}, {"20": "E"}, {"20": "N"}, {"20": "E"}, {"20": "E"}, {"20": "E"}, {"20": "E"}, {"16": "S"}, {"16": "S"}, {"16": "S"}, {"16": "S"}, {"16": "S"}, {"16": "S"}, {"21": "N"}, {"21": "N"}, {"21": "N"}, {"21": "N"}, {"21": "N"}, {"21": "E"}, {"32": "S"}, {"32": "S"}, {"32": "S"}, {"32": "S"}, {"32": "S"}, {"32": "S"}, {"32": "S"}, {"32": "S"}, {"15": "N"}, {"15": "W"}, {"15": "N"}, {"15": "N"}, {"15": "N"}, {"15": "N"}, {"15": "E"}, {"15": "E"}, {"15": "N"}, {"15": "N"}, {"15": "N"}, {"0": "E"}, {"0": "S"}, {"0": "S"}, {"0": "E"}, {"0": "E"}, {"0": "E"}, {"0": "E"}, {"0": "S"}, {"0": "S"}, {"0": "W"}, {"28": "W"}, {"28": "W"}, {"28": "W"}, {"28": "W"}, {"28": "W"}, {"28": "W"}, {"28": "W"}, {"28": "W"}, {"28": "W"}, {"29": "N"}, {"29": "E"}, {"29": "N"}, {"29": "N"}, {"29": "E"}, {"39": "W"}, {"39": "W"}, {"39": "N"}, {"39": "W"}, {"39": "W"}, {"39": "W"}, {"23": "S"}, {"23": "S"}, {"23": "E"}, {"23": "S"}, {"23": "E"}, {"23": "S"}, {"23": "E"}, {"23": "E"}, {"23": "S"}, {"23": "E"}, {"23": "E"}, {"23": "S"}, {"23": "E"}, {"27": "S"}, {"27": "S"}, {"37": "E"}, {"37": "N"}, {"37": "N"}, {"37": "E"}, {"37": "E"}, {"37": "N"}, {"37": "E"}, {"37": "E"}, {"36": "N"}, {"36": "N"}, {"36": "E"}, {"36": "N"}, {"36": "E"}, {"36": "E"}, {"36": "N"}, {"36": "N"}, {"36": "N"}, {"35": "W"}, {"34": "W"}, {"34": "N"}, {"34": "N"}, {"1": "S"}, {"1": "S"}, {"1": "S"}, {"1": "S"}, {"1": "S"}, {"1": "S"}, {"10": "E"}, {"10": "N"}, {"10": "N"}, {"10": "N"}, {"10": "E"}, {"3": "E"}, {"3": "S"}, {"3": "S"}, {"3": "E"}, {"3": "E"}, {"33": "N"}, {"33": "N"}, {"33": "N"}, {"33": "W"}, {"33": "W"}, {"33": "W"}, {"33": "N"}, {"33": "N"}, {"33": "N"}, {"33": "N"}, {"33": "N"}, {"33": "N"}, {"33": "W"}, {"31": "W"}, {"30": "E"}, {"30": "E"}, {"30": "E"}, {"14": "S"}, {"14": "S"}, {"14": "S"}, {"14": "E"}, {"14": "S"}, {"14": "S"}, {"14": "S"}, {"25": "W"}, {"25": "W"}, {"24": "N"}, {"24": "E"}, {"24": "N"}, {"24": "N"}, {"24": "N"}, {"24": "E"}, {"24": "E"}, {"24": "N"}, {"24": "N"}, {"24": "E"}, {"24": "E"}, {"24": "E"}, {"22": "S"}, {"22": "S"}, {"22": "S"}, {"22": "S"}, {"19": "E"}, {"19": "E"}, {"19": "S"}, {"17": "E"}, {"17": "E"}, {"17": "E"}, {"17": "E"}, {"17": "E"}, {"17": "E"}, {"17": "E"}, {"17": "S"}, {"17": "S"}, {"17": "E"}, {"18": "W"}, {"18": "N"}, {"18": "N"}, {"18": "N"}, {"12": "S"}, {"12": "S"}, {"12": "S"}, {"12": "E"}, {"12": "S"}, {"12": "S"}, {"12": "E"}, {"12": "E"}, {"12": "S"}, {"9": "N"}, {"9": "E"}, {"9": "E"}, {"9": "N"}, {"9": "E"}, {"8": "E"}, {"8": "E"}, {"8": "E"}, {"7": "E"}, {"7": "S"}, {"7": "S"}, {"7": "E"}, {"7": "S"}, {"7": "S"}, {"7": "E"}, {"7": "E"}, {"7": "S"}, {"6": "W"}, {"6": "S"}, {"6": "S"}, {"6": "S"}, {"6": "S"}, {"5": "S"}, {"5": "S"}, {"4": "S"}, {"4": "E"}, {"4": "E"}, {"2": "S"}, {"2": "S"}, {"2": "S"}, {"2": "S"}, {"2": "S"}, {"2": "S"}]}