{"instance": "small_free_001_10x10_40_40", "steps": [{"0": "W", "1": "N", "3": "W", "15": "E", "26": "W", "28": "E", "35": "N", "2": "N", "4": "W", "5": "N", "6": "W", "7": "N", "9": "S", "11": "N", "12": "W", "13": "E", "16": "E", "17": "W", "18": "E", "20": "W", "23": "W", "24": "S", "25": "E", "27": "S", "29": "E", "30": "S", "31": "N", "32": "N", "33": "S", "36": "W", "37": "S", "38": "N"}, {"0": "W", "3": "S", "2": "N", "4": "S", "5": "W", "6": "N", "7": "N", "8": "W", "9": "S", "10": "S", "11": "N", "17": "W", "19": "W", "20": "W", "23": "W", "24": "S", "27": "S", "30": "S", "31": "E", "32": "N", "36": "W", "37": "W", "38": "W", "39": "S"}, {"0": "W", "26": "W", "2": "N", "4": "E", "7": "N", "8": "W", "9": "S", "10": "S", "12": "N", "16": "N", "17": "W", "18": "S", "22": "N", "24": "S", "27": "S", "30": "W", "31": "N", "32": "N", "36": "W", "37": "W"}, {"26": "W", "28": "E", "2": "N", "4": "E", "6": "N", "7": "E", "9": "S", "10": "S", "12": "W", "16": "N", "17": "W", "18": "S", "19": "S", "22": "N", "23": "W", "24": "S", "25": "N", "31": "E", "33": "S", "36": "W", "38": "W"}, {"3": "S", "28": "N", "2": "N", "5": "N", "6": "W", "9": "S", "10": "E", "16": "W", "17": "N", "19": "W", "24": "E", "25": "E", "31": "E", "33": "S", "36": "N"}, {"22": "W"}, {"22": "W"}, {"22": "W", "11": "E"}, {"11": "E"}, {"11": "E"}, {"11": "N"}, {"5": "E", "3": "W", "28": "W", "0": "S"}, {"5": "E", "39": "W", "3": "W", "15": "N", "26": "S", "28": "W", "0": "S", "1": "E"}, {"5": "N", "34": "S", "3": "N", "15": "W", "26": "E", "28": "W", "0": "S", "1": "S"}, {"35": "W", "5": "E", "39": "W", "3": "N", "15": "W", "26": "S", "0": "E", "1": "E"}, {"35": "S", "39": "W", "15": "W", "26": "E", "4": "S", "0": "E", "1": "S"}, {"39": "N", "26": "E", "28": "N", "4": "W", "0": "E", "1": "S"}, {"39": "W", "3": "N", "26": "E", "28": "N", "1": "W"}, {"34": "W", "39": "W", "3": "N", "26": "E", "28": "W", "1": "W"}, {"34": "W", "26": "S", "28": "W", "1": "W"}, {"26": "E", "28": "W", "4": "W", "1": "W"}, {"3": "N", "15": "N", "26": "E", "28": "W", "4": "N", "0": "S"}, {"3": "N", "26": "N", "28": "W", "4": "N"}, {"3": "E", "26": "E", "28": "W", "4": "W", "0": "E"}, {"26": "S", "28": "S", "4": "N", "0": "S"}, {"15": "W", "26": "E"}, {"26": "E", "4": "W"}, {"26": "E"}, {"26": "N"}, {"0": "S"}, {"15": "W", "0": "E"}, {"15": "N", "0": "E"}, {"0": "N"}, {"15": "N", "0": "N"}, {"15": "E", "0": "N"}, {"2": "E", "6": "W", "8": "E", "9": "E", "18": "W", "19": "S", "25": "S", "27": "S", "36": "E", "37": "S", "17": "E", "38": "S", "13": "W", "33": "W", "10": "N", "24": "S", "16": "W"}, {"2": "S", "6": "W", "7": "S", "8": "N", "18": "N", "19": "E", "25": "E", "27": "E", "36": "N", "37": "E", "17": "E", "31": "E", "14": "W", "13": "S", "33": "W", "10": "E", "24": "E", "20": "E"}, {"2": "S", "8": "N", "9": "E", "18": "W", "27": "E", "36": "E", "37": "E", "17": "E", "31": "S", "14": "N", "13": "S", "33": "W", "10": "S", "24": "E", "20": "E"}, {"2": "E", "8": "E", "9": "E", "18": "N", "25": "S", "27": "E", "36": "E", "37": "E", "17": "S", "31": "S", "14": "N", "23": "S", "13": "W", "33": "W", "10": "E", "24": "E", "20": "N"}, {"2": "S", "25": "S", "27": "E", "30": "N", "36": "E", "37": "E", "12": "E", "17": "S", "31": "S", "14": "E", "23": "S", "33": "W", "10": "E", "24": "E", "20": "N"}, {"2": "E", "9": "E", "18": "N", "30": "N", "36": "N", "37": "E", "12": "N", "31": "S", "14": "E", "23": "S", "33": "N", "10": "E", "24": "E", "20": "N"}, {"2": "S", "9": "E", "18": "W", "36": "N", "37": "E", "31": "S", "14": "E", "23": "S", "33": "W", "10": "E", "24": "E"}, {"2": "S", "9": "N", "18": "W", "36": "N", "37": "E", "17": "E", "31": "W", "14": "N", "29": "E", "33": "N", "10": "E", "24": "E", "20": "N"}, {"2": "S", "6": "S", "30": "N", "17": "E", "14": "E", "23": "E", "13": "W", "29": "N", "33": "N", "10": "N", "20": "E"}, {"7": "N", "18": "W", "17": "S", "38": "W", "14": "S", "23": "E", "13": "W", "29": "N", "33": "N", "10": "N"}, {"6": "S", "7": "W", "18": "N", "37": "E", "17": "S", "38": "S", "14": "E", "23": "S", "13": "W", "29": "N", "33": "N", "10": "N", "24": "N", "20": "E"}, {"18": "N", "38": "S", "14": "E", "23": "S", "13": "W", "29": "N", "33": "N", "10": "N", "24": "N"}, {"7": "S", "17": "W", "38": "S", "14": "E", "23": "S", "13": "W", "29": "N", "10": "N", "24": "N", "32": "N"}, {"14": "S", "23": "E", "13": "N", "29": "N", "10": "N", "24": "N", "32": "W", "20": "E", "16": "W"}, {"18": "N", "14": "E", "23": "S", "29": "W", "10": "N", "24": "N", "32": "W", "16": "N"}, {"18": "N", "12": "E", "14": "E", "23": "E", "13": "W", "29": "N", "10": "W", "24": "N", "32": "W", "20": "E", "16": "W"}, {"7": "E", "14": "E", "23": "N", "13": "N", "29": "W", "10": "N", "24": "N", "32": "W", "20": "E"}, {"12": "E", "17": "S", "14": "E", "23": "E", "13": "N", "29": "W", "33": "N", "10": "N", "24": "N", "32": "W", "20": "E"}, {"7": "E", "12": "E", "17": "E", "14": "S", "23": "E", "13": "E", "29": "W", "10": "W", "24": "W", "32": "S", "20": "E", "16": "W"}, {"7": "E", "12": "E", "17": "E", "14": "S", "23": "E", "13": "N", "29": "W", "10": "W", "24": "N", "32": "E", "16": "W"}, {"7": "E", "12": "E", "17": "E", "38": "E", "14": "S", "13": "N", "10": "N", "24": "N", "32": "S", "16": "S"}, {"7": "E", "12": "E", "17": "E", "38": "S", "14": "S", "13": "E", "33": "W", "10": "W", "24": "W", "32": "S", "16": "S"}, {"12": "S", "17": "N", "38": "S", "14": "S", "23": "E", "33": "W", "32": "S", "20": "S", "16": "W"}, {"12": "S", "14": "S", "23": "E", "29": "S", "33": "N", "24": "W", "32": "S", "16": "S"}, {"12": "S", "38": "S", "14": "W", "29": "S", "33": "N", "24": "W", "32": "E"}, {"14": "W", "23": "E", "29": "S", "33": "E", "20": "S"}, {"7": "E", "38": "E", "29": "W", "33": "N", "32": "S", "20": "E", "16": "W"}, {"7": "E", "38": "E", "23": "N", "29": "S", "33": "N", "32": "S", "20": "E", "16": "S"}, {"7": "E", "38": "E", "23": "N", "32": "S", "20": "S", "16": "S"}, {"7": "S", "38": "S", "32": "S", "20": "S", "16": "S"}, {"33": "N", "32": "E", "20": "S", "16": "S"}, {"38": "S", "33": "E", "32": "E"}, {"32": "E", "16": "S"}, {"33": "E", "16": "E"}, {"33": "S", "16": "E"}, {"16": "E"}, {"16": "E"}, {"16": "E"}, {"16": "E"}, {"16": "E"}, {"16": "N"}, {"32": "E"}, {"32": "E"}, {"32": "E"}, {"32": "E"}, {"32": "S"}, {"32": "S"}, {"32": "W"}]}