{"instance": "small_free_001_10x10_40_40", "steps": [{"1": "N", "3": "N", "15": "S", "26": "W", "28": "E", "35": "E", "2": "N", "4": "W", "6": "N", "7": "N", "9": "S", "10": "E", "11": "N", "12": "W", "13": "E", "14": "W", "16": "S", "17": "W", "18": "N", "20": "W", "22": "W", "24": "E", "25": "N", "27": "E", "30": "W", "31": "E", "32": "N", "33": "W", "34": "E", "36": "W", "38": "N", "39": "W"}, {"3": "W", "15": "S", "26": "S", "35": "E", "2": "N", "4": "W", "6": "W", "7": "N", "8": "W", "9": "S", "11": "N", "12": "W", "18": "W", "19": "S", "20": "S", "22": "W", "25": "E", "27": "E", "32": "N", "33": "S", "36": "S", "37": "W", "39": "W"}, {"0": "E", "3": "N", "15": "S", "26": "S", "2": "E", "4": "W", "5": "N", "6": "N", "8": "W", "9": "S", "20": "S", "23": "S", "25": "N", "27": "S", "29": "W", "30": "S", "32": "E", "33": "S", "36": "W", "37": "S"}, {"0": "S", "1": "E", "15": "W", "26": "W", "28": "S", "2": "N", "4": "N", "5": "N", "6": "N", "7": "E", "8": "S", "11": "E", "13": "E", "17": "S", "20": "W", "23": "S", "24": "N", "25": "E", "29": "N", "30": "W", "32": "N", "33": "W", "34": "S", "36": "S", "38": "E"}, {"0": "E", "3": "N", "15": "W", "26": "S", "2": "E", "4": "W", "6": "N", "9": "S", "11": "E", "12": "N", "13": "N", "14": "S", "18": "S", "19": "W", "20": "N", "22": "N", "23": "S", "24": "N", "25": "E", "30": "N", "31": "E", "32": "E", "33": "S", "34": "W", "36": "S", "37": "S", "38": "N"}, {"3": "N", "39": "W"}, {"3": "W"}, {"27": "S", "39": "W"}, {"27": "S", "39": "W"}, {"16": "S", "27": "E"}, {"16": "S", "27": "E"}, {"16": "S", "27": "S"}, {"26": "E", "19": "S", "22": "W", "31": "E", "15": "W", "34": "S", "0": "N"}, {"1": "S", "26": "E", "5": "E", "31": "S", "15": "N", "28": "W", "34": "W", "29": "S", "0": "E"}, {"1": "S", "26": "E", "35": "W", "5": "N", "22": "N", "28": "W", "34": "W", "29": "S", "0": "N"}, {"1": "W", "26": "N", "35": "W", "5": "E", "28": "W", "34": "N", "29": "W", "0": "E"}, {"1": "S", "26": "E", "35": "W", "28": "S", "0": "E"}, {"1": "W", "29": "W", "0": "S"}, {"1": "W", "31": "S", "28": "W", "29": "S", "0": "S"}, {"31": "S", "28": "W", "0": "E"}, {"28": "W", "0": "S"}, {"28": "N", "29": "N", "0": "W"}, {"28": "N", "29": "W", "0": "S"}, {"28": "N", "29": "N", "0": "W"}, {"26": "E", "28": "W", "29": "N", "0": "W"}, {"26": "E", "28": "W", "29": "N"}, {"26": "E", "28": "N", "29": "N"}, {"26": "E"}, {"26": "E"}, {"26": "E"}, {"15": "N"}]}