{"instance": "small_free_001_10x10_40_40", "steps": [{"0": "W", "1": "N", "3": "E", "15": "S", "26": "W", "28": "E", "4": "W", "5": "N", "6": "N", "7": "N", "9": "S", "12": "W", "13": "E", "14": "N", "16": "E", "17": "W", "22": "S", "23": "W", "24": "W", "25": "E", "29": "S", "30": "W", "31": "E", "33": "S", "34": "E", "36": "W", "38": "N"}, {"0": "N", "1": "N", "3": "E", "15": "S", "26": "W", "28": "S", "35": "N", "2": "N", "4": "S", "5": "N", "6": "N", "8": "N", "9": "S", "12": "N", "13": "S", "16": "E", "17": "W", "22": "S", "25": "E", "30": "W", "31": "N", "32": "N", "33": "W", "34": "E"}, {"0": "E", "1": "N", "3": "E", "26": "S", "35": "E", "2": "N", "4": "W", "5": "W", "7": "N", "9": "S", "11": "E", "16": "E", "31": "E", "34": "E"}, {"21": "N", "1": "N", "26": "S", "35": "E", "2": "E", "4": "W", "5": "W", "9": "S", "11": "E", "16": "E", "19": "N", "22": "W", "25": "E", "29": "S", "31": "E", "34": "N"}, {"21": "E", "15": "W", "28": "N", "35": "E", "2": "N", "6": "N", "7": "N", "9": "E", "11": "N", "19": "W", "22": "W", "25": "E", "31": "E", "33": "S", "34": "E"}, {"2": "E", "3": "N", "6": "W", "7": "N", "9": "E", "11": "E", "12": "E", "14": "E", "15": "W", "18": "W", "21": "N", "25": "S", "28": "W", "31": "S", "33": "W", "34": "S", "35": "S"}, {"1": "W", "2": "E", "3": "N", "4": "N", "6": "W", "7": "E", "9": "E", "11": "N", "12": "E", "13": "N", "14": "E", "15": "N", "16": "W", "18": "N", "21": "N", "22": "N", "25": "S", "26": "E", "28": "W", "29": "W", "31": "S", "32": "E", "33": "W", "34": "S"}, {"0": "S", "1": "W", "2": "S", "3": "W", "4": "N", "6": "W", "7": "E", "9": "E", "11": "N", "12": "E", "13": "W", "15": "W", "16": "S", "18": "W", "19": "S", "20": "S", "21": "N", "22": "W", "23": "S", "25": "W", "26": "E", "27": "E", "28": "W", "29": "W", "31": "W", "32": "S", "33": "W", "34": "W", "37": "S", "38": "S"}, {"0": "S", "1": "S", "2": "S", "3": "W", "8": "N", "9": "E", "13": "N", "15": "N", "16": "S", "18": "N", "20": "E", "21": "N", "22": "N", "28": "N", "29": "N", "30": "N", "32": "S", "33": "N", "34": "W", "37": "E", "38": "E", "39": "N"}, {"0": "S", "1": "S", "2": "S", "3": "W", "5": "N", "6": "S", "12": "S", "13": "W", "14": "E", "15": "N", "18": "W", "19": "W", "20": "E", "24": "E", "26": "E", "28": "N", "29": "N", "30": "E", "33": "N", "34": "W", "37": "E", "38": "S", "39": "W"}, {"1": "S", "3": "N", "5": "N", "6": "W", "7": "E", "12": "E", "13": "W", "14": "E", "15": "N", "17": "S", "18": "W", "19": "S", "24": "S", "27": "S", "28": "W", "29": "W", "37": "E", "38": "S"}, {"0": "E", "1": "S", "2": "S", "5": "E", "6": "S", "7": "E", "10": "E", "12": "S", "13": "N", "14": "S", "17": "E", "18": "W", "19": "S", "22": "S", "24": "E", "27": "E", "28": "W", "34": "S", "37": "S", "39": "S"}, {"0": "S", "1": "S", "5": "E", "6": "S", "7": "S", "14": "E", "17": "S", "18": "N", "20": "E", "27": "E", "29": "W", "31": "S", "34": "W", "36": "N", "38": "S", "39": "W"}, {"0": "E", "12": "E", "16": "S", "17": "S", "20": "E", "26": "E", "27": "S", "31": "S", "38": "W"}, {"0": "E", "1": "S", "7": "E", "16": "S", "20": "E", "22": "N", "26": "E", "27": "S", "28": "N", "38": "N"}, {"7": "S", "16": "W", "17": "E", "22": "N", "26": "N", "27": "S", "28": "W", "29": "N", "32": "N", "38": "N"}, {"7": "E", "13": "W", "16": "W", "17": "E", "20": "N", "22": "N", "29": "N", "32": "N", "33": "N", "38": "W", "39": "N"}, {"5": "E", "7": "E", "12": "E", "13": "W", "16": "W", "26": "E", "28": "W", "32": "E", "33": "W", "34": "W", "36": "N", "38": "N", "39": "W"}, {"5": "E", "7": "E", "14": "S", "20": "S", "24": "N", "27": "E", "28": "W", "32": "E", "33": "W", "39": "W"}, {"5": "S", "7": "S", "17": "S", "18": "N", "19": "S", "20": "W", "24": "N", "29": "N", "32": "E", "39": "N"}, {"13": "N", "15": "N", "19": "E", "24": "N", "28": "S", "36": "E", "38": "S"}, {"13": "N", "15": "N", "18": "W", "24": "W", "34": "W"}, {"18": "N", "19": "S", "23": "W", "26": "E", "32": "S", "34": "S", "36": "N", "39": "S"}, {"13": "W", "14": "E", "17": "N", "20": "S", "23": "S", "26": "S", "39": "S"}, {"13": "S", "14": "E", "20": "E", "23": "S", "26": "E"}, {"20": "S", "23": "E", "26": "E", "39": "W"}, {"14": "E", "20": "E", "23": "S", "26": "N"}, {"14": "E", "19": "E", "20": "E", "23": "E", "24": "E", "26": "E"}, {"19": "N", "20": "E", "23": "S", "26": "E", "37": "E"}, {"14": "S", "20": "N", "23": "E", "24": "N", "26": "E", "37": "E"}, {"10": "N", "14": "S", "19": "N", "20": "E", "23": "E", "26": "S"}, {"14": "S", "19": "W", "20": "E", "23": "E", "34": "N"}, {"14": "S", "23": "E", "24": "E", "34": "N", "37": "E"}, {"14": "W", "20": "N"}, {"20": "W"}, {"10": "W", "17": "S", "32": "E"}, {"10": "N", "17": "E", "32": "S"}, {"17": "E", "32": "E"}, {"17": "E", "32": "S"}, {"17": "N", "26": "S", "32": "S", "33": "N"}, {"35": "W"}, {"35": "W"}, {"33": "N"}, {"10": "N", "24": "E"}, {"10": "N", "33": "N"}, {"18": "N"}, {"32": "S"}]}