{"instance": "small_free_001_10x10_40_40", "steps": [{"1": "N", "15": "S", "26": "W", "28": "E", "35": "E", "2": "N", "4": "W", "5": "N", "6": "N", "9": "N", "10": "S", "11": "N", "12": "W", "14": "W", "16": "E", "17": "W", "20": "W", "22": "W", "23": "W", "25": "E", "27": "S", "30": "W", "31": "E", "33": "S", "34": "E", "36": "W", "37": "W", "38": "N", "39": "S"}, {"0": "W", "3": "W", "15": "E", "26": "W", "28": "N", "2": "W", "4": "N", "5": "W", "6": "N", "7": "N", "8": "W", "10": "W", "12": "W", "13": "E", "14": "N", "16": "N", "17": "W", "19": "W", "20": "W", "22": "S", "23": "W", "25": "N", "27": "S", "29": "E", "30": "W", "33": "W", "36": "W", "37": "W", "38": "E", "39": "E"}, {"0": "N", "1": "E", "15": "S", "26": "S", "28": "N", "2": "N", "4": "W", "5": "W", "6": "W", "7": "N", "8": "W", "9": "W", "10": "S", "12": "N", "14": "E", "16": "N", "18": "E", "19": "N", "20": "W", "22": "W", "24": "S", "25": "N", "27": "S", "29": "E", "30": "S", "36": "W", "38": "N", "39": "E"}, {"0": "N", "1": "N", "15": "E", "28": "N", "2": "N", "4": "W", "5": "N", "6": "N", "9": "N", "10": "S", "11": "N", "12": "N", "14": "N", "19": "W", "20": "S", "22": "W", "24": "W", "30": "W", "34": "N", "36": "W", "39": "S"}, {"0": "E", "35": "E", "2": "N", "4": "W", "5": "W", "6": "N", "9": "E", "11": "N", "12": "N", "13": "N", "14": "E", "17": "W", "18": "S", "19": "W", "20": "W", "24": "W", "30": "W", "36": "W", "38": "E"}, {"1": "N", "3": "S", "2": "N", "4": "W", "5": "W", "9": "N", "11": "N", "12": "E", "14": "E", "16": "E", "17": "W", "18": "S", "19": "W", "23": "W", "24": "W", "25": "E", "27": "S", "31": "N", "36": "S", "38": "N", "39": "E"}, {"1": "N", "3": "S", "26": "E", "2": "W", "5": "N", "8": "N", "9": "N", "10": "S", "12": "E", "14": "N", "16": "E", "17": "S", "18": "S", "22": "W", "23": "N", "27": "S", "31": "E", "34": "E", "36": "S", "38": "W"}, {"1": "W", "26": "E", "0": "E", "3": "W"}, {"1": "W", "26": "E", "0": "S", "3": "W", "35": "S"}, {"1": "S", "26": "S", "32": "S", "0": "S", "35": "W"}, {"1": "S", "15": "N", "26": "E", "28": "W", "32": "S", "0": "S", "35": "W"}, {"1": "W", "15": "N", "26": "E", "28": "W", "22": "N", "32": "S", "0": "S", "3": "N", "35": "W"}, {"1": "S", "15": "W", "26": "E", "28": "W", "22": "N", "32": "E", "0": "S", "3": "N", "35": "N"}, {"1": "S", "15": "N", "26": "E", "28": "W", "22": "E", "0": "S", "3": "W"}, {"15": "N", "26": "E", "28": "W", "22": "N", "3": "N"}, {"1": "S", "15": "N", "26": "E", "28": "W", "3": "N"}, {"1": "S", "15": "W", "26": "E", "28": "W", "32": "S", "3": "N"}, {"32": "S", "3": "N"}, {"15": "W", "28": "W"}, {"15": "W", "28": "S", "3": "E"}, {"15": "W", "3": "E"}, {"15": "N"}, {"0": "E"}, {"0": "E"}, {"0": "N"}, {"32": "E"}, {"32": "S"}, {"32": "E"}, {"32": "S"}, {"32": "W"}, {"32": "W"}]}