{"instance": "small_free_001_10x10_40_40", "steps": [{"0": "W", "1": "N", "3": "W", "15": "S", "26": "W", "28": "W", "2": "W", "4": "W", "5": "N", "6": "N", "7": "N", "9": "S", "10": "N", "11": "N", "12": "W", "14": "N", "16": "E", "17": "W", "18": "W", "20": "W", "22": "W", "24": "S", "25": "E", "27": "S", "29": "S", "30": "W", "32": "S", "33": "S", "34": "W", "36": "W", "37": "W", "38": "N"}, {"0": "N", "3": "N", "15": "S", "26": "W", "28": "W", "2": "N", "4": "S", "5": "N", "6": "N", "7": "N", "8": "W", "9": "S", "10": "N", "11": "E", "14": "N", "19": "S", "20": "W", "23": "N", "24": "S", "25": "N", "27": "W", "29": "S", "30": "W", "33": "W", "36": "N", "37": "W", "38": "E"}, {"0": "N", "3": "N", "15": "S", "26": "S", "28": "N", "2": "N", "5": "E", "6": "N", "7": "W", "8": "W", "9": "S", "10": "N", "11": "N", "13": "E", "14": "E", "19": "W", "20": "S", "23": "W", "24": "E", "25": "N", "27": "W", "31": "N", "33": "W", "36": "W"}, {"0": "N", "3": "W", "15": "S", "26": "S", "28": "N", "5": "N", "6": "N", "8": "W", "9": "S", "10": "N", "11": "N", "14": "S", "16": "N", "18": "N", "19": "S", "22": "W", "23": "S", "24": "E", "25": "E", "27": "S", "31": "N", "32": "E", "33": "S", "39": "W"}, {"1": "E", "3": "N", "15": "W", "26": "W", "28": "W", "2": "N", "4": "W", "5": "N", "6": "W", "8": "N", "9": "W", "10": "N", "11": "N", "17": "S", "18": "E", "19": "W", "22": "N", "23": "S", "24": "S", "25": "E", "27": "S", "29": "E", "30": "W", "31": "E", "32": "E", "33": "W", "34": "E", "36": "W"}, {"1": "N", "3": "N", "15": "W", "26": "W", "28": "N", "2": "N", "4": "W", "6": "W", "7": "W", "8": "W", "9": "S", "10": "N", "11": "N", "18": "N", "19": "W", "22": "W", "23": "E", "24": "E", "27": "W", "30": "W", "31": "E", "34": "S", "36": "W", "37": "S", "39": "W"}, {"0": "E", "1": "N", "3": "N", "15": "W", "2": "E", "6": "W", "7": "N", "8": "N", "9": "S", "11": "N", "18": "W", "22": "N", "24": "S", "27": "W", "31": "E", "33": "W", "34": "W", "36": "S", "39": "W"}, {"0": "E", "1": "W", "3": "W", "26": "E", "2": "E", "7": "N", "9": "S", "11": "E", "19": "S", "22": "W", "24": "E", "32": "W", "33": "N", "39": "W"}, {"0": "E", "1": "N", "3": "N", "26": "E", "28": "N", "2": "E", "7": "N", "9": "E", "10": "N", "14": "E", "19": "S", "20": "E", "22": "W", "23": "E", "27": "S", "30": "N", "31": "E", "32": "S", "34": "W", "39": "S"}, {"37": "E"}, {"37": "E"}, {"37": "S"}, {"37": "S"}, {"37": "E"}, {"37": "E"}, {"37": "E"}, {"37": "E"}, {"37": "E"}, {"37": "E"}, {"37": "N"}, {"26": "N"}, {"26": "E"}, {"26": "E"}, {"26": "E"}, {"26": "S"}, {"26": "S"}, {"26": "E"}, {"26": "E"}, {"26": "E"}, {"26": "E"}, {"26": "E"}, {"26": "E"}, {"26": "E"}, {"26": "N"}, {"24": "N"}, {"24": "N"}, {"24": "N"}, {"24": "W"}, {"24": "W"}, {"24": "N"}, {"24": "N"}, {"24": "N"}, {"24": "N"}, {"24": "N"}, {"24": "E"}, {"24": "E"}, {"24": "N"}, {"21": "W"}, {"21": "N"}, {"21": "N"}, {"21": "N"}, {"21": "N"}, {"21": "N"}, {"21": "E"}, {"21": "E"}, {"32": "W"}, {"32": "S"}, {"32": "S"}, {"32": "S"}, {"32": "E"}, {"32": "S"}, {"20": "E"}, {"20": "E"}, {"20": "E"}, {"20": "E"}, {"20": "E"}, {"20": "E"}, {"20": "E"}, {"20": "E"}, {"20": "E"}, {"20": "E"}, {"15": "N"}, {"15": "N"}, {"15": "N"}, {"15": "W"}, {"15": "N"}, {"15": "N"}, {"15": "N"}, {"15": "N"}, {"15": "N"}, {"15": "E"}, {"38": "S"}, {"38": "E"}, {"38": "S"}, {"38": "S"}, {"38": "S"}, {"38": "W"}, {"38": "S"}, {"38": "S"}, {"38": "S"}, {"38": "S"}, {"38": "S"}, {"28": "W"}, {"28": "S"}, {"28": "S"}, {"28": "W"}, {"28": "W"}, {"28": "W"}, {"12": "E"}, {"12": "E"}, {"12": "E"}, {"12": "E"}, {"12": "S"}, {"12": "E"}, {"12": "E"}, {"22": "N"}, {"22": "E"}, {"22": "E"}, {"22": "S"}, {"33": "W"}, {"33": "W"}, {"33": "N"}, {"33": "N"}, {"33": "N"}, {"33": "N"}, {"33": "N"}, {"33": "N"}, {"33": "N"}, {"33": "N"}, {"33": "N"}, {"33": "E"}, {"3": "S"}, {"3": "S"}, {"3": "E"}, {"29": "W"}, {"29": "W"}, {"29": "W"}, {"29": "W"}, {"29": "W"}, {"29": "N"}, {"29": "N"}, {"29": "N"}, {"29": "N"}, {"29": "N"}, {"16": "S"}, {"16": "S"}, {"16": "S"}, {"16": "S"}, {"16": "S"}, {"16": "W"}, {"14": "N"}, {"14": "E"}, {"14": "E"}, {"14": "S"}, {"14": "S"}, {"14": "E"}, {"14": "E"}, {"14": "E"}, {"14": "S"}, {"14": "S"}, {"14": "S"}, {"14": "S"}, {"14": "E"}, {"14": "S"}, {"10": "E"}, {"10": "E"}, {"10": "E"}, {"6": "S"}, {"6": "S"}, {"6": "S"}, {"6": "S"}, {"6": "W"}, {"0": "E"}, {"0": "S"}, {"0": "E"}, {"0": "S"}, {"0": "S"}, {"0": "S"}, {"0": "S"}, {"0": "S"}, {"0": "W"}, {"13": "W"}, {"13": "W"}, {"13": "W"}, {"13": "W"}, {"13": "W"}, {"13": "N"}, {"13": "W"}, {"13": "N"}, {"13": "N"}, {"23": "S"}, {"23": "E"}, {"23": "S"}, {"23": "E"}, {"23": "S"}, {"23": "E"}, {"23": "S"}, {"23": "E"}, {"23": "E"}, {"23": "E"}, {"4": "N"}, {"4": "N"}, {"39": "W"}, {"39": "N"}, {"36": "N"}, {"36": "E"}, {"36": "N"}, {"36": "E"}, {"36": "E"}, {"36": "E"}, {"36": "N"}, {"36": "N"}, {"36": "N"}, {"35": "W"}, {"31": "S"}, {"31": "S"}, {"31": "S"}, {"31": "S"}, {"31": "W"}, {"31": "S"}, {"30": "E"}, {"30": "E"}, {"30": "E"}, {"27": "E"}, {"27": "E"}, {"27": "E"}, {"27": "E"}, {"27": "E"}, {"27": "E"}, {"27": "E"}, {"27": "E"}, {"25": "S"}, {"25": "S"}, {"25": "S"}, {"25": "S"}, {"17": "E"}, {"17": "E"}, {"17": "S"}, {"17": "E"}, {"17": "E"}, {"17": "S"}, {"17": "E"}, {"19": "E"}, {"19": "N"}, {"19": "N"}, {"19": "E"}, {"18": "W"}, {"18": "W"}, {"18": "W"}, {"18": "N"}, {"18": "N"}, {"18": "N"}, {"11": "E"}, {"11": "S"}, {"11": "S"}, {"11": "S"}, {"9": "N"}, {"9": "E"}, {"9": "E"}, {"9": "N"}, {"9": "E"}, {"9": "E"}, {"9": "E"}, {"9": "N"}, {"8": "E"}, {"8": "E"}, {"8": "E"}, {"8": "E"}, {"7": "E"}, {"7": "E"}, {"7": "S"}, {"7": "S"}, {"7": "E"}, {"7": "E"}, {"7": "E"}, {"7": "S"}, {"7": "E"}, {"7": "E"}, {"7": "E"}, {"7": "E"}, {"7": "E"}, {"7": "S"}, {"5": "E"}, {"5": "S"}, {"1": "S"}, {"1": "S"}, {"1": "S"}, {"1": "W"}, {"1": "S"}, {"1": "S"}, {"1": "S"}, {"1": "W"}, {"2": "E"}, {"2": "S"}, {"2": "S"}, {"2": "S"}, {"2": "S"}, {"2": "S"}]}