{"instance": "small_free_001_10x10_40_40", "steps": [{"26": "S", "5": "N", "4": "W", "34": "E", "27": "S", "36": "S", "14": "E", "6": "W", "10": "E", "17": "W", "30": "S", "2": "N", "12": "W", "19": "S", "3": "N", "21": "N", "37": "S", "1": "W", "32": "E", "39": "W", "33": "W", "0": "S", "18": "N", "24": "E", "16": "S", "31": "E", "20": "S", "9": "S", "38": "S", "15": "N", "13": "N", "11": "E", "28": "N", "7": "E"}, {"7": "N", "30": "W", "0": "E", "6": "W", "18": "W", "29": "W", "22": "W", "15": "N", "2": "S", "20": "E", "14": "S", "12": "E", "13": "N", "1": "W", "24": "E", "28": "E", "10": "W", "39": "W", "33": "W", "35": "N", "3": "W", "27": "S", "9": "S", "23": "W", "19": "W", "26": "W", "31": "S", "17": "S", "38": "N", "21": "N"}, {"25": "E", "32": "S", "2": "E", "34": "S", "35": "S", "3": "N", "39": "W", "13": "N", "15": "W", "10": "E", "36": "N", "23": "S", "0": "S", "8": "N", "19": "S", "28": "W", "14": "E", "30": "N", "4": "W", "17": "S", "18": "W", "37": "S", "6": "W", "16": "E", "33": "N", "5": "E", "26": "S", "11": "E", "20": "N"}, {"14": "E", "22": "W", "30": "N", "17": "S", "31": "E", "16": "W", "5": "E", "25": "E", "20": "E", "9": "S", "4": "N", "21": "N", "33": "E", "27": "S", "36": "S", "7": "N", "28": "N", "26": "E", "13": "E", "3": "N", "8": "N", "18": "N", "10": "S", "12": "S"}, {"27": "S", "32": "S", "33": "W", "14": "E", "5": "W", "31": "E", "10": "N", "22": "W", "25": "N", "16": "S", "20": "W", "29": "N", "1": "S", "23": "W", "36": "N", "6": "N", "2": "S", "9": "S", "12": "E", "15": "N", "28": "E", "7": "S", "11": "N", "39": "W", "4": "W"}, {"2": "E", "25": "E", "15": "W", "35": "W", "17": "E", "13": "S", "0": "S", "37": "E", "31": "S", "28": "W", "34": "W", "12": "E", "16": "W", "33": "N", "29": "E", "6": "S", "3": "E", "1": "E", "23": "S", "27": "S", "14": "E", "36": "W", "5": "N", "11": "E", "26": "E", "9": "W"}, {"1": "W", "27": "N", "36": "E", "24": "N", "10": "N", "23": "S", "31": "S", "33": "E", "16": "E", "25": "S", "12": "E", "17": "E", "13": "N", "7": "N", "20": "S", "22": "N", "3": "W", "39": "W", "5": "E", "9": "S", "6": "E", "29": "N", "2": "E"}, {"15": "S", "9": "E", "18": "S", "17": "W", "23": "N", "20": "N", "13": "W", "27": "E", "37": "E", "24": "W", "36": "E", "33": "S", "14": "S", "1": "S", "26": "E", "34": "E", "16": "W", "0": "W", "7": "E", "5": "W", "6": "W", "12": "E", "29": "E"}, {"17": "E", "36": "W", "33": "N", "11": "S", "16": "E", "21": "E", "28": "N", "7": "E", "20": "N", "18": "N", "5": "E", "9": "E", "25": "S", "23": "S", "6": "E", "29": "E", "27": "S", "0": "E", "13": "W", "37": "S", "24": "E", "10": "S", "34": "W", "22": "N"}, {"6": "W", "23": "S", "28": "W", "36": "N", "27": "E", "17": "N", "24": "E", "14": "S", "10": "E", "34": "E", "5": "W", "37": "E", "33": "E", "7": "E", "38": "W", "9": "E", "29": "W", "26": "E", "13": "W", "20": "E"}, {"5": "E", "12": "E", "23": "E", "34": "W", "18": "W", "20": "W", "37": "W", "36": "N", "7": "S", "13": "E", "6": "W", "25": "E", "33": "N", "38": "S", "27": "E", "28": "W"}, {"11": "N", "24": "S", "23": "E", "25": "N", "5": "N", "0": "W", "17": "N", "34": "E", "20": "E", "3": "E", "15": "S", "7": "E", "28": "W", "9": "N", "32": "S", "18": "N", "14": "S", "38": "E", "29": "E", "27": "E", "10": "W"}, {"34": "W", "18": "N", "14": "E", "27": "N", "15": "W", "16": "W", "11": "N", "33": "W", "9": "E", "10": "N", "17": "S", "29": "W", "23": "S", "7": "E", "38": "E", "25": "S", "36": "S"}, {"36": "N", "10": "N", "15": "E", "11": "N", "9": "E", "16": "S", "38": "W", "37": "E", "29": "W", "18": "N", "7": "N", "26": "W", "25": "W", "28": "W", "20": "N"}, {"7": "S", "0": "E", "38": "E", "29": "E", "37": "E", "23": "S", "24": "W", "33": "W", "20": "E", "17": "N", "10": "W", "9": "E", "26": "E", "14": "N", "36": "W", "18": "W"}, {"16": "E", "38": "S", "25": "S", "26": "S", "29": "E", "15": "N", "23": "E", "7": "S", "17": "S", "36": "E", "13": "E", "20": "W", "37": "S"}, {"7": "E", "24": "N", "37": "N", "26": "N", "15": "E", "20": "E", "34": "E", "23": "N", "13": "W", "28": "N", "29": "N", "10": "N", "14": "W", "38": "S", "0": "E", "36": "W"}, {"24": "N", "36": "E", "34": "W", "20": "E", "13": "E", "29": "W", "14": "E", "28": "S", "26": "E", "23": "N", "37": "E", "33": "E", "3": "E", "7": "E", "17": "N"}, {"3": "W", "34": "E", "37": "S", "15": "E", "21": "E", "24": "S", "17": "S", "36": "W", "32": "S", "29": "W", "23": "E", "38": "S", "26": "S", "33": "S", "13": "W", "20": "S", "7": "N"}, {"17": "S", "37": "S", "0": "N", "32": "S", "28": "W", "34": "E", "20": "S", "26": "N", "16": "S", "10": "S", "33": "N", "14": "S", "29": "N", "36": "W", "13": "E"}, {"36": "E", "23": "S", "32": "S", "14": "W", "29": "W", "17": "N", "10": "N", "13": "W", "3": "W", "21": "S", "33": "W", "34": "W", "37": "N", "0": "E", "26": "S", "15": "S"}, {"24": "E", "3": "E", "0": "W", "10": "S", "29": "W", "37": "S", "14": "E", "28": "W", "20": "N", "36": "E", "21": "N", "34": "S", "15": "E", "38": "N", "13": "E", "26": "N"}, {"38": "S", "29": "W", "37": "N", "17": "N", "13": "W", "28": "W", "15": "E", "23": "E", "34": "W", "26": "N", "14": "N", "10": "N", "36": "N", "24": "N"}, {"23": "N", "14": "S", "28": "S", "29": "W", "36": "S", "17": "S", "15": "N", "26": "E", "33": "S", "38": "N", "34": "W", "21": "E", "13": "E", "37": "N"}, {"24": "W", "26": "S", "15": "N", "36": "W", "3": "E", "33": "W", "14": "E", "21": "W", "0": "E", "29": "W"}, {"23": "W", "15": "N", "13": "N", "29": "E", "0": "S", "33": "W", "36": "E"}, {"10": "S", "38": "E", "34": "E", "23": "E", "37": "S", "24": "S", "21": "E", "13": "S", "29": "E", "36": "S"}, {"15": "N", "20": "S", "24": "N", "21": "W", "13": "S", "10": "N", "33": "N", "36": "S", "38": "S", "26": "E", "37": "N", "29": "W", "23": "E"}, {"37": "S", "10": "S", "15": "W", "36": "S", "20": "E", "33": "S", "17": "N", "13": "W", "26": "S", "23": "N", "29": "S", "3": "E"}, {"23": "S", "13": "N", "26": "N", "38": "S", "33": "N", "34": "E", "17": "S", "10": "N", "36": "N", "3": "S", "24": "N"}, {"13": "E", "37": "N", "3": "W", "14": "E", "23": "W", "26": "E", "15": "N", "38": "W", "36": "N", "20": "E", "10": "S", "33": "S", "34": "S"}, {"26": "E", "17": "S", "13": "E", "10": "N", "33": "N", "36": "S", "14": "E", "37": "N", "23": "E", "24": "E", "3": "E", "15": "W", "34": "S", "21": "N"}, {"17": "S", "33": "N", "23": "S", "14": "W", "37": "E", "38": "S", "13": "W", "21": "S", "15": "E", "34": "N"}, {"3": "W", "17": "W", "38": "S", "23": "E", "10": "E", "34": "S"}, {"24": "S", "10": "N", "13": "N", "23": "S", "36": "N", "34": "N", "3": "E", "33": "N", "38": "S", "15": "W"}, {"14": "S", "20": "W", "24": "S", "17": "S", "3": "E", "13": "E", "34": "S"}, {"20": "E", "24": "N", "34": "N", "17": "N", "3": "W", "23": "S", "13": "W"}, {"3": "N", "13": "E", "34": "S", "10": "E", "36": "N", "24": "S", "23": "E"}, {"3": "N", "10": "S", "17": "E", "23": "E", "13": "S", "34": "N", "36": "N", "15": "N"}, {"13": "W", "17": "E", "15": "S", "33": "S", "34": "E", "36": "N", "23": "N", "3": "N", "10": "N"}, {"24": "N", "17": "E", "15": "N", "13": "W", "23": "N", "33": "N", "36": "N"}, {"15": "W", "3": "W", "33": "S"}, {"34": "S", "24": "W", "17": "E", "33": "N", "3": "E", "15": "W", "13": "W"}, {"3": "W", "34": "W", "24": "E"}, {"24": "S", "13": "E", "17": "N"}, {"13": "W", "33": "E", "34": "S", "24": "N"}, {"33": "W", "34": "W", "15": "N", "24": "S"}, {"34": "S", "15": "S", "13": "E", "24": "N", "3": "E"}, {"15": "E", "24": "W", "3": "W", "34": "N", "13": "W"}, {"33": "S", "13": "E", "24": "N", "3": "E", "34": "W", "15": "W"}, {"21": "N", "13": "E", "3": "W", "24": "S", "15": "N", "34": "N", "33": "N"}, {"33": "S", "24": "N", "21": "S", "15": "S", "13": "W", "3": "E", "34": "N"}, {"33": "S", "3": "W", "34": "W", "21": "N", "13": "E"}, {"34": "N", "13": "W", "33": "S", "24": "S", "15": "W", "3": "E", "21": "S"}, {"24": "N", "34": "N", "15": "E", "33": "N", "13": "W", "3": "W"}, {"33": "N", "13": "E"}, {"13": "W", "24": "S", "33": "N", "15": "N", "3": "E"}, {"33": "S", "13": "E", "15": "S", "10": "W", "3": "W", "24": "E"}, {"24": "N", "10": "S", "13": "W", "33": "N"}, {"10": "E", "3": "E"}, {"3": "S", "13": "E"}, {"10": "W", "33": "S", "13": "W"}, {"13": "E", "10": "E", "33": "N", "3": "N"}, {"13": "W", "3": "W", "15": "N", "10": "W"}, {"15": "S", "24": "W", "33": "S", "20": "W", "3": "E", "10": "E"}, {"33": "N", "10": "W", "3": "W", "20": "E"}, {"13": "E", "10": "E", "15": "N", "20": "W"}, {"33": "S", "13": "W", "15": "S", "20": "E", "24": "E", "3": "E"}, {"33": "N", "13": "E", "3": "W"}, {"15": "W", "3": "N", "13": "W"}, {"10": "W", "13": "E", "3": "W", "33": "S", "15": "E"}, {"13": "W", "33": "N", "10": "N"}, {"13": "E", "3": "E"}, {"13": "W", "15": "N", "3": "W", "10": "S", "24": "S", "33": "S"}, {"15": "S", "3": "E", "33": "N", "24": "N", "10": "N", "13": "E"}, {"13": "W", "15": "N", "3": "S", "24": "S"}, {"13": "E", "33": "S", "15": "S", "24": "N", "3": "E"}, {"24": "S", "13": "W", "10": "S", "3": "W", "33": "N"}, {"20": "W", "3": "E", "13": "E", "10": "N", "15": "W"}, {"21": "N", "20": "E", "24": "W", "13": "E"}, {"21": "S", "13": "W", "3": "W", "10": "E", "15": "E", "24": "E"}, {"3": "E", "15": "N", "10": "W", "13": "W"}, {"3": "W", "24": "N", "13": "E", "15": "S"}, {"13": "W", "3": "E", "10": "S", "33": "S"}, {"13": "E", "10": "N", "33": "N", "15": "N", "3": "E"}, {"33": "S", "24": "S", "15": "S", "3": "W", "13": "W"}, {"10": "E", "24": "W", "15": "N", "13": "E", "33": "N", "3": "E"}, {"13": "W", "24": "E", "15": "S", "3": "W"}, {"3": "W", "15": "N", "13": "E"}, {"24": "W", "13": "W", "3": "E", "15": "S"}, {"24": "N", "13": "E", "3": "W"}, {"13": "W", "24": "S", "3": "E"}, {"33": "S", "3": "W", "24": "N"}, {"33": "N", "24": "S", "3": "E"}, {"3": "W", "24": "N", "13": "E", "33": "S"}, {"10": "S", "15": "N", "33": "N", "3": "E", "13": "E"}, {"10": "N", "15": "S", "3": "W", "13": "W"}, {"13": "W", "3": "E", "15": "N"}, {"15": "S", "3": "W", "33": "S"}, {"33": "N", "13": "E", "10": "S"}]}