{"instance": "small_free_001_10x10_40_40", "steps": [{"10": "E", "31": "E", "28": "W", "26": "S", "3": "N", "29": "E", "21": "E", "27": "E", "11": "N", "2": "N", "18": "N", "5": "E", "16": "S", "38": "W", "0": "W", "20": "S", "24": "E", "13": "N", "15": "N", "23": "E", "33": "W", "6": "S", "36": "N", "14": "E", "1": "S", "39": "W", "12": "W", "30": "E", "25": "N", "9": "E", "35": "E", "7": "W", "4": "N", "17": "E"}, {"7": "N", "26": "S", "25": "S", "36": "N", "27": "S", "35": "W", "23": "S", "1": "S", "33": "W", "30": "N", "8": "W", "32": "S", "20": "W", "14": "S", "17": "W", "6": "N", "2": "S", "9": "S", "39": "S", "12": "S", "13": "W", "24": "E", "4": "S", "34": "S", "18": "W", "38": "E", "37": "W", "31": "S", "10": "E", "15": "W", "0": "S", "29": "N", "22": "N"}, {"32": "E", "15": "E", "12": "W", "27": "S", "9": "S", "6": "W", "38": "E", "26": "E", "39": "N", "30": "W", "24": "E", "14": "E", "1": "W", "18": "N", "2": "S", "13": "N", "22": "E", "33": "N", "37": "S", "29": "N", "21": "N", "8": "E", "10": "W", "25": "E", "5": "E", "17": "E", "7": "E"}, {"15": "W", "3": "E", "7": "E", "6": "W", "30": "W", "9": "S", "35": "N", "11": "N", "27": "S", "37": "S", "18": "E", "13": "E", "16": "S", "4": "W", "39": "W", "26": "E", "17": "N", "28": "N", "14": "E", "1": "N", "38": "S", "23": "S", "10": "E", "12": "E", "31": "W", "29": "N", "8": "N", "33": "W", "34": "W", "25": "S", "20": "S", "24": "E", "19": "S"}, {"15": "S", "13": "N", "36": "N", "7": "E", "9": "S", "6": "W", "19": "W", "2": "E", "20": "E", "14": "S", "12": "E", "33": "N", "26": "E", "32": "S", "11": "E", "4": "W", "39": "W", "22": "N", "31": "E", "29": "N", "37": "E", "18": "N", "34": "W", "8": "S", "3": "N", "17": "S", "23": "S", "27": "E", "0": "N"}, {"10": "S", "4": "N", "11": "N", "15": "N", "27": "S", "38": "S", "21": "S", "18": "W", "23": "S", "33": "W", "7": "W", "16": "S", "29": "W", "3": "W", "13": "E", "9": "E", "1": "N", "20": "E", "31": "E", "24": "E", "26": "E", "28": "W", "35": "E", "12": "W", "17": "E", "25": "S", "37": "S", "19": "S", "39": "W", "8": "W"}, {"25": "N", "10": "S", "21": "N", "24": "W", "0": "E", "20": "E", "7": "E", "1": "S", "32": "W", "4": "W", "16": "W", "23": "S", "6": "E", "33": "N", "36": "N", "15": "E", "17": "W", "37": "N", "26": "E", "3": "N", "13": "W", "2": "N", "35": "W", "29": "E", "8": "N", "31": "S", "11": "N"}, {"26": "W", "17": "E", "9": "E", "18": "N", "12": "N", "20": "S", "2": "S", "6": "W", "15": "N", "38": "N", "28": "W", "14": "S", "35": "S", "0": "S", "24": "N", "31": "E", "29": "S", "16": "N", "10": "E", "1": "W", "11": "E", "32": "S", "13": "W", "33": "S", "8": "N", "23": "W", "21": "N"}, {"0": "E", "36": "N", "18": "W", "15": "N", "14": "S", "28": "E", "10": "N", "21": "S", "7": "W", "23": "E", "12": "S", "16": "E", "26": "E", "39": "W", "31": "S", "11": "E", "8": "E", "1": "N", "22": "N", "17": "E", "35": "E", "2": "N", "33": "N", "9": "W", "37": "W", "20": "W", "3": "W", "25": "N", "29": "W", "6": "W"}, {"28": "N", "13": "W", "12": "E", "20": "E", "18": "N", "22": "E", "37": "E", "10": "E", "14": "E", "32": "S", "2": "S", "25": "S", "17": "S", "9": "E", "11": "S", "33": "N", "1": "S", "21": "N", "23": "E"}, {"33": "N", "32": "S", "15": "W", "12": "W", "10": "N", "9": "E", "3": "W", "7": "S", "1": "E", "38": "N", "22": "E", "13": "W", "37": "S", "20": "E", "29": "E", "16": "E", "27": "E", "2": "N"}, {"22": "W", "15": "N", "37": "E", "27": "W", "35": "W", "9": "E", "7": "E", "10": "E", "2": "E", "0": "E", "20": "N", "12": "E", "16": "W", "32": "S", "38": "S", "29": "W"}, {"2": "N", "22": "E", "5": "N", "20": "E", "35": "W", "37": "N", "27": "E", "12": "W", "32": "E", "10": "N", "1": "N", "29": "E", "24": "E"}, {"1": "S", "25": "N", "38": "N", "10": "N", "18": "W", "28": "E", "26": "W", "27": "E", "12": "E", "24": "W", "23": "E", "37": "E", "22": "W", "5": "N"}, {"18": "N", "3": "N", "10": "W", "37": "W", "12": "W", "25": "S", "21": "S", "26": "E", "29": "S", "38": "N", "2": "S", "28": "W", "24": "S", "1": "N", "23": "E", "5": "N", "22": "E", "15": "E"}, {"17": "E", "15": "W", "14": "E", "18": "W", "2": "N", "7": "E", "10": "W", "29": "W", "22": "S", "23": "W", "1": "S", "33": "S", "12": "E"}, {"28": "E", "20": "N", "38": "E", "33": "N", "29": "E", "7": "E", "10": "E", "23": "S", "15": "E", "37": "E", "2": "S", "21": "S", "22": "E", "25": "E", "18": "S", "1": "N"}, {"20": "S", "10": "W", "22": "W", "1": "W", "2": "S", "26": "S", "17": "S", "15": "W", "29": "W", "23": "W", "21": "N", "37": "E", "28": "N", "38": "S"}, {"10": "E", "15": "E", "25": "E", "29": "E", "28": "W", "37": "E", "7": "E", "22": "E", "38": "N", "26": "W", "12": "W", "20": "W", "13": "E", "23": "E", "2": "E", "0": "E"}, {"16": "S", "17": "S", "38": "W", "0": "S", "29": "W", "10": "E", "12": "E", "24": "N", "25": "N", "15": "E", "22": "S", "20": "S", "26": "E"}, {"13": "E", "7": "W", "25": "S", "29": "E", "22": "S", "10": "W", "20": "N", "15": "S", "28": "W", "24": "S", "38": "E"}, {"20": "S", "22": "W", "15": "W", "1": "E", "16": "S", "0": "S", "28": "S", "33": "S", "29": "W", "10": "N", "38": "S", "26": "W", "23": "W"}, {"15": "W", "33": "N", "20": "E", "28": "W", "22": "N", "26": "E", "1": "W", "7": "E", "23": "E", "38": "N"}, {"24": "E", "7": "E", "25": "E", "23": "W", "37": "E", "22": "E", "21": "S", "1": "N", "15": "E", "26": "W", "20": "E", "12": "W", "38": "S"}, {"28": "W", "26": "E", "12": "E", "22": "W", "1": "E", "21": "N", "25": "W", "24": "N", "20": "W", "7": "E", "15": "S", "38": "S", "23": "E"}, {"37": "E", "13": "S", "15": "S", "28": "W", "22": "E", "29": "E", "7": "E", "26": "N", "1": "W", "21": "S", "20": "W", "38": "S", "33": "E"}, {"7": "N", "23": "S", "25": "S", "28": "W", "22": "E", "38": "N", "26": "E", "15": "N", "1": "E", "20": "N", "33": "W", "13": "E", "21": "N", "29": "E"}, {"29": "W", "21": "W", "1": "W", "10": "E", "13": "E", "20": "S", "12": "W", "15": "S", "22": "W"}, {"20": "E", "22": "N", "13": "W", "15": "S", "10": "W", "29": "S", "12": "E", "23": "E", "1": "S", "21": "N", "26": "S", "38": "S"}, {"22": "N", "1": "S", "33": "S", "13": "W", "29": "W", "15": "N", "23": "E", "26": "W", "12": "N"}, {"20": "W", "21": "W", "1": "S", "33": "N", "22": "W", "23": "N", "26": "E", "38": "N", "12": "N", "15": "E"}, {"23": "S", "15": "W", "22": "W", "12": "S", "29": "E", "20": "N", "38": "S"}, {"20": "S", "15": "E", "26": "S", "14": "W", "29": "N", "23": "E", "13": "E", "38": "W", "21": "S"}, {"26": "N", "29": "N", "21": "S", "24": "E", "20": "E", "14": "E", "22": "W", "15": "W", "33": "S", "38": "W", "23": "E"}, {"38": "E", "33": "S", "15": "S", "24": "W", "20": "E", "12": "W", "22": "W", "29": "W", "21": "W", "13": "W"}, {"20": "E", "38": "S", "29": "N", "13": "E", "33": "N", "21": "W", "22": "W", "24": "E", "23": "E", "12": "E", "10": "E", "15": "N"}, {"15": "S", "10": "E", "24": "W", "29": "E", "21": "S", "38": "S", "20": "W", "23": "W", "13": "W", "26": "S", "33": "N", "22": "S"}, {"26": "N", "24": "N", "22": "W", "20": "E", "15": "N", "21": "E", "29": "W", "10": "N", "23": "N"}, {"22": "W", "23": "S", "24": "E", "13": "W", "33": "S", "26": "W", "12": "W", "15": "E", "29": "W"}, {"20": "W", "24": "W", "10": "N", "23": "N", "15": "W", "38": "W", "29": "W", "12": "E", "26": "E", "33": "S"}, {"38": "S", "23": "S", "20": "E", "24": "E", "21": "E", "33": "E", "13": "E", "12": "W", "15": "E", "29": "W", "26": "S", "10": "W"}, {"38": "S", "29": "W", "21": "S", "23": "N", "13": "W", "24": "W", "12": "E", "10": "N", "26": "N", "33": "E", "14": "W", "15": "W"}, {"29": "S", "13": "E", "26": "W", "12": "N", "24": "E", "21": "S", "10": "W", "33": "W", "14": "E", "38": "S", "15": "E"}, {"24": "W", "21": "S", "10": "W", "38": "E", "26": "E", "15": "W", "33": "E", "12": "S", "23": "S"}, {"15": "E", "33": "W", "10": "N", "24": "E", "12": "N", "13": "W", "38": "S", "21": "N", "23": "N"}, {"21": "E", "20": "W", "12": "S", "15": "W", "33": "W", "24": "W"}, {"23": "S", "33": "N", "26": "W", "20": "E", "21": "S", "15": "S", "24": "E", "13": "E"}, {"15": "N", "33": "N", "24": "W", "12": "W", "13": "W", "21": "N"}, {"23": "N", "15": "E", "21": "W", "12": "E", "26": "E", "20": "W", "33": "E", "13": "E"}, {"20": "E", "26": "S", "15": "W", "13": "W", "33": "N", "24": "E", "23": "S", "12": "N"}, {"12": "S", "20": "W", "23": "N", "13": "E", "26": "N", "21": "E", "24": "W"}, {"23": "S", "20": "E", "15": "E", "13": "W", "21": "E"}, {"23": "N", "21": "W", "15": "W", "24": "E", "13": "E"}, {"24": "W", "15": "E", "26": "W", "13": "W", "21": "W"}, {"13": "E", "26": "E", "23": "N", "12": "N", "33": "S", "15": "E", "21": "E", "24": "E"}, {"13": "W", "21": "E", "26": "W", "15": "N", "12": "E", "20": "W", "24": "W"}, {"20": "E", "13": "E", "15": "N", "12": "E", "21": "E", "33": "N", "26": "E", "24": "E"}, {"13": "W", "24": "W", "15": "W", "26": "W", "12": "S"}, {"12": "E", "15": "W", "21": "W", "24": "E", "26": "E", "33": "S"}, {"21": "S", "33": "N", "24": "W", "15": "E", "12": "E"}, {"13": "E", "20": "W", "24": "E", "12": "E", "21": "S"}, {"21": "N", "20": "E", "13": "W", "26": "S", "24": "W", "12": "S", "15": "W"}, {"24": "E", "26": "N", "15": "E", "13": "E"}, {"24": "W", "26": "W", "13": "W"}, {"21": "N", "13": "E", "24": "E", "26": "E"}, {"24": "W", "21": "S", "15": "E", "26": "W"}, {"26": "E", "13": "W", "15": "W", "21": "N", "24": "E"}, {"26": "S", "21": "E", "15": "W", "24": "W"}, {"24": "E", "26": "N", "20": "W", "14": "W", "15": "E", "21": "S", "13": "E"}, {"20": "E", "13": "W", "14": "E", "26": "S", "15": "W"}, {"26": "N", "20": "W", "24": "W", "21": "N"}, {"15": "E", "13": "E", "14": "W", "26": "N", "20": "S", "24": "E", "21": "E"}, {"13": "W", "21": "S", "20": "E", "24": "W", "14": "E", "15": "W"}, {"20": "W", "21": "E"}, {"20": "N", "24": "E", "15": "E"}, {"24": "W", "13": "E", "14": "W", "20": "S", "15": "E"}, {"14": "E", "15": "W", "21": "E", "13": "W", "20": "E"}, {"21": "W", "13": "E", "24": "E", "15": "E"}, {"15": "W", "13": "W", "21": "W", "24": "W", "20": "W"}, {"21": "N", "14": "W", "20": "E", "13": "E"}, {"14": "E", "13": "W", "21": "N", "15": "W"}, {"24": "E", "15": "E", "20": "W"}, {"13": "E", "24": "W", "20": "E", "21": "E", "15": "E"}, {"15": "W", "13": "W", "21": "N"}, {"33": "S", "24": "E", "15": "W", "20": "W", "21": "E"}, {"21": "N", "24": "W", "33": "N", "20": "N"}, {"24": "E", "21": "E", "14": "W", "20": "W", "15": "E", "26": "S", "13": "E"}, {"13": "W", "24": "W", "26": "N", "14": "E", "21": "S", "15": "W", "20": "E"}, {"20": "W", "24": "E", "33": "S", "21": "W"}, {"20": "E", "33": "N", "26": "S", "21": "E", "15": "E"}, {"20": "E", "21": "S", "15": "W", "26": "S", "24": "W"}, {"26": "N"}, {"26": "S", "15": "E", "24": "E", "13": "E"}, {"20": "W", "26": "N", "24": "W", "21": "E", "13": "W"}, {"24": "E", "20": "W", "15": "W", "26": "N"}, {"21": "S", "24": "W", "20": "E"}, {"26": "S", "24": "E", "20": "W", "21": "W"}, {"21": "W", "26": "N", "15": "E", "20": "E", "24": "W"}, {"26": "S", "14": "W", "24": "E", "21": "E", "20": "W", "15": "W"}, {"14": "E", "26": "N", "15": "E", "20": "E", "24": "W"}]}