{"instance": "galaxy_cluster_00000_20x20_20_80", "steps": [{"18": "N", "0": "W", "1": "E", "3": "W", "4": "W", "6": "S", "7": "N", "8": "S", "9": "W", "10": "E", "11": "N", "12": "E", "13": "W", "14": "E", "21": "W", "22": "S", "24": "S", "26": "E", "27": "W", "28": "E", "30": "W", "31": "E", "32": "W", "33": "W", "34": "N", "36": "E", "37": "W", "38": "S", "39": "E", "41": "S", "42": "E", "43": "N", "44": "W", "45": "S", "46": "E", "47": "E", "48": "W", "52": "E", "54": "N", "56": "W", "57": "E", "58": "S", "59": "W", "60": "W", "61": "W", "62": "E", "63": "N", "64": "E", "65": "W", "66": "S", "67": "N", "68": "S", "69": "E", "70": "S", "71": "N", "72": "W", "73": "S", "75": "E", "77": "E", "78": "W"}, {"0": "N", "1": "S", "3": "W", "4": "W", "5": "W", "6": "S", "7": "N", "8": "E", "9": "N", "10": "S", "11": "W", "13": "W", "14": "S", "15": "W", "16": "E", "17": "N", "20": "E", "21": "W", "22": "E", "23": "N", "24": "S", "25": "S", "26": "E", "28": "E", "30": "W", "32": "S", "33": "N", "34": "N", "36": "E", "37": "N", "38": "E", "39": "E", "42": "N", "44": "W", "46": "N", "47": "E", "48": "S", "49": "N", "50": "E", "51": "E", "52": "N", "53": "N", "54": "N", "57": "E", "58": "S", "59": "W", "60": "N", "63": "E", "64": "E", "65": "N", "66": "S", "67": "E", "68": "E", "69": "E", "70": "W", "71": "N", "73": "S", "75": "N", "77": "E", "78": "W"}, {"18": "N", "19": "S", "0": "N", "1": "E", "4": "S", "5": "W", "6": "W", "7": "W", "8": "E", "9": "N", "10": "S", "11": "N", "12": "S", "13": "W", "15": "N", "16": "E", "17": "N", "20": "S", "22": "E", "23": "N", "26": "E", "27": "W", "28": "E", "30": "S", "32": "S", "34": "N", "36": "N", "37": "N", "38": "S", "39": "E", "41": "W", "42": "N", "43": "W", "44": "S", "46": "E", "47": "E", "48": "W", "49": "N", "50": "S", "51": "S", "52": "N", "53": "N", "56": "N", "57": "E", "58": "E", "59": "N", "60": "N", "63": "N", "64": "S", "65": "W", "66": "S", "67": "E", "68": "E", "69": "N", "70": "S", "71": "W", "72": "W", "73": "W", "74": "W", "75": "N", "77": "N", "78": "W", "79": "W"}, {"18": "N", "19": "S", "0": "N", "2": "N", "4": "W", "5": "N", "7": "N", "8": "E", "9": "N", "11": "N", "12": "E", "13": "W", "15": "N", "17": "W", "20": "E", "22": "S", "23": "N", "24": "W", "26": "E", "27": "N", "28": "N", "30": "W", "31": "N", "32": "S", "33": "W", "34": "E", "36": "N", "37": "N", "38": "S", "39": "E", "40": "N", "41": "W", "42": "N", "43": "W", "44": "S", "48": "W", "49": "W", "50": "E", "51": "S", "53": "W", "56": "W", "57": "S", "59": "N", "60": "W", "62": "E", "63": "E", "64": "E", "65": "N", "67": "N", "68": "E", "69": "N", "70": "S", "71": "N", "72": "W", "73": "W", "74": "W", "75": "E", "78": "N", "79": "S"}, {"18": "N", "19": "S", "2": "W", "4": "W", "5": "W", "7": "N", "8": "N", "9": "N", "12": "S", "13": "W", "14": "S", "15": "W", "17": "W", "20": "S", "22": "S", "23": "W", "24": "N", "25": "W", "26": "S", "27": "W", "28": "N", "30": "W", "31": "E", "32": "E", "34": "E", "38": "E", "40": "E", "42": "E", "48": "S", "49": "W", "50": "S", "51": "E", "53": "W", "56": "W", "58": "E", "59": "W", "60": "W", "62": "S", "63": "E", "64": "N", "65": "W", "66": "W", "69": "E", "70": "S", "71": "N", "72": "S", "73": "S", "75": "N", "78": "E", "79": "W"}, {"18": "N", "2": "W", "4": "S", "5": "W", "7": "W", "8": "N", "9": "N", "10": "E", "12": "E", "13": "W", "14": "S", "17": "W", "20": "S", "22": "E", "23": "W", "24": "W", "25": "W", "26": "E", "27": "N", "30": "S", "32": "E", "34": "N", "38": "E", "40": "N", "42": "S", "43": "S", "46": "N", "47": "E", "48": "W", "49": "W", "50": "S", "51": "S", "53": "W", "56": "S", "58": "S", "60": "N", "61": "S", "62": "E", "65": "N", "66": "S", "69": "N", "70": "E", "71": "E", "72": "S", "73": "W", "75": "N", "79": "W"}, {"72": "W"}, {"72": "N"}, {"72": "W"}, {"72": "N"}, {"72": "N"}, {"72": "N"}, {"72": "N"}, {"72": "N"}, {"72": "N"}, {"72": "E"}, {"72": "N"}, {"72": "N"}, {"72": "N"}, {"72": "W"}, {"72": "N"}, {"72": "N"}, {"37": "S"}, {"37": "S"}, {"37": "E"}, {"37": "S"}, {"37": "S"}, {"37": "S"}, {"37": "E"}, {"37": "E"}, {"37": "S"}, {"37": "E"}, {"37": "E"}, {"37": "S"}, {"37": "E"}, {"37": "E"}, {"37": "E"}, {"37": "E"}, {"37": "E"}, {"37": "E"}, {"20": "S"}, {"20": "W"}, {"20": "W"}, {"20": "W"}, {"20": "N"}, {"20": "N"}, {"20": "N"}, {"20": "N"}, {"20": "E"}, {"20": "N"}, {"20": "N"}, {"20": "N"}, {"20": "N"}, {"45": "E"}, {"45": "E"}, {"45": "E"}, {"45": "E"}, {"45": "E"}, {"45": "E"}, {"45": "E"}, {"45": "E"}, {"73": "W"}, {"73": "W"}, {"73": "W"}, {"73": "W"}, {"73": "W"}, {"73": "N"}, {"73": "N"}, {"73": "W"}, {"59": "E"}, {"59": "E"}, {"59": "E"}, {"59": "S"}, {"59": "S"}, {"59": "S"}, {"59": "S"}, {"59": "S"}, {"59": "E"}, {"59": "E"}, {"59": "E"}, {"59": "E"}, {"59": "E"}, {"59": "E"}, {"59": "E"}, {"57": "S"}, {"57": "W"}, {"57": "W"}, {"57": "S"}, {"57": "W"}, {"57": "W"}, {"57": "W"}, {"57": "W"}, {"57": "W"}, {"57": "W"}, {"57": "W"}, {"57": "W"}, {"57": "W"}, {"57": "W"}, {"57": "W"}, {"57": "S"}, {"57": "W"}, {"44": "W"}, {"44": "N"}, {"44": "N"}, {"44": "N"}, {"44": "N"}, {"44": "N"}, {"44": "N"}, {"44": "N"}, {"44": "N"}, {"44": "N"}, {"44": "N"}, {"44": "N"}, {"44": "N"}, {"44": "N"}, {"44": "W"}, {"44": "W"}, {"44": "N"}, {"44": "N"}, {"44": "N"}, {"44": "W"}, {"25": "N"}, {"25": "E"}, {"25": "E"}, {"25": "S"}, {"25": "E"}, {"25": "E"}, {"25": "S"}, {"25": "E"}, {"25": "E"}, {"25": "S"}, {"25": "S"}, {"25": "E"}, {"25": "S"}, {"25": "S"}, {"25": "E"}, {"25": "S"}, {"25": "E"}, {"25": "E"}, {"23": "S"}, {"23": "W"}, {"23": "S"}, {"23": "W"}, {"23": "S"}, {"23": "W"}, {"23": "S"}, {"23": "W"}, {"23": "S"}, {"21": "W"}, {"15": "E"}, {"15": "N"}, {"2": "S"}, {"2": "E"}, {"2": "N"}, {"2": "E"}, {"2": "N"}, {"2": "N"}, {"2": "N"}, {"29": "E"}, {"29": "S"}, {"29": "S"}, {"29": "S"}, {"29": "S"}, {"29": "E"}, {"29": "S"}, {"29": "E"}, {"29": "E"}, {"63": "N"}, {"63": "N"}, {"63": "W"}, {"63": "W"}, {"63": "W"}, {"63": "S"}, {"63": "W"}, {"63": "W"}, {"63": "S"}, {"63": "W"}, {"63": "W"}, {"63": "W"}, {"63": "W"}, {"63": "W"}, {"63": "W"}, {"63": "W"}, {"63": "W"}, {"63": "W"}, {"63": "S"}, {"49": "E"}, {"49": "E"}, {"49": "S"}, {"49": "S"}, {"49": "E"}, {"49": "S"}, {"49": "S"}, {"49": "S"}, {"49": "E"}, {"49": "S"}, {"49": "E"}, {"49": "E"}, {"49": "E"}, {"49": "E"}, {"49": "E"}, {"49": "E"}, {"39": "S"}, {"39": "S"}, {"39": "S"}, {"39": "S"}, {"39": "S"}, {"39": "S"}, {"39": "W"}, {"39": "S"}, {"39": "W"}, {"39": "S"}, {"39": "W"}, {"68": "S"}, {"68": "S"}, {"68": "W"}, {"68": "W"}, {"68": "S"}, {"68": "W"}, {"68": "W"}, {"68": "W"}, {"68": "W"}, {"68": "N"}, {"68": "W"}, {"68": "W"}, {"68": "N"}, {"68": "N"}, {"68": "W"}, {"68": "W"}, {"68": "W"}, {"47": "N"}, {"47": "W"}, {"47": "N"}, {"47": "N"}, {"47": "W"}, {"47": "W"}, {"47": "W"}, {"47": "N"}, {"47": "W"}, {"47": "W"}, {"47": "W"}, {"47": "W"}, {"47": "W"}, {"47": "W"}, {"47": "W"}, {"47": "W"}, {"65": "E"}, {"65": "E"}, {"65": "E"}, {"65": "E"}, {"65": "S"}, {"65": "E"}, {"65": "E"}, {"65": "E"}, {"65": "E"}, {"65": "S"}, {"65": "E"}, {"65": "E"}, {"65": "E"}, {"65": "E"}, {"65": "E"}, {"65": "E"}, {"65": "E"}, {"65": "E"}, {"65": "E"}, {"65": "S"}, {"65": "E"}, {"50": "N"}, {"50": "N"}, {"50": "N"}, {"50": "W"}, {"50": "N"}, {"50": "W"}, {"50": "W"}, {"50": "N"}, {"50": "N"}, {"50": "N"}, {"50": "N"}, {"50": "W"}, {"50": "W"}, {"50": "W"}, {"50": "W"}, {"50": "N"}, {"50": "N"}, {"50": "N"}, {"50": "W"}, {"50": "W"}, {"50": "W"}, {"50": "W"}, {"50": "N"}, {"50": "N"}, {"35": "E"}, {"35": "E"}, {"35": "E"}, {"35": "E"}, {"35": "E"}, {"35": "E"}, {"35": "E"}, {"35": "S"}, {"32": "E"}, {"32": "N"}, {"32": "N"}, {"32": "N"}, {"32": "N"}, {"32": "N"}, {"32": "N"}, {"32": "N"}, {"32": "N"}, {"32": "N"}, {"32": "N"}, {"32": "N"}, {"32": "N"}, {"32": "N"}, {"32": "N"}, {"32": "N"}, {"32": "N"}, {"32": "N"}, {"32": "N"}, {"32": "N"}, {"32": "N"}, {"32": "W"}, {"1": "N"}, {"1": "N"}, {"1": "N"}, {"1": "W"}, {"1": "W"}, {"1": "W"}, {"1": "S"}, {"1": "W"}, {"1": "W"}, {"1": "W"}, {"1": "W"}, {"1": "W"}, {"1": "W"}, {"1": "W"}, {"1": "W"}, {"1": "W"}, {"76": "W"}, {"76": "W"}, {"76": "S"}, {"76": "S"}, {"76": "S"}, {"76": "W"}, {"76": "W"}, {"76": "W"}, {"76": "W"}, {"74": "N"}, {"74": "N"}, {"74": "N"}, {"74": "N"}, {"74": "W"}, {"74": "W"}, {"74": "W"}, {"74": "W"}, {"74": "N"}, {"74": "N"}, {"74": "W"}, {"61": "E"}, {"61": "E"}, {"61": "N"}, {"61": "N"}, {"61": "N"}, {"61": "N"}, {"61": "N"}, {"61": "N"}, {"61": "N"}, {"61": "N"}, {"61": "E"}, {"58": "W"}, {"58": "S"}, {"58": "W"}, {"58": "W"}, {"58": "W"}, {"58": "W"}, {"58": "W"}, {"58": "N"}, {"58": "N"}, {"58": "W"}, {"58": "W"}, {"58": "W"}, {"58": "W"}, {"58": "W"}, {"58": "N"}, {"58": "W"}, {"58": "W"}, {"58": "W"}, {"58": "W"}, {"46": "W"}, {"46": "W"}, {"46": "N"}, {"46": "N"}, {"46": "W"}, {"46": "N"}, {"46": "W"}, {"46": "W"}, {"46": "W"}, {"46": "W"}, {"46": "W"}, {"46": "W"}, {"46": "W"}, {"46": "W"}, {"46": "W"}, {"46": "W"}, {"46": "W"}, {"46": "W"}, {"46": "W"}, {"46": "W"}, {"46": "N"}, {"46": "W"}, {"46": "N"}, {"46": "W"}, {"41": "N"}, {"41": "N"}, {"41": "N"}, {"41": "N"}, {"41": "N"}, {"41": "N"}, {"41": "N"}, {"41": "N"}, {"41": "N"}, {"41": "N"}, {"41": "W"}, {"41": "N"}, {"41": "N"}, {"41": "N"}, {"41": "N"}, {"38": "W"}, {"38": "N"}, {"38": "N"}, {"38": "W"}, {"38": "W"}, {"38": "W"}, {"38": "W"}, {"38": "S"}, {"38": "W"}, {"38": "W"}, {"38": "W"}, {"38": "W"}, {"38": "W"}, {"38": "W"}, {"27": "N"}, {"27": "E"}, {"27": "E"}, {"27": "N"}, {"27": "E"}, {"27": "E"}, {"27": "E"}, {"27": "E"}, {"27": "E"}, {"27": "E"}, {"27": "E"}, {"27": "E"}, {"27": "E"}, {"79": "S"}, {"79": "E"}, {"79": "E"}, {"79": "E"}, {"79": "E"}, {"79": "E"}, {"79": "S"}, {"79": "E"}, {"79": "E"}, {"79": "E"}, {"79": "E"}, {"79": "E"}, {"79": "E"}, {"79": "E"}, {"79": "E"}, {"79": "S"}, {"79": "S"}, {"79": "E"}, {"60": "N"}, {"60": "E"}, {"60": "N"}, {"60": "E"}, {"60": "N"}, {"60": "N"}, {"60": "E"}, {"60": "N"}, {"60": "E"}, {"60": "E"}, {"60": "E"}, {"60": "E"}, {"60": "N"}, {"60": "E"}, {"60": "E"}, {"60": "E"}, {"60": "E"}, {"60": "N"}, {"60": "E"}, {"60": "E"}, {"60": "E"}, {"60": "E"}, {"60": "N"}, {"55": "N"}, {"55": "E"}, {"55": "N"}, {"55": "N"}, {"55": "N"}, {"55": "N"}, {"55": "N"}, {"55": "W"}, {"55": "N"}, {"55": "N"}, {"55": "W"}, {"55": "W"}, {"55": "N"}, {"54": "S"}, {"54": "S"}, {"54": "S"}, {"54": "S"}, {"54": "S"}, {"54": "S"}, {"54": "S"}, {"54": "S"}, {"54": "S"}, {"54": "S"}, {"54": "W"}, {"53": "E"}, {"53": "S"}, {"53": "E"}, {"53": "E"}, {"53": "S"}, {"53": "S"}, {"53": "S"}, {"53": "S"}, {"53": "S"}, {"53": "S"}, {"53": "S"}, {"53": "S"}, {"43": "S"}, {"43": "S"}, {"43": "E"}, {"43": "E"}, {"43": "S"}, {"43": "E"}, {"43": "E"}, {"43": "E"}, {"43": "E"}, {"43": "S"}, {"43": "S"}, {"43": "S"}, {"43": "S"}, {"43": "E"}, {"43": "E"}, {"43": "E"}, {"43": "E"}, {"43": "S"}, {"43": "S"}, {"43": "S"}, {"43": "S"}, {"43": "S"}, {"17": "E"}, {"17": "S"}, {"17": "S"}, {"17": "S"}, {"17": "S"}, {"17": "S"}, {"17": "W"}, {"16": "W"}, {"16": "W"}, {"16": "W"}, {"16": "W"}, {"16": "S"}, {"16": "W"}, {"16": "W"}, {"16": "W"}, {"16": "N"}, {"16": "N"}, {"16": "W"}, {"16": "W"}, {"14": "W"}, {"14": "N"}, {"14": "W"}, {"14": "W"}, {"14": "W"}, {"14": "S"}, {"14": "W"}, {"14": "W"}, {"14": "S"}, {"14": "W"}, {"9": "E"}, {"9": "S"}, {"9": "S"}, {"9": "S"}, {"9": "S"}, {"9": "W"}, {"9": "S"}, {"9": "W"}, {"9": "S"}, {"9": "S"}, {"8": "N"}, {"8": "W"}, {"8": "N"}, {"8": "N"}, {"8": "W"}, {"8": "N"}, {"8": "N"}, {"8": "N"}, {"8": "N"}, {"8": "W"}, {"8": "W"}, {"8": "W"}, {"8": "W"}, {"8": "W"}, {"8": "W"}, {"8": "W"}, {"8": "W"}, {"8": "W"}, {"8": "W"}, {"8": "W"}, {"8": "W"}, {"3": "S"}, {"3": "E"}, {"3": "N"}, {"3": "E"}, {"3": "E"}, {"78": "E"}, {"78": "E"}, {"78": "E"}, {"78": "E"}, {"78": "E"}, {"78": "E"}, {"78": "N"}, {"78": "N"}, {"78": "N"}, {"78": "N"}, {"78": "E"}, {"78": "E"}, {"78": "N"}, {"78": "N"}, {"78": "N"}, {"78": "N"}, {"78": "E"}, {"78": "E"}, {"78": "E"}, {"78": "E"}, {"78": "E"}, {"77": "W"}, {"77": "S"}, {"77": "W"}, {"77": "W"}, {"77": "W"}, {"77": "W"}, {"77": "W"}, {"77": "W"}, {"77": "W"}, {"77": "W"}, {"77": "S"}, {"77": "W"}, {"77": "S"}, {"77": "W"}, {"77": "W"}, {"77": "W"}, {"77": "W"}, {"77": "W"}, {"77": "W"}, {"75": "W"}, {"75": "W"}, {"75": "N"}, {"75": "W"}, {"75": "W"}, {"75": "W"}, {"75": "W"}, {"75": "W"}, {"75": "W"}, {"71": "S"}, {"71": "E"}, {"71": "S"}, {"71": "S"}, {"71": "E"}, {"71": "E"}, {"71": "E"}, {"71": "E"}, {"70": "E"}, {"70": "E"}, {"70": "N"}, {"70": "N"}, {"70": "N"}, {"70": "N"}, {"70": "E"}, {"70": "E"}, {"70": "E"}, {"70": "E"}, {"70": "E"}, {"70": "E"}, {"70": "E"}, {"70": "E"}, {"70": "E"}, {"70": "E"}, {"70": "N"}, {"70": "N"}, {"70": "N"}, {"69": "W"}, {"69": "S"}, {"69": "S"}, {"69": "W"}, {"69": "W"}, {"69": "W"}, {"69": "W"}, {"69": "S"}, {"69": "S"}, {"69": "S"}, {"69": "W"}, {"67": "S"}, {"67": "S"}, {"67": "S"}, {"67": "W"}, {"67": "W"}, {"67": "S"}, {"67": "S"}, {"67": "S"}, {"67": "W"}, {"67": "W"}, {"67": "S"}, {"67": "W"}, {"67": "S"}, {"67": "S"}, {"67": "S"}, {"67": "S"}, {"67": "W"}, {"67": "W"}, {"67": "W"}, {"67": "W"}, {"67": "W"}, {"67": "W"}, {"67": "W"}, {"67": "W"}, {"66": "W"}, {"66": "W"}, {"66": "W"}, {"66": "N"}, {"66": "W"}, {"66": "N"}, {"66": "N"}, {"66": "N"}, {"66": "W"}, {"66": "N"}, {"66": "N"}, {"66": "W"}, {"66": "W"}, {"66": "N"}, {"66": "N"}, {"66": "W"}, {"66": "W"}, {"66": "N"}, {"66": "W"}, {"66": "N"}, {"66": "N"}, {"66": "W"}, {"66": "W"}, {"66": "W"}, {"66": "N"}, {"66": "W"}, {"66": "N"}, {"66": "N"}, {"66": "N"}, {"66": "N"}, {"64": "N"}, {"64": "E"}, {"64": "E"}, {"64": "N"}, {"64": "E"}, {"64": "N"}, {"64": "E"}, {"62": "N"}, {"56": "W"}, {"56": "W"}, {"56": "S"}, {"56": "S"}, {"56": "E"}, {"56": "E"}, {"56": "E"}, {"56": "S"}, {"52": "N"}, {"52": "W"}, {"52": "W"}, {"51": "E"}, {"51": "N"}, {"51": "N"}, {"51": "N"}, {"51": "N"}, {"51": "N"}, {"48": "N"}, {"48": "N"}, {"48": "N"}, {"48": "N"}, {"48": "N"}, {"48": "N"}, {"48": "W"}, {"48": "N"}, {"48": "N"}, {"48": "N"}, {"48": "N"}, {"42": "S"}, {"42": "S"}, {"42": "S"}, {"42": "S"}, {"42": "W"}, {"42": "S"}, {"42": "S"}, {"42": "W"}, {"42": "W"}, {"42": "W"}, {"42": "W"}, {"42": "S"}, {"42": "S"}, {"40": "E"}, {"40": "S"}, {"40": "S"}, {"40": "S"}, {"40": "S"}, {"36": "E"}, {"36": "E"}, {"36": "S"}, {"36": "S"}, {"36": "S"}, {"34": "N"}, {"33": "E"}, {"33": "S"}, {"33": "S"}, {"33": "S"}, {"33": "E"}, {"33": "E"}, {"33": "S"}, {"33": "E"}, {"33": "E"}, {"33": "E"}, {"33": "E"}, {"33": "S"}, {"33": "E"}, {"33": "E"}, {"33": "E"}, {"33": "E"}, {"33": "E"}, {"33": "E"}, {"33": "S"}, {"33": "S"}, {"33": "E"}, {"33": "E"}, {"33": "E"}, {"33": "E"}, {"33": "E"}, {"33": "E"}, {"33": "E"}, {"33": "S"}, {"31": "W"}, {"31": "S"}, {"31": "W"}, {"31": "W"}, {"31": "W"}, {"31": "W"}, {"31": "W"}, {"31": "W"}, {"31": "W"}, {"31": "W"}, {"31": "S"}, {"31": "W"}, {"31": "W"}, {"31": "W"}, {"30": "N"}, {"30": "N"}, {"30": "N"}, {"30": "N"}, {"30": "E"}, {"30": "E"}, {"30": "E"}, {"30": "E"}, {"30": "N"}, {"30": "E"}, {"30": "E"}, {"30": "N"}, {"30": "E"}, {"30": "N"}, {"30": "N"}, {"30": "E"}, {"28": "N"}, {"28": "W"}, {"28": "W"}, {"28": "W"}, {"28": "W"}, {"28": "N"}, {"28": "W"}, {"28": "W"}, {"28": "W"}, {"26": "E"}, {"26": "N"}, {"26": "N"}, {"26": "W"}, {"26": "N"}, {"26": "W"}, {"26": "N"}, {"26": "N"}, {"26": "W"}, {"26": "N"}, {"26": "N"}, {"26": "N"}, {"26": "N"}, {"26": "N"}, {"26": "W"}, {"24": "N"}, {"24": "W"}, {"24": "N"}, {"24": "W"}, {"24": "N"}, {"24": "N"}, {"24": "N"}, {"24": "N"}, {"24": "N"}, {"24": "W"}, {"24": "W"}, {"24": "W"}, {"24": "N"}, {"24": "N"}, {"22": "N"}, {"22": "W"}, {"22": "N"}, {"22": "W"}, {"22": "W"}, {"22": "W"}, {"22": "W"}, {"22": "W"}, {"22": "N"}, {"22": "N"}, {"13": "E"}, {"13": "E"}, {"13": "S"}, {"13": "S"}, {"13": "E"}, {"13": "S"}, {"13": "E"}, {"13": "E"}, {"13": "E"}, {"12": "W"}, {"12": "W"}, {"12": "W"}, {"12": "W"}, {"12": "W"}, {"12": "W"}, {"12": "W"}, {"12": "W"}, {"12": "N"}, {"12": "W"}, {"12": "W"}, {"11": "E"}, {"11": "S"}, {"11": "E"}, {"11": "E"}, {"11": "S"}, {"11": "S"}, {"11": "S"}, {"11": "S"}, {"11": "S"}, {"10": "N"}, {"10": "N"}, {"10": "N"}, {"10": "W"}, {"10": "W"}, {"10": "W"}, {"10": "W"}, {"10": "W"}, {"10": "W"}, {"10": "W"}, {"10": "W"}, {"10": "W"}, {"10": "W"}, {"10": "W"}, {"10": "W"}, {"10": "W"}, {"10": "N"}, {"10": "N"}, {"10": "N"}, {"10": "N"}, {"7": "W"}, {"7": "S"}, {"7": "E"}, {"7": "S"}, {"7": "S"}, {"7": "S"}, {"6": "W"}, {"6": "W"}, {"6": "N"}, {"6": "N"}, {"6": "N"}, {"6": "W"}, {"6": "W"}, {"6": "N"}, {"6": "N"}, {"6": "W"}, {"6": "W"}, {"5": "N"}, {"5": "N"}, {"5": "E"}, {"5": "E"}, {"5": "E"}, {"5": "E"}, {"5": "E"}, {"4": "N"}, {"4": "N"}, {"4": "N"}, {"4": "N"}, {"4": "W"}, {"4": "N"}, {"4": "N"}, {"4": "N"}, {"4": "N"}, {"4": "N"}, {"4": "N"}, {"4": "N"}, {"4": "N"}, {"0": "S"}, {"0": "S"}, {"0": "E"}, {"0": "S"}]}