{"meta": {"number_of_robots": 2000, "description": {"parameters": {"seed": 4700, "shape": [100, 100], "obstacles": {"n": 0, "mean": 0, "std": 0.0}, "clusters": {"n": 20, "mean": 80, "std": 40.0, "relative_radius": 2, "increase_factor": 1.3, "start_dist": {"generator_name": "uniform", "shape": [100, 100], "min": 1.0, "max": 1.0, "mean": 1.0, "std": 0.0, "dtype": "float64", "parameters": {}}, "target_dist": {"generator_name": "uniform", "shape": [100, 100], "min": 1.0, "max": 1.0, "mean": 1.0, "std": 0.0, "dtype": "float64", "parameters": {}}}, "density": 0.2, "start_dist": {"generator_name": "uniform", "shape": [100, 100], "min": 1.0, "max": 1.0, "mean": 1.0, "std": 0.0, "dtype": "float64", "parameters": {}}, "target_dist": {"generator_name": "uniform", "shape": [100, 100], "min": 1.0, "max": 1.0, "mean": 1.0, "std": 0.0, "dtype": "float64", "parameters": {}}}, "stats": {"date": "2020-11-17", "free_area": 10000.0, "number_of_clustered_robots": 1696, "number_of_robots": 2000}}}, "name": "large_free_002_100x100_20_2000", "obstacles": [], "starts": [[98, 28], [51, 37], [96, 94], [61, 50], [57, 34], [16, 42], [2, 15], [63, 87], [56, 53], [83, 2], [76, 39], [12, 46], [22, 66], [63, 48], [12, 23], [96, 24], [21, 31], [2, 98], [25, 8], [24, 5], [21, 48], [90, 9], [8, 26], [26, 7], [84, 93], [24, 63], [14, 29], [19, 20], [1, 91], [96, 37], [92, 33], [23, 53], [84, 15], [1, 24], [21, 13], [83, 93], [62, 52], [3, 81], [10, 43], [53, 56], [17, 21], [17, 39], [99, 16], [65, 45], [71, 36], [12, 90], [10, 17], [88, 31], [24, 12], [70, 99], [7, 81], [90, 28], [3, 39], [24, 35], [6, 11], [44, 25], [84, 10], [93, 95], [55, 26], [10, 14], [18, 8], [63, 91], [6, 94], [59, 47], [18, 76], [9, 31], [16, 38], [97, 14], [99, 35], [63, 47], [24, 14], [3, 9], [90, 42], [15, 11], [17, 31], [67, 93], [24, 74], [99, 5], [65, 40], [70, 34], [12, 47], [14, 99], [11, 6], [23, 20], [6, 35], [90, 35], [18, 7], [68, 95], [83, 18], [65, 49], [24, 80], [94, 37], [10, 48], [8, 24], [24, 46], [57, 50], [19, 18], [44, 35], [14, 98], [95, 6], [21, 9], [97, 92], [58, 31], [86, 88], [9, 86], [13, 23], [93, 25], [3, 21], [19, 47], [16, 29], [95, 16], [95, 37], [25, 6], [30, 4], [62, 42], [76, 35], [65, 92], [12, 88], [59, 50], [18, 67], [19, 46], [2, 14], [7, 32], [86, 6], [93, 37], [19, 1], [54, 42], [15, 26], [68, 88], [4, 28], [12, 27], [25, 78], [94, 42], [93, 16], [14, 89], [7, 41], [29, 9], [16, 43], [68, 99], [15, 27], [8, 22], [97, 40], [52, 33], [54, 54], [7, 69], [94, 20], [90, 93], [48, 37], [73, 45], [75, 35], [3, 36], [24, 49], [20, 28], [21, 1], [3, 88], [94, 41], [72, 99], [7, 28], [60, 55], [95, 20], [9, 6], [12, 80], [11, 48], [96, 28], [10, 40], [13, 9], [4, 25], [85, 90], [94, 1], [3, 94], [52, 44], [17, 85], [22, 14], [15, 42], [95, 24], [13, 41], [19, 14], [14, 26], [96, 6], [80, 89], [88, 33], [74, 51], [67, 29], [6, 28], [8, 71], [65, 55], [17, 24], [52, 27], [14, 90], [86, 12], [27, 0], [10, 8], [6, 37], [92, 92], [60, 36], [98, 40], [76, 92], [1, 39], [64, 49], [5, 83], [16, 24], [94, 27], [26, 23], [90, 14], [0, 17], [26, 5], [5, 49], [16, 37], [4, 99], [77, 90], [20, 82], [93, 6], [96, 40], [53, 48], [5, 4], [12, 25], [1, 37], [28, 10], [70, 51], [65, 31], [88, 32], [0, 49], [77, 95], [2, 93], [88, 2], [53, 57], [18, 87], [10, 51], [2, 10], [12, 4], [8, 13], [49, 36], [68, 93], [15, 47], [97, 41], [96, 14], [18, 53], [91, 38], [1, 83], [95, 95], [52, 32], [9, 13], [14, 88], [27, 14], [51, 53], [7, 9], [86, 96], [98, 2], [12, 37], [2, 33], [66, 54], [14, 19], [67, 51], [76, 27], [24, 68], [98, 37], [20, 15], [92, 29], [98, 17], [73, 94], [6, 91], [18, 52], [23, 5], [8, 30], [12, 8], [10, 84], [16, 15], [97, 3], [21, 45], [77, 88], [62, 54], [15, 6], [93, 34], [1, 29], [4, 16], [92, 31], [41, 25], [0, 99], [57, 54], [5, 66], [95, 7], [24, 29], [27, 12], [94, 93], [58, 29], [64, 90], [67, 42], [72, 33], [1, 10], [25, 7], [4, 42], [87, 19], [2, 51], [15, 82], [22, 26], [18, 36], [21, 12], [9, 90], [91, 28], [98, 39], [68, 90], [3, 22], [51, 46], [12, 52], [95, 4], [15, 44], [23, 16], [62, 47], [13, 68], [14, 8], [64, 98], [11, 11], [3, 97], [10, 47], [90, 39], [97, 1], [95, 33], [9, 29], [4, 64], [9, 5], [30, 9], [72, 52], [72, 27], [44, 26], [6, 14], [10, 29], [74, 99], [95, 19], [88, 98], [53, 25], [1, 97], [59, 52], [16, 48], [60, 49], [6, 87], [10, 5], [96, 38], [20, 9], [3, 31], [97, 37], [6, 4], [84, 13], [63, 98], [10, 32], [7, 86], [19, 5], [22, 48], [6, 7], [99, 14], [14, 92], [27, 8], [72, 89], [95, 31], [61, 40], [70, 40], [95, 29], [17, 34], [16, 0], [63, 49], [12, 84], [16, 40], [96, 13], [56, 47], [0, 11], [25, 15], [70, 92], [39, 25], [9, 95], [5, 52], [90, 20], [99, 41], [9, 3], [9, 15], [5, 78], [18, 39], [93, 98], [50, 29], [97, 33], [64, 94], [26, 20], [7, 38], [87, 14], [7, 99], [9, 12], [3, 17], [65, 54], [8, 75], [12, 31], [6, 38], [57, 44], [11, 47], [68, 51], [77, 39], [93, 31], [64, 89], [24, 16], [94, 9], [14, 21], [94, 40], [25, 14], [15, 79], [24, 31], [10, 44], [10, 96], [75, 93], [91, 2], [10, 16], [3, 12], [92, 34], [11, 9], [46, 35], [12, 53], [68, 54], [24, 72], [4, 40], [94, 18], [73, 97], [95, 26], [55, 55], [2, 92], [6, 5], [93, 97], [56, 37], [20, 25], [23, 43], [25, 3], [67, 53], [74, 37], [18, 65], [87, 1], [92, 41], [4, 34], [74, 95], [0, 13], [20, 40], [13, 36], [29, 0], [6, 20], [10, 88], [89, 25], [93, 7], [53, 55], [10, 71], [67, 87], [6, 47], [8, 46], [10, 10], [93, 30], [65, 53], [11, 13], [91, 7], [20, 23], [5, 69], [13, 43], [45, 26], [6, 89], [65, 96], [8, 6], [3, 38], [97, 30], [72, 54], [67, 28], [93, 10], [21, 4], [0, 38], [22, 11], [92, 44], [64, 50], [13, 86], [93, 96], [57, 26], [77, 87], [6, 23], [14, 46], [96, 18], [7, 92], [24, 0], [4, 30], [53, 53], [92, 24], [11, 72], [16, 32], [14, 6], [5, 25], [62, 89], [90, 6], [94, 29], [7, 35], [11, 52], [18, 1], [11, 97], [74, 53], [5, 6], [62, 51], [67, 39], [3, 75], [86, 7], [70, 96], [18, 20], [5, 41], [95, 35], [18, 41], [39, 36], [27, 5], [89, 40], [5, 21], [58, 43], [84, 0], [3, 66], [62, 88], [5, 95], [0, 36], [27, 18], [84, 99], [46, 38], [17, 42], [17, 4], [2, 13], [86, 10], [89, 44], [8, 29], [59, 48], [20, 87], [65, 93], [90, 33], [12, 20], [12, 97], [13, 2], [4, 36], [70, 44], [65, 28], [86, 15], [0, 9], [5, 40], [23, 63], [73, 93], [50, 52], [10, 7], [18, 16], [91, 40], [91, 10], [11, 40], [14, 47], [4, 4], [98, 29], [39, 29], [11, 96], [60, 53], [17, 75], [67, 98], [93, 12], [19, 54], [25, 12], [3, 11], [27, 9], [4, 29], [96, 98], [59, 25], [92, 27], [25, 67], [62, 95], [91, 24], [13, 91], [60, 54], [68, 40], [97, 13], [13, 40], [64, 40], [32, 4], [2, 7], [15, 22], [7, 39], [85, 93], [59, 57], [86, 0], [16, 41], [4, 80], [13, 22], [16, 28], [3, 6], [13, 0], [11, 98], [91, 43], [92, 40], [14, 28], [7, 17], [16, 52], [96, 11], [63, 97], [12, 78], [46, 28], [3, 10], [13, 4], [50, 45], [20, 51], [84, 9], [69, 52], [73, 30], [11, 44], [10, 98], [23, 9], [99, 40], [68, 91], [56, 54], [18, 79], [94, 38], [6, 17], [26, 11], [98, 94], [59, 34], [8, 39], [95, 17], [0, 30], [9, 27], [74, 87], [3, 7], [20, 63], [6, 96], [14, 2], [23, 38], [89, 39], [94, 14], [91, 39], [65, 46], [13, 33], [0, 18], [64, 91], [67, 41], [10, 63], [26, 10], [5, 43], [15, 10], [96, 15], [68, 47], [67, 32], [50, 37], [8, 98], [89, 30], [12, 28], [13, 32], [2, 34], [83, 95], [5, 74], [96, 3], [90, 41], [11, 23], [17, 14], [12, 39], [97, 99], [57, 25], [6, 22], [2, 96], [60, 56], [79, 88], [88, 15], [7, 44], [57, 41], [17, 81], [32, 7], [93, 40], [10, 20], [24, 45], [90, 29], [3, 27], [95, 8], [68, 92], [64, 53], [72, 31], [2, 47], [11, 65], [18, 22], [17, 2], [2, 88], [10, 35], [21, 16], [6, 27], [96, 31], [85, 17], [41, 38], [64, 87], [57, 40], [9, 37], [52, 42], [20, 83], [10, 15], [14, 52], [97, 35], [7, 14], [86, 5], [2, 94], [12, 24], [76, 87], [20, 42], [98, 38], [18, 15], [10, 83], [5, 30], [87, 92], [50, 31], [87, 3], [0, 8], [72, 44], [65, 30], [24, 17], [91, 33], [15, 35], [2, 95], [62, 87], [33, 5], [60, 52], [4, 71], [11, 33], [88, 3], [58, 47], [0, 22], [96, 41], [7, 43], [16, 36], [9, 10], [65, 88], [12, 5], [88, 14], [18, 80], [52, 26], [13, 99], [14, 17], [14, 40], [99, 25], [17, 43], [11, 16], [73, 98], [98, 8], [91, 42], [18, 9], [70, 41], [8, 27], [62, 46], [72, 34], [17, 71], [21, 32], [15, 40], [56, 48], [7, 97], [86, 92], [50, 33], [95, 15], [96, 36], [76, 97], [20, 8], [16, 9], [2, 27], [0, 50], [3, 74], [6, 34], [93, 44], [86, 1], [69, 97], [4, 92], [20, 36], [28, 15], [7, 23], [21, 23], [57, 48], [13, 82], [18, 30], [98, 27], [10, 38], [98, 5], [44, 34], [63, 55], [3, 32], [60, 46], [75, 36], [98, 34], [66, 87], [13, 16], [31, 2], [8, 15], [19, 87], [5, 93], [86, 2], [18, 45], [2, 53], [0, 14], [81, 98], [92, 25], [14, 12], [98, 96], [54, 27], [92, 1], [58, 41], [20, 71], [94, 36], [7, 6], [6, 44], [11, 46], [5, 94], [9, 23], [72, 87], [54, 46], [19, 12], [94, 2], [9, 43], [9, 74], [66, 44], [66, 39], [21, 11], [89, 26], [5, 44], [9, 14], [96, 26], [75, 88], [23, 6], [93, 14], [50, 28], [3, 91], [16, 44], [68, 57], [16, 69], [26, 26], [14, 10], [15, 48], [98, 1], [72, 97], [11, 54], [10, 13], [93, 42], [65, 44], [99, 24], [14, 84], [3, 99], [5, 14], [88, 93], [52, 29], [83, 17], [8, 17], [23, 40], [10, 33], [85, 99], [31, 10], [74, 45], [76, 32], [68, 52], [23, 77], [2, 20], [95, 2], [24, 39], [95, 27], [92, 43], [2, 99], [6, 21], [8, 38], [69, 92], [12, 0], [41, 34], [12, 10], [88, 5], [22, 53], [8, 77], [62, 50], [19, 24], [20, 30], [23, 8], [78, 87], [9, 39], [17, 10], [5, 99], [90, 40], [97, 24], [20, 37], [98, 15], [11, 24], [67, 45], [4, 73], [63, 40], [78, 31], [17, 11], [77, 97], [0, 41], [14, 36], [22, 13], [95, 18], [94, 98], [51, 34], [14, 23], [3, 98], [7, 84], [99, 39], [57, 46], [94, 39], [30, 3], [11, 51], [83, 94], [92, 11], [6, 36], [8, 11], [12, 6], [63, 57], [11, 67], [16, 50], [42, 34], [2, 90], [99, 2], [15, 9], [77, 92], [92, 28], [2, 5], [2, 38], [93, 32], [25, 25], [64, 47], [73, 40], [7, 63], [23, 51], [95, 5], [21, 6], [50, 47], [77, 99], [4, 13], [0, 91], [16, 47], [23, 48], [27, 24], [96, 44], [54, 48], [22, 80], [85, 8], [88, 95], [59, 35], [13, 13], [97, 27], [63, 96], [0, 6], [13, 38], [10, 45], [97, 16], [7, 90], [23, 65], [16, 14], [31, 14], [1, 13], [81, 89], [88, 39], [72, 51], [73, 33], [7, 54], [62, 55], [44, 31], [88, 1], [4, 31], [95, 39], [62, 57], [15, 87], [22, 32], [17, 18], [10, 26], [26, 8], [23, 36], [14, 95], [64, 96], [83, 19], [88, 27], [6, 33], [11, 73], [13, 52], [9, 20], [18, 3], [10, 6], [65, 97], [98, 30], [87, 11], [84, 94], [47, 36], [1, 99], [61, 47], [14, 38], [21, 50], [60, 47], [9, 4], [66, 41], [75, 39], [12, 79], [17, 6], [91, 44], [96, 9], [79, 99], [22, 10], [11, 28], [90, 25], [17, 47], [1, 23], [50, 36], [5, 91], [21, 66], [97, 4], [25, 13], [68, 89], [23, 15], [6, 41], [21, 34], [89, 42], [12, 14], [49, 51], [94, 4], [14, 41], [60, 48], [8, 66], [14, 1], [85, 95], [9, 93], [23, 50], [94, 44], [13, 20], [64, 51], [71, 37], [2, 23], [94, 12], [94, 97], [55, 35], [18, 33], [23, 70], [10, 4], [93, 41], [4, 32], [71, 93], [9, 7], [98, 14], [11, 94], [8, 16], [91, 35], [1, 45], [16, 11], [60, 51], [17, 64], [13, 44], [51, 56], [84, 92], [52, 36], [84, 16], [98, 35], [14, 20], [7, 25], [8, 52], [0, 97], [20, 0], [14, 78], [13, 24], [18, 43], [74, 49], [69, 29], [86, 98], [88, 6], [3, 13], [89, 35], [0, 32], [17, 16], [94, 34], [20, 12], [67, 55], [14, 73], [11, 37], [96, 7], [75, 91], [64, 54], [4, 93], [9, 25], [90, 98], [51, 27], [8, 28], [20, 3], [26, 6], [96, 35], [99, 8], [24, 83], [86, 87], [11, 30], [23, 33], [9, 24], [95, 44], [51, 38], [13, 96], [70, 50], [69, 34], [96, 2], [26, 3], [7, 49], [17, 12], [62, 56], [11, 84], [65, 99], [13, 25], [0, 31], [58, 56], [95, 42], [86, 20], [92, 26], [5, 46], [18, 6], [6, 93], [1, 22], [8, 84], [62, 94], [23, 11], [12, 33], [85, 2], [22, 37], [98, 92], [56, 31], [15, 13], [7, 26], [97, 25], [54, 49], [23, 86], [71, 97], [94, 25], [6, 24], [5, 90], [11, 38], [72, 50], [75, 33], [89, 13], [12, 43], [63, 56], [29, 6], [1, 20], [45, 35], [7, 66], [74, 98], [87, 7], [4, 50], [25, 5], [10, 37], [96, 39], [90, 36], [4, 98], [19, 13], [4, 5], [79, 91], [58, 50], [96, 16], [1, 33], [2, 77], [13, 26], [16, 34], [17, 38], [23, 12], [1, 17], [33, 11], [55, 43], [8, 36], [85, 19], [70, 46], [71, 35], [11, 91], [88, 34], [70, 95], [3, 82], [91, 29], [92, 93], [51, 29], [17, 30], [14, 7], [3, 15], [24, 9], [0, 51], [91, 8], [83, 97], [52, 57], [10, 81], [38, 32], [11, 93], [97, 31], [12, 22], [0, 35], [3, 44], [92, 18], [91, 26], [18, 26], [17, 5], [52, 48], [85, 97], [23, 73], [8, 40], [4, 24], [92, 19], [70, 52], [71, 32], [3, 48], [22, 4], [9, 98], [19, 21], [98, 36], [72, 98], [57, 45], [22, 73], [6, 52], [99, 33], [1, 12], [87, 0], [31, 1], [1, 47], [93, 94], [59, 38], [26, 14], [24, 51], [11, 90], [84, 98], [24, 77], [91, 13], [57, 51], [14, 4], [97, 28], [14, 11], [41, 24], [5, 36], [99, 32], [12, 50], [18, 23], [63, 89], [89, 6], [69, 43], [13, 14], [64, 46], [65, 36], [6, 82], [5, 97], [11, 5], [24, 52], [14, 32], [99, 31], [89, 0], [68, 96], [0, 4], [19, 16], [4, 75], [13, 31], [96, 32], [57, 42], [5, 45], [22, 2], [6, 95], [90, 8], [18, 46], [4, 11], [66, 96], [98, 99], [53, 36], [66, 53], [24, 86], [93, 38], [27, 13], [12, 36], [24, 6], [84, 2], [69, 51], [74, 31], [90, 30], [15, 32], [5, 9], [81, 91], [44, 36], [13, 88], [21, 49], [5, 77], [13, 15], [97, 20], [15, 2], [49, 55], [90, 32], [0, 10], [19, 50], [2, 30], [73, 99], [61, 53], [20, 81], [89, 14], [98, 42], [8, 96], [8, 12], [30, 15], [1, 6], [6, 48], [19, 34], [82, 89], [1, 48], [99, 37], [93, 17], [25, 81], [70, 43], [68, 35], [20, 5], [18, 54], [28, 8], [96, 99], [51, 39], [11, 26], [12, 96], [60, 50], [94, 31], [66, 91], [88, 7], [11, 45], [52, 46], [14, 63], [7, 46], [48, 33], [19, 6], [93, 39], [13, 18], [18, 12], [97, 9], [67, 96], [9, 92], [10, 28], [21, 28], [12, 71], [32, 8], [94, 28], [12, 19], [90, 19], [16, 27], [74, 96], [89, 28], [69, 41], [77, 27], [19, 43], [55, 46], [4, 49], [58, 55], [9, 65], [19, 27], [0, 28], [21, 14], [8, 97], [99, 9], [11, 50], [17, 20], [81, 87], [92, 39], [86, 97], [55, 29], [9, 46], [7, 7], [23, 80], [28, 2], [90, 44], [96, 0], [19, 36], [40, 29], [4, 88], [77, 96], [15, 15], [2, 19], [50, 49], [93, 18], [7, 36], [58, 51], [9, 83], [33, 1], [5, 50], [91, 34], [74, 43], [68, 37], [88, 36], [76, 94], [2, 24], [91, 5], [11, 89], [16, 25], [5, 47], [24, 8], [8, 79], [15, 50], [81, 90], [83, 6], [0, 12], [95, 25], [18, 50], [25, 17], [97, 36], [10, 11], [59, 54], [3, 72], [9, 35], [65, 51], [12, 89], [87, 97], [46, 37], [88, 18], [80, 91], [24, 38], [8, 18], [40, 24], [64, 44], [78, 33], [9, 8], [22, 8], [5, 84], [3, 28], [91, 27], [95, 13], [92, 42], [8, 41], [13, 98], [4, 27], [66, 93], [21, 15], [67, 52], [3, 86], [21, 19], [9, 42], [99, 4], [15, 41], [64, 52], [8, 8], [83, 92], [96, 25], [92, 38], [3, 96], [12, 15], [98, 19], [5, 29], [23, 76], [19, 23], [21, 30], [1, 41], [6, 13], [7, 11], [72, 49], [75, 28], [62, 93], [98, 97], [49, 27], [20, 13], [7, 53], [89, 17], [63, 53], [2, 63], [40, 26], [0, 96], [90, 31], [8, 10], [16, 35], [92, 36], [8, 25], [51, 52], [79, 95], [15, 54], [89, 11], [28, 3], [21, 65], [1, 28], [9, 50], [10, 25], [10, 42], [12, 95], [80, 93], [92, 20], [88, 29], [12, 11], [94, 32], [70, 42], [5, 16], [54, 41], [79, 33], [11, 69], [18, 31], [8, 50], [83, 10], [82, 91], [20, 6], [63, 46], [30, 10], [8, 99], [0, 16], [85, 92], [53, 29], [6, 81], [90, 37], [14, 37], [86, 3], [95, 30], [0, 45], [69, 89], [47, 37], [11, 21], [20, 2], [2, 26], [15, 29], [63, 44], [23, 74], [92, 7], [8, 89], [80, 97], [15, 34], [93, 35], [74, 47], [74, 40], [29, 4], [6, 42], [23, 14], [0, 15], [63, 54], [97, 43], [84, 6], [16, 80], [76, 91], [6, 97], [0, 34], [1, 46], [20, 11], [4, 8], [97, 8], [26, 15], [94, 35], [59, 44], [19, 80], [17, 26], [16, 31], [79, 92], [95, 34], [95, 99], [56, 35], [6, 46], [7, 18], [33, 12], [87, 6], [38, 25], [0, 93], [15, 14], [53, 43], [15, 72], [13, 50], [72, 43], [69, 39], [99, 44], [85, 88], [12, 18], [88, 11], [22, 1], [3, 34], [92, 32], [8, 48], [27, 15], [66, 56], [23, 69], [1, 92], [95, 10], [71, 90], [4, 15], [31, 6], [17, 45], [88, 40], [16, 30], [7, 73], [21, 21], [93, 1], [53, 44], [7, 10], [79, 93], [93, 33], [10, 93], [31, 9], [15, 49], [20, 29], [7, 37], [71, 46], [70, 26], [90, 97], [53, 27], [88, 13], [57, 49], [17, 86], [43, 33], [98, 31], [9, 21], [16, 8], [83, 96], [7, 34], [19, 8], [16, 39], [6, 90], [93, 0], [98, 25], [6, 15], [18, 74], [3, 47], [70, 91], [22, 24], [54, 52], [22, 12], [99, 42], [97, 18], [9, 40], [14, 27], [9, 53], [52, 47], [10, 73], [6, 88], [80, 98], [69, 47], [77, 32], [22, 15], [25, 18], [95, 43], [84, 3], [4, 47], [10, 41], [4, 14], [91, 36], [15, 75], [18, 28], [62, 98], [85, 98], [51, 26], [31, 3], [99, 18], [51, 31], [5, 92], [23, 27], [57, 52], [19, 52], [11, 4], [12, 35], [96, 33], [59, 46], [15, 63], [83, 14], [76, 95], [19, 2], [94, 33], [8, 49], [22, 21], [2, 21], [4, 96], [15, 46], [67, 49], [70, 29], [92, 15], [22, 75], [73, 92], [14, 35], [11, 8], [91, 32], [8, 20], [19, 17], [50, 40], [93, 27], [90, 0], [5, 48], [3, 33], [53, 54], [1, 78], [1, 88], [85, 89], [12, 12], [3, 16], [94, 99], [51, 35], [99, 13], [51, 36], [16, 18], [24, 47], [3, 43], [94, 26], [4, 68], [86, 93], [10, 2], [89, 34], [7, 5], [13, 92], [65, 52], [65, 38], [83, 20], [22, 54], [14, 24], [62, 45], [6, 45], [63, 52], [1, 80], [68, 94], [24, 11], [8, 21], [98, 9], [22, 42], [95, 40], [98, 41], [8, 95], [16, 16], [12, 42], [12, 64], [82, 88], [15, 8], [3, 24], [85, 15], [9, 47], [44, 46], [96, 54], [27, 64], [72, 35], [93, 82], [29, 97], [92, 64], [92, 12], [2, 37], [58, 58], [31, 63], [39, 13], [70, 5], [33, 73], [59, 26], [81, 45], [80, 45], [69, 24], [49, 14], [17, 29], [48, 16], [84, 90], [11, 10], [79, 90], [31, 33], [72, 65], [41, 76], [57, 72], [62, 24], [44, 9], [62, 21], [13, 56], [22, 71], [81, 47], [86, 13], [74, 25], [16, 92], [38, 56], [26, 27], [15, 16], [13, 80], [41, 19], [34, 37], [69, 79], [97, 74], [97, 57], [94, 10], [62, 26], [8, 60], [73, 55], [28, 20], [24, 54], [60, 34], [59, 95], [96, 23], [70, 58], [94, 51], [41, 39], [94, 16], [66, 66], [67, 38], [4, 59], [36, 90], [85, 13], [0, 60], [7, 15], [77, 2], [45, 16], [46, 69], [5, 26], [42, 81], [36, 60], [42, 19], [95, 9], [89, 37], [17, 57], [62, 82], [16, 5], [45, 15], [37, 80], [66, 37], [16, 97], [4, 12], [86, 57], [47, 35], [0, 85], [53, 17], [38, 9], [31, 66], [24, 91], [8, 55], [95, 64], [7, 65], [20, 59], [46, 36], [42, 87], [52, 79], [56, 76], [30, 82], [5, 10], [32, 82], [72, 55], [84, 17], [4, 65], [32, 92], [63, 41], [9, 88], [74, 2], [61, 27], [79, 11], [50, 7], [77, 67], [17, 84], [14, 58], [48, 36], [68, 3], [7, 22], [16, 60], [60, 89], [16, 82], [19, 28], [14, 39], [80, 4], [40, 2], [25, 48], [57, 86], [64, 81], [97, 2], [50, 63], [96, 12], [26, 61], [55, 71], [91, 16], [32, 72], [19, 90], [28, 30], [1, 50], [57, 53], [19, 71], [0, 55], [40, 98], [5, 73], [97, 19], [51, 78], [28, 93], [88, 79], [17, 74], [67, 2], [20, 39], [72, 17], [95, 81], [63, 77], [56, 11], [18, 2], [26, 21], [68, 74], [39, 35], [41, 11], [12, 29], [99, 43], [66, 47], [62, 63], [79, 83], [69, 50], [52, 86], [1, 11], [6, 64], [5, 38], [78, 72], [26, 63], [47, 95], [11, 53], [86, 68], [90, 84], [20, 95], [52, 96], [42, 23], [64, 76], [84, 29], [43, 10], [73, 67], [18, 32], [27, 49], [79, 45], [91, 85], [56, 67], [26, 18], [60, 84], [62, 91], [55, 57], [80, 16], [75, 21], [95, 75], [72, 11], [26, 95], [76, 52], [2, 44], [74, 59], [28, 84], [82, 79], [52, 17], [97, 94], [64, 66], [92, 79], [33, 68], [83, 31], [91, 53], [45, 14], [33, 78], [36, 5], [53, 58], [52, 37], [48, 52], [31, 87], [12, 63], [33, 88], [58, 1], [22, 78], [43, 15], [85, 47], [85, 73], [34, 17], [71, 23], [59, 70], [65, 98], [82, 85], [34, 31], [92, 82], [6, 9], [13, 90], [68, 6], [35, 11], [90, 38], [71, 50], [56, 72], [43, 88], [71, 67], [64, 84], [87, 55], [67, 44], [76, 20], [55, 31], [38, 54], [85, 6], [46, 23], [4, 39], [10, 78], [29, 77], [83, 58], [13, 76], [41, 55], [72, 19], [45, 3], [23, 47], [84, 7], [81, 30], [66, 19], [60, 8], [98, 61], [90, 81], [52, 28], [69, 71], [61, 46], [7, 58], [78, 24], [70, 93], [85, 67], [10, 53], [77, 80], [34, 48], [28, 80], [27, 55], [94, 80], [69, 4], [29, 70], [84, 77], [85, 75], [56, 57], [49, 70], [77, 86], [64, 5], [17, 87], [42, 76], [50, 25], [79, 22], [60, 81], [33, 75], [17, 50], [3, 50], [41, 66], [72, 42], [2, 57], [75, 6], [55, 63], [38, 17], [58, 81], [87, 34], [15, 96], [38, 22], [0, 83], [83, 52], [53, 41], [2, 25], [75, 65]], "targets": [[22, 71], [84, 41], [24, 11], [0, 70], [13, 29], [82, 43], [9, 23], [9, 32], [96, 81], [61, 7], [22, 64], [75, 53], [35, 84], [19, 0], [94, 2], [42, 11], [85, 80], [81, 3], [53, 51], [77, 94], [89, 36], [46, 0], [16, 18], [60, 53], [8, 24], [47, 78], [75, 24], [86, 92], [75, 9], [48, 10], [19, 90], [83, 27], [63, 8], [1, 4], [58, 50], [21, 22], [96, 70], [41, 73], [78, 40], [18, 8], [86, 91], [85, 40], [46, 18], [8, 63], [28, 62], [85, 9], [7, 6], [53, 6], [64, 51], [23, 34], [45, 73], [35, 86], [81, 37], [83, 46], [66, 91], [81, 45], [52, 1], [18, 2], [10, 32], [15, 15], [59, 59], [5, 32], [75, 6], [90, 79], [42, 73], [92, 29], [88, 39], [48, 0], [42, 20], [22, 9], [74, 93], [13, 24], [36, 91], [47, 35], [79, 42], [23, 39], [55, 72], [56, 19], [8, 66], [27, 66], [91, 27], [83, 0], [7, 17], [69, 93], [78, 49], [45, 18], [44, 59], [18, 32], [58, 17], [93, 83], [51, 93], [25, 83], [97, 31], [5, 6], [86, 35], [17, 8], [73, 98], [78, 37], [78, 8], [64, 16], [63, 49], [28, 7], [8, 34], [25, 16], [38, 73], [91, 2], [60, 3], [1, 13], [83, 28], [95, 36], [63, 24], [28, 73], [74, 86], [59, 56], [2, 63], [34, 61], [17, 35], [72, 7], [94, 72], [39, 77], [82, 45], [14, 21], [77, 43], [60, 6], [47, 14], [51, 36], [21, 9], [79, 96], [13, 25], [87, 32], [13, 5], [35, 77], [25, 88], [57, 19], [84, 8], [78, 32], [65, 42], [75, 38], [10, 19], [75, 90], [11, 9], [51, 16], [82, 42], [94, 70], [52, 88], [54, 20], [28, 4], [20, 33], [7, 71], [33, 71], [89, 34], [96, 41], [81, 86], [51, 35], [69, 7], [23, 72], [24, 19], [13, 0], [15, 7], [52, 3], [71, 91], [40, 80], [96, 35], [41, 7], [78, 33], [66, 58], [9, 12], [18, 33], [46, 24], [81, 2], [86, 73], [53, 73], [70, 92], [80, 39], [23, 87], [75, 29], [57, 51], [1, 0], [51, 21], [14, 18], [58, 11], [1, 67], [32, 70], [95, 53], [36, 83], [21, 0], [80, 90], [76, 48], [73, 10], [56, 22], [46, 37], [1, 1], [83, 36], [23, 1], [15, 28], [31, 86], [10, 25], [75, 30], [90, 74], [46, 93], [89, 5], [57, 8], [82, 90], [62, 17], [12, 6], [56, 47], [97, 37], [81, 25], [73, 2], [23, 36], [35, 91], [57, 15], [18, 85], [10, 0], [15, 13], [68, 89], [91, 43], [45, 43], [2, 70], [25, 57], [40, 10], [76, 44], [20, 40], [69, 2], [64, 6], [88, 73], [39, 90], [79, 44], [13, 1], [48, 44], [80, 96], [79, 46], [17, 30], [79, 27], [29, 90], [48, 18], [91, 31], [54, 13], [50, 88], [29, 9], [19, 36], [6, 6], [78, 3], [44, 50], [9, 1], [71, 87], [8, 28], [64, 21], [90, 25], [95, 30], [11, 58], [14, 4], [90, 70], [35, 62], [51, 94], [36, 88], [52, 54], [54, 11], [50, 17], [15, 36], [76, 10], [94, 27], [79, 90], [76, 25], [16, 21], [43, 92], [59, 46], [52, 8], [97, 30], [27, 19], [14, 8], [73, 87], [35, 89], [83, 23], [11, 20], [58, 15], [85, 42], [69, 5], [94, 82], [48, 79], [60, 17], [81, 33], [61, 47], [28, 0], [10, 30], [14, 25], [6, 68], [25, 64], [14, 23], [77, 92], [80, 44], [56, 5], [99, 32], [53, 79], [89, 10], [82, 79], [65, 53], [72, 2], [56, 20], [38, 83], [20, 29], [7, 3], [16, 5], [92, 44], [63, 16], [84, 29], [71, 98], [93, 79], [40, 81], [54, 55], [8, 29], [9, 21], [70, 8], [93, 43], [40, 5], [55, 12], [33, 77], [75, 39], [49, 91], [66, 87], [42, 45], [7, 61], [31, 59], [76, 40], [6, 5], [88, 49], [29, 22], [64, 13], [21, 12], [6, 37], [85, 6], [17, 0], [77, 28], [93, 82], [42, 77], [62, 57], [43, 6], [85, 93], [76, 28], [33, 85], [0, 13], [52, 12], [23, 20], [88, 43], [37, 85], [51, 51], [91, 47], [6, 4], [70, 5], [74, 6], [81, 96], [7, 27], [46, 10], [1, 65], [21, 71], [19, 84], [82, 47], [48, 37], [96, 68], [46, 77], [82, 28], [69, 1], [19, 2], [5, 9], [69, 97], [28, 34], [84, 39], [74, 2], [99, 30], [56, 6], [44, 6], [58, 38], [1, 11], [44, 89], [80, 35], [24, 10], [15, 39], [37, 75], [29, 28], [66, 99], [99, 47], [50, 12], [71, 5], [49, 41], [1, 18], [86, 70], [41, 84], [88, 8], [85, 26], [16, 1], [92, 50], [5, 72], [22, 68], [60, 16], [14, 36], [79, 99], [49, 14], [12, 20], [35, 73], [51, 37], [42, 71], [85, 49], [79, 39], [73, 8], [26, 23], [66, 13], [83, 92], [8, 0], [40, 22], [61, 38], [77, 40], [75, 28], [97, 81], [43, 71], [92, 34], [66, 17], [28, 31], [33, 91], [17, 7], [74, 5], [1, 20], [26, 5], [14, 34], [70, 90], [97, 34], [42, 48], [13, 71], [21, 67], [45, 84], [58, 12], [47, 18], [95, 42], [20, 25], [3, 9], [90, 49], [86, 85], [62, 51], [85, 87], [78, 4], [29, 85], [53, 11], [99, 77], [37, 80], [25, 40], [79, 31], [88, 30], [16, 9], [50, 10], [20, 5], [54, 45], [62, 15], [66, 95], [52, 84], [94, 30], [75, 48], [67, 5], [16, 34], [7, 13], [90, 32], [23, 91], [2, 61], [21, 60], [45, 8], [48, 48], [95, 37], [81, 99], [59, 15], [91, 75], [40, 78], [25, 10], [10, 37], [14, 38], [8, 11], [77, 23], [48, 19], [80, 1], [45, 50], [89, 50], [6, 2], [23, 81], [47, 72], [93, 10], [86, 93], [4, 20], [6, 33], [50, 2], [44, 13], [76, 30], [95, 31], [43, 43], [75, 3], [12, 63], [11, 14], [95, 71], [32, 58], [47, 77], [45, 23], [11, 33], [67, 89], [91, 40], [20, 86], [93, 39], [75, 49], [44, 35], [54, 5], [3, 22], [20, 9], [45, 6], [52, 70], [19, 23], [73, 5], [82, 41], [69, 96], [26, 6], [16, 28], [82, 26], [45, 40], [11, 15], [54, 22], [29, 75], [87, 45], [94, 78], [46, 91], [27, 20], [56, 3], [76, 96], [86, 6], [42, 49], [78, 30], [12, 65], [34, 58], [68, 10], [3, 6], [82, 40], [38, 82], [12, 22], [21, 7], [58, 41], [72, 91], [26, 83], [67, 22], [75, 27], [87, 43], [2, 21], [51, 15], [73, 39], [82, 4], [97, 77], [51, 77], [28, 24], [53, 23], [98, 31], [50, 52], [6, 10], [86, 94], [81, 39], [28, 5], [20, 27], [18, 74], [36, 93], [21, 21], [51, 22], [72, 0], [12, 67], [29, 59], [51, 2], [83, 43], [13, 8], [54, 40], [4, 7], [73, 89], [78, 39], [15, 22], [93, 84], [52, 19], [91, 53], [39, 93], [91, 9], [84, 86], [10, 20], [46, 39], [81, 9], [47, 17], [33, 90], [94, 38], [85, 99], [88, 52], [66, 4], [19, 33], [44, 81], [83, 38], [1, 7], [48, 36], [13, 3], [96, 39], [48, 25], [2, 62], [25, 60], [91, 24], [68, 3], [78, 95], [45, 2], [18, 27], [91, 79], [50, 90], [38, 79], [7, 22], [61, 40], [23, 11], [18, 35], [98, 27], [47, 1], [92, 33], [72, 86], [14, 17], [1, 22], [43, 91], [81, 1], [49, 59], [89, 49], [43, 19], [52, 16], [32, 71], [16, 3], [80, 27], [10, 24], [11, 21], [96, 79], [55, 71], [84, 95], [86, 41], [52, 58], [54, 24], [4, 58], [30, 63], [74, 43], [72, 10], [46, 4], [16, 2], [93, 51], [76, 41], [13, 35], [36, 85], [66, 9], [35, 71], [75, 87], [46, 59], [83, 42], [30, 11], [9, 27], [14, 22], [80, 5], [16, 4], [25, 27], [58, 22], [96, 43], [98, 69], [33, 82], [50, 59], [52, 15], [68, 98], [96, 30], [24, 83], [13, 18], [47, 16], [17, 36], [8, 60], [23, 70], [84, 35], [54, 81], [96, 9], [65, 47], [81, 8], [77, 27], [65, 96], [14, 6], [51, 14], [54, 4], [86, 42], [9, 31], [8, 5], [76, 42], [94, 79], [48, 94], [64, 40], [88, 28], [20, 87], [13, 20], [60, 2], [85, 4], [83, 99], [18, 38], [89, 29], [55, 3], [48, 35], [34, 93], [86, 29], [22, 7], [13, 33], [69, 6], [12, 15], [10, 62], [33, 69], [69, 88], [25, 75], [78, 42], [67, 8], [13, 31], [62, 52], [91, 82], [52, 73], [97, 43], [59, 19], [9, 2], [5, 16], [42, 16], [87, 39], [89, 81], [79, 91], [25, 26], [56, 36], [52, 23], [56, 90], [75, 45], [84, 2], [15, 1], [90, 33], [23, 83], [77, 46], [76, 99], [22, 22], [55, 24], [53, 3], [65, 38], [13, 58], [2, 16], [88, 68], [21, 66], [40, 84], [85, 43], [91, 22], [11, 5], [77, 3], [23, 6], [7, 33], [66, 18], [34, 88], [19, 31], [81, 92], [52, 56], [10, 3], [87, 34], [46, 78], [89, 41], [40, 9], [58, 19], [21, 27], [78, 7], [83, 47], [42, 35], [7, 7], [70, 99], [89, 71], [54, 93], [92, 6], [18, 81], [79, 32], [59, 0], [77, 48], [10, 8], [81, 50], [8, 61], [23, 57], [55, 18], [8, 26], [7, 12], [47, 57], [76, 92], [32, 72], [72, 6], [62, 24], [90, 42], [95, 33], [2, 19], [14, 39], [30, 83], [43, 55], [27, 10], [12, 31], [55, 14], [90, 68], [34, 79], [56, 4], [81, 87], [93, 32], [88, 22], [75, 8], [8, 7], [20, 18], [14, 1], [54, 36], [61, 5], [86, 44], [49, 89], [8, 69], [28, 61], [65, 93], [35, 78], [85, 31], [12, 1], [58, 18], [16, 33], [56, 56], [61, 1], [78, 41], [81, 4], [77, 44], [92, 71], [51, 85], [78, 97], [0, 22], [79, 35], [65, 9], [16, 32], [90, 34], [66, 37], [25, 84], [6, 1], [41, 20], [50, 71], [75, 10], [16, 7], [23, 4], [10, 33], [55, 22], [71, 96], [78, 47], [87, 22], [19, 17], [50, 39], [0, 71], [22, 70], [94, 75], [43, 84], [11, 12], [66, 22], [77, 38], [32, 84], [42, 6], [83, 5], [82, 92], [94, 41], [19, 16], [64, 46], [81, 48], [12, 23], [50, 18], [88, 48], [42, 74], [9, 4], [95, 2], [81, 79], [66, 41], [19, 19], [97, 33], [70, 91], [78, 5], [56, 8], [21, 76], [93, 30], [60, 0], [9, 14], [92, 70], [54, 71], [9, 70], [30, 71], [57, 46], [18, 21], [95, 44], [98, 30], [71, 97], [64, 20], [29, 5], [6, 39], [16, 14], [74, 9], [54, 90], [53, 16], [18, 3], [29, 86], [57, 59], [81, 32], [16, 20], [62, 2], [78, 29], [7, 16], [83, 91], [88, 81], [48, 86], [94, 28], [81, 47], [73, 1], [46, 14], [57, 40], [5, 31], [40, 21], [15, 4], [87, 27], [22, 80], [68, 92], [0, 72], [24, 66], [43, 88], [87, 37], [61, 15], [52, 55], [20, 2], [29, 20], [0, 14], [69, 9], [77, 24], [89, 27], [83, 97], [52, 9], [89, 77], [39, 84], [53, 5], [17, 9], [17, 29], [61, 39], [36, 77], [13, 17], [15, 18], [99, 41], [81, 24], [46, 23], [71, 6], [55, 92], [85, 96], [46, 50], [1, 3], [12, 17], [51, 12], [9, 60], [31, 63], [92, 31], [12, 3], [79, 43], [48, 14], [78, 36], [30, 91], [92, 76], [34, 78], [95, 9], [84, 99], [6, 8], [42, 41], [95, 47], [85, 1], [6, 21], [65, 16], [57, 17], [86, 24], [40, 76], [79, 40], [3, 7], [60, 39], [67, 93], [9, 19], [20, 75], [46, 13], [19, 11], [16, 37], [77, 2], [6, 3], [93, 42], [89, 39], [4, 69], [6, 16], [95, 83], [34, 67], [33, 88], [59, 51], [42, 14], [65, 20], [17, 17], [79, 89], [85, 30], [30, 78], [85, 28], [16, 13], [78, 50], [84, 0], [39, 73], [54, 18], [60, 47], [29, 33], [70, 98], [98, 33], [89, 80], [60, 8], [5, 19], [17, 6], [68, 21], [92, 27], [97, 76], [37, 86], [49, 57], [5, 36], [75, 1], [92, 28], [26, 76], [70, 95], [2, 71], [27, 60], [0, 10], [61, 10], [23, 13], [11, 36], [95, 28], [46, 73], [59, 49], [50, 4], [77, 30], [21, 20], [16, 6], [51, 20], [71, 10], [77, 97], [22, 86], [78, 48], [45, 45], [90, 72], [55, 73], [92, 36], [19, 6], [12, 24], [75, 50], [57, 2], [43, 13], [1, 21], [84, 96], [97, 41], [86, 4], [42, 44], [38, 85], [87, 8], [94, 31], [10, 58], [29, 68], [7, 18], [54, 10], [14, 2], [21, 88], [79, 48], [79, 93], [51, 5], [48, 45], [97, 73], [43, 93], [92, 39], [50, 24], [12, 38], [8, 8], [86, 5], [16, 8], [23, 8], [15, 35], [95, 32], [43, 50], [80, 87], [29, 78], [48, 22], [55, 84], [25, 18], [85, 35], [99, 46], [3, 11], [44, 17], [73, 41], [76, 4], [13, 69], [29, 64], [55, 2], [49, 38], [94, 35], [73, 90], [96, 71], [37, 91], [9, 22], [10, 16], [83, 44], [14, 5], [21, 85], [46, 2], [44, 9], [88, 35], [66, 52], [86, 10], [14, 24], [44, 75], [26, 30], [75, 95], [82, 24], [57, 0], [94, 39], [30, 4], [8, 39], [42, 52], [3, 4], [22, 72], [88, 78], [39, 87], [7, 23], [50, 14], [64, 92], [76, 8], [85, 36], [7, 66], [35, 65], [53, 24], [75, 46], [21, 5], [57, 41], [7, 21], [77, 37], [45, 79], [22, 23], [65, 0], [76, 27], [65, 98], [76, 22], [30, 79], [57, 13], [82, 2], [64, 55], [11, 8], [28, 16], [99, 69], [54, 21], [91, 37], [47, 94], [93, 1], [87, 80], [85, 41], [78, 90], [5, 4], [53, 40], [12, 2], [75, 43], [64, 17], [13, 70], [30, 70], [85, 2], [46, 6], [21, 34], [44, 88], [31, 80], [25, 8], [15, 37], [96, 33], [82, 89], [3, 23], [65, 48], [91, 30], [70, 20], [29, 23], [89, 82], [55, 91], [74, 38], [66, 10], [41, 4], [1, 12], [86, 53], [96, 29], [55, 9], [23, 85], [68, 87], [45, 37], [10, 5], [21, 38], [55, 81], [90, 27], [12, 13], [68, 9], [6, 71], [29, 67], [84, 24], [48, 47], [68, 0], [67, 97], [56, 2], [21, 29], [86, 68], [40, 77], [96, 53], [29, 88], [4, 10], [45, 16], [65, 41], [81, 34], [24, 1], [9, 28], [85, 95], [75, 52], [75, 7], [9, 18], [56, 83], [69, 8], [22, 4], [5, 22], [59, 9], [45, 54], [84, 46], [77, 42], [24, 82], [90, 50], [82, 91], [26, 40], [63, 17], [9, 69], [11, 7], [97, 79], [32, 67], [52, 86], [76, 3], [47, 53], [97, 49], [92, 42], [47, 6], [59, 23], [7, 20], [9, 3], [86, 87], [55, 74], [94, 9], [34, 80], [19, 7], [87, 30], [60, 45], [79, 7], [55, 0], [89, 22], [7, 5], [8, 40], [19, 12], [14, 40], [88, 72], [48, 73], [50, 22], [80, 92], [98, 44], [55, 45], [45, 3], [0, 62], [35, 58], [29, 77], [83, 32], [11, 1], [12, 40], [86, 37], [74, 8], [95, 50], [37, 84], [85, 91], [67, 11], [57, 42], [14, 3], [53, 14], [0, 21], [80, 33], [83, 40], [19, 27], [99, 68], [33, 89], [57, 20], [18, 76], [68, 5], [68, 94], [44, 42], [15, 24], [90, 52], [87, 81], [20, 20], [87, 35], [42, 3], [49, 2], [39, 72], [6, 62], [28, 67], [63, 50], [89, 47], [71, 86], [24, 7], [12, 29], [8, 9], [79, 9], [19, 8], [32, 81], [26, 31], [69, 18], [85, 34], [98, 78], [37, 89], [76, 53], [76, 38], [44, 49], [47, 22], [0, 3], [80, 98], [48, 13], [21, 24], [82, 8], [87, 41], [80, 32], [36, 75], [44, 41], [31, 77], [9, 15], [50, 13], [80, 95], [23, 38], [57, 14], [3, 63], [30, 57], [80, 53], [20, 1], [93, 35], [92, 83], [50, 75], [96, 2], [3, 18], [44, 51], [71, 8], [46, 3], [93, 49], [76, 87], [20, 36], [26, 81], [17, 13], [19, 34], [78, 43], [4, 2], [37, 78], [60, 41], [43, 15], [46, 20], [80, 51], [81, 46], [83, 8], [6, 27], [76, 98], [4, 18], [11, 3], [70, 3], [76, 39], [89, 78], [44, 73], [62, 53], [89, 37], [25, 82], [11, 70], [22, 65], [58, 13], [21, 23], [2, 22], [71, 23], [82, 7], [77, 90], [85, 51], [55, 55], [51, 71], [88, 23], [8, 21], [66, 24], [16, 15], [29, 76], [92, 49], [85, 88], [48, 4], [55, 44], [91, 84], [32, 76], [94, 44], [21, 1], [70, 6], [27, 7], [9, 35], [57, 16], [27, 36], [95, 49], [1, 2], [73, 51], [0, 68], [26, 70], [49, 58], [72, 88], [53, 90], [97, 24], [37, 81], [69, 13], [54, 7], [85, 44], [77, 8], [16, 23], [5, 27], [47, 51], [92, 78], [51, 89], [67, 92], [80, 34], [68, 13], [91, 48], [12, 4], [10, 1], [7, 37], [21, 84], [57, 3], [79, 8], [58, 43], [53, 10], [88, 41], [44, 82], [93, 9], [81, 80], [95, 41], [83, 87], [16, 0], [8, 71], [22, 67], [15, 29], [17, 1], [20, 30], [49, 44], [96, 31], [50, 3], [90, 78], [47, 71], [82, 48], [86, 8], [47, 15], [7, 10], [78, 28], [29, 74], [86, 97], [15, 6], [27, 23], [79, 34], [69, 14], [44, 58], [42, 89], [2, 6], [83, 25], [85, 90], [90, 31], [85, 10], [20, 23], [50, 1], [58, 10], [59, 58], [30, 75], [3, 67], [10, 2], [91, 73], [27, 67], [33, 81], [82, 49], [75, 26], [59, 10], [18, 26], [64, 98], [20, 3], [53, 58], [74, 1], [5, 24], [18, 4], [12, 30], [53, 85], [46, 15], [80, 28], [62, 20], [20, 71], [89, 40], [17, 28], [72, 49], [68, 99], [57, 55], [11, 19], [82, 32], [87, 79], [37, 83], [68, 24], [83, 2], [14, 37], [86, 39], [46, 22], [3, 65], [35, 67], [45, 56], [87, 49], [86, 86], [15, 11], [10, 7], [22, 83], [49, 25], [49, 92], [29, 27], [76, 6], [93, 22], [98, 49], [44, 45], [6, 19], [61, 12], [73, 99], [48, 20], [90, 81], [37, 73], [97, 7], [95, 34], [10, 38], [19, 71], [31, 6], [19, 40], [75, 36], [8, 10], [44, 36], [51, 7], [86, 38], [72, 3], [80, 99], [22, 1], [32, 78], [80, 30], [4, 68], [22, 61], [56, 16], [5, 25], [11, 11], [48, 17], [49, 54], [96, 38], [34, 90], [89, 51], [67, 95], [96, 82], [48, 80], [74, 4], [70, 17], [13, 30], [2, 7], [56, 44], [81, 40], [47, 19], [82, 38], [32, 85], [69, 99], [68, 1], [15, 0], [3, 5], [25, 34], [27, 78], [80, 8], [66, 56], [95, 38], [86, 82], [75, 42], [5, 67], [27, 61], [20, 13], [13, 28], [56, 12], [98, 74], [49, 70], [82, 51], [51, 10], [11, 22], [68, 86], [22, 33], [97, 44], [43, 54], [88, 36], [83, 1], [52, 4], [19, 89], [4, 22], [49, 87], [93, 27], [10, 26], [68, 90], [10, 4], [64, 45], [49, 17], [48, 7], [75, 25], [13, 22], [80, 45], [89, 70], [46, 80], [78, 2], [10, 31], [8, 72], [28, 70], [62, 41], [81, 97], [19, 80], [56, 1], [96, 32], [99, 53], [4, 16], [48, 2], [49, 72], [91, 11], [22, 38], [24, 2], [6, 36], [46, 41], [61, 25], [75, 44], [84, 3], [74, 99], [18, 5], [81, 51], [8, 23], [84, 44], [30, 73], [92, 84], [54, 74], [45, 13], [25, 21], [52, 37], [58, 9], [85, 37], [65, 92], [14, 0], [66, 2], [92, 40], [0, 66], [25, 71], [69, 21], [33, 72], [12, 16], [93, 38], [65, 44], [21, 86], [1, 10], [81, 90], [8, 4], [58, 16], [45, 24], [96, 40], [98, 48], [98, 82], [45, 90], [81, 10], [27, 17], [58, 44], [13, 7], [28, 12], [10, 28], [69, 0], [77, 41], [78, 87], [87, 40], [93, 33], [38, 77], [46, 71], [8, 31], [50, 42], [51, 4], [0, 4], [66, 7], [12, 61], [33, 58], [45, 11], [96, 44], [86, 88], [7, 0], [87, 26], [91, 83], [35, 75], [24, 40], [42, 39], [9, 16], [47, 11], [75, 33], [27, 79], [60, 11], [84, 7], [67, 98], [79, 26], [41, 94], [8, 20], [49, 47], [15, 21], [50, 21], [96, 37], [16, 39], [67, 64], [32, 69], [8, 27], [0, 56], [42, 87], [90, 19], [97, 9], [44, 55], [13, 95], [53, 9], [49, 60], [69, 28], [76, 24], [58, 75], [69, 15], [90, 67], [34, 11], [7, 48], [49, 13], [54, 15], [80, 55], [63, 19], [8, 52], [55, 76], [95, 12], [85, 12], [29, 8], [46, 36], [99, 66], [34, 81], [19, 99], [1, 85], [57, 47], [51, 32], [78, 70], [23, 75], [73, 83], [15, 73], [5, 55], [91, 44], [16, 54], [2, 1], [71, 62], [88, 7], [97, 48], [95, 54], [32, 22], [74, 60], [31, 41], [7, 9], [81, 61], [52, 79], [32, 30], [67, 80], [53, 46], [77, 76], [87, 29], [12, 18], [32, 77], [48, 6], [34, 20], [81, 38], [13, 75], [30, 33], [5, 70], [36, 47], [65, 58], [12, 99], [74, 21], [28, 51], [98, 16], [41, 16], [72, 68], [74, 95], [49, 9], [84, 6], [5, 21], [67, 88], [67, 7], [15, 57], [18, 23], [30, 44], [42, 0], [71, 20], [69, 54], [52, 74], [77, 54], [0, 41], [37, 27], [61, 68], [82, 11], [88, 29], [28, 91], [5, 83], [43, 76], [64, 60], [99, 85], [94, 96], [13, 88], [41, 47], [16, 91], [46, 29], [53, 41], [41, 44], [30, 66], [96, 77], [69, 3], [42, 50], [90, 48], [11, 59], [13, 81], [33, 44], [54, 83], [35, 37], [72, 20], [59, 47], [14, 12], [5, 54], [4, 23], [24, 94], [3, 45], [70, 48], [48, 75], [24, 3], [73, 12], [34, 30], [98, 94], [64, 37], [92, 82], [63, 66], [40, 39], [33, 18], [71, 12], [58, 55], [5, 96], [24, 56], [17, 73], [42, 42], [56, 86], [57, 79], [50, 5], [90, 96], [25, 63], [91, 15], [65, 73], [34, 69], [16, 12], [24, 29], [30, 18], [77, 70], [94, 15], [95, 75], [45, 57], [79, 17], [28, 77], [1, 27], [36, 6], [58, 81], [85, 39], [50, 91], [56, 37], [87, 28], [43, 29], [41, 33], [33, 13], [92, 99], [46, 85], [51, 79], [62, 4], [85, 71], [88, 89], [72, 39], [83, 14], [61, 23], [35, 52], [51, 18], [77, 15], [49, 81], [6, 84], [24, 63], [53, 87], [61, 80], [50, 82], [18, 88], [76, 46], [1, 30], [25, 46], [23, 48], [23, 97], [21, 26], [73, 82], [51, 64], [96, 15], [36, 13], [84, 52], [99, 94], [6, 57], [71, 50], [5, 12], [83, 13], [85, 52], [40, 3], [15, 40], [32, 96], [17, 83], [79, 10], [49, 20], [88, 57], [56, 42], [77, 85], [19, 57], [58, 7], [36, 78], [18, 53], [45, 19], [78, 79], [45, 86], [77, 1], [58, 59], [88, 38], [57, 52], [35, 61], [42, 21], [79, 3], [60, 64], [75, 60], [93, 55], [72, 90], [39, 42], [73, 40], [48, 27], [30, 69], [0, 45], [90, 13], [81, 72], [15, 59], [71, 68], [37, 90], [92, 43], [2, 59], [94, 20], [5, 95], [15, 51], [38, 29], [0, 48], [90, 22], [44, 91], [61, 76], [2, 13], [70, 53], [15, 58], [27, 44], [89, 73], [15, 68], [67, 67], [69, 68], [26, 87], [86, 3], [26, 95], [14, 9], [49, 49], [59, 96], [12, 71], [50, 70], [60, 29], [98, 91], [70, 27], [21, 39], [1, 45], [26, 33], [21, 8], [75, 13], [2, 68], [2, 82], [63, 78], [75, 96], [45, 96], [23, 3], [74, 36], [93, 69], [46, 1], [70, 43], [42, 95], [51, 17], [17, 50], [24, 61], [17, 84], [8, 98], [52, 35], [34, 50], [88, 33], [17, 47], [16, 22], [35, 66], [80, 68], [20, 34], [47, 42], [82, 6], [83, 17], [52, 7], [51, 31], [1, 6], [26, 92]]}