{"meta": {"number_of_robots": 1250, "description": {"parameters": {"seed": 1962, "shape": [50, 50], "obstacles": {"n": 0, "mean": 7, "std": 3.5}, "clusters": {"n": 50, "mean": 20, "std": 10.0, "relative_radius": 2, "increase_factor": 1.3, "start_dist": {"generator_name": "Image", "shape": [50, 50], "min": 9.0, "max": 240.0, "mean": 97.0476, "std": 41.91178991930552, "dtype": "uint64", "parameters": {"image": "london_night.png", "transformer": {"name": "ColorChannelSelector", "channel": "v", "inverted": false}}}, "target_dist": {"generator_name": "Image", "shape": [50, 50], "min": 9.0, "max": 240.0, "mean": 97.0476, "std": 41.91178991930552, "dtype": "uint64", "parameters": {"image": "london_night.png", "transformer": {"name": "ColorChannelSelector", "channel": "v", "inverted": false}}}}, "density": 0.5, "start_dist": {"generator_name": "Image", "shape": [50, 50], "min": 9.0, "max": 240.0, "mean": 97.0476, "std": 41.91178991930552, "dtype": "uint64", "parameters": {"image": "london_night.png", "transformer": {"name": "ColorChannelSelector", "channel": "v", "inverted": false}}}, "target_dist": {"generator_name": "Image", "shape": [50, 50], "min": 9.0, "max": 240.0, "mean": 97.0476, "std": 41.91178991930552, "dtype": "uint64", "parameters": {"image": "london_night.png", "transformer": {"name": "ColorChannelSelector", "channel": "v", "inverted": false}}}}, "stats": {"date": "2020-11-17", "free_area": 2500.0, "number_of_clustered_robots": 1018, "number_of_robots": 1250}}}, "name": "london_night_00004_50x50_50_1250", "obstacles": [], "starts": [[4, 10], [31, 36], [33, 42], [2, 45], [26, 24], [22, 41], [18, 42], [19, 22], [31, 48], [13, 33], [47, 36], [28, 46], [29, 0], [19, 24], [21, 23], [22, 44], [14, 23], [18, 43], [24, 4], [25, 27], [0, 18], [5, 39], [10, 36], [48, 6], [18, 45], [45, 42], [39, 27], [3, 13], [36, 32], [38, 16], [23, 21], [17, 26], [11, 14], [40, 19], [14, 26], [40, 27], [6, 22], [17, 35], [3, 26], [8, 47], [27, 24], [34, 38], [13, 27], [32, 38], [9, 12], [44, 20], [34, 9], [4, 2], [23, 8], [40, 37], [10, 35], [13, 47], [24, 18], [7, 46], [7, 43], [49, 34], [41, 21], [9, 27], [16, 26], [8, 32], [20, 46], [12, 27], [11, 20], [6, 1], [47, 38], [14, 17], [37, 4], [16, 41], [38, 22], [2, 44], [26, 42], [22, 7], [25, 20], [2, 21], [31, 13], [2, 33], [4, 14], [24, 15], [38, 34], [16, 9], [8, 36], [48, 7], [6, 44], [8, 39], [25, 4], [21, 24], [21, 45], [43, 41], [24, 29], [6, 28], [13, 32], [41, 18], [2, 15], [2, 6], [42, 42], [8, 18], [7, 35], [31, 24], [14, 34], [26, 37], [25, 44], [18, 28], [27, 44], [40, 26], [12, 10], [6, 7], [44, 32], [11, 24], [38, 1], [35, 48], [30, 39], [24, 44], [17, 43], [35, 16], [22, 15], [44, 22], [9, 30], [2, 47], [14, 40], [34, 47], [25, 21], [25, 7], [22, 22], [5, 19], [10, 38], [6, 16], [47, 31], [30, 14], [44, 24], [32, 39], [11, 29], [9, 41], [17, 39], [12, 14], [12, 33], [24, 22], [39, 29], [19, 5], [18, 38], [20, 25], [13, 11], [9, 32], [42, 0], [14, 46], [6, 0], [46, 31], [15, 21], [32, 10], [10, 28], [7, 44], [23, 7], [20, 21], [12, 42], [48, 42], [23, 24], [37, 18], [13, 30], [1, 46], [16, 29], [43, 25], [3, 16], [2, 7], [41, 39], [35, 43], [30, 3], [27, 23], [2, 17], [14, 20], [4, 41], [16, 14], [28, 24], [29, 12], [16, 38], [19, 41], [6, 40], [10, 48], [33, 32], [15, 42], [18, 31], [29, 47], [41, 24], [3, 11], [4, 42], [49, 33], [11, 12], [3, 6], [48, 32], [6, 24], [40, 1], [24, 47], [35, 47], [30, 42], [16, 42], [20, 40], [38, 25], [45, 17], [18, 25], [37, 31], [49, 16], [17, 12], [12, 20], [3, 39], [2, 39], [8, 37], [47, 6], [17, 42], [16, 33], [26, 41], [19, 19], [23, 2], [23, 25], [6, 12], [9, 44], [5, 24], [28, 5], [16, 24], [22, 45], [46, 33], [25, 29], [14, 28], [9, 31], [28, 18], [22, 39], [13, 29], [8, 17], [23, 19], [7, 9], [19, 31], [47, 39], [11, 22], [40, 17], [4, 15], [37, 36], [39, 0], [0, 7], [40, 42], [17, 38], [2, 22], [11, 27], [12, 44], [35, 19], [9, 15], [7, 42], [26, 25], [11, 34], [2, 41], [43, 36], [26, 14], [39, 31], [19, 9], [7, 30], [26, 48], [26, 4], [21, 20], [10, 15], [17, 49], [32, 34], [18, 46], [9, 23], [28, 44], [36, 19], [13, 12], [46, 19], [3, 33], [49, 7], [15, 44], [32, 17], [6, 5], [49, 31], [11, 16], [36, 3], [10, 29], [12, 28], [5, 41], [35, 44], [28, 42], [30, 7], [22, 23], [17, 46], [25, 49], [45, 32], [21, 22], [18, 27], [45, 19], [23, 16], [10, 27], [42, 17], [14, 38], [3, 38], [13, 13], [12, 46], [19, 29], [41, 26], [0, 15], [6, 6], [40, 39], [19, 39], [20, 24], [6, 8], [24, 43], [31, 49], [25, 19], [29, 8], [19, 27], [3, 14], [9, 46], [8, 22], [6, 30], [9, 28], [17, 25], [35, 33], [18, 14], [4, 8], [46, 29], [12, 24], [31, 3], [49, 38], [30, 19], [33, 19], [17, 28], [24, 39], [41, 19], [6, 36], [5, 32], [49, 8], [13, 40], [39, 24], [37, 42], [5, 43], [3, 43], [19, 18], [33, 36], [13, 45], [16, 21], [29, 42], [42, 21], [15, 16], [12, 19], [12, 26], [26, 3], [18, 18], [14, 41], [44, 42], [23, 22], [7, 27], [5, 20], [27, 48], [29, 3], [22, 26], [11, 15], [0, 1], [48, 29], [15, 20], [35, 7], [12, 30], [11, 49], [9, 26], [22, 42], [33, 49], [17, 31], [35, 42], [16, 45], [1, 38], [16, 43], [46, 23], [4, 16], [32, 35], [28, 19], [45, 13], [20, 22], [40, 30], [41, 15], [3, 2], [18, 9], [41, 41], [44, 30], [11, 23], [15, 27], [13, 36], [18, 29], [12, 16], [5, 37], [5, 34], [49, 1], [10, 44], [16, 47], [29, 22], [12, 31], [0, 9], [45, 34], [6, 21], [37, 2], [19, 16], [11, 26], [27, 43], [25, 23], [29, 4], [27, 22], [6, 15], [5, 40], [9, 14], [46, 16], [3, 15], [24, 1], [18, 20], [24, 45], [47, 30], [23, 27], [37, 19], [10, 31], [7, 18], [2, 32], [32, 14], [10, 46], [31, 39], [25, 40], [13, 24], [22, 47], [42, 24], [15, 12], [24, 23], [34, 29], [19, 7], [1, 45], [10, 26], [1, 39], [13, 43], [15, 34], [3, 5], [16, 31], [44, 33], [6, 18], [34, 17], [3, 20], [33, 40], [40, 8], [6, 4], [41, 40], [49, 42], [26, 46], [24, 7], [25, 25], [5, 21], [4, 35], [40, 7], [11, 42], [2, 20], [14, 35], [32, 47], [31, 44], [23, 45], [24, 38], [42, 16], [25, 26], [43, 21], [4, 19], [22, 37], [12, 29], [12, 11], [4, 39], [32, 23], [33, 20], [15, 26], [0, 27], [43, 15], [0, 46], [31, 6], [15, 19], [19, 45], [46, 30], [20, 29], [11, 30], [9, 2], [47, 34], [13, 15], [36, 5], [15, 49], [22, 16], [34, 31], [15, 8], [14, 24], [7, 39], [34, 44], [22, 21], [28, 4], [27, 27], [2, 14], [6, 47], [10, 20], [13, 38], [36, 20], [30, 32], [14, 43], [17, 20], [30, 40], [36, 26], [7, 10], [11, 35], [0, 34], [17, 30], [35, 15], [0, 13], [2, 4], [38, 43], [44, 39], [8, 34], [45, 4], [15, 43], [26, 18], [7, 17], [31, 17], [5, 38], [25, 45], [4, 9], [44, 37], [13, 22], [37, 6], [8, 30], [10, 30], [0, 38], [34, 41], [26, 22], [16, 40], [19, 44], [33, 45], [27, 41], [27, 1], [18, 21], [21, 19], [21, 43], [24, 0], [20, 19], [11, 47], [45, 39], [34, 22], [28, 26], [15, 32], [9, 19], [36, 13], [0, 29], [13, 41], [24, 25], [33, 31], [8, 28], [34, 42], [13, 16], [44, 16], [25, 15], [5, 45], [6, 29], [12, 32], [0, 10], [45, 30], [12, 15], [33, 3], [23, 40], [0, 39], [29, 20], [13, 14], [24, 16], [4, 31], [49, 0], [11, 45], [49, 40], [14, 31], [34, 25], [3, 19], [1, 3], [39, 39], [7, 36], [11, 32], [30, 33], [23, 39], [13, 21], [27, 42], [37, 24], [7, 14], [25, 38], [36, 22], [35, 46], [17, 19], [25, 6], [29, 26], [0, 20], [6, 48], [4, 21], [14, 27], [5, 31], [17, 17], [39, 34], [15, 5], [8, 43], [0, 8], [48, 30], [14, 16], [35, 4], [24, 8], [21, 26], [24, 41], [47, 35], [28, 22], [7, 33], [4, 43], [46, 18], [6, 31], [31, 21], [28, 17], [14, 30], [7, 45], [22, 43], [12, 22], [5, 14], [7, 22], [30, 45], [27, 45], [18, 47], [18, 40], [36, 18], [21, 14], [43, 23], [10, 19], [2, 28], [7, 38], [49, 4], [9, 40], [25, 43], [27, 4], [20, 18], [11, 17], [49, 37], [1, 2], [19, 28], [49, 32], [8, 23], [35, 27], [3, 18], [37, 40], [39, 4], [5, 6], [43, 35], [16, 28], [21, 42], [6, 46], [17, 29], [3, 44], [24, 17], [33, 37], [23, 12], [34, 32], [15, 38], [18, 26], [27, 39], [41, 22], [10, 9], [6, 43], [29, 16], [14, 21], [4, 40], [25, 5], [20, 20], [22, 38], [43, 42], [20, 26], [44, 18], [10, 33], [10, 14], [41, 17], [25, 41], [21, 17], [31, 1], [23, 18], [0, 14], [2, 40], [7, 23], [15, 37], [18, 16], [1, 4], [46, 32], [9, 24], [30, 6], [26, 27], [19, 30], [14, 39], [6, 37], [43, 8], [6, 49], [1, 43], [23, 37], [18, 30], [13, 8], [4, 20], [11, 33], [44, 31], [20, 44], [35, 45], [20, 32], [30, 44], [23, 48], [0, 41], [20, 41], [40, 22], [1, 19], [33, 34], [33, 13], [36, 15], [19, 23], [41, 37], [42, 20], [2, 1], [20, 14], [42, 43], [15, 36], [18, 39], [13, 35], [5, 7], [45, 35], [5, 18], [36, 0], [31, 46], [28, 7], [22, 27], [10, 16], [6, 13], [27, 0], [19, 26], [16, 44], [45, 36], [24, 27], [12, 34], [2, 24], [11, 36], [29, 39], [18, 41], [16, 30], [27, 46], [40, 24], [7, 16], [27, 14], [5, 46], [1, 41], [45, 20], [38, 36], [2, 36], [48, 8], [10, 45], [3, 41], [25, 39], [45, 14], [30, 21], [35, 14], [19, 37], [48, 33], [3, 4], [46, 34], [10, 22], [40, 10], [19, 21], [40, 28], [17, 14], [2, 26], [0, 42], [30, 49], [17, 18], [23, 5], [24, 26], [1, 17], [0, 40], [11, 21], [15, 47], [24, 46], [9, 25], [11, 8], [14, 32], [39, 18], [1, 16], [7, 4], [42, 35], [8, 49], [13, 19], [5, 47], [16, 32], [37, 46], [31, 45], [27, 3], [21, 25], [24, 42], [11, 43], [46, 37], [27, 28], [15, 28], [40, 18], [25, 16], [7, 34], [45, 15], [1, 47], [9, 21], [12, 41], [4, 6], [49, 29], [8, 15], [34, 0], [38, 19], [1, 33], [45, 3], [16, 46], [34, 23], [30, 34], [24, 36], [10, 21], [28, 45], [39, 25], [4, 12], [19, 40], [25, 47], [32, 4], [28, 21], [3, 21], [14, 36], [15, 23], [37, 35], [25, 10], [44, 34], [1, 44], [30, 20], [18, 34], [5, 49], [9, 17], [20, 39], [44, 19], [12, 25], [15, 31], [6, 41], [5, 2], [17, 33], [48, 39], [5, 15], [44, 21], [1, 12], [32, 37], [33, 10], [3, 7], [38, 35], [15, 15], [24, 48], [9, 20], [15, 13], [33, 15], [10, 34], [31, 4], [19, 20], [19, 46], [43, 34], [28, 29], [6, 33], [28, 48], [21, 21], [31, 7], [20, 27], [2, 19], [6, 39], [4, 17], [13, 26], [1, 31], [41, 7], [11, 41], [2, 43], [5, 22], [12, 35], [19, 42], [33, 47], [34, 43], [21, 46], [12, 45], [35, 20], [43, 17], [20, 16], [39, 38], [45, 16], [23, 13], [2, 2], [46, 38], [9, 18], [37, 9], [12, 12], [45, 40], [0, 26], [31, 34], [21, 36], [18, 19], [23, 42], [35, 24], [14, 8], [8, 38], [17, 45], [13, 46], [31, 19], [38, 15], [8, 31], [18, 15], [8, 24], [0, 35], [32, 41], [30, 8], [21, 18], [10, 23], [18, 33], [38, 27], [1, 13], [0, 0], [43, 39], [4, 38], [26, 1], [19, 25], [18, 49], [43, 32], [28, 25], [42, 13], [7, 31], [2, 38], [5, 29], [9, 3], [45, 38], [15, 24], [35, 3], [4, 33], [47, 7], [15, 48], [19, 43], [13, 25], [9, 9], [22, 20], [35, 32], [15, 10], [17, 34], [7, 12], [11, 46], [14, 25], [16, 36], [45, 24], [36, 37], [31, 12], [44, 40], [30, 47], [25, 18], [25, 3], [29, 18], [5, 12], [0, 43], [9, 16], [9, 49], [3, 40], [3, 42], [31, 43], [29, 45], [23, 43], [20, 38], [43, 20], [27, 16], [42, 19], [3, 9], [45, 29], [9, 22], [30, 10], [31, 33], [17, 44], [17, 21], [23, 44], [39, 23], [11, 13], [27, 26], [18, 37], [4, 28], [7, 26], [15, 30], [36, 21], [1, 18], [5, 0], [43, 43], [30, 5], [15, 22], [22, 48], [45, 31], [21, 28], [6, 34], [8, 44], [4, 32], [45, 8], [17, 47], [19, 17], [39, 37], [15, 14], [7, 13], [5, 26], [30, 18], [29, 43], [22, 1], [25, 24], [8, 14], [2, 37], [21, 48], [43, 14], [3, 10], [44, 38], [8, 16], [33, 2], [21, 40], [11, 28], [14, 11], [10, 32], [14, 18], [15, 29], [41, 27], [48, 40], [4, 48], [9, 47], [24, 24], [14, 45], [12, 36], [20, 5], [32, 11], [25, 37], [40, 2], [32, 32], [34, 19], [43, 40], [9, 36], [13, 20], [27, 19], [38, 26], [24, 11], [42, 39], [12, 7], [19, 33], [14, 5], [21, 10], [13, 18], [31, 18], [36, 46], [31, 47], [39, 41], [35, 6], [26, 45], [30, 27], [17, 2], [14, 12], [29, 14], [26, 15], [38, 29], [43, 33], [21, 39], [23, 11], [8, 19], [24, 13], [1, 37], [27, 35], [5, 28], [14, 7], [34, 45], [37, 1], [36, 45], [41, 46], [13, 10], [6, 27], [43, 10], [0, 44], [26, 23], [8, 4], [14, 33], [48, 11], [33, 5], [5, 27], [30, 38], [33, 44], [41, 6], [32, 13], [40, 6], [26, 6], [32, 1], [24, 32], [27, 5], [8, 9], [4, 26], [31, 42], [38, 10], [15, 1], [22, 31], [11, 10], [28, 1], [20, 11], [22, 10], [45, 12], [29, 27], [19, 13], [26, 29], [45, 21], [11, 18], [4, 1], [46, 10], [18, 24], [20, 13], [18, 36], [9, 43], [5, 25], [42, 40], [17, 13], [15, 40], [27, 17], [47, 8], [18, 6], [23, 35], [33, 41], [26, 8], [42, 41], [12, 2], [38, 41], [46, 9], [49, 15], [24, 10], [32, 18], [32, 31], [48, 26], [41, 20], [27, 13], [31, 22], [5, 11], [28, 10], [6, 38], [12, 0], [44, 13], [25, 35], [35, 22], [21, 32], [26, 16], [23, 3], [11, 3], [42, 1], [38, 5], [10, 8], [8, 8], [17, 23], [20, 6], [28, 35], [16, 5], [16, 17], [29, 1], [40, 21], [34, 21], [12, 38], [33, 39], [44, 9], [36, 31], [26, 43], [42, 5], [1, 10], [32, 25], [37, 32], [22, 2], [16, 25], [33, 1], [26, 10], [46, 5], [36, 49], [22, 4], [36, 11], [37, 25], [12, 48], [22, 46], [39, 28], [7, 29], [26, 9], [8, 45], [2, 35], [30, 17], [42, 18], [45, 33], [41, 23], [28, 8], [26, 39], [23, 47], [47, 48], [9, 38], [12, 23], [38, 30], [28, 31], [27, 9], [45, 43], [18, 10], [23, 32], [32, 43], [17, 11], [23, 36], [33, 43], [5, 10], [29, 34], [35, 23], [10, 18], [16, 10], [42, 25], [6, 25], [28, 37], [22, 18], [23, 38], [31, 20], [3, 22], [26, 19], [21, 29], [33, 4], [29, 11], [28, 2], [27, 10], [31, 25], [37, 44], [8, 33], [43, 4], [36, 38], [20, 43], [20, 47], [6, 23], [37, 49], [32, 40], [18, 22], [44, 46], [2, 34], [29, 48], [5, 36], [42, 3], [27, 21], [12, 8], [0, 36], [2, 3], [39, 13], [16, 18], [18, 35], [24, 21], [7, 5], [16, 48], [38, 45], [19, 47], [19, 10], [10, 1], [32, 49], [39, 35], [34, 27], [29, 24], [16, 15], [6, 3], [37, 15], [4, 3], [7, 2], [47, 3]], "targets": [[17, 45], [32, 41], [36, 11], [32, 33], [20, 36], [10, 15], [34, 6], [29, 21], [33, 12], [18, 31], [23, 7], [42, 11], [23, 40], [18, 16], [16, 14], [44, 42], [26, 39], [24, 13], [5, 49], [36, 43], [5, 15], [30, 13], [21, 44], [4, 39], [29, 36], [48, 19], [10, 25], [14, 23], [20, 16], [30, 6], [12, 46], [27, 17], [22, 15], [3, 32], [17, 23], [4, 32], [28, 17], [26, 0], [39, 45], [7, 2], [27, 26], [24, 40], [37, 4], [3, 31], [49, 12], [15, 30], [8, 30], [21, 25], [6, 3], [34, 24], [34, 42], [28, 26], [38, 34], [10, 5], [25, 13], [43, 16], [13, 28], [19, 27], [29, 43], [26, 17], [16, 19], [15, 23], [40, 13], [15, 44], [18, 12], [28, 31], [4, 30], [36, 32], [10, 31], [32, 30], [38, 10], [10, 49], [41, 42], [16, 20], [32, 4], [40, 40], [31, 20], [31, 29], [20, 41], [5, 9], [27, 48], [5, 35], [3, 1], [24, 2], [26, 43], [14, 10], [22, 31], [42, 17], [13, 44], [32, 1], [13, 32], [2, 34], [14, 17], [19, 32], [34, 22], [23, 33], [37, 45], [23, 37], [32, 21], [28, 37], [15, 19], [13, 16], [44, 36], [4, 35], [47, 14], [9, 44], [27, 16], [28, 40], [9, 31], [29, 17], [37, 10], [20, 8], [27, 27], [6, 25], [27, 31], [15, 29], [34, 43], [28, 32], [12, 1], [43, 10], [24, 18], [11, 47], [38, 49], [6, 12], [20, 12], [16, 18], [48, 11], [35, 12], [9, 30], [11, 24], [16, 27], [37, 46], [31, 27], [34, 17], [27, 18], [35, 25], [19, 41], [4, 7], [12, 12], [19, 22], [46, 14], [30, 45], [2, 44], [7, 1], [13, 41], [27, 7], [34, 40], [7, 31], [32, 40], [24, 7], [21, 41], [15, 15], [29, 33], [43, 23], [11, 45], [8, 28], [35, 3], [28, 27], [13, 33], [2, 30], [11, 19], [18, 28], [30, 24], [36, 10], [10, 46], [32, 44], [24, 16], [22, 32], [41, 40], [30, 35], [23, 34], [29, 8], [26, 25], [23, 31], [4, 6], [22, 8], [25, 36], [21, 7], [16, 21], [44, 39], [7, 30], [40, 15], [33, 44], [41, 22], [32, 25], [12, 48], [23, 15], [30, 30], [10, 26], [32, 12], [33, 16], [41, 10], [27, 5], [23, 36], [10, 34], [4, 34], [32, 28], [25, 35], [21, 23], [4, 5], [20, 33], [43, 39], [31, 32], [21, 45], [4, 40], [6, 1], [29, 19], [34, 7], [26, 13], [8, 43], [37, 47], [6, 15], [27, 6], [25, 11], [24, 44], [15, 12], [31, 28], [38, 12], [10, 45], [31, 3], [45, 38], [38, 11], [11, 14], [13, 13], [45, 11], [35, 31], [16, 45], [16, 34], [18, 15], [29, 30], [13, 35], [9, 22], [6, 32], [14, 34], [17, 29], [30, 23], [3, 2], [19, 28], [41, 41], [24, 37], [12, 28], [26, 22], [25, 2], [20, 40], [26, 29], [28, 33], [49, 17], [30, 26], [18, 41], [5, 8], [30, 40], [35, 15], [2, 47], [37, 44], [17, 13], [25, 38], [27, 37], [11, 16], [18, 17], [45, 42], [3, 36], [40, 16], [9, 25], [25, 44], [3, 41], [5, 0], [29, 9], [16, 47], [21, 14], [36, 33], [12, 27], [15, 25], [30, 38], [25, 5], [31, 14], [36, 8], [23, 38], [17, 12], [23, 13], [28, 34], [42, 22], [7, 42], [29, 28], [8, 32], [37, 34], [36, 5], [23, 22], [39, 46], [36, 31], [24, 21], [15, 6], [10, 29], [8, 26], [13, 20], [15, 28], [29, 25], [20, 9], [13, 14], [45, 9], [35, 29], [33, 8], [30, 20], [9, 48], [35, 49], [3, 9], [25, 1], [20, 21], [27, 23], [35, 47], [31, 25], [20, 35], [3, 3], [19, 46], [17, 9], [26, 35], [11, 32], [47, 19], [17, 36], [32, 7], [30, 18], [25, 29], [10, 35], [38, 39], [23, 46], [7, 36], [5, 1], [10, 36], [7, 32], [29, 6], [30, 31], [36, 29], [28, 35], [20, 15], [19, 16], [46, 36], [8, 38], [47, 16], [22, 27], [41, 45], [23, 44], [14, 12], [32, 34], [45, 21], [13, 47], [32, 5], [24, 24], [39, 15], [3, 44], [32, 46], [17, 15], [14, 47], [23, 14], [29, 34], [7, 26], [26, 28], [12, 2], [40, 39], [33, 7], [25, 14], [11, 35], [35, 6], [24, 8], [27, 3], [26, 27], [1, 37], [16, 24], [21, 20], [38, 4], [11, 34], [29, 26], [24, 36], [23, 23], [18, 33], [4, 1], [34, 23], [48, 14], [16, 26], [29, 39], [20, 11], [19, 23], [47, 7], [32, 32], [28, 46], [7, 44], [12, 0], [25, 32], [18, 40], [33, 19], [18, 45], [23, 8], [31, 38], [5, 29], [31, 23], [30, 49], [34, 15], [22, 19], [8, 45], [38, 44], [6, 8], [26, 6], [20, 13], [9, 36], [28, 23], [18, 46], [17, 14], [31, 26], [40, 21], [12, 42], [11, 26], [30, 4], [21, 31], [39, 49], [30, 9], [14, 2], [28, 36], [15, 18], [17, 18], [44, 34], [4, 31], [40, 7], [30, 25], [22, 37], [6, 2], [28, 28], [26, 19], [25, 10], [24, 30], [34, 47], [12, 47], [18, 32], [24, 6], [30, 33], [3, 35], [13, 18], [7, 29], [11, 30], [19, 29], [31, 22], [49, 23], [37, 16], [7, 45], [36, 45], [21, 18], [27, 46], [5, 39], [9, 6], [19, 31], [36, 49], [26, 15], [37, 11], [20, 5], [35, 26], [12, 30], [34, 31], [19, 24], [25, 17], [19, 9], [14, 21], [48, 9], [30, 5], [21, 32], [31, 10], [30, 21], [42, 38], [2, 26], [30, 27], [26, 45], [10, 18], [26, 34], [44, 13], [9, 41], [30, 2], [15, 45], [21, 12], [34, 33], [12, 33], [11, 4], [27, 33], [24, 38], [7, 11], [18, 30], [37, 43], [39, 16], [30, 14], [4, 47], [36, 42], [2, 9], [28, 1], [19, 15], [34, 28], [9, 29], [27, 40], [22, 17], [18, 13], [46, 38], [7, 33], [42, 10], [36, 19], [33, 38], [16, 33], [10, 33], [13, 22], [21, 28], [33, 25], [42, 16], [25, 46], [0, 41], [3, 0], [35, 34], [31, 21], [30, 12], [33, 31], [22, 25], [14, 45], [17, 16], [34, 34], [14, 27], [18, 22], [29, 40], [20, 4], [39, 12], [19, 40], [13, 7], [34, 9], [31, 15], [36, 4], [22, 41], [22, 11], [16, 15], [22, 10], [7, 48], [38, 48], [23, 28], [46, 13], [13, 36], [14, 42], [26, 18], [20, 18], [11, 33], [32, 47], [12, 6], [35, 28], [18, 38], [34, 0], [9, 28], [43, 14], [23, 30], [7, 5], [21, 10], [26, 24], [34, 38], [18, 48], [26, 8], [35, 39], [8, 34], [24, 35], [32, 26], [29, 4], [26, 26], [32, 35], [30, 46], [2, 41], [11, 2], [42, 20], [17, 30], [5, 37], [11, 17], [20, 25], [27, 25], [35, 46], [29, 29], [31, 41], [22, 7], [20, 14], [49, 41], [7, 38], [44, 15], [24, 34], [5, 31], [41, 8], [23, 16], [9, 43], [37, 49], [2, 15], [20, 7], [21, 17], [19, 25], [42, 39], [26, 23], [16, 37], [3, 5], [8, 2], [9, 49], [24, 9], [32, 38], [7, 28], [23, 39], [14, 14], [28, 30], [49, 15], [14, 46], [32, 2], [29, 31], [8, 27], [39, 42], [17, 35], [29, 13], [34, 20], [21, 5], [11, 11], [20, 17], [42, 8], [30, 17], [25, 9], [43, 11], [24, 12], [23, 26], [8, 35], [37, 32], [16, 29], [24, 32], [36, 46], [27, 44], [1, 41], [13, 1], [38, 16], [12, 44], [39, 48], [16, 16], [40, 20], [15, 42], [12, 32], [27, 14], [29, 35], [10, 32], [10, 16], [3, 26], [11, 28], [19, 30], [30, 19], [37, 41], [34, 37], [20, 10], [27, 22], [33, 29], [30, 34], [20, 39], [1, 5], [30, 42], [16, 9], [20, 20], [49, 38], [8, 37], [47, 5], [14, 0], [29, 5], [25, 25], [33, 49], [21, 43], [13, 10], [22, 28], [38, 21], [9, 45], [6, 29], [34, 5], [34, 25], [10, 27], [42, 13], [22, 21], [8, 47], [37, 48], [3, 10], [26, 1], [19, 14], [31, 39], [31, 24], [19, 43], [23, 12], [33, 37], [14, 28], [22, 36], [30, 22], [22, 33], [29, 49], [3, 43], [9, 1], [26, 31], [16, 13], [19, 21], [42, 4], [21, 24], [32, 45], [38, 14], [31, 8], [27, 15], [15, 31], [38, 5], [21, 9], [20, 3], [22, 39], [7, 37], [11, 18], [19, 20], [31, 5], [6, 30], [35, 30], [16, 43], [21, 27], [15, 32], [5, 11], [29, 22], [45, 40], [9, 2], [32, 27], [13, 46], [25, 7], [36, 37], [13, 30], [38, 13], [9, 46], [32, 49], [20, 19], [32, 23], [26, 42], [13, 11], [22, 34], [44, 18], [6, 46], [37, 0], [16, 25], [34, 41], [25, 42], [10, 13], [15, 13], [44, 40], [2, 38], [43, 6], [38, 31], [26, 33], [31, 13], [11, 25], [5, 26], [28, 47], [4, 42], [14, 3], [30, 41], [26, 38], [6, 27], [23, 35], [31, 11], [33, 18], [49, 18], [16, 46], [26, 11], [33, 33], [13, 29], [27, 30], [23, 45], [1, 3], [17, 25], [32, 48], [34, 13], [26, 21], [10, 47], [34, 46], [5, 10], [25, 4], [17, 17], [24, 33], [11, 10], [17, 21], [46, 5], [11, 36], [12, 29], [9, 21], [20, 29], [33, 23], [12, 4], [25, 26], [33, 26], [45, 46], [31, 12], [35, 8], [25, 45], [16, 10], [21, 11], [27, 38], [45, 12], [10, 43], [27, 19], [6, 35], [30, 28], [37, 1], [21, 29], [19, 6], [27, 24], [43, 41], [15, 48], [24, 15], [35, 32], [11, 31], [39, 8], [20, 45], [4, 38], [13, 2], [6, 37], [25, 40], [21, 19], [13, 17], [47, 42], [3, 38], [45, 5], [27, 29], [40, 14], [11, 43], [41, 44], [24, 17], [33, 46], [37, 27], [17, 38], [6, 10], [40, 12], [36, 24], [18, 36], [33, 24], [24, 4], [32, 22], [36, 38], [12, 34], [15, 34], [36, 40], [15, 5], [12, 41], [14, 31], [19, 11], [28, 38], [3, 28], [11, 23], [10, 30], [9, 32], [21, 26], [29, 23], [30, 29], [10, 11], [21, 21], [43, 13], [39, 3], [32, 39], [18, 44], [16, 17], [25, 31], [48, 13], [13, 45], [30, 1], [33, 10], [26, 16], [12, 45], [40, 43], [4, 10], [21, 6], [18, 19], [34, 27], [24, 46], [6, 39], [5, 7], [33, 32], [15, 24], [40, 42], [32, 8], [27, 9], [39, 6], [19, 8], [26, 37], [8, 36], [12, 25], [33, 27], [24, 42], [15, 26], [3, 6], [10, 42], [18, 9], [34, 39], [5, 28], [31, 17], [46, 12], [31, 47], [31, 35], [10, 7], [11, 13], [49, 35], [4, 37], [40, 4], [28, 3], [14, 5], [25, 27], [19, 34], [36, 7], [25, 23], [34, 30], [23, 24], [35, 45], [36, 14], [5, 45], [33, 47], [19, 12], [12, 31], [2, 27], [12, 19], [18, 26], [28, 20], [36, 23], [26, 41], [9, 11], [25, 39], [46, 22], [8, 46], [9, 34], [33, 3], [19, 7], [29, 46], [11, 44], [23, 10], [33, 30], [13, 25], [30, 44], [1, 43], [5, 2], [17, 10], [16, 12], [49, 13], [31, 30], [24, 43], [0, 6], [25, 22], [25, 24], [23, 27], [18, 34], [42, 45], [11, 29], [5, 24], [30, 8], [39, 17], [36, 6], [22, 20], [5, 43], [42, 48], [4, 11], [24, 11], [16, 11], [14, 7], [32, 29], [41, 43], [29, 16], [36, 9], [22, 5], [36, 34], [4, 27], [37, 33], [22, 24], [14, 48], [23, 6], [30, 36], [14, 26], [30, 39], [16, 7], [11, 20], [45, 34], [2, 32], [42, 15], [21, 40], [24, 22], [21, 30], [34, 48], [14, 33], [1, 28], [12, 21], [17, 27], [31, 19], [24, 45], [9, 10], [36, 27], [40, 17], [7, 49], [38, 0], [22, 13], [20, 49], [1, 39], [5, 6], [38, 32], [22, 44], [4, 4], [29, 24], [45, 43], [37, 12], [41, 12], [10, 44], [35, 48], [25, 15], [28, 24], [31, 34], [5, 32], [10, 48], [19, 10], [33, 35], [7, 27], [17, 19], [23, 19], [49, 5], [33, 20], [18, 27], [44, 48], [4, 28], [38, 23], [26, 2], [11, 3], [38, 30], [24, 25], [43, 47], [42, 1], [17, 32], [42, 28], [0, 30], [41, 17], [12, 16], [3, 4], [41, 28], [47, 22], [24, 28], [40, 5], [0, 3], [15, 8], [36, 13], [24, 41], [40, 30], [35, 22], [34, 14], [22, 22], [20, 27], [41, 25], [21, 37], [23, 18], [46, 16], [10, 3], [28, 16], [7, 34], [37, 5], [24, 3], [32, 11], [37, 30], [1, 14], [6, 49], [22, 6], [18, 35], [45, 3], [19, 18], [5, 33], [33, 13], [35, 16], [46, 4], [12, 20], [28, 11], [45, 49], [12, 8], [20, 23], [23, 5], [44, 46], [12, 17], [21, 38], [44, 22], [26, 36], [2, 45], [1, 45], [14, 25], [40, 19], [35, 35], [28, 8], [33, 22], [18, 23], [48, 27], [47, 8], [36, 26], [34, 44], [49, 14], [8, 14], [22, 23], [46, 48], [18, 37], [40, 33], [32, 20], [43, 1], [18, 10], [18, 29], [24, 27], [2, 21], [23, 32], [16, 23], [6, 5], [3, 12], [48, 49], [3, 42], [39, 43], [20, 42], [45, 47], [14, 13], [15, 20], [15, 36], [31, 40], [42, 32], [28, 15], [7, 24], [2, 25], [29, 12], [39, 19], [36, 28], [17, 4], [17, 40], [17, 3], [22, 48], [10, 23], [4, 23], [2, 7], [15, 27], [25, 33], [0, 34], [8, 48], [10, 4], [35, 17], [35, 1], [0, 17], [29, 37], [38, 22], [17, 20], [17, 46], [48, 6], [9, 18], [20, 26], [38, 36], [11, 41], [24, 10], [38, 1], [35, 2], [7, 17], [22, 40], [9, 9], [36, 16], [24, 48], [7, 20], [15, 38], [3, 25], [4, 12], [20, 6], [2, 31], [21, 48], [22, 30], [10, 20], [27, 11], [7, 15], [14, 29], [11, 0], [15, 7], [49, 28], [30, 47], [29, 18], [1, 16], [9, 23], [37, 2], [9, 14], [28, 21], [2, 12], [27, 35], [31, 6], [34, 29], [11, 1], [34, 12], [18, 6], [14, 15], [13, 34], [26, 12], [13, 8], [6, 16], [19, 3], [2, 10], [25, 6], [25, 16], [49, 0], [33, 43], [25, 48], [19, 0], [32, 0], [46, 31], [6, 19], [23, 25], [12, 35], [8, 29], [2, 13], [49, 46], [28, 25], [10, 0], [2, 1], [12, 10], [6, 7], [21, 35], [44, 24], [41, 1], [31, 42], [1, 23], [35, 4], [41, 34], [14, 8], [49, 3], [19, 39], [34, 8], [24, 49], [31, 46], [46, 39], [19, 48], [28, 5], [4, 16], [1, 10], [6, 11], [27, 36], [13, 42], [36, 2], [9, 15], [42, 33], [21, 42], [17, 39], [27, 32], [10, 28], [24, 29], [28, 19], [4, 14], [11, 22], [17, 34], [43, 17], [48, 24], [42, 0], [15, 11], [24, 0], [16, 42], [28, 29], [13, 4], [17, 26], [28, 42], [33, 5], [35, 5], [1, 12], [25, 47], [2, 6], [22, 18]]}