{"meta": {"number_of_robots": 113, "description": {"parameters": {"seed": 1705, "shape": [20, 20], "obstacles": {"n": 5, "mean": 3, "std": 1.5}, "clusters": {"n": 3, "mean": 40, "std": 20.0, "relative_radius": 2, "increase_factor": 1.3, "start_dist": {"generator_name": "Image", "shape": [20, 20], "min": 0.0, "max": 153.0, "mean": 78.0875, "std": 50.83158313243844, "dtype": "uint64", "parameters": {"image": "redblue.png", "transformer": {"name": "ColorChannelSelector", "channel": "b", "inverted": false}}}, "target_dist": {"generator_name": "Image", "shape": [20, 20], "min": 0.0, "max": 128.0, "mean": 62.67, "std": 42.51777393043996, "dtype": "uint64", "parameters": {"image": "redblue.png", "transformer": {"name": "ColorChannelSelector", "channel": "r", "inverted": false}}}}, "density": 0.3, "start_dist": {"generator_name": "Image", "shape": [20, 20], "min": 0.0, "max": 153.0, "mean": 78.0875, "std": 50.83158313243844, "dtype": "uint64", "parameters": {"image": "redblue.png", "transformer": {"name": "ColorChannelSelector", "channel": "b", "inverted": false}}}, "target_dist": {"generator_name": "Image", "shape": [20, 20], "min": 0.0, "max": 128.0, "mean": 62.67, "std": 42.51777393043996, "dtype": "uint64", "parameters": {"image": "redblue.png", "transformer": {"name": "ColorChannelSelector", "channel": "r", "inverted": false}}}}, "stats": {"date": "2020-11-17", "free_area": 376.0, "number_of_clustered_robots": 113, "number_of_robots": 113}}}, "name": "redblue_00000_20x20_30_113", "obstacles": [[0, 8], [0, 9], [0, 10], [0, 11], [0, 12], [2, 16], [3, 16], [4, 10], [4, 16], [5, 2], [5, 3], [5, 4], [5, 10], [6, 2], [6, 4], [6, 7], [7, 2], [7, 4], [7, 7], [8, 2], [8, 3], [8, 4]], "starts": [[13, 6], [4, 9], [2, 5], [17, 10], [1, 8], [5, 11], [15, 11], [5, 5], [4, 1], [16, 2], [7, 6], [12, 7], [6, 1], [16, 16], [10, 1], [7, 0], [18, 6], [5, 14], [19, 12], [6, 5], [2, 4], [5, 16], [9, 4], [7, 5], [9, 0], [10, 18], [5, 6], [12, 0], [15, 8], [1, 10], [9, 5], [14, 4], [3, 5], [10, 2], [2, 0], [17, 18], [11, 11], [4, 11], [9, 7], [2, 10], [2, 8], [7, 14], [12, 2], [6, 14], [1, 0], [9, 8], [0, 14], [9, 3], [18, 15], [1, 5], [17, 3], [3, 10], [6, 10], [15, 9], [6, 9], [1, 6], [5, 18], [9, 9], [3, 11], [6, 12], [13, 7], [2, 9], [6, 8], [8, 6], [4, 2], [8, 12], [1, 7], [19, 14], [11, 12], [1, 12], [11, 14], [8, 9], [11, 17], [8, 7], [7, 13], [7, 10], [4, 4], [0, 3], [14, 17], [5, 7], [15, 6], [9, 11], [5, 9], [9, 10], [0, 13], [10, 4], [12, 3], [0, 5], [7, 8], [18, 16], [8, 1], [4, 12], [18, 18], [10, 9], [2, 12], [17, 6], [6, 6], [10, 16], [2, 11], [2, 13], [19, 10], [0, 7], [16, 18], [1, 11], [10, 11], [3, 1], [8, 14], [6, 15], [6, 11], [3, 4], [14, 14], [4, 5], [13, 8]], "targets": [[6, 11], [14, 11], [2, 18], [12, 11], [12, 9], [14, 15], [6, 17], [13, 1], [14, 18], [7, 11], [9, 4], [13, 15], [9, 17], [13, 14], [18, 13], [2, 12], [9, 14], [19, 8], [4, 14], [4, 13], [11, 1], [8, 11], [8, 13], [12, 15], [18, 4], [2, 11], [4, 18], [17, 8], [8, 17], [16, 13], [12, 19], [13, 12], [12, 0], [1, 12], [12, 16], [14, 14], [16, 9], [7, 17], [12, 18], [15, 3], [7, 12], [13, 16], [13, 6], [6, 16], [6, 18], [9, 13], [17, 11], [10, 15], [3, 12], [18, 0], [9, 18], [4, 17], [9, 8], [8, 18], [8, 14], [9, 2], [14, 12], [10, 17], [19, 0], [0, 18], [3, 19], [9, 0], [11, 17], [13, 18], [19, 7], [4, 19], [8, 12], [1, 19], [14, 8], [6, 14], [14, 16], [12, 6], [10, 10], [10, 14], [15, 13], [9, 19], [12, 14], [19, 6], [7, 10], [5, 12], [13, 19], [18, 11], [14, 19], [3, 11], [19, 4], [12, 17], [16, 14], [0, 15], [9, 12], [6, 10], [10, 5], [5, 14], [5, 16], [10, 1], [13, 17], [13, 11], [18, 3], [11, 15], [14, 13], [18, 7], [11, 18], [7, 19], [6, 15], [19, 1], [5, 18], [13, 13], [15, 4], [5, 19], [3, 13], [15, 7], [7, 18], [5, 13], [2, 15]]}