{"meta": {"number_of_robots": 30, "description": {"parameters": {"seed": 594, "shape": [10, 10], "obstacles": {"n": 0, "mean": 3, "std": 1.5}, "clusters": {"n": 0, "mean": 10, "std": 5.0, "relative_radius": 2, "increase_factor": 1.3, "start_dist": {"generator_name": "uniform", "shape": [10, 10], "min": 1.0, "max": 1.0, "mean": 1.0, "std": 0.0, "dtype": "float64", "parameters": {}}, "target_dist": {"generator_name": "uniform", "shape": [10, 10], "min": 1.0, "max": 1.0, "mean": 1.0, "std": 0.0, "dtype": "float64", "parameters": {}}}, "density": 0.3, "start_dist": {"generator_name": "uniform", "shape": [10, 10], "min": 1.0, "max": 1.0, "mean": 1.0, "std": 0.0, "dtype": "float64", "parameters": {}}, "target_dist": {"generator_name": "uniform", "shape": [10, 10], "min": 1.0, "max": 1.0, "mean": 1.0, "std": 0.0, "dtype": "float64", "parameters": {}}}, "stats": {"date": "2020-11-17", "free_area": 100.0, "number_of_clustered_robots": 0, "number_of_robots": 30}}}, "name": "small_free_000_10x10_30_30", "obstacles": [], "starts": [[1, 4], [5, 6], [0, 1], [4, 4], [7, 8], [1, 1], [6, 7], [3, 3], [6, 5], [1, 5], [8, 9], [2, 3], [8, 3], [1, 9], [7, 6], [9, 7], [0, 2], [2, 9], [8, 0], [0, 6], [7, 9], [0, 7], [1, 6], [8, 5], [4, 3], [6, 6], [6, 3], [4, 5], [7, 2], [6, 0]], "targets": [[3, 1], [4, 9], [0, 4], [5, 7], [8, 3], [1, 3], [9, 4], [3, 0], [6, 1], [4, 5], [6, 0], [7, 6], [8, 6], [0, 7], [2, 6], [6, 5], [8, 5], [7, 1], [3, 7], [9, 8], [1, 8], [0, 0], [0, 3], [0, 2], [5, 3], [4, 1], [2, 3], [4, 0], [0, 5], [1, 4]]}