{"instance": "small_free_001_10x10_40_40", "steps": [{"7": "N", "21": "E", "15": "N", "10": "E", "19": "W", "12": "W", "29": "N", "34": "N", "38": "E", "26": "S", "11": "N", "30": "S", "36": "S", "39": "W", "13": "N", "33": "W", "4": "N", "32": "S", "6": "W", "1": "W", "37": "S", "3": "N", "28": "N", "31": "N", "9": "E", "17": "W", "20": "S", "24": "E"}, {"10": "E", "0": "S", "7": "E", "26": "S", "31": "S", "28": "N", "14": "S", "32": "S", "3": "W", "12": "W", "15": "W", "29": "W", "6": "W", "24": "E", "17": "S", "36": "N", "34": "N", "13": "W", "16": "S", "22": "W", "33": "W", "1": "W", "9": "S", "37": "E", "20": "E", "2": "S", "39": "W"}, {"32": "S", "33": "N", "15": "N", "34": "S", "12": "S", "39": "E", "18": "S", "6": "N", "17": "S", "4": "W", "20": "E", "25": "E", "27": "S", "30": "N", "38": "S", "1": "E", "10": "N", "37": "S", "28": "W", "7": "E", "24": "S", "0": "S", "21": "N", "19": "N", "14": "S", "36": "N", "26": "W", "8": "W", "13": "N", "9": "S"}, {"6": "W", "39": "W", "32": "S", "27": "S", "28": "W", "8": "E", "35": "E", "13": "W", "23": "E", "1": "W", "7": "E", "17": "S", "30": "N", "24": "E", "26": "E", "22": "W", "19": "W", "12": "E", "9": "S", "33": "W", "0": "S", "18": "W", "11": "N", "36": "N", "25": "E", "15": "E", "21": "E", "29": "W"}, {"15": "W", "33": "N", "16": "N", "8": "N", "34": "S", "25": "E", "37": "E", "3": "N", "35": "W", "27": "E", "36": "S", "19": "E", "26": "S", "24": "E", "4": "W", "1": "N", "9": "S", "23": "E", "7": "E", "17": "E", "29": "W", "6": "W", "14": "S", "13": "E", "2": "E", "21": "S", "18": "N"}, {"36": "N", "14": "S", "25": "S", "34": "W", "22": "N", "35": "W", "5": "N", "13": "W", "20": "S", "7": "E", "1": "E", "29": "N", "38": "N", "9": "E", "12": "E", "28": "W", "15": "E", "16": "E", "19": "W", "18": "W", "23": "E", "21": "W", "0": "S", "17": "S", "24": "E", "10": "E", "26": "E", "6": "S", "33": "W"}, {"24": "N", "5": "N", "4": "W", "20": "N", "13": "N", "38": "S", "11": "N", "15": "N", "39": "S", "8": "S", "37": "W", "0": "N", "33": "W", "14": "S", "25": "S", "17": "E", "1": "W", "28": "N", "34": "W", "7": "E", "26": "S", "32": "S", "22": "W", "10": "S", "9": "S", "12": "N", "19": "S", "16": "S", "18": "S"}, {"16": "W", "0": "E", "20": "E", "32": "S", "34": "S", "33": "E", "13": "W", "15": "N", "1": "S", "30": "W", "8": "W", "29": "W", "39": "W", "24": "W", "5": "E", "28": "W", "3": "E", "7": "E", "26": "E", "19": "N", "9": "W", "12": "S", "18": "W"}, {"23": "W", "20": "W", "33": "N", "11": "N", "38": "N", "9": "N", "26": "N", "17": "W", "36": "N", "12": "E", "13": "W", "3": "N", "37": "W", "1": "S", "19": "W", "16": "E", "24": "N", "21": "E", "10": "N", "32": "E", "8": "E", "15": "E", "7": "E", "5": "W"}, {"33": "N", "28": "W", "3": "W", "16": "W", "14": "E", "19": "E", "2": "W", "20": "E", "37": "E", "12": "E", "36": "E", "24": "E", "5": "E", "9": "E", "38": "N", "29": "E", "15": "W", "1": "N", "11": "E", "26": "E", "21": "N", "18": "W", "17": "E"}, {"36": "W", "14": "E", "10": "N", "29": "N", "18": "N", "26": "E", "28": "N", "11": "E", "9": "S", "19": "N", "37": "E", "3": "E", "13": "N", "21": "W", "8": "N", "1": "S"}, {"17": "E", "14": "N", "8": "W", "19": "S", "9": "S", "12": "W", "28": "E", "11": "S", "0": "E", "37": "S", "3": "W", "26": "E", "24": "S", "15": "E", "38": "N", "10": "S", "20": "E", "5": "E", "18": "E", "13": "W"}, {"39": "W", "23": "N", "14": "E", "1": "E", "37": "E", "3": "E", "29": "S", "8": "N", "22": "N", "9": "N", "18": "W", "28": "W", "15": "W", "0": "E", "33": "W", "26": "N", "24": "N", "12": "E", "38": "S", "11": "E", "10": "N", "36": "N"}, {"37": "N", "9": "E", "36": "N", "1": "W", "2": "E", "12": "N", "33": "W", "21": "N", "18": "N", "15": "S", "19": "N", "39": "N", "14": "W", "16": "E", "17": "W"}, {"33": "N", "16": "E", "3": "E", "9": "E", "38": "N", "12": "N", "17": "N", "39": "N", "14": "S", "19": "S", "18": "N", "31": "N", "24": "S", "1": "N", "20": "E", "15": "E", "8": "W", "5": "E", "2": "W", "26": "S"}, {"26": "E", "21": "W", "38": "S", "24": "N", "31": "E", "1": "S", "16": "E", "19": "W", "27": "N", "14": "S", "33": "N", "9": "E", "13": "W", "18": "N", "29": "W", "23": "E", "2": "E", "15": "S", "39": "W", "12": "S"}, {"26": "N", "33": "W", "12": "W", "27": "S", "13": "S", "23": "S", "29": "E", "28": "S", "31": "E", "39": "S", "16": "S", "2": "E", "1": "N", "24": "N", "38": "S", "15": "W", "14": "W", "19": "N", "5": "N", "18": "S", "8": "S", "3": "E"}, {"31": "E", "16": "E", "13": "E", "14": "E", "24": "E", "38": "N", "3": "S", "9": "N", "19": "S", "8": "N", "28": "W", "23": "S", "2": "N", "12": "E", "15": "S", "29": "N", "26": "E", "17": "N", "21": "E", "33": "N", "18": "N", "37": "E"}, {"20": "N", "29": "W", "17": "E", "27": "S", "38": "S", "26": "E", "16": "W", "2": "S", "24": "E", "14": "E", "15": "W", "8": "N", "18": "N", "10": "E", "1": "S"}, {"38": "S", "18": "N", "15": "N", "3": "E", "14": "S", "2": "E", "10": "N", "16": "E", "1": "E", "20": "N", "27": "S", "12": "W"}, {"21": "S", "20": "E", "31": "E", "37": "W", "28": "W", "16": "S", "17": "E", "27": "E", "14": "N", "3": "W", "5": "W", "8": "E", "10": "E", "19": "W", "33": "S", "15": "N", "1": "W", "24": "N", "38": "W"}, {"20": "W", "21": "E", "8": "E", "10": "E", "23": "E", "14": "W", "19": "E", "3": "E", "28": "S", "17": "S", "31": "S", "33": "N", "16": "E", "15": "N", "27": "E"}, {"27": "W", "38": "W", "14": "E", "3": "N", "10": "S", "8": "N", "21": "N", "24": "N", "15": "E", "20": "E", "16": "S", "31": "N", "1": "N", "37": "E", "19": "W", "23": "E"}, {"10": "N", "24": "N", "16": "W", "8": "S", "19": "S", "21": "N", "27": "E", "33": "N", "3": "N", "37": "E", "14": "E", "20": "N", "23": "N", "17": "E"}, {"8": "N", "10": "N", "31": "W", "27": "E", "33": "W", "19": "S", "38": "N", "21": "E", "23": "W", "14": "E", "20": "E", "37": "E", "24": "W", "3": "E", "16": "W", "1": "N"}, {"3": "W", "1": "S", "23": "N", "12": "E", "14": "E", "19": "E", "33": "E", "31": "E", "15": "E", "8": "S"}, {"33": "E", "8": "N", "31": "W", "1": "W", "23": "E", "38": "N", "14": "N", "21": "N", "16": "S", "12": "E"}, {"19": "E", "14": "E", "12": "E", "16": "N", "23": "N", "15": "E", "38": "S", "21": "E", "1": "S", "8": "S", "33": "W", "24": "E", "3": "N"}, {"19": "S", "14": "E", "38": "S", "3": "E", "20": "E", "8": "N", "1": "S", "15": "N", "16": "E", "33": "E", "23": "S", "24": "E"}, {"15": "N", "21": "S", "38": "N", "16": "N", "23": "E", "24": "W", "3": "N", "1": "E", "19": "S", "20": "S", "12": "E", "8": "S"}, {"38": "S", "21": "N", "33": "W", "12": "N", "8": "N", "23": "N", "15": "N", "10": "E", "24": "W", "19": "S"}, {"33": "E", "24": "W", "15": "W", "10": "N", "12": "S", "8": "S", "3": "W", "21": "N", "19": "N", "23": "N"}, {"23": "S", "24": "W", "10": "E", "15": "W", "12": "S", "8": "N", "19": "N", "31": "E", "21": "S"}, {"16": "S", "10": "N", "31": "W", "33": "W", "38": "W", "19": "E", "21": "S"}, {"16": "N", "31": "E", "23": "S", "21": "N", "8": "S", "33": "N", "10": "E", "20": "E", "15": "E"}, {"38": "W", "23": "E", "8": "N", "20": "S", "21": "S", "31": "S", "10": "W", "16": "E", "3": "N"}, {"38": "S", "31": "S", "33": "S", "21": "S", "8": "S", "23": "S", "16": "E", "20": "S", "15": "E", "10": "S"}, {"3": "N", "38": "S", "33": "E", "16": "S", "8": "N", "10": "W", "15": "E"}, {"38": "E", "16": "W", "21": "E", "23": "E", "33": "E", "3": "W", "8": "S", "10": "N"}, {"8": "N", "38": "S", "21": "S", "3": "W", "10": "W", "31": "S", "15": "S", "23": "E"}, {"16": "S", "38": "S", "21": "W", "10": "W", "3": "W", "23": "S", "15": "E", "31": "W", "8": "S"}, {"23": "S", "31": "S", "38": "S", "15": "E", "8": "W", "16": "S", "10": "W"}, {"10": "N", "16": "S", "23": "S", "3": "N", "8": "S", "15": "E", "21": "W", "38": "E"}, {"38": "E", "23": "S", "3": "W", "16": "N", "21": "E", "15": "S", "10": "W", "8": "E"}, {"16": "S", "38": "E", "23": "S", "15": "W", "21": "S", "3": "E"}, {"21": "S", "15": "W", "16": "W", "23": "W", "38": "S"}, {"16": "S", "3": "S", "38": "S", "21": "W", "15": "E", "23": "W"}, {"21": "E", "15": "S"}, {"16": "S", "21": "N", "3": "W"}, {"16": "W", "15": "E", "3": "N"}, {"3": "N", "21": "E", "16": "N", "15": "N"}, {"16": "W", "21": "S", "3": "W"}, {"16": "W", "21": "N"}, {"3": "N", "15": "N", "21": "E", "16": "W"}, {"3": "E", "16": "N", "21": "E", "15": "N"}, {"3": "S", "16": "N", "21": "W"}, {"3": "E", "21": "N"}, {"16": "N", "3": "E", "15": "N", "21": "S"}, {"3": "E", "16": "N", "15": "S", "21": "N"}, {"3": "W", "15": "N"}, {"15": "S", "21": "E"}, {"15": "S"}, {"3": "E", "21": "W"}, {"15": "S", "21": "S", "3": "N"}, {"15": "N", "21": "E", "3": "S"}, {"3": "N", "21": "W", "15": "N"}, {"3": "S", "15": "N", "21": "N"}, {"3": "W", "15": "S"}, {"3": "N", "15": "N", "21": "N"}, {"15": "N", "21": "E", "3": "E"}, {"3": "N", "15": "S", "21": "W"}, {"3": "S"}, {"3": "E", "21": "S"}, {"15": "N", "21": "N", "3": "N"}, {"3": "W", "15": "N", "21": "S"}, {"21": "S"}, {"21": "S"}, {"3": "E", "15": "S", "21": "S"}, {"21": "N", "3": "W"}, {"21": "W", "15": "W", "3": "W"}, {"21": "N", "3": "S"}, {"21": "E", "15": "S"}, {"15": "W", "3": "S"}, {"15": "N", "21": "E", "3": "E"}, {"21": "N", "3": "N", "15": "S"}, {"21": "N", "3": "N"}, {"15": "E", "21": "E", "3": "W"}, {"15": "S", "21": "N", "3": "W"}, {"21": "W", "3": "S", "15": "E"}, {"21": "N", "15": "S", "3": "S"}, {"15": "N", "3": "N", "21": "S"}, {"21": "S", "3": "S"}, {"21": "E", "15": "W", "3": "E"}, {"21": "W", "15": "S"}, {"15": "W", "21": "E", "3": "W"}, {"3": "E", "21": "E", "15": "S"}, {"21": "N", "3": "E"}, {"3": "W", "15": "S"}, {"3": "N", "15": "W", "21": "S"}, {"3": "E", "15": "S"}]}