{"instance": "small_free_001_10x10_40_40", "steps": [{"24": "N", "2": "N", "30": "W", "4": "W", "7": "E", "21": "E", "22": "W", "33": "W", "29": "N", "31": "E", "34": "W", "28": "N", "35": "N", "36": "N", "11": "E", "27": "S", "12": "E", "3": "W", "20": "W", "32": "S", "5": "N", "6": "W", "14": "E", "15": "N", "10": "N", "13": "N", "17": "W", "25": "S", "38": "N", "19": "S", "39": "W"}, {"29": "N", "33": "W", "19": "W", "4": "S", "17": "E", "5": "E", "16": "S", "15": "W", "36": "N", "30": "S", "24": "E", "8": "W", "0": "E", "35": "W", "31": "S", "32": "E", "38": "S", "10": "E", "22": "S", "1": "W", "13": "W", "25": "N", "6": "W", "14": "E", "23": "E", "2": "N", "7": "E", "3": "W", "39": "E", "28": "N", "20": "S"}, {"2": "S", "4": "N", "5": "E", "9": "S", "1": "S", "26": "S", "35": "S", "21": "N", "22": "N", "29": "N", "16": "N", "34": "S", "30": "W", "14": "S", "23": "E", "24": "S", "28": "N", "20": "W", "38": "N", "31": "E", "37": "N", "13": "N", "7": "N", "10": "N", "15": "N", "8": "W", "6": "N", "25": "S", "36": "N", "3": "N", "17": "E", "12": "W", "11": "N"}, {"27": "S", "24": "E", "8": "E", "26": "S", "18": "N", "2": "E", "21": "N", "9": "S", "3": "N", "23": "S", "12": "S", "38": "E", "4": "N", "29": "W", "0": "E", "28": "S", "39": "N", "7": "E", "13": "E", "20": "E", "31": "E", "17": "E", "10": "N", "15": "N", "19": "S", "33": "N", "6": "N", "14": "E", "30": "N"}, {"9": "S", "14": "S", "5": "N", "2": "E", "39": "W", "36": "S", "28": "E", "6": "W", "3": "S", "29": "E", "8": "W", "26": "E", "17": "S", "31": "E", "13": "W", "18": "W", "23": "S", "15": "S", "20": "E", "24": "N", "27": "S", "37": "S", "30": "E", "33": "W"}, {"20": "N", "26": "E", "9": "E", "23": "S", "6": "W", "3": "N", "1": "E", "33": "N", "24": "S", "29": "W", "7": "E", "28": "W", "39": "E", "17": "E", "2": "E", "10": "S", "8": "N", "12": "E", "13": "W", "31": "W", "14": "E", "15": "E", "5": "W", "30": "N", "18": "W"}, {"20": "E", "31": "S", "9": "S", "3": "S", "5": "E", "1": "W", "15": "W", "7": "E", "29": "E", "2": "N", "6": "S", "10": "N", "27": "S", "14": "W", "18": "S", "24": "N", "12": "E", "11": "E", "25": "E", "33": "N", "36": "W", "8": "E", "21": "S", "17": "S", "39": "W"}, {"34": "W", "14": "E", "27": "E", "28": "E", "18": "N", "39": "E", "21": "N", "23": "S", "20": "E", "6": "S", "2": "S", "4": "W", "37": "S", "13": "W", "38": "S", "0": "S", "31": "S", "12": "E", "36": "W", "1": "E", "16": "E", "9": "E", "7": "N", "8": "N", "15": "E", "17": "S", "26": "W"}, {"22": "E", "16": "W", "39": "S", "5": "W", "28": "W", "23": "S", "2": "E", "29": "S", "7": "S", "18": "E", "10": "N", "8": "E", "37": "E", "0": "N", "1": "W", "36": "W", "21": "E", "26": "E", "15": "N", "9": "E"}, {"5": "E", "2": "S", "29": "N", "20": "W", "26": "E", "18": "N", "0": "S", "7": "E", "36": "E", "22": "N", "24": "N", "13": "N", "32": "S", "27": "E", "21": "S", "15": "N", "9": "E"}, {"26": "W", "33": "W", "21": "W", "9": "E", "7": "E", "5": "W", "0": "S", "36": "N", "20": "E", "28": "E", "37": "W", "16": "N", "3": "W", "4": "S", "39": "W", "15": "W", "23": "E", "27": "S", "18": "W", "29": "E", "17": "E", "2": "E"}, {"1": "W", "14": "E", "28": "S", "2": "W", "26": "W", "21": "E", "11": "E", "33": "N", "20": "E", "18": "E", "29": "S", "39": "E", "12": "E", "36": "N", "27": "N", "37": "E", "25": "E", "15": "E", "38": "E", "23": "W"}, {"7": "N", "38": "S", "14": "E", "39": "S", "15": "W", "3": "E", "21": "W", "36": "E", "20": "W", "18": "N", "10": "W", "26": "E", "27": "W", "5": "E", "2": "W", "28": "N", "37": "W", "29": "N", "12": "E", "33": "W"}, {"5": "N", "3": "W", "24": "N", "18": "E", "23": "W", "15": "E", "11": "N", "36": "E", "37": "S", "39": "W", "26": "E", "38": "N", "16": "N", "10": "N", "7": "S", "2": "N", "27": "E", "33": "E", "1": "N"}, {"39": "W", "24": "N", "25": "E", "16": "N", "26": "W", "29": "N", "20": "E", "23": "E", "36": "N", "15": "W", "2": "S", "18": "W", "38": "S", "7": "E", "1": "S", "10": "N"}, {"26": "E", "38": "W", "21": "N", "24": "W", "28": "W", "25": "S", "37": "E", "1": "N", "20": "E", "2": "S", "33": "W", "11": "N", "16": "S", "23": "E", "15": "E", "10": "W", "27": "S", "29": "E"}, {"27": "E", "37": "W", "26": "S", "4": "N", "29": "W", "21": "E", "33": "W", "10": "E", "38": "S", "28": "W", "39": "E", "23": "E", "18": "E", "1": "S", "20": "S"}, {"33": "E", "39": "W", "26": "E", "37": "E", "29": "W", "27": "S", "38": "S", "10": "E", "3": "W", "18": "W", "21": "W", "4": "W", "13": "E", "23": "S", "15": "E", "16": "S"}, {"3": "N", "29": "W", "15": "W", "18": "N", "16": "N", "28": "E", "21": "N", "13": "S", "23": "N", "38": "W", "27": "N", "1": "N", "39": "W", "37": "W", "10": "E", "24": "E"}, {"10": "N", "14": "N", "15": "W", "37": "E", "39": "W", "23": "E", "24": "N", "28": "S", "16": "E", "29": "N", "38": "S", "21": "S", "26": "E"}, {"16": "W", "33": "W", "26": "N", "14": "S", "0": "W", "21": "N", "37": "S", "29": "S", "15": "E", "23": "E", "38": "N", "22": "W", "1": "S", "24": "E", "13": "E"}, {"14": "S", "26": "E", "16": "S", "27": "N", "1": "S", "13": "W", "15": "W", "33": "N", "10": "N", "39": "W", "3": "N", "37": "E", "24": "W", "23": "E", "38": "N", "28": "E"}, {"15": "E", "3": "N", "27": "E", "29": "W", "13": "E", "24": "E", "21": "E", "26": "E", "38": "W", "39": "N", "28": "W", "16": "W"}, {"29": "N", "21": "N", "20": "W", "26": "E", "10": "E", "33": "S", "37": "E", "38": "E"}, {"16": "N", "28": "E", "29": "S", "0": "S", "13": "W", "38": "W", "37": "N", "18": "S", "10": "S", "14": "S", "15": "E"}, {"3": "E", "16": "S", "38": "E", "29": "E", "37": "E", "20": "S", "28": "W", "24": "E", "33": "N", "15": "W"}, {"38": "S", "37": "E", "20": "N", "15": "S", "16": "S"}, {"16": "N", "38": "N", "20": "S", "29": "E", "37": "E", "15": "N", "33": "S"}, {"15": "S", "33": "N", "29": "W", "38": "S", "28": "E", "20": "N", "18": "S", "14": "S"}, {"21": "E", "29": "E", "18": "W", "3": "N", "28": "W", "15": "E", "32": "E", "16": "S"}, {"21": "W", "22": "W", "0": "E", "16": "N", "18": "W", "14": "S", "15": "N", "20": "E", "28": "E", "29": "S", "38": "N"}, {"22": "W", "14": "N", "38": "N", "28": "W", "18": "W", "33": "S", "15": "W", "29": "N"}, {"14": "S", "3": "S", "22": "N", "38": "E", "16": "S", "33": "N", "18": "N", "13": "E", "29": "S", "15": "E"}, {"33": "S", "29": "N", "14": "N", "13": "W", "3": "E", "18": "N", "38": "S", "21": "E", "15": "S"}, {"38": "S", "29": "S", "13": "N", "18": "N", "14": "S", "16": "W", "32": "S", "28": "E", "15": "W"}, {"13": "W", "16": "S", "21": "W", "28": "W", "29": "N", "33": "N"}, {"20": "W", "33": "N", "21": "S", "29": "W", "28": "N", "15": "N"}, {"13": "E", "0": "E", "28": "N", "29": "N", "20": "E", "15": "E"}, {"29": "N", "16": "N", "28": "W", "14": "W", "15": "W", "20": "E"}, {"28": "W", "32": "S", "29": "W", "16": "W"}, {"38": "S", "32": "S", "29": "W", "15": "E", "14": "S"}, {"21": "E", "38": "W", "29": "S", "14": "N", "15": "N", "16": "W", "32": "S"}, {"29": "S", "13": "S", "15": "N", "32": "W", "38": "S", "14": "E", "16": "S"}, {"16": "N", "15": "W", "21": "E", "13": "W", "29": "W", "38": "S"}, {"21": "E", "16": "E", "38": "E", "15": "E", "29": "S", "33": "W"}, {"38": "S", "21": "E", "15": "W", "33": "N"}, {"28": "E", "20": "W", "21": "N", "38": "S", "33": "N", "15": "E"}, {"13": "E", "28": "W", "15": "S", "20": "N", "14": "W", "33": "N"}, {"16": "W", "13": "W", "33": "E", "14": "E", "20": "S", "15": "E", "21": "S"}, {"15": "S", "28": "E", "20": "E", "21": "E", "33": "E", "16": "E", "13": "E"}, {"28": "W", "33": "S", "16": "E", "21": "E", "14": "N", "13": "E"}, {"15": "S", "28": "E", "20": "W", "16": "W", "21": "E", "14": "E"}, {"13": "E", "15": "S", "21": "W", "28": "E", "14": "E", "20": "E"}, {"13": "N", "28": "E"}, {"28": "S", "20": "W", "21": "E", "15": "S", "13": "W"}, {"13": "W", "28": "N", "21": "W", "20": "E", "15": "N"}, {"15": "E", "28": "E", "21": "W", "13": "S"}, {"28": "W", "21": "N", "16": "E", "15": "W", "13": "W"}, {"16": "W", "21": "W", "28": "W"}, {"28": "E", "21": "N"}, {"21": "S", "28": "E", "13": "S"}, {"21": "W", "28": "S", "15": "E", "13": "W"}, {"13": "W", "15": "W", "21": "E"}, {"21": "W", "13": "W", "28": "W", "15": "N"}, {"21": "E", "28": "N", "15": "S", "13": "N"}, {"21": "E", "13": "N", "28": "N"}, {"28": "S", "13": "E"}, {"28": "S"}, {"21": "S", "15": "S"}, {"15": "N", "21": "N"}, {"15": "N"}, {"21": "W", "15": "N", "16": "E"}, {"28": "E", "16": "W", "15": "W"}, {"28": "W"}, {"15": "N", "21": "N"}, {"28": "N", "21": "S", "15": "E"}, {"28": "S", "15": "S", "21": "S"}, {"28": "N", "21": "S"}, {"28": "E"}, {"16": "E", "15": "E"}, {"28": "E", "16": "W", "15": "W", "21": "E"}, {"28": "E", "21": "E"}, {"28": "N", "16": "E", "21": "W", "15": "W"}, {"15": "E", "28": "E", "16": "E"}, {"16": "N", "28": "W", "21": "E"}, {"21": "W", "16": "S", "15": "S", "28": "E"}, {"28": "S", "21": "S"}, {"28": "N", "15": "E"}, {"21": "E", "15": "N"}, {"16": "N", "15": "N", "21": "W", "28": "S"}, {"21": "W", "15": "N", "16": "S"}, {"15": "N", "28": "S", "21": "W"}, {"21": "E", "16": "N", "28": "N"}, {"16": "S", "21": "S"}, {"21": "S"}, {"15": "W", "28": "W", "21": "N"}, {"28": "N", "21": "W", "15": "E"}, {"21": "S", "15": "E", "16": "N"}, {"16": "S", "28": "E", "15": "N", "21": "W"}, {"15": "S", "28": "S"}]}