{"instance": "galaxy_cluster_00000_20x20_20_80", "steps": [{"8": "E", "11": "W", "12": "S", "13": "W", "15": "W", "16": "S", "20": "S", "22": "E", "25": "S", "30": "W", "31": "E", "32": "S", "33": "W", "35": "W", "38": "N", "39": "N", "41": "S", "42": "N", "43": "N", "44": "W", "45": "S", "46": "S", "47": "W", "49": "N", "50": "S", "53": "N", "55": "E", "58": "S", "59": "W", "61": "E", "63": "N", "65": "W", "66": "E", "68": "E", "71": "N", "73": "S", "76": "N", "77": "E", "79": "S"}, {"8": "S", "11": "W", "12": "S", "13": "N", "15": "W", "16": "E", "20": "E", "22": "S", "25": "S", "31": "S", "32": "S", "35": "S", "38": "N", "39": "E", "42": "E", "43": "W", "44": "N", "45": "W", "46": "E", "49": "N", "50": "S", "53": "N", "55": "E", "59": "W", "61": "E", "63": "N", "65": "W", "68": "E", "71": "N", "77": "N", "79": "S"}, {"8": "E", "10": "E", "11": "W", "13": "W", "15": "W", "16": "E", "22": "S", "23": "W", "25": "S", "38": "N", "39": "N", "42": "E", "43": "W", "44": "W", "46": "E", "49": "W", "50": "E", "53": "W", "54": "W", "55": "E", "59": "S", "61": "E", "63": "E", "65": "W", "66": "S", "67": "E", "68": "S", "71": "W", "73": "E", "77": "N", "79": "W"}, {"1": "N", "8": "E", "10": "E", "11": "W", "12": "E", "13": "W", "15": "N", "22": "S", "25": "W", "33": "W", "35": "W", "38": "N", "42": "N", "44": "S", "47": "S", "49": "N", "50": "E", "53": "W", "55": "E", "59": "S", "63": "N", "67": "E", "68": "S", "71": "W", "77": "N", "79": "W"}, {"1": "E", "10": "E", "11": "S", "12": "S", "13": "W", "15": "W", "22": "S", "23": "N", "35": "W", "39": "E", "41": "W", "44": "S", "45": "S", "47": "S", "49": "N", "50": "E", "53": "W", "54": "W", "55": "E", "59": "E", "61": "S", "63": "N", "68": "W", "71": "W", "79": "S"}, {"1": "S", "10": "S", "11": "W", "12": "S", "13": "S", "15": "W", "16": "E", "20": "E", "22": "W", "23": "N", "25": "S", "30": "W", "38": "N", "39": "E", "42": "N", "44": "W", "45": "W", "49": "W", "53": "W", "54": "N", "55": "E", "58": "E", "59": "S", "63": "N", "66": "S", "68": "S", "71": "N", "73": "S", "76": "N", "77": "N", "79": "S"}, {"1": "E", "10": "S", "11": "N", "13": "W", "15": "W", "16": "S", "22": "S", "25": "S", "30": "S", "38": "E", "39": "N", "42": "N", "44": "W", "45": "S", "49": "N", "50": "S", "53": "W", "54": "N", "55": "E", "58": "S", "61": "S", "63": "N", "66": "S", "68": "E", "71": "W", "73": "S", "76": "N", "77": "E"}, {"1": "S", "10": "E", "11": "W", "12": "S", "13": "W", "15": "N", "22": "E", "23": "W", "25": "W", "30": "S", "35": "W", "38": "N", "39": "N", "41": "S", "42": "N", "45": "W", "47": "E", "49": "W", "53": "W", "54": "N", "55": "E", "58": "E", "59": "W", "61": "E", "63": "E", "68": "S", "71": "N", "73": "S", "76": "W", "77": "N", "79": "W"}, {"1": "S", "10": "E", "12": "S", "13": "S", "15": "W", "20": "S", "22": "E", "23": "W", "30": "S", "35": "S", "38": "E", "39": "N", "41": "W", "44": "S", "47": "S", "49": "N", "50": "S", "55": "N", "59": "W", "61": "S", "63": "E", "68": "S", "71": "N", "73": "S", "76": "N", "77": "E", "79": "S"}, {"1": "S", "11": "W", "12": "S", "13": "W", "15": "N", "20": "S", "22": "S", "23": "N", "35": "S", "38": "E", "44": "S", "45": "W", "49": "N", "50": "S", "55": "N", "59": "S", "61": "S", "63": "E", "65": "S", "68": "E", "76": "W", "77": "E", "79": "S"}, {"1": "E", "10": "E", "11": "W", "13": "S", "15": "W", "20": "E", "22": "S", "23": "W", "25": "S", "32": "S", "38": "E", "44": "S", "47": "S", "50": "E", "53": "S", "54": "W", "55": "E", "58": "S", "63": "E", "65": "S", "66": "E", "68": "E", "76": "W", "77": "E"}, {"1": "E", "10": "E", "11": "W", "12": "S", "13": "W", "15": "S", "20": "S", "23": "W", "31": "E", "38": "S", "44": "S", "45": "S", "47": "S", "49": "E", "50": "S", "53": "W", "54": "W", "55": "N", "63": "N", "66": "S", "67": "N", "68": "E", "71": "E", "76": "W", "77": "N"}, {"11": "S", "13": "W", "15": "S", "20": "S", "22": "S", "23": "W", "25": "S", "31": "E", "38": "E", "44": "E", "45": "W", "47": "E", "50": "S", "53": "W", "54": "S", "55": "N", "59": "S", "63": "N", "66": "E", "68": "S", "71": "N", "73": "S", "76": "N", "77": "E", "79": "S"}, {"11": "W", "12": "W", "13": "S", "20": "S", "22": "S", "25": "W", "38": "S", "41": "W", "44": "E", "45": "W", "53": "S", "54": "W", "55": "N", "59": "S", "63": "N", "71": "N", "73": "E", "76": "W", "77": "S", "79": "W"}, {"12": "S", "15": "W", "22": "W", "30": "E", "38": "S", "41": "N", "44": "S", "47": "E", "49": "W", "50": "E", "53": "W", "54": "W", "55": "N", "59": "S", "73": "E", "76": "W", "79": "W"}, {"8": "E", "12": "E", "20": "S", "22": "W", "25": "S", "38": "S", "43": "N", "44": "W", "47": "S", "49": "W", "50": "E", "53": "W", "54": "W", "55": "N", "68": "S", "73": "S", "76": "N", "79": "S"}, {"8": "N", "12": "S", "22": "W", "23": "W", "25": "S", "44": "W", "47": "E", "50": "S", "53": "W", "54": "W", "55": "N", "68": "W", "71": "N", "76": "N", "79": "S"}, {"8": "N", "12": "S", "16": "W", "22": "W", "23": "W", "30": "S", "41": "W", "44": "W", "47": "E", "50": "S", "53": "W", "54": "W", "55": "W", "67": "N", "68": "S", "73": "E"}, {"8": "N", "12": "S", "13": "W", "15": "N", "20": "S", "22": "W", "23": "W", "31": "E", "32": "S", "33": "W", "43": "N", "47": "E", "53": "S", "54": "N", "68": "S", "71": "E"}, {"12": "S", "15": "N", "22": "S", "23": "W", "25": "S", "31": "S", "32": "E", "35": "E", "43": "E", "45": "S", "47": "S", "53": "S", "54": "E", "68": "W", "71": "E"}, {"12": "S", "13": "S", "15": "W", "23": "S", "25": "W", "33": "S", "35": "S", "44": "N", "45": "S", "47": "E", "53": "S", "54": "N", "68": "S", "71": "E", "79": "S"}, {"8": "N", "15": "W", "20": "E", "25": "S", "33": "E", "35": "S", "44": "W", "45": "S", "47": "S", "49": "W", "50": "W", "53": "S", "54": "W", "61": "E", "63": "E", "68": "S", "71": "E", "73": "E", "79": "W"}, {"8": "W", "12": "S", "13": "W", "15": "N", "16": "E", "22": "S", "25": "S", "43": "N", "45": "E", "47": "E", "50": "S", "54": "W", "79": "N"}, {"8": "N", "12": "W", "13": "W", "15": "N", "16": "E", "22": "S", "23": "S", "25": "W", "35": "S", "41": "W", "43": "E", "47": "E", "50": "S", "54": "N", "68": "S", "71": "E"}, {"8": "E", "15": "E", "16": "S", "23": "S", "25": "W", "32": "E", "35": "W", "38": "S", "41": "S", "45": "S", "47": "E", "54": "W", "61": "E", "68": "W", "71": "N", "73": "S"}, {"8": "N", "15": "N", "16": "S", "23": "W", "25": "S", "32": "E", "33": "S", "38": "S", "41": "W", "45": "S", "46": "N", "47": "S", "50": "S", "54": "W", "61": "E", "71": "N"}, {"8": "W", "10": "W", "12": "W", "15": "N", "20": "E", "23": "S", "25": "S", "33": "S", "41": "W", "43": "E", "45": "S", "46": "N", "50": "W", "54": "W", "68": "W"}, {"10": "W", "15": "N", "20": "S", "25": "E", "33": "S", "35": "S", "41": "W", "43": "E", "45": "E", "53": "S", "54": "S", "61": "E", "68": "S", "79": "E"}, {"1": "E", "8": "N", "15": "N", "20": "E", "25": "E", "32": "N", "35": "W", "38": "S", "41": "W", "43": "E", "45": "S", "53": "S", "54": "S", "61": "S", "68": "W", "71": "N", "79": "S"}, {"1": "N", "12": "W", "15": "N", "20": "S", "23": "S", "25": "E", "32": "N", "35": "W", "38": "S", "53": "S", "54": "W", "66": "N", "68": "W", "73": "S", "79": "W"}, {"1": "N", "15": "N", "20": "E", "25": "S", "31": "S", "32": "W", "38": "S", "50": "W", "54": "W", "68": "W", "73": "S"}, {"1": "W", "15": "E", "20": "E", "25": "S", "41": "W", "45": "E", "50": "N", "54": "S", "68": "W", "71": "N", "73": "W", "77": "S"}, {"1": "N", "12": "W", "15": "N", "20": "N", "25": "S", "35": "S", "38": "S", "41": "S", "43": "E", "47": "N", "54": "W", "63": "E", "68": "W", "71": "E", "73": "N", "77": "E"}, {"12": "W", "20": "E", "31": "W", "35": "S", "38": "W", "43": "E", "45": "S", "47": "N", "63": "S", "73": "W", "77": "S"}, {"12": "W", "20": "E", "25": "E", "31": "W", "35": "E", "43": "E", "45": "S", "47": "N", "50": "N", "54": "S"}, {"15": "N", "20": "N", "25": "S", "41": "W", "45": "E", "47": "N", "54": "S", "63": "E", "77": "E", "79": "W"}, {"15": "E", "20": "E", "38": "S", "41": "N", "47": "N", "49": "W", "54": "E", "63": "S", "71": "E", "79": "S"}, {"8": "E", "12": "W", "13": "N", "15": "E", "16": "S", "20": "E", "31": "S", "35": "S", "45": "E", "47": "N", "50": "W", "54": "S", "61": "S", "63": "S", "68": "S", "79": "S"}, {"8": "N", "12": "W", "13": "W", "15": "N", "16": "W", "20": "E", "31": "S", "35": "S", "42": "N", "45": "E", "47": "N", "49": "W", "50": "W", "54": "W", "61": "E", "66": "W", "68": "W", "79": "E"}, {"11": "S", "13": "S", "15": "N", "20": "E", "31": "S", "35": "S", "41": "W", "42": "W", "45": "E", "46": "E", "47": "N", "54": "W", "61": "E", "68": "W", "77": "S", "79": "E"}, {"13": "W", "15": "E", "20": "N", "25": "E", "35": "E", "41": "N", "42": "W", "54": "S", "61": "E", "68": "W"}, {"15": "E", "16": "S", "35": "S", "41": "N", "42": "W", "46": "N", "47": "N", "49": "S", "54": "E", "61": "E", "68": "S"}, {"15": "N", "16": "E", "20": "N", "35": "S", "38": "S", "41": "N", "45": "E", "47": "W", "49": "S", "54": "S", "61": "E", "79": "E"}, {"15": "E", "16": "S", "20": "E", "25": "E", "31": "S", "35": "S", "41": "N", "45": "E", "47": "N", "54": "S", "61": "E", "67": "N"}, {"15": "E", "16": "E", "31": "W", "35": "S", "41": "W", "45": "E", "46": "N", "47": "N", "49": "W", "54": "E", "61": "E"}, {"15": "E", "16": "S", "31": "W", "35": "S", "41": "W", "46": "W", "54": "S", "79": "N"}, {"20": "N", "25": "E", "31": "S", "35": "E", "41": "N", "54": "W", "79": "E"}, {"25": "N", "31": "W", "41": "W", "45": "E", "61": "E"}, {"15": "E", "25": "E", "31": "W", "41": "N", "45": "E", "47": "N", "61": "E", "76": "N", "79": "S"}, {"8": "W", "10": "E", "16": "S", "20": "N", "25": "E", "31": "W", "41": "W", "42": "W", "45": "N", "61": "E", "66": "S", "73": "W", "79": "E"}, {"10": "N", "16": "S", "20": "N", "25": "E", "41": "N", "42": "W", "45": "E", "61": "N", "73": "S", "79": "E"}, {"8": "N", "10": "N", "16": "S", "20": "N", "25": "S", "31": "S", "35": "N", "41": "N", "42": "S", "45": "N", "54": "S", "61": "N", "73": "W", "76": "W", "79": "N"}, {"10": "N", "20": "N", "25": "E", "31": "S", "35": "E", "41": "N", "54": "S", "61": "E", "66": "S", "73": "S", "79": "N"}, {"10": "N", "20": "W", "35": "E", "42": "W", "54": "S", "55": "N", "61": "N", "63": "S", "67": "N", "79": "E"}, {"10": "E", "16": "W", "41": "N", "42": "W", "45": "E", "46": "N", "50": "E", "61": "N", "63": "S", "66": "S", "67": "N", "73": "S"}, {"16": "S", "31": "S", "41": "E", "50": "N", "61": "W", "63": "E", "73": "W"}, {"16": "S", "31": "S", "42": "W", "63": "S", "73": "W", "79": "E"}, {"10": "N", "16": "W", "22": "S", "30": "E", "31": "W", "50": "W", "63": "W", "73": "W", "77": "E"}, {"10": "N", "16": "W", "25": "S", "35": "E", "55": "W", "63": "S", "73": "W", "77": "S"}, {"10": "W", "16": "S", "25": "E", "31": "W", "33": "W", "73": "N", "77": "S"}, {"16": "S", "25": "E", "30": "E", "33": "S", "42": "W", "73": "W", "77": "W"}, {"16": "W", "25": "N", "30": "S", "31": "N", "33": "S", "46": "N", "67": "N", "77": "W"}, {"10": "N", "13": "E", "16": "W", "25": "E", "30": "E", "31": "W", "33": "S", "46": "N", "61": "N", "67": "E", "77": "S", "79": "S"}, {"10": "W", "13": "N", "30": "E", "31": "S", "33": "S", "46": "N", "61": "N", "67": "N", "73": "N", "77": "S"}, {"10": "N", "16": "W", "30": "N", "31": "W", "33": "E", "61": "E", "67": "W", "73": "W"}, {"16": "W", "20": "N", "30": "E", "33": "S", "41": "N", "61": "N"}, {"16": "W", "20": "N", "30": "S", "33": "W", "41": "N", "42": "W", "61": "N", "68": "W"}, {"30": "E", "31": "W", "33": "S", "35": "E", "41": "N", "42": "W"}, {"30": "E", "31": "N", "35": "N", "68": "W"}, {"20": "E", "30": "E", "35": "E", "45": "N"}, {"20": "N", "30": "N", "50": "W", "77": "E"}, {"20": "N", "33": "E", "45": "E", "50": "W", "66": "W"}, {"20": "E", "25": "N", "30": "E", "33": "E", "42": "W", "45": "E", "66": "N", "71": "E", "79": "E"}, {"16": "W", "30": "S", "33": "E", "35": "N", "63": "W", "66": "N", "77": "E", "79": "E"}, {"10": "E", "16": "W", "33": "E", "45": "E", "79": "E"}, {"20": "N", "31": "N", "33": "E", "42": "W", "45": "E", "50": "W", "53": "E", "54": "E", "61": "N", "79": "N"}, {"10": "E", "15": "E", "30": "E", "31": "W", "33": "S", "45": "E", "50": "W", "54": "E", "63": "N", "77": "S"}, {"30": "N", "31": "W", "33": "S", "45": "E", "50": "S", "66": "N", "77": "S"}, {"30": "N", "33": "S", "35": "N", "44": "W", "50": "S", "63": "N", "79": "N"}, {"1": "E", "20": "W", "30": "W", "33": "E", "35": "E", "41": "E", "44": "W", "45": "E", "50": "W", "53": "E", "71": "E", "79": "E"}, {"28": "W", "48": "N", "51": "E"}, {"2": "W", "9": "N", "14": "S", "19": "S", "36": "S", "56": "W", "64": "N", "69": "E", "70": "E", "48": "W", "51": "N"}, {"14": "W", "19": "S", "36": "E", "56": "W", "70": "E", "48": "N", "51": "N"}, {"14": "S", "18": "N", "19": "S", "36": "E", "56": "W", "70": "N", "28": "N", "48": "W", "51": "E"}, {"2": "N", "14": "W", "18": "N", "36": "E", "56": "S", "69": "N", "70": "E", "48": "W", "51": "E"}, {"2": "N", "9": "W", "14": "S", "18": "N", "36": "E", "56": "S", "70": "E", "48": "N"}, {"2": "N", "18": "N", "56": "S", "48": "N"}, {"2": "N", "18": "N", "56": "E", "48": "W"}, {"2": "E", "9": "W", "14": "S", "64": "E", "70": "N", "48": "W"}, {"14": "W", "64": "E", "70": "W", "48": "N"}, {"9": "S", "14": "S", "64": "N", "70": "N", "28": "N", "48": "N"}, {"9": "S", "14": "W", "64": "E", "70": "E", "28": "N", "48": "E"}, {"9": "S", "64": "E", "70": "E", "28": "N", "48": "N"}, {"70": "E", "28": "E", "48": "W"}, {"3": "E", "4": "W", "6": "N", "7": "W", "24": "W", "25": "N", "26": "E", "27": "S", "33": "E", "34": "E", "35": "N", "37": "E", "40": "W", "45": "N", "53": "E", "57": "W", "66": "W", "73": "W", "78": "E", "79": "N", "8": "W", "13": "N", "30": "N", "47": "N", "52": "N", "55": "S", "60": "S", "68": "N", "71": "S", "76": "S", "20": "N", "44": "W", "46": "W", "49": "S", "50": "W", "54": "E", "72": "N", "41": "S", "43": "E", "77": "S", "1": "N", "29": "S", "64": "E", "69": "W", "70": "E", "48": "N"}, {"6": "W", "7": "N", "11": "E", "15": "S", "24": "N", "25": "E", "26": "N", "27": "E", "33": "E", "34": "N", "37": "S", "38": "W", "40": "S", "42": "S", "45": "N", "53": "E", "57": "W", "61": "W", "66": "N", "73": "W", "78": "N", "5": "E", "30": "W", "47": "W", "52": "E", "55": "W", "68": "N", "71": "S", "76": "W", "20": "W", "44": "W", "46": "N", "49": "S", "50": "W", "54": "E", "62": "S", "72": "E", "32": "N", "41": "E", "43": "E", "65": "E", "77": "W", "1": "W", "10": "N", "63": "W", "69": "N", "70": "E"}, {"6": "W", "7": "W", "11": "E", "15": "S", "24": "N", "25": "N", "26": "N", "27": "E", "31": "W", "35": "E", "37": "S", "38": "S", "40": "E", "42": "E", "45": "W", "53": "E", "57": "S", "66": "N", "78": "E", "5": "N", "22": "E", "30": "W", "52": "N", "55": "W", "68": "N", "71": "S", "76": "S", "17": "W", "20": "W", "44": "N", "46": "W", "49": "E", "54": "E", "62": "E", "72": "E", "32": "N", "41": "E", "43": "S", "65": "S", "77": "W", "1": "W", "10": "N", "63": "W", "64": "N", "69": "W"}, {"6": "N", "7": "S", "11": "E", "15": "S", "24": "W", "25": "N", "26": "N", "27": "N", "31": "N", "35": "E", "37": "S", "38": "S", "40": "E", "42": "E", "53": "E", "57": "W", "66": "W", "75": "E", "78": "E", "79": "E", "5": "E", "13": "E", "22": "N", "30": "W", "52": "N", "55": "W", "68": "N", "71": "E", "76": "S", "17": "S", "20": "W", "44": "N", "46": "W", "54": "E", "62": "S", "32": "N", "41": "E", "43": "S", "10": "N", "63": "W", "29": "S", "39": "E", "14": "W", "64": "E", "69": "S", "70": "E"}, {"6": "N", "11": "E", "15": "S", "24": "W", "25": "W", "26": "N", "27": "E", "31": "E", "34": "E", "35": "E", "38": "W", "42": "E", "45": "W", "53": "E", "57": "W", "61": "W", "66": "W", "73": "W", "75": "E", "78": "E", "79": "E", "5": "N", "8": "N", "13": "E", "22": "N", "30": "S", "47": "W", "52": "W", "55": "W", "68": "N", "71": "S", "76": "S", "12": "W", "17": "S", "20": "W", "50": "W", "54": "E", "62": "E", "32": "N", "41": "S", "43": "S", "10": "W", "29": "E", "39": "S", "14": "W", "64": "E", "69": "W", "70": "E", "28": "W"}, {"4": "N", "6": "W", "11": "E", "15": "S", "24": "S", "25": "W", "27": "E", "35": "E", "38": "W", "40": "E", "45": "W", "53": "E", "57": "S", "61": "W", "66": "W", "67": "S", "73": "N", "75": "N", "78": "N", "79": "N", "8": "W", "13": "E", "30": "W", "47": "N", "52": "W", "55": "W", "60": "E", "68": "W", "76": "S", "12": "S", "17": "S", "20": "N", "49": "E", "50": "W", "62": "E", "32": "N", "41": "E", "43": "S", "65": "E", "77": "W", "10": "W", "63": "W", "29": "S", "39": "S", "14": "N", "69": "S", "28": "W"}, {"4": "W", "11": "E", "15": "S", "23": "E", "24": "S", "25": "N", "33": "E", "35": "N", "37": "E", "38": "N", "45": "N", "53": "E", "57": "S", "61": "W", "73": "W", "75": "N", "79": "E", "5": "N", "8": "W", "13": "E", "22": "N", "30": "W", "47": "W", "55": "W", "60": "S", "68": "N", "71": "S", "12": "W", "20": "W", "49": "S", "50": "W", "62": "N", "32": "N", "41": "N", "43": "S", "65": "S", "10": "W", "29": "E", "28": "W"}, {"4": "S", "15": "S", "25": "N", "26": "N", "27": "N", "31": "N", "33": "N", "34": "N", "35": "N", "38": "N", "42": "E", "45": "W", "53": "S", "57": "W", "67": "S", "73": "N", "79": "E", "5": "W", "8": "W", "30": "N", "47": "W", "55": "W", "60": "E", "68": "E", "71": "S", "76": "S", "12": "N", "49": "E", "50": "W", "54": "E", "62": "N", "41": "E", "43": "S", "65": "E", "10": "W", "29": "S", "28": "W"}, {"4": "W", "6": "W", "11": "E", "21": "W", "23": "E", "25": "N", "26": "N", "27": "N", "31": "N", "33": "E", "34": "N", "35": "N", "38": "W", "42": "E", "45": "N", "53": "E", "57": "W", "67": "S", "73": "N", "78": "N", "8": "S", "22": "N", "55": "W", "60": "E", "68": "N", "71": "S", "12": "W", "46": "N", "49": "S", "50": "N", "54": "S", "29": "E", "39": "S"}, {"6": "W", "11": "E", "21": "W", "23": "N", "25": "E", "33": "E", "38": "N", "40": "S", "42": "S", "45": "N", "53": "N", "61": "W", "67": "S", "73": "N", "78": "N", "8": "W", "22": "N", "55": "W", "60": "E", "68": "N", "12": "N", "46": "N", "49": "S", "54": "E", "72": "N", "32": "N", "43": "S", "29": "S", "39": "S", "70": "E"}, {"6": "W", "11": "E", "21": "W", "23": "E", "25": "N", "33": "S", "34": "E", "38": "W", "42": "S", "53": "E", "61": "W", "67": "S", "73": "N", "78": "N", "79": "N", "8": "W", "60": "E", "68": "N", "76": "S", "12": "N", "46": "N", "49": "S", "54": "E", "72": "N", "41": "E", "43": "S", "74": "N", "77": "W", "10": "W", "63": "W", "39": "S", "70": "S"}, {"4": "W", "6": "W", "11": "E", "15": "S", "23": "S", "25": "N", "26": "N", "27": "E", "31": "N", "33": "E", "35": "N", "37": "E", "38": "W", "42": "E", "45": "E", "53": "E", "61": "W", "67": "W", "73": "E", "78": "E", "79": "E", "13": "E", "68": "W", "76": "S", "12": "N", "16": "N", "20": "W", "44": "N", "46": "N", "49": "W", "50": "N", "54": "S", "72": "N", "41": "S", "74": "N", "77": "W", "1": "N", "10": "W", "29": "E", "70": "E"}, {"4": "W", "11": "E", "15": "S", "23": "E", "26": "E", "27": "N", "31": "N", "33": "E", "37": "E", "42": "S", "45": "N", "61": "W", "66": "W", "67": "S", "78": "E", "13": "E", "55": "N", "12": "N", "16": "N", "44": "N", "46": "W", "50": "N", "54": "E", "72": "N", "32": "N", "65": "E", "74": "N", "77": "S", "1": "N", "10": "W"}, {"4": "N", "15": "S", "23": "E", "26": "N", "33": "E", "34": "N", "37": "E", "38": "W", "45": "N", "57": "S", "66": "W", "67": "S", "78": "N", "13": "E", "60": "N", "71": "S", "12": "E", "44": "N", "46": "W", "50": "W", "54": "E", "43": "S", "74": "W", "77": "W", "1": "W", "63": "W"}, {"4": "N", "26": "N", "33": "E", "38": "W", "45": "N", "66": "W", "67": "S", "73": "N", "8": "S", "22": "N", "68": "N", "71": "S", "12": "N", "20": "W", "44": "N", "50": "N", "58": "W", "41": "E", "74": "N", "77": "W", "1": "W"}, {"11": "E", "24": "N", "27": "N", "38": "W", "42": "S", "45": "W", "57": "W", "59": "E", "61": "W", "66": "W", "67": "S", "75": "N", "8": "W", "22": "N", "60": "E", "68": "N", "71": "S", "12": "N", "20": "W", "44": "N", "46": "W", "50": "N", "58": "W", "72": "N", "32": "N", "74": "N", "77": "W", "1": "N", "10": "W"}, {"11": "S", "15": "S", "24": "N", "25": "N", "27": "E", "37": "E", "42": "E", "45": "W", "57": "W", "59": "N", "61": "W", "67": "W", "73": "W", "79": "N", "22": "N", "60": "N", "68": "N", "71": "S", "12": "W", "20": "W", "44": "W", "46": "S", "58": "S", "72": "E", "43": "S", "74": "W", "77": "S", "63": "W", "39": "E"}, {"15": "S", "24": "N", "25": "N", "27": "E", "33": "N", "37": "E", "45": "N", "57": "W", "59": "N", "67": "S", "79": "E", "22": "N", "60": "W", "71": "W", "12": "N", "16": "E", "17": "W", "20": "N", "44": "N", "46": "W", "72": "N", "43": "S", "74": "W", "63": "W", "39": "S", "69": "S"}, {"15": "S", "24": "W", "27": "E", "31": "N", "34": "N", "35": "N", "37": "E", "57": "W", "59": "N", "66": "S", "67": "S", "75": "N", "78": "N", "8": "N", "22": "E", "60": "N", "12": "E", "16": "N", "17": "W", "20": "W", "44": "N", "46": "W", "49": "W", "54": "E", "58": "S", "32": "N", "43": "S", "74": "W", "63": "W", "39": "S"}, {"15": "W", "31": "N", "34": "W", "37": "E", "38": "W", "57": "W", "61": "W", "66": "W", "73": "N", "75": "N", "8": "W", "22": "N", "68": "E", "12": "N", "20": "W", "46": "W", "49": "S", "54": "E", "58": "W", "32": "E", "43": "S", "65": "E", "74": "N", "1": "N", "63": "W"}, {"33": "N", "37": "E", "45": "W", "61": "W", "67": "S", "73": "W", "75": "W", "71": "S", "12": "N", "20": "S", "46": "S", "49": "S", "54": "E", "58": "N", "72": "N", "32": "N", "43": "S", "65": "N", "74": "W", "10": "S", "63": "N"}, {"24": "W", "33": "E", "37": "S", "61": "W", "67": "S", "73": "N", "78": "N", "60": "N", "76": "S", "12": "N", "16": "N", "44": "N", "46": "S", "49": "E", "50": "N", "54": "N", "58": "W", "72": "W", "65": "N", "74": "W", "77": "W", "10": "W", "63": "W"}, {"24": "N", "33": "E", "35": "N", "61": "S", "67": "S", "73": "N", "78": "N", "8": "W", "13": "N", "22": "W", "60": "N", "68": "N", "76": "E", "12": "N", "16": "W", "44": "N", "46": "W", "50": "N", "58": "N", "65": "E", "74": "W", "77": "N", "1": "S", "10": "W", "63": "W", "70": "E"}, {"4": "N", "24": "W", "33": "E", "66": "W", "67": "W", "73": "E", "78": "E", "8": "W", "13": "E", "60": "E", "68": "N", "76": "S", "12": "N", "44": "W", "46": "W", "50": "N", "58": "E", "41": "E", "65": "N", "77": "W", "10": "W", "63": "W", "39": "S", "70": "N"}, {"24": "W", "33": "N", "66": "W", "67": "S", "78": "E", "8": "W", "60": "E", "68": "E", "76": "S", "12": "N", "44": "N", "46": "N", "50": "N", "54": "N", "72": "W", "41": "N", "43": "S", "10": "W", "63": "W", "39": "S"}, {"33": "N", "61": "W", "75": "W", "78": "E", "8": "W", "22": "N", "60": "N", "71": "W", "12": "N", "16": "N", "44": "E", "72": "N", "41": "E", "1": "W", "63": "N", "39": "W"}, {"31": "N", "33": "N", "61": "N", "75": "W", "78": "E", "30": "N", "60": "E", "71": "N", "12": "E", "16": "N", "44": "N", "46": "W", "49": "E", "50": "N", "58": "N", "72": "N", "41": "S", "65": "E", "77": "W", "1": "W", "63": "W", "39": "W", "69": "E"}, {"31": "N", "33": "N", "38": "N", "61": "W", "66": "N", "67": "S", "75": "W", "78": "N", "30": "N", "60": "E", "12": "E", "20": "W", "44": "E", "46": "S", "49": "S", "50": "N", "58": "N", "72": "W", "41": "E", "43": "S", "65": "E", "77": "W", "1": "W", "63": "N", "39": "W", "69": "S"}, {"4": "N", "38": "N", "66": "N", "67": "W", "30": "N", "47": "W", "60": "E", "20": "W", "44": "N", "49": "E", "50": "N", "58": "W", "72": "W", "41": "N", "65": "N", "77": "W", "1": "W", "39": "S", "69": "W"}, {"66": "W", "67": "W", "30": "N", "47": "W", "60": "E", "16": "N", "20": "S", "49": "E", "50": "N", "32": "E", "65": "N", "77": "N", "1": "W", "10": "W", "63": "N", "70": "W"}, {"33": "E", "66": "W", "67": "W", "78": "E", "22": "N", "30": "N", "60": "N", "46": "W", "50": "W", "32": "N", "65": "E", "77": "W", "1": "N", "10": "S", "63": "N"}, {"33": "E", "59": "E", "66": "N", "67": "S", "22": "W", "44": "N", "46": "W", "72": "N", "41": "E", "1": "W", "10": "W", "63": "N", "69": "W"}, {"24": "W", "61": "N", "66": "N", "75": "W", "22": "N", "30": "E", "16": "N", "20": "W", "44": "N", "49": "E", "72": "W", "41": "E", "1": "W", "63": "W"}, {"35": "N", "38": "N", "45": "W", "78": "S", "22": "N", "16": "N", "58": "W", "72": "W", "32": "N", "1": "S", "63": "W"}, {"33": "E", "35": "N", "38": "N", "76": "E", "16": "N", "46": "W", "58": "N", "32": "N", "41": "N", "1": "S", "63": "S"}, {"38": "W", "66": "W", "75": "N", "44": "E", "46": "W", "58": "W", "32": "N", "41": "N", "65": "E", "1": "W", "10": "W", "63": "S"}, {"67": "W", "75": "W", "8": "W", "46": "N", "72": "W", "41": "N", "65": "E", "1": "N", "10": "W", "63": "W"}, {"35": "N", "38": "N", "61": "N", "67": "W", "75": "S", "8": "W", "20": "W", "46": "W", "50": "N", "72": "W", "41": "W", "1": "W", "10": "S", "63": "S", "39": "S"}, {"35": "N", "66": "N", "67": "W", "60": "W", "46": "S", "50": "W", "72": "S", "32": "N", "1": "S", "10": "W", "63": "S"}, {"67": "N", "13": "S", "60": "N", "44": "E", "32": "N", "65": "E", "1": "W", "10": "S", "63": "W", "39": "S"}, {"38": "W", "42": "E", "61": "W", "67": "W", "75": "W", "60": "N", "44": "E", "58": "W", "1": "W", "63": "W", "39": "E"}, {"38": "W", "42": "S", "66": "N", "75": "W", "60": "E", "44": "E", "58": "N", "65": "N", "1": "W", "63": "S", "39": "S"}, {"38": "S", "42": "S", "66": "W", "13": "E", "30": "N", "60": "N", "44": "N", "58": "W", "32": "N", "1": "S", "10": "W", "63": "S", "39": "S"}, {"4": "N", "35": "N", "38": "S", "59": "E", "61": "N", "66": "W", "67": "W", "13": "E", "30": "W", "60": "E", "16": "N", "44": "N", "49": "N", "32": "N", "77": "E", "1": "S", "63": "S", "39": "W"}, {"4": "N", "38": "E", "42": "E", "59": "S", "61": "W", "66": "W", "67": "W", "13": "S", "60": "N", "16": "N", "44": "N", "49": "E", "32": "W", "65": "S", "77": "S", "1": "E", "63": "S", "39": "N"}, {"4": "N", "42": "S", "61": "N", "66": "N", "16": "N", "49": "E", "58": "W", "32": "W", "65": "E", "63": "S", "39": "W"}, {"4": "N", "42": "S", "66": "N", "13": "E", "30": "N", "60": "N", "49": "S", "32": "W", "65": "E", "63": "E"}, {"4": "N", "42": "W", "59": "E", "67": "W", "13": "E", "30": "N", "60": "N", "46": "W", "50": "W", "65": "S", "77": "E", "63": "E"}, {"4": "N", "42": "S", "59": "S", "13": "E", "30": "E", "47": "W", "46": "S", "50": "N", "77": "S"}, {"42": "S", "59": "E", "66": "N", "50": "N"}, {"66": "N", "16": "N", "50": "N", "65": "E"}, {"66": "N", "47": "W", "16": "N", "50": "E", "65": "E"}, {"59": "E", "66": "E", "47": "W", "50": "N", "65": "E"}, {"59": "E", "66": "N", "47": "W", "46": "S", "50": "N", "65": "E"}, {"59": "E", "47": "W", "16": "N", "46": "W", "50": "N", "58": "W"}, {"47": "S", "20": "S", "49": "E", "50": "E", "58": "W"}, {"66": "N", "49": "N", "50": "N", "58": "W"}, {"50": "E"}, {"47": "S", "50": "S"}, {"66": "N", "47": "W", "16": "W", "58": "W"}, {"47": "W", "16": "W", "58": "S"}, {"24": "N", "59": "N"}, {"59": "E", "58": "S"}, {"59": "N", "47": "W", "49": "N"}, {"59": "E", "49": "E"}, {"49": "E", "50": "E", "58": "W"}, {"24": "N", "49": "E", "58": "W"}, {"24": "E", "49": "E"}, {"24": "N", "49": "E", "50": "N"}, {"24": "N", "59": "N", "50": "E"}, {"49": "E"}, {"49": "S"}, {"49": "S"}, {"47": "W", "77": "N"}, {"47": "N"}, {"47": "W"}, {"77": "W"}, {"77": "N"}, {"77": "W"}, {"77": "N"}, {"77": "W"}, {"77": "W"}, {"77": "S"}, {"77": "W"}, {"77": "S"}, {"77": "W"}, {"77": "N"}, {"77": "N"}, {"77": "W"}, {"77": "W"}, {"77": "N"}, {"77": "N"}, {"77": "W"}, {"77": "W"}, {"77": "W"}]}