{"instance": "small_free_001_10x10_40_40", "steps": [{"21": "N", "0": "W", "1": "N", "3": "E", "15": "S", "26": "W", "28": "E", "35": "E", "2": "W", "4": "S", "5": "N", "6": "N", "7": "N", "9": "E", "10": "W", "12": "W", "13": "E", "14": "N", "16": "N", "17": "W", "18": "W", "20": "W", "22": "S", "23": "W", "24": "W", "29": "E", "30": "W", "31": "N", "32": "E", "33": "S", "34": "E", "37": "E", "38": "N", "39": "E"}, {"21": "E", "0": "N", "3": "S", "15": "S", "28": "N", "35": "N", "2": "N", "5": "W", "7": "W", "8": "S", "9": "S", "11": "E", "14": "W", "16": "N", "17": "W", "18": "S", "19": "W", "20": "W", "22": "E", "23": "W", "25": "E", "29": "E", "31": "E", "32": "E", "33": "W", "34": "E", "36": "W", "37": "S", "38": "N", "39": "S"}, {"0": "N", "1": "N", "3": "S", "15": "W", "26": "W", "28": "E", "35": "E", "2": "N", "4": "W", "5": "W", "7": "W", "8": "W", "9": "S", "14": "N", "16": "W", "17": "W", "19": "N", "22": "E", "23": "S", "24": "W", "25": "N", "29": "E", "31": "N", "32": "N", "34": "E", "36": "S", "37": "S", "39": "E"}, {"21": "N", "1": "W", "15": "S", "26": "S", "28": "N", "35": "S", "2": "E", "4": "N", "5": "W", "6": "W", "7": "N", "8": "W", "9": "S", "10": "W", "11": "N", "14": "E", "16": "N", "19": "W", "22": "S", "24": "S", "25": "E", "31": "E", "32": "E", "33": "W", "37": "W", "39": "S"}, {"0": "E", "1": "N", "15": "S", "26": "S", "28": "W", "2": "N", "4": "N", "7": "E", "9": "S", "10": "S", "11": "N", "12": "W", "14": "N", "16": "E", "18": "S", "19": "N", "22": "S", "24": "W", "25": "N", "27": "W", "31": "E", "32": "S", "33": "S", "36": "W", "39": "S"}, {"21": "N", "15": "W", "2": "N", "5": "W", "6": "W", "7": "N", "9": "S", "11": "E", "12": "N", "16": "E", "17": "S", "18": "W", "19": "W", "20": "S", "27": "S", "31": "E", "32": "S", "33": "W", "34": "E", "39": "E"}, {"35": "S", "2": "E", "5": "W", "7": "E", "12": "N", "17": "E", "20": "W", "24": "N", "27": "S", "29": "E", "32": "E", "36": "N", "39": "S"}, {"35": "S", "2": "E", "6": "W", "7": "E", "10": "S", "11": "N", "12": "N", "14": "N", "16": "E", "17": "S", "20": "N", "22": "S", "27": "S", "29": "N", "32": "N", "33": "W", "39": "S"}, {"21": "N"}, {"21": "N"}, {"35": "W", "0": "S", "28": "W"}, {"35": "W", "4": "W", "0": "S", "3": "W", "28": "N", "26": "S"}, {"35": "W", "4": "W", "0": "S", "3": "W", "15": "N", "28": "W", "26": "S"}, {"1": "S", "35": "N", "3": "W", "15": "N", "28": "W", "26": "E"}, {"1": "W", "35": "N", "0": "E", "3": "N", "15": "N", "28": "W", "26": "E"}, {"1": "S", "3": "N", "15": "W", "28": "W", "26": "E"}, {"1": "S", "0": "S", "3": "W", "28": "W", "26": "N"}, {"1": "S", "0": "S", "3": "N", "26": "E"}, {"1": "S", "0": "S", "3": "W", "26": "E"}, {"3": "N", "28": "W", "26": "E"}, {"0": "E", "3": "E", "15": "N", "28": "S"}, {"0": "E", "3": "N", "15": "N", "28": "W"}, {"0": "N", "3": "N", "15": "N"}, {"15": "N", "26": "N"}, {"3": "E", "15": "N", "26": "E"}, {"26": "E"}, {"26": "E"}, {"26": "E"}, {"2": "S", "6": "W", "11": "E", "12": "E", "27": "E", "36": "E", "39": "W", "5": "N", "10": "N", "14": "E", "13": "W", "29": "N", "32": "E", "33": "N", "20": "N", "34": "W", "22": "E", "16": "E"}, {"2": "E", "6": "S", "27": "S", "36": "N", "37": "E", "39": "W", "5": "E", "25": "S", "10": "N", "14": "S", "23": "E", "29": "W", "33": "W", "38": "S", "20": "E", "34": "S", "22": "E", "16": "E"}, {"2": "S", "8": "N", "12": "E", "27": "E", "31": "S", "36": "E", "37": "E", "39": "W", "19": "S", "25": "S", "10": "W", "14": "S", "23": "E", "29": "W", "33": "N", "38": "W", "20": "E", "34": "S", "16": "S"}, {"2": "S", "7": "E", "12": "S", "27": "E", "31": "E", "37": "E", "39": "N", "5": "E", "25": "E", "10": "N", "14": "S", "23": "S", "13": "S", "29": "W", "32": "E", "33": "N", "38": "S", "34": "S", "16": "S"}, {"2": "S", "7": "E", "27": "E", "30": "N", "31": "S", "37": "E", "39": "W", "5": "N", "25": "S", "10": "N", "14": "E", "23": "S", "24": "N", "13": "S", "29": "N", "32": "S", "33": "W", "38": "W", "34": "W", "16": "S"}, {"2": "S", "7": "E", "9": "E", "37": "E", "5": "E", "19": "S", "25": "S", "14": "E", "13": "W", "29": "N", "32": "S", "38": "N", "20": "N", "34": "S", "22": "N", "16": "S"}, {"9": "E", "18": "W", "31": "W", "37": "E", "5": "E", "17": "E", "14": "E", "13": "W", "29": "W", "32": "S", "34": "S", "16": "E"}, {"7": "E", "8": "N", "9": "S", "18": "W", "27": "E", "31": "S", "5": "E", "17": "N", "14": "E", "24": "N", "29": "W", "20": "N", "34": "W", "16": "S"}, {"7": "E", "8": "N", "9": "E", "18": "N", "39": "N", "5": "N", "17": "E", "14": "E", "29": "N", "38": "S", "20": "N", "22": "N", "16": "W"}, {"7": "E", "8": "E", "9": "N", "12": "E", "18": "N", "31": "E", "39": "N", "5": "E", "10": "W", "14": "E", "24": "N", "38": "W", "20": "E", "22": "E"}, {"7": "S", "8": "E", "9": "N", "12": "E", "18": "N", "31": "S", "39": "N", "5": "E", "10": "N", "14": "N", "29": "N", "32": "S", "38": "W", "20": "E"}, {"7": "E", "12": "E", "18": "N", "31": "W", "39": "W", "5": "S", "17": "E", "14": "E", "24": "E", "29": "W", "32": "S", "38": "S", "20": "E", "16": "S"}, {"7": "S", "9": "E", "12": "E", "18": "N", "31": "W", "39": "W", "10": "N", "14": "E", "13": "W", "29": "W", "32": "W", "38": "E", "20": "E", "34": "W", "22": "W"}, {"18": "N", "31": "S", "39": "W", "14": "S", "13": "W", "29": "S", "32": "S", "34": "W", "22": "N"}, {"18": "N", "39": "N", "10": "N", "14": "E", "13": "W", "29": "S", "32": "S", "34": "N"}, {"39": "W", "10": "N", "14": "S", "13": "W", "29": "W", "32": "W", "20": "N"}, {"12": "E", "10": "N", "14": "S", "13": "N", "29": "S", "32": "W", "20": "E", "34": "N"}, {"12": "S", "10": "N", "14": "S", "13": "N", "20": "E", "34": "N"}, {"12": "S", "17": "S", "10": "E", "14": "S", "23": "W", "24": "W", "13": "N", "32": "W", "33": "N", "20": "S", "34": "W", "22": "E"}, {"12": "S", "36": "W", "17": "S", "10": "E", "13": "N", "32": "N", "20": "E", "34": "N", "22": "N", "16": "S"}, {"17": "S", "19": "S", "10": "E", "24": "N", "13": "N", "32": "W", "38": "S", "16": "S"}, {"17": "E", "19": "E", "10": "E", "24": "N", "13": "E", "22": "N", "16": "S"}, {"36": "E", "17": "E", "19": "S", "10": "E", "24": "E", "20": "E", "22": "N", "16": "S"}, {"17": "N", "19": "E", "10": "E", "14": "S", "24": "N", "20": "S", "22": "N", "16": "W"}, {"17": "E", "23": "S", "24": "N", "20": "S", "22": "N", "16": "W"}, {"36": "N", "14": "S", "23": "S", "24": "E", "33": "N", "20": "E", "22": "W", "16": "S"}, {"36": "N", "10": "N", "14": "W", "23": "S", "24": "E", "33": "N", "20": "S", "22": "N", "16": "W"}, {"36": "N", "10": "E", "14": "W", "23": "S", "24": "E", "33": "N", "20": "E", "22": "W", "16": "W"}, {"36": "N", "10": "S", "24": "E", "33": "N", "20": "E", "22": "W", "16": "N"}, {"23": "E", "24": "E", "20": "S", "22": "W", "16": "N"}, {"10": "S", "23": "E", "24": "S", "33": "W", "20": "S", "16": "N"}, {"24": "S", "33": "W", "20": "W", "16": "N"}, {"23": "E", "24": "E", "33": "N", "38": "S"}, {"38": "E", "22": "W"}, {"23": "E", "33": "N", "38": "S", "22": "W"}, {"23": "E", "33": "N", "38": "S", "22": "S"}, {"23": "E", "33": "E", "38": "S", "22": "S"}, {"23": "S", "33": "E", "38": "S", "22": "W"}, {"23": "E", "33": "E", "38": "S", "22": "W"}, {"23": "N", "33": "S", "38": "E", "22": "S"}, {"23": "E"}, {"23": "N", "38": "E"}, {"23": "N", "38": "E"}]}