{"instance": "small_free_001_10x10_40_40", "steps": [{"33": "W", "31": "E", "17": "W", "27": "S", "38": "E", "26": "S", "5": "N", "7": "E", "14": "E", "34": "E", "20": "S", "15": "E", "18": "W", "9": "S", "11": "N", "30": "S", "3": "W", "24": "E", "32": "S", "10": "E", "37": "S", "19": "S", "4": "W", "22": "W", "25": "N", "36": "W", "39": "W", "6": "W", "12": "E", "13": "N", "28": "N", "29": "W", "16": "S", "23": "W", "1": "S", "21": "N"}, {"17": "S", "0": "S", "36": "E", "34": "S", "12": "S", "32": "E", "7": "N", "25": "S", "10": "N", "19": "W", "13": "W", "33": "W", "29": "N", "38": "N", "39": "W", "16": "S", "18": "W", "14": "S", "23": "S", "28": "N", "6": "E", "26": "S", "2": "S", "15": "W", "1": "S", "5": "N", "8": "S", "21": "N", "3": "N", "27": "S", "9": "S", "24": "S", "20": "W"}, {"18": "W", "13": "W", "28": "S", "4": "W", "23": "S", "37": "E", "29": "S", "22": "W", "3": "N", "11": "E", "39": "W", "5": "E", "38": "S", "0": "S", "14": "N", "20": "W", "8": "N", "2": "N", "6": "E", "9": "E", "15": "N", "16": "S", "7": "N", "12": "E", "24": "E", "1": "W", "35": "S", "31": "S", "36": "S", "19": "S", "33": "W", "25": "E", "34": "E", "30": "S", "21": "S"}, {"10": "E", "21": "E", "33": "W", "37": "S", "31": "N", "17": "S", "7": "S", "8": "N", "23": "E", "35": "N", "20": "W", "26": "E", "22": "E", "9": "S", "15": "N", "12": "E", "2": "S", "30": "W", "1": "N", "5": "N", "14": "S", "34": "W", "29": "N", "27": "S", "6": "W", "0": "E", "3": "W", "13": "N", "32": "N", "25": "N", "28": "S", "24": "E", "18": "W"}, {"11": "E", "10": "E", "0": "E", "21": "E", "9": "E", "18": "E", "1": "W", "17": "S", "23": "S", "28": "W", "38": "S", "26": "W", "14": "E", "15": "W", "25": "N", "16": "S", "12": "S", "39": "W", "24": "E", "22": "W", "27": "E", "5": "N", "36": "N"}, {"7": "E", "12": "E", "9": "E", "27": "E", "24": "S", "28": "E", "3": "N", "21": "E", "15": "E", "23": "S", "35": "N", "36": "S", "5": "E", "11": "N", "17": "E", "8": "W", "29": "W", "26": "W", "0": "E", "6": "W", "20": "N", "33": "N", "37": "E", "2": "W", "39": "W", "10": "E", "14": "E", "18": "S", "34": "E", "1": "S"}, {"2": "E", "32": "S", "21": "W", "18": "W", "25": "E", "15": "N", "8": "E", "30": "N", "28": "N", "7": "E", "33": "N", "24": "E", "35": "W", "6": "W", "26": "N", "9": "E", "23": "S", "4": "N", "13": "N", "38": "E", "37": "E", "17": "N", "27": "E", "34": "N", "11": "E"}, {"8": "N", "33": "N", "31": "E", "11": "N", "4": "W", "9": "S", "36": "W", "3": "S", "23": "E", "30": "N", "26": "S", "28": "N", "34": "W", "7": "W", "20": "E", "35": "N", "32": "S", "37": "E", "18": "N", "14": "E", "17": "E", "15": "W", "27": "S", "2": "E", "21": "E", "10": "E", "24": "S", "22": "W", "25": "E"}, {"33": "N", "14": "S", "5": "S", "7": "W", "22": "N", "31": "E", "12": "E", "10": "N", "30": "N", "25": "E", "18": "N", "20": "E", "21": "W", "26": "E", "36": "E", "17": "N", "9": "E", "35": "S", "13": "N", "27": "W", "24": "S", "34": "E", "6": "N", "38": "N", "2": "N"}, {"2": "E", "36": "N", "24": "N", "7": "E", "25": "S", "6": "W", "34": "W", "33": "N", "3": "W", "37": "E", "22": "N", "15": "N", "21": "N", "17": "S", "13": "E", "27": "E", "14": "E", "18": "N", "26": "E"}, {"32": "S", "35": "S", "10": "W", "21": "E", "31": "S", "26": "E", "18": "N", "2": "E", "28": "W", "6": "W", "27": "E", "36": "S", "23": "E", "25": "S", "33": "N", "3": "N", "20": "E", "7": "S", "24": "E"}, {"7": "E", "29": "W", "33": "E", "3": "S", "34": "S", "25": "S", "18": "N", "23": "N", "6": "S", "36": "N", "2": "S", "31": "S", "15": "W", "32": "S", "28": "N", "10": "S", "20": "E", "14": "N", "37": "S"}, {"32": "S", "38": "E", "15": "E", "20": "W", "34": "W", "24": "N", "23": "E", "33": "N", "3": "N", "10": "W", "13": "S", "17": "S", "18": "N", "31": "S", "25": "S", "26": "E", "37": "S", "21": "W", "12": "N", "14": "E"}, {"7": "E", "14": "E", "10": "W", "21": "W", "36": "N", "24": "N", "32": "S", "3": "N", "17": "N", "15": "W", "34": "E", "26": "S", "20": "E", "23": "S", "25": "N"}, {"36": "N", "24": "N", "13": "W", "20": "N", "7": "E", "33": "N", "29": "W", "26": "W", "21": "E", "28": "S", "10": "N", "25": "S", "38": "N", "37": "N", "23": "E", "3": "E"}, {"37": "N", "38": "W", "28": "N", "13": "E", "14": "N", "7": "N", "26": "S", "21": "N", "29": "N", "34": "E", "20": "E", "23": "N", "33": "W", "25": "W", "15": "W", "36": "S", "24": "S"}, {"34": "W", "14": "S", "20": "W", "24": "N", "36": "N", "33": "W", "13": "W", "0": "S", "37": "E", "7": "N", "23": "E", "10": "W", "38": "S", "26": "N", "28": "E"}, {"26": "N", "34": "E", "29": "N", "20": "E", "38": "S", "36": "W", "7": "E", "13": "E", "28": "W"}, {"38": "W", "10": "N", "28": "E", "24": "N", "14": "E", "21": "N", "36": "E", "26": "E", "34": "N", "7": "E", "20": "W", "23": "S"}, {"21": "S", "38": "W", "20": "E", "24": "E", "26": "E", "10": "W", "23": "S", "14": "W", "34": "N", "7": "E", "28": "N"}, {"13": "S", "20": "W", "26": "N", "24": "N", "38": "E"}, {"7": "E", "20": "E", "23": "S", "34": "E", "38": "W", "26": "E", "14": "N", "36": "S", "10": "S"}, {"24": "N", "23": "E", "38": "E", "28": "E", "7": "W", "26": "S", "10": "N", "14": "S"}, {"7": "S", "13": "N", "24": "N", "23": "E", "26": "E", "28": "S", "20": "W", "38": "W", "10": "S", "36": "N", "17": "N"}, {"34": "W", "10": "N", "20": "E", "28": "W", "23": "S", "24": "W", "17": "S", "13": "S"}, {"36": "S", "24": "N", "38": "E", "10": "E", "26": "S", "14": "N", "23": "N"}, {"26": "W", "23": "N", "24": "W", "13": "N", "14": "N", "10": "W", "20": "W", "38": "W", "28": "W", "36": "N"}, {"28": "E", "36": "S", "20": "E", "34": "E", "14": "S", "13": "W", "26": "E", "21": "E", "24": "W", "23": "N"}, {"20": "W", "26": "W", "34": "W", "10": "E", "28": "W", "14": "S"}, {"10": "N", "36": "N", "20": "S", "28": "E", "21": "N", "26": "N", "13": "S"}, {"21": "S", "26": "E", "28": "W", "14": "N", "36": "W"}, {"14": "S", "34": "E", "36": "E", "20": "N", "28": "E", "13": "N", "10": "S"}, {"21": "E", "13": "S", "10": "N", "14": "N", "34": "W", "28": "W", "26": "W", "36": "S", "20": "E", "17": "N"}, {"28": "W", "10": "S", "36": "W", "26": "N", "17": "S", "14": "W", "20": "W", "21": "N"}, {"13": "E", "17": "S", "36": "E", "10": "N", "21": "E", "28": "N", "26": "W", "14": "N"}, {"17": "N", "10": "S", "26": "E", "38": "E", "28": "W", "20": "S", "21": "S", "14": "E", "36": "N", "13": "W", "34": "N"}, {"26": "S", "21": "E", "10": "N", "36": "S", "20": "W", "28": "W", "38": "W", "34": "S", "14": "S"}, {"17": "S", "14": "S", "26": "N", "28": "N", "21": "N", "20": "E", "36": "W", "13": "E"}, {"13": "W", "28": "W", "17": "S", "10": "S", "38": "E", "36": "N", "21": "S", "34": "N"}, {"34": "S", "10": "S", "13": "E", "28": "W", "38": "W", "26": "S", "36": "E", "21": "N", "17": "E"}, {"34": "E", "36": "N", "21": "S", "28": "W", "10": "E", "17": "E", "14": "N", "26": "E", "20": "N", "13": "W"}, {"20": "E", "34": "W", "17": "E", "14": "S", "13": "E", "28": "W", "21": "E", "26": "S", "36": "S"}, {"21": "E", "20": "W", "36": "N", "13": "W", "17": "N", "10": "S", "26": "N", "34": "E", "28": "S"}, {"26": "S", "21": "N", "34": "W", "20": "E", "13": "E", "10": "N", "36": "N"}, {"34": "S", "13": "N", "36": "N", "14": "E", "38": "E", "26": "N"}, {"38": "W", "34": "S", "21": "W", "13": "W", "28": "W", "14": "S"}, {"28": "W", "14": "E", "38": "E", "26": "S", "10": "S"}, {"26": "N", "10": "N", "28": "N", "13": "E", "21": "E", "14": "S", "38": "E"}, {"13": "W", "28": "N", "14": "S", "21": "E", "26": "W"}, {"38": "N", "26": "E", "14": "W"}, {"28": "W", "38": "S", "34": "N", "14": "S"}, {"34": "S", "21": "S", "38": "N", "28": "E"}, {"34": "E", "13": "S", "10": "S", "21": "S", "26": "S", "28": "W", "38": "S"}, {"34": "W", "28": "W", "10": "N", "38": "W", "13": "N", "26": "S"}, {"10": "S", "38": "W", "34": "E", "28": "W", "26": "S", "13": "S"}, {"21": "S", "28": "E", "34": "S", "26": "W", "13": "N", "10": "N"}, {"26": "S", "28": "N", "34": "S", "10": "S", "21": "S", "13": "E", "38": "E"}, {"28": "S", "38": "E", "13": "W", "10": "N", "21": "W", "34": "S"}, {"26": "S", "28": "S", "38": "N", "21": "S", "13": "E"}, {"10": "S", "34": "W", "13": "W", "38": "S", "28": "E", "26": "E", "21": "E"}, {"34": "W", "28": "E", "13": "E", "10": "N", "38": "N"}, {"10": "S", "34": "S", "13": "W", "28": "N", "38": "S", "21": "N", "26": "S"}, {"13": "E", "10": "N", "26": "E", "38": "N", "34": "W"}, {"28": "S", "34": "W", "13": "W", "21": "N", "10": "S"}, {"38": "S", "10": "N", "26": "S", "34": "N", "21": "W"}, {"34": "N", "13": "E", "38": "N", "10": "S", "21": "E"}, {"13": "W", "34": "W", "21": "W", "28": "W", "10": "W", "26": "S", "38": "S"}, {"10": "E", "26": "E", "21": "S"}, {"38": "N", "26": "E", "10": "N", "21": "E", "13": "E"}, {"38": "S", "10": "S", "13": "W", "26": "W", "28": "S", "21": "W"}, {"26": "E", "38": "N", "10": "N", "21": "N", "28": "W"}, {"26": "E", "28": "N", "38": "S", "21": "E", "34": "N", "13": "E"}, {"28": "N", "34": "W", "26": "E", "38": "N", "13": "W"}, {"38": "N", "26": "E", "21": "W", "34": "E", "28": "E", "13": "E"}, {"28": "S", "13": "W", "21": "E", "26": "E", "38": "S", "34": "W"}, {"21": "N", "34": "E", "38": "S"}, {"26": "W", "21": "S", "28": "E", "34": "W", "13": "E"}, {"26": "E", "38": "N", "21": "N", "34": "S", "28": "E", "13": "W"}, {"26": "N", "38": "S", "34": "N"}, {"26": "S", "34": "E", "28": "E"}, {"28": "W", "21": "S", "26": "N", "38": "N", "13": "E"}, {"38": "S", "13": "W", "26": "S", "21": "S", "28": "N", "34": "W"}, {"34": "W", "13": "E", "26": "W", "21": "S", "28": "E"}, {"28": "E", "21": "N", "26": "W", "38": "N", "13": "W"}, {"13": "E", "34": "E", "28": "E", "21": "W", "38": "S"}, {"38": "N", "21": "E", "28": "W", "13": "W", "34": "E"}, {"28": "W", "13": "E", "38": "S", "34": "S", "21": "S"}, {"26": "E", "21": "N", "13": "W", "38": "N", "28": "W", "34": "N"}, {"28": "W", "26": "N", "21": "S", "38": "S"}, {"21": "N", "34": "W", "13": "E", "26": "S"}, {"34": "E", "13": "W", "21": "S"}, {"28": "W", "34": "W", "38": "W"}, {"13": "E", "28": "E", "38": "W", "34": "E"}, {"28": "W", "13": "W"}, {"21": "W", "38": "E", "13": "E", "28": "W"}, {"34": "W", "28": "E", "38": "W", "21": "W", "13": "W"}, {"10": "S", "21": "E"}, {"26": "N", "10": "N", "34": "W", "28": "W", "13": "E", "21": "N"}, {"13": "W", "26": "S", "34": "E", "28": "W"}, {"28": "N", "10": "S", "34": "S", "13": "E", "21": "W", "26": "W"}]}