{"instance": "small_free_001_10x10_40_40", "steps": [{"1": "N", "3": "N", "15": "S", "26": "W", "28": "E", "2": "N", "4": "W", "5": "N", "6": "N", "7": "N", "9": "S", "10": "E", "11": "N", "12": "W", "14": "N", "17": "W", "18": "N", "20": "W", "22": "W", "24": "S", "25": "N", "27": "E", "30": "W", "31": "E", "33": "S", "34": "W", "36": "N", "37": "W", "38": "N", "39": "W"}, {"1": "N", "3": "N", "15": "S", "26": "S", "2": "N", "4": "W", "5": "N", "6": "N", "7": "N", "9": "S", "10": "N", "11": "E", "12": "W", "19": "S", "20": "W", "24": "S", "25": "N", "27": "E", "30": "S", "36": "N", "39": "S"}, {"1": "N", "3": "W", "15": "S", "28": "N", "4": "W", "6": "N", "7": "E", "8": "W", "10": "N", "12": "N", "13": "E", "16": "N", "17": "S", "19": "W", "20": "S", "23": "E", "25": "E", "27": "N", "36": "W", "38": "N", "39": "W"}, {"1": "N", "15": "W", "26": "S", "2": "E", "4": "W", "6": "W", "7": "N", "8": "N", "11": "N", "12": "E", "17": "S", "19": "W", "20": "S", "22": "N", "23": "E", "25": "E", "27": "N", "37": "N", "38": "E"}, {"1": "W", "15": "W", "26": "S", "2": "N", "6": "W", "7": "N", "11": "E", "12": "N", "14": "E", "22": "N", "23": "S", "24": "S", "27": "E", "29": "W", "32": "S", "33": "W", "36": "N", "37": "W", "38": "S", "39": "W"}, {"1": "W", "15": "W", "2": "E", "5": "N", "6": "W", "7": "E", "9": "S", "11": "N", "13": "E", "14": "E", "17": "S", "24": "S", "25": "N", "27": "S", "29": "N", "31": "N", "34": "W", "36": "N", "37": "S", "39": "W"}, {"28": "N", "5": "E", "6": "N", "9": "E", "14": "E", "17": "S", "18": "N", "22": "W", "25": "E", "27": "S", "29": "N", "31": "E", "34": "N", "39": "W"}, {"27": "S"}, {"27": "W"}, {"27": "S"}, {"27": "S"}, {"27": "S"}, {"27": "E"}, {"27": "E"}, {"34": "S"}, {"34": "S"}, {"3": "N"}, {"3": "W"}, {"3": "N"}, {"16": "S"}, {"16": "S"}, {"16": "S"}, {"16": "S"}, {"16": "S"}, {"21": "W"}, {"21": "N"}, {"21": "N"}, {"21": "W"}, {"21": "N"}, {"21": "N"}, {"21": "E"}, {"21": "E"}, {"21": "E"}, {"21": "N"}, {"20": "E"}, {"20": "E"}, {"20": "E"}, {"20": "E"}, {"20": "N"}, {"20": "E"}, {"20": "E"}, {"20": "E"}, {"20": "E"}, {"20": "E"}, {"20": "E"}, {"20": "E"}, {"0": "W"}, {"0": "S"}, {"0": "S"}, {"0": "S"}, {"0": "E"}, {"0": "E"}, {"0": "E"}, {"0": "E"}, {"15": "W"}, {"15": "N"}, {"15": "N"}, {"15": "N"}, {"15": "N"}, {"15": "N"}, {"15": "W"}, {"15": "N"}, {"15": "N"}, {"15": "E"}, {"15": "E"}, {"32": "S"}, {"32": "W"}, {"32": "S"}, {"32": "S"}, {"32": "E"}, {"32": "E"}, {"32": "S"}, {"32": "S"}, {"13": "S"}, {"13": "W"}, {"13": "W"}, {"13": "W"}, {"13": "W"}, {"13": "W"}, {"13": "N"}, {"13": "N"}, {"13": "W"}, {"13": "W"}, {"13": "W"}, {"13": "N"}, {"13": "N"}, {"13": "E"}, {"38": "S"}, {"38": "S"}, {"38": "W"}, {"38": "S"}, {"38": "W"}, {"38": "S"}, {"38": "S"}, {"38": "S"}, {"38": "E"}, {"38": "S"}, {"38": "E"}, {"38": "S"}, {"38": "S"}, {"26": "S"}, {"26": "S"}, {"26": "E"}, {"26": "E"}, {"26": "E"}, {"26": "E"}, {"26": "E"}, {"26": "E"}, {"26": "E"}, {"26": "E"}, {"26": "E"}, {"26": "N"}, {"26": "N"}, {"26": "N"}, {"31": "E"}, {"31": "S"}, {"31": "E"}, {"31": "S"}, {"31": "S"}, {"31": "W"}, {"31": "S"}, {"24": "W"}, {"24": "N"}, {"24": "N"}, {"24": "N"}, {"24": "N"}, {"24": "N"}, {"24": "E"}, {"24": "N"}, {"24": "N"}, {"24": "N"}, {"24": "E"}, {"24": "N"}, {"24": "E"}, {"24": "E"}, {"24": "E"}, {"28": "W"}, {"28": "W"}, {"28": "W"}, {"28": "W"}, {"28": "W"}, {"28": "N"}, {"28": "W"}, {"28": "W"}, {"28": "S"}, {"28": "W"}, {"23": "S"}, {"23": "S"}, {"23": "S"}, {"23": "E"}, {"23": "S"}, {"23": "E"}, {"23": "E"}, {"23": "S"}, {"23": "E"}, {"23": "E"}, {"23": "N"}, {"10": "W"}, {"10": "N"}, {"10": "N"}, {"10": "N"}, {"10": "N"}, {"10": "E"}, {"10": "N"}, {"10": "E"}, {"10": "E"}, {"33": "N"}, {"33": "N"}, {"33": "N"}, {"33": "N"}, {"33": "W"}, {"33": "W"}, {"33": "W"}, {"33": "N"}, {"33": "N"}, {"33": "N"}, {"33": "N"}, {"33": "N"}, {"33": "W"}, {"22": "W"}, {"29": "N"}, {"29": "W"}, {"29": "W"}, {"29": "W"}, {"14": "E"}, {"14": "S"}, {"14": "E"}, {"14": "S"}, {"14": "S"}, {"14": "E"}, {"14": "E"}, {"14": "S"}, {"14": "S"}, {"14": "S"}, {"14": "E"}, {"1": "W"}, {"1": "S"}, {"1": "S"}, {"1": "S"}, {"1": "S"}, {"1": "S"}, {"1": "S"}, {"1": "E"}, {"39": "N"}, {"18": "W"}, {"18": "W"}, {"18": "W"}, {"18": "N"}, {"18": "W"}, {"18": "N"}, {"18": "N"}, {"37": "E"}, {"37": "S"}, {"37": "E"}, {"37": "S"}, {"37": "E"}, {"37": "E"}, {"37": "E"}, {"37": "E"}, {"37": "E"}, {"37": "E"}, {"19": "E"}, {"19": "S"}, {"36": "E"}, {"36": "N"}, {"35": "W"}, {"30": "N"}, {"30": "N"}, {"25": "S"}, {"25": "S"}, {"25": "S"}, {"25": "S"}, {"25": "S"}, {"17": "E"}, {"17": "E"}, {"17": "E"}, {"17": "E"}, {"17": "N"}, {"17": "E"}, {"12": "E"}, {"12": "E"}, {"12": "E"}, {"12": "E"}, {"12": "E"}, {"12": "S"}, {"12": "S"}, {"12": "E"}, {"12": "S"}, {"11": "E"}, {"9": "E"}, {"9": "E"}, {"9": "E"}, {"9": "S"}, {"9": "E"}, {"8": "N"}, {"8": "E"}, {"7": "E"}, {"7": "S"}, {"7": "E"}, {"7": "S"}, {"7": "E"}, {"7": "E"}, {"7": "E"}, {"7": "E"}, {"7": "S"}, {"5": "E"}, {"6": "W"}, {"6": "S"}, {"6": "S"}, {"6": "S"}, {"6": "S"}, {"4": "N"}, {"4": "E"}, {"2": "E"}, {"2": "S"}, {"2": "S"}, {"2": "S"}, {"2": "S"}]}