{"instance": "small_free_001_10x10_40_40", "steps": [{"0": "W", "15": "S", "26": "S", "28": "E", "35": "N", "2": "N", "4": "S", "5": "N", "6": "N", "7": "N", "9": "S", "12": "W", "13": "E", "14": "N", "17": "W", "18": "W", "20": "W", "23": "N", "24": "E", "25": "N", "27": "S", "29": "E", "30": "S", "31": "E", "32": "N", "33": "S", "34": "E", "36": "W", "37": "S", "38": "N"}, {"0": "N", "15": "S", "26": "W", "28": "N", "35": "E", "2": "N", "4": "S", "5": "W", "6": "N", "7": "N", "9": "E", "10": "W", "11": "E", "12": "W", "13": "N", "17": "W", "19": "W", "23": "W", "24": "E", "25": "N", "29": "E", "30": "S", "32": "N", "33": "S", "34": "E", "36": "W", "37": "S", "38": "W", "39": "S"}, {"0": "E", "3": "S", "35": "E", "2": "N", "5": "W", "6": "N", "7": "N", "8": "S", "9": "S", "10": "S", "11": "N", "14": "N", "17": "S", "20": "N", "22": "N", "23": "W", "24": "S", "27": "S", "29": "E", "30": "S", "31": "N", "32": "N", "34": "E", "38": "N", "39": "E"}, {"0": "N", "3": "E", "15": "E", "26": "W", "35": "E", "2": "N", "5": "N", "6": "N", "7": "N", "9": "W", "10": "S", "14": "N", "17": "E", "18": "E", "19": "W", "20": "W", "22": "E", "23": "N", "24": "S", "30": "S", "31": "N", "36": "N", "37": "S", "39": "E"}, {"3": "S", "15": "S", "35": "E", "2": "E", "5": "W", "6": "W", "7": "E", "8": "W", "9": "W", "10": "S", "11": "E", "12": "N", "19": "W", "20": "S", "22": "E", "23": "N", "25": "N", "30": "S", "31": "E", "36": "W", "39": "S"}, {"3": "S", "15": "S", "35": "E", "2": "E", "5": "W", "7": "E", "9": "W", "10": "S", "11": "E", "12": "W", "18": "E", "19": "W", "20": "W", "29": "N", "31": "E", "36": "W", "38": "E", "39": "E"}, {"3": "E", "35": "S", "2": "E", "5": "N", "8": "S", "9": "W", "10": "S", "11": "E", "12": "N", "13": "N", "18": "S", "19": "N", "20": "W", "27": "E", "29": "E", "30": "S", "31": "E", "36": "N"}, {"5": "E", "8": "W", "10": "E", "11": "E", "18": "S", "19": "W", "20": "S", "22": "E", "25": "E", "27": "E", "30": "W", "31": "N", "36": "N"}, {"15": "E", "26": "S", "28": "E", "7": "E", "8": "N", "9": "N", "10": "S", "14": "E", "18": "S", "20": "W", "22": "E", "27": "E", "30": "W"}, {"9": "W", "11": "N", "12": "N", "14": "S", "18": "S", "29": "N", "30": "N"}, {"28": "N", "8": "S", "9": "W", "14": "S", "17": "S", "18": "S", "27": "S", "29": "N", "30": "W"}, {"26": "E", "8": "W", "10": "E", "13": "E", "18": "S", "23": "E", "25": "E", "27": "E", "30": "W", "31": "E", "32": "E", "33": "W", "39": "E"}, {"15": "E", "8": "N", "10": "N", "12": "E", "13": "N", "18": "W", "20": "S", "23": "N", "27": "S", "30": "N", "31": "S", "33": "W", "34": "S", "36": "N", "38": "E", "39": "N"}, {"3": "N", "6": "W", "8": "N", "9": "S", "10": "E", "11": "W", "12": "S", "13": "W", "14": "S", "15": "N", "17": "S", "18": "W", "21": "N", "22": "N", "23": "E", "25": "S", "30": "E", "31": "W", "32": "S", "33": "N", "34": "W", "36": "N", "38": "S", "39": "W"}, {"3": "W", "6": "W", "7": "S", "8": "E", "9": "E", "10": "N", "11": "W", "12": "S", "13": "W", "14": "E", "15": "N", "17": "E", "18": "N", "21": "E", "22": "W", "23": "S", "25": "E", "26": "E", "28": "W", "30": "N", "31": "W", "32": "S", "33": "N", "34": "W", "35": "W", "36": "E", "38": "S", "39": "N"}, {"2": "S", "3": "N", "5": "E", "6": "W", "7": "E", "8": "N", "9": "E", "12": "E", "13": "W", "15": "N", "17": "E", "18": "N", "20": "E", "21": "N", "22": "W", "23": "E", "25": "E", "26": "E", "28": "W", "29": "W", "30": "N", "32": "S", "33": "W", "35": "W", "38": "S", "39": "N"}, {"0": "E", "1": "W", "2": "S", "3": "N", "5": "E", "6": "S", "7": "E", "8": "N", "9": "S", "10": "E", "12": "E", "13": "W", "14": "S", "15": "N", "16": "S", "18": "W", "20": "E", "21": "N", "22": "W", "23": "S", "25": "S", "26": "E", "28": "W", "29": "W", "30": "N", "32": "S", "33": "W", "35": "W", "39": "W"}, {"0": "S", "1": "S", "3": "E", "6": "S", "7": "S", "8": "E", "9": "S", "10": "N", "11": "N", "12": "N", "13": "S", "14": "E", "15": "W", "18": "N", "20": "N", "21": "N", "23": "E", "26": "E", "29": "W", "30": "N", "32": "S", "33": "W", "35": "W", "36": "E"}, {"0": "E", "1": "W", "3": "N", "4": "N", "6": "S", "8": "E", "9": "E", "10": "N", "13": "W", "14": "S", "15": "N", "16": "S", "17": "E", "18": "W", "20": "E", "23": "S", "24": "E", "33": "N", "35": "W", "36": "E"}, {"0": "S", "1": "S", "2": "S", "3": "W", "4": "W", "6": "S", "10": "N", "12": "E", "13": "W", "15": "N", "18": "W", "19": "S", "20": "E", "21": "E", "24": "N", "32": "E", "33": "N", "35": "W", "36": "E"}, {"3": "W", "4": "N", "9": "E", "10": "N", "12": "E", "13": "N", "15": "W", "18": "N", "19": "S", "20": "E", "21": "E", "24": "N", "29": "S", "31": "S", "32": "S", "33": "N", "38": "N"}, {"3": "W", "4": "N", "10": "W", "12": "E", "14": "E", "15": "W", "18": "N", "19": "E", "20": "E", "23": "E", "24": "N", "31": "E", "33": "W"}, {"2": "S", "4": "W", "10": "N", "12": "N", "14": "E", "15": "W", "17": "E", "18": "N", "19": "S", "24": "W", "28": "N", "30": "E", "31": "S", "32": "W", "38": "N"}, {"4": "W", "7": "E", "9": "E", "10": "W", "12": "E", "13": "W", "14": "S", "16": "S", "18": "N", "21": "N", "23": "S", "25": "S", "38": "E"}, {"0": "S", "3": "W", "9": "E", "12": "S", "18": "W", "23": "S", "25": "E", "28": "E", "38": "S"}, {"2": "E", "3": "S", "9": "E", "14": "S", "16": "S", "18": "N", "25": "S", "29": "N", "31": "S", "32": "S"}, {"2": "S", "7": "E", "9": "E", "14": "E", "18": "N", "20": "E", "22": "N", "24": "E", "25": "S", "31": "S", "32": "E", "37": "E", "38": "S"}, {"0": "S", "2": "W", "7": "E", "9": "E", "10": "E", "14": "E", "18": "W", "22": "W", "24": "N", "28": "W", "31": "S", "32": "S", "33": "W"}, {"9": "E", "12": "S", "14": "S", "17": "E", "18": "N", "20": "E", "28": "W", "31": "W", "34": "N"}, {"7": "S", "12": "S", "14": "E", "15": "W", "25": "W", "28": "N", "29": "E", "34": "W"}, {"12": "S", "18": "N", "24": "E", "25": "N", "28": "W", "32": "S", "34": "S"}, {"0": "S", "12": "E", "19": "E", "24": "N", "25": "W", "28": "W", "30": "E", "32": "W", "37": "N", "38": "W"}, {"0": "E", "19": "E", "22": "W", "28": "W", "38": "W"}, {"10": "N", "19": "E", "22": "W", "29": "W", "30": "N", "33": "N", "38": "S"}, {"22": "S", "28": "S"}, {"5": "E", "21": "E", "28": "W", "29": "N", "33": "W", "34": "S", "38": "W"}, {"5": "N", "22": "W", "25": "S", "26": "N", "28": "W", "29": "W", "33": "N"}, {"5": "E", "10": "N", "28": "N", "33": "N", "38": "N"}, {"3": "N", "5": "E", "10": "N", "23": "N", "28": "W", "33": "E", "38": "E"}, {"3": "N", "10": "W", "28": "W", "33": "N", "38": "E"}, {"28": "S", "33": "W"}, {"15": "W", "28": "S", "33": "N", "37": "E"}, {"5": "S", "29": "W", "38": "E"}, {"29": "W", "38": "N"}, {"29": "W", "33": "E", "37": "E"}, {"3": "N", "15": "N", "26": "S", "28": "W", "29": "W", "37": "S"}, {"3": "N", "15": "N", "20": "S", "26": "E", "29": "W", "33": "N", "34": "W"}, {"20": "S", "26": "E", "33": "E", "34": "S"}, {"20": "E", "26": "E", "33": "E", "34": "W", "37": "W"}, {"20": "E", "23": "N", "26": "E", "33": "S", "37": "N"}, {"20": "E", "23": "E", "26": "N", "29": "E", "37": "E"}, {"20": "E", "21": "N", "23": "E", "26": "N", "29": "S", "37": "E"}, {"20": "N", "21": "W", "23": "E", "26": "E", "37": "E", "39": "E"}, {"20": "N", "26": "E", "34": "N", "38": "S"}, {"20": "E", "26": "S", "34": "N", "38": "W"}, {"20": "E"}, {"23": "E", "39": "N"}, {"39": "W"}, {"23": "E"}, {"23": "E"}, {"21": "N", "23": "S"}, {"21": "W"}, {"21": "W"}, {"38": "W"}, {"23": "E"}, {"23": "S"}, {"23": "S"}, {"23": "W"}, {"23": "S"}, {"23": "S"}, {"23": "S"}, {"23": "W"}, {"23": "W"}, {"26": "E"}, {"26": "S"}, {"37": "E"}, {"28": "N", "39": "N"}]}