{"instance": "small_free_001_10x10_40_40", "steps": [{"21": "N", "26": "W", "13": "E", "18": "W", "20": "W", "24": "S", "38": "N"}, {"26": "W", "20": "W"}, {"26": "S"}, {"18": "S", "20": "S", "24": "S"}, {"24": "S"}, {"26": "S", "24": "S"}, {"26": "S"}, {"24": "E"}, {"26": "E"}, {"26": "N"}, {"26": "E"}, {"26": "E"}, {"26": "E"}, {"26": "E"}, {"26": "E"}, {"26": "E"}, {"26": "E"}, {"26": "E"}, {"26": "E"}, {"24": "N"}, {"13": "N", "20": "E", "24": "N"}, {"13": "W", "18": "W", "24": "E"}, {"24": "N"}, {"18": "W", "24": "N"}, {"18": "N", "24": "E"}, {"13": "N", "18": "N"}, {"18": "N"}, {"18": "W", "24": "E"}, {"13": "E", "18": "N"}, {"24": "N"}, {"13": "E", "18": "N"}, {"13": "N"}, {"13": "W"}, {"38": "E", "21": "S"}]}