{"instance": "small_free_001_10x10_40_40", "steps": [{"0": "W", "1": "E", "3": "W", "26": "W", "28": "E", "35": "E", "2": "N", "4": "W", "6": "N", "7": "N", "9": "S", "10": "S", "11": "N", "12": "W", "13": "E", "14": "W", "16": "E", "17": "W", "20": "W", "22": "W", "23": "W", "24": "W", "25": "N", "27": "S", "30": "W", "31": "N", "32": "N", "33": "S", "34": "E", "36": "S", "37": "W", "38": "N", "39": "S"}, {"0": "W", "1": "N", "15": "S", "26": "S", "35": "N", "2": "N", "4": "N", "6": "N", "7": "N", "8": "N", "10": "W", "11": "W", "16": "N", "17": "W", "19": "N", "20": "W", "22": "N", "23": "W", "24": "S", "25": "N", "27": "W", "30": "S", "31": "N", "32": "N", "33": "E", "34": "N", "36": "S", "37": "S"}, {"0": "N", "1": "N", "3": "S", "15": "W", "26": "W", "35": "E", "2": "N", "4": "W", "5": "N", "6": "W", "7": "N", "8": "N", "10": "S", "11": "N", "14": "W", "16": "N", "18": "E", "19": "W", "20": "W", "22": "E", "25": "N", "30": "W", "32": "N", "33": "E", "36": "S", "37": "W", "39": "S"}, {"0": "N", "1": "N", "3": "S", "15": "S", "26": "S", "35": "E", "4": "N", "5": "W", "6": "N", "7": "E", "8": "N", "9": "S", "10": "S", "11": "N", "18": "S", "19": "N", "20": "S", "22": "N", "23": "S", "27": "W", "30": "S", "31": "E", "32": "E", "34": "E", "36": "W", "39": "E"}, {"0": "E", "1": "W", "3": "S", "15": "E", "26": "W", "28": "N", "35": "S", "4": "W", "5": "N", "6": "N", "7": "N", "8": "W", "9": "W", "10": "E", "16": "W", "17": "S", "18": "E", "19": "W", "22": "W", "24": "S", "27": "N", "30": "S", "31": "E", "33": "E", "34": "N", "36": "W", "39": "E"}, {"1": "W", "3": "E", "26": "S", "35": "E", "2": "N", "4": "W", "5": "E", "6": "E", "7": "N", "8": "W", "9": "S", "10": "S", "11": "N", "13": "N", "14": "W", "18": "E", "19": "N", "22": "W", "24": "E", "25": "N", "27": "W", "29": "S", "30": "W", "32": "N", "33": "S", "34": "E", "37": "W", "38": "N", "39": "S"}, {"1": "W", "3": "S", "26": "W", "35": "S", "5": "E", "6": "N", "7": "E", "9": "W", "11": "E", "13": "E", "14": "W", "18": "E", "22": "W", "24": "E", "25": "N", "27": "N", "29": "S", "30": "S", "31": "E", "33": "W", "34": "E", "37": "S", "38": "E", "39": "E"}, {"32": "N"}]}