{"instance": "small_000_10x10_20_10", "steps": [{"4": "W", "6": "N", "9": "N", "8": "W", "2": "S", "7": "S", "1": "N", "5": "S", "0": "W", "3": "E"}, {"4": "W", "2": "S", "3": "N", "9": "E", "8": "W", "7": "S"}, {"6": "N", "3": "N", "9": "N", "7": "S"}, {"3": "N", "6": "E", "8": "W", "0": "W", "9": "N", "5": "E"}, {"0": "W", "3": "N", "8": "N", "5": "W", "6": "E", "9": "N", "2": "N"}, {"0": "N", "2": "E", "5": "W", "3": "N", "8": "W", "6": "E", "9": "E"}, {"5": "S", "0": "N", "8": "N", "3": "W", "2": "N", "6": "E", "9": "E"}, {"6": "E", "5": "S", "0": "E", "8": "N", "9": "E"}, {"2": "W", "9": "E", "5": "W", "6": "S", "8": "E"}, {"8": "N", "5": "S", "9": "E", "0": "N", "6": "E", "2": "S"}, {"6": "E", "2": "S", "0": "E", "8": "E", "9": "S", "5": "S"}, {"0": "N", "2": "S", "5": "S", "6": "S", "9": "E", "8": "N"}, {"8": "E", "2": "E", "9": "E", "6": "S", "5": "W"}, {"2": "E", "9": "S"}, {"2": "S", "8": "N", "0": "S"}, {"0": "N", "8": "N", "2": "E"}, {"8": "N", "2": "E"}, {"8": "N", "2": "E", "9": "E"}, {"9": "S", "8": "E", "2": "E"}, {"8": "E", "2": "E", "9": "S", "0": "W"}, {"9": "S", "2": "E", "8": "E", "0": "N"}, {"0": "N", "8": "E", "2": "E", "9": "S"}, {"2": "E", "8": "E", "9": "W", "0": "E"}, {"2": "N", "8": "E"}, {"2": "N", "8": "S"}, {"2": "N"}, {"2": "W"}]}