{"instance": "small_free_001_10x10_40_40", "steps": [{"0": "W", "1": "N", "3": "W", "15": "S", "26": "W", "28": "E", "2": "W", "4": "W", "5": "N", "6": "N", "7": "N", "9": "S", "11": "N", "12": "W", "13": "S", "14": "W", "17": "W", "20": "W", "22": "S", "23": "N", "24": "S", "25": "N", "27": "S", "29": "N", "30": "S", "32": "S", "33": "S", "34": "N", "36": "W", "37": "S", "38": "W", "39": "S"}, {"1": "N", "3": "N", "2": "N", "5": "W", "7": "N", "9": "E", "13": "E", "19": "S", "20": "W", "22": "E", "23": "W", "24": "S", "25": "N", "29": "W", "30": "W", "32": "E", "36": "W", "37": "E", "38": "N"}, {"0": "E", "1": "W", "3": "W", "15": "W", "26": "S", "28": "E", "2": "N", "5": "N", "7": "N", "8": "N", "17": "W", "20": "S", "23": "S", "29": "W", "30": "W", "32": "S", "36": "S", "37": "S"}, {"1": "N", "15": "W", "26": "W", "28": "N", "2": "N", "5": "N", "6": "N", "7": "E", "8": "N", "9": "S", "10": "S", "11": "N", "12": "S", "14": "N", "17": "S", "23": "S", "27": "S", "30": "S", "32": "S", "33": "W", "37": "S", "39": "W"}, {"1": "W", "15": "W", "26": "S", "28": "W", "2": "E", "4": "N", "5": "N", "7": "N", "16": "N", "17": "E", "19": "W", "22": "S", "23": "S", "24": "S", "30": "W", "33": "W", "37": "S", "38": "E", "39": "S"}, {"3": "E", "28": "N", "2": "E", "5": "N", "7": "E", "8": "W", "11": "E", "16": "N", "22": "E", "23": "S", "24": "S", "29": "W", "30": "W", "33": "W", "34": "S", "38": "N", "39": "W"}, {"2": "E", "5": "N", "6": "N", "7": "E", "8": "W", "9": "S", "10": "S", "11": "E", "14": "E", "18": "E", "19": "S", "22": "E", "23": "W", "24": "S", "27": "E", "29": "W", "30": "N", "32": "E", "33": "W", "36": "N", "38": "E", "39": "W"}, {"15": "S", "26": "S", "2": "E", "5": "E", "6": "N", "7": "E", "8": "N", "9": "W", "10": "E", "11": "E", "12": "N", "13": "N", "14": "E", "16": "E", "18": "S", "19": "W", "22": "E", "23": "N", "24": "E", "27": "S", "30": "W", "32": "E", "33": "W", "37": "S", "39": "W"}, {"4": "W", "32": "S", "34": "S", "26": "S", "28": "W", "15": "W"}, {"4": "W", "29": "N", "31": "E", "32": "S", "26": "E", "28": "W", "15": "W"}, {"1": "S", "31": "S", "32": "S", "28": "W", "15": "N"}, {"1": "S", "29": "N", "31": "E", "32": "W", "34": "W", "3": "E", "15": "N"}, {"1": "S", "34": "W", "15": "W"}, {"31": "S", "28": "N", "15": "W"}, {"31": "E", "28": "W", "15": "N"}, {"31": "S", "3": "N", "26": "E", "28": "W", "15": "N"}, {"3": "N", "26": "E", "28": "W", "15": "N"}, {"1": "S", "26": "E", "28": "N", "15": "E"}, {"1": "S", "0": "E", "3": "N", "26": "E", "28": "W", "15": "E"}, {"0": "E", "3": "W", "26": "E", "28": "S", "15": "E"}, {"0": "E", "3": "W", "26": "N", "28": "S", "15": "N"}, {"0": "E", "28": "W", "15": "E"}, {"0": "S"}, {"0": "S", "26": "E"}, {"0": "W", "26": "E"}, {"0": "S", "26": "E"}, {"26": "E"}, {"26": "N"}]}