{"instance": "small_free_001_10x10_40_40", "steps": [{"0": "W", "1": "N", "3": "W", "26": "W", "35": "E", "4": "S", "5": "N", "6": "N", "7": "N", "9": "S", "10": "N", "11": "W", "12": "W", "13": "E", "14": "N", "16": "S", "17": "W", "20": "W", "24": "S", "25": "S", "27": "S", "29": "N", "30": "W", "31": "E", "33": "S", "36": "W", "37": "W", "38": "N", "39": "S"}, {"0": "N", "3": "W", "15": "S", "26": "S", "35": "E", "4": "W", "5": "N", "6": "W", "7": "N", "8": "W", "9": "S", "10": "N", "11": "W", "12": "W", "16": "S", "18": "S", "20": "S", "22": "S", "24": "E", "25": "S", "27": "E", "29": "N", "30": "S", "31": "N", "33": "W", "34": "S", "36": "W", "37": "S", "38": "N", "39": "E"}, {"0": "N", "3": "N", "15": "S", "26": "S", "35": "E", "2": "E", "6": "W", "9": "S", "10": "N", "12": "N", "16": "S", "17": "S", "18": "S", "19": "W", "22": "W", "23": "W", "24": "E", "27": "E", "29": "E", "31": "E", "34": "S", "36": "S", "37": "E", "38": "E", "39": "N"}, {"0": "E", "35": "E", "4": "W", "6": "N", "9": "S", "10": "E", "12": "N", "13": "S", "16": "S", "17": "W", "19": "W", "22": "W", "23": "W", "24": "E", "25": "E", "29": "N", "30": "S", "31": "S", "37": "S", "38": "S"}, {"15": "S", "35": "E", "4": "W", "5": "E", "7": "N", "8": "W", "9": "S", "10": "N", "11": "N", "12": "E", "16": "E", "17": "S", "22": "W", "25": "E", "27": "E", "29": "E", "30": "W", "31": "E", "32": "E", "34": "S", "38": "E"}, {"15": "S", "2": "E", "4": "N", "5": "N", "6": "N", "7": "E", "8": "W", "11": "N", "12": "N", "16": "S", "17": "S", "27": "E", "29": "E", "30": "W", "31": "E", "33": "W", "34": "S", "36": "S", "38": "E"}, {"0": "E", "1": "N", "2": "E", "4": "W", "6": "N", "7": "N", "8": "W", "11": "E", "12": "N", "13": "S", "16": "S", "17": "E", "18": "W", "19": "W", "20": "N", "23": "N", "24": "E", "25": "E", "29": "N", "30": "W", "31": "E", "33": "W", "34": "E", "36": "W"}, {"1": "W", "3": "N", "15": "W", "26": "S", "4": "W", "6": "W", "8": "N", "10": "N", "11": "E", "12": "E", "16": "S", "17": "S", "22": "N", "23": "N", "24": "N", "25": "E", "27": "S", "30": "N", "31": "E", "34": "S", "36": "W"}, {"1": "W", "3": "N", "15": "W", "4": "W", "5": "N", "6": "W", "8": "W", "10": "N", "11": "E", "12": "E", "16": "S", "19": "S", "22": "N", "23": "W", "24": "N", "25": "E", "27": "S", "30": "N", "31": "S", "39": "E"}, {"22": "N", "27": "S", "15": "N", "35": "W", "0": "E", "24": "W", "3": "N", "11": "N"}, {"26": "E", "15": "W", "35": "N", "0": "S", "24": "W"}, {"26": "E", "15": "N", "28": "W", "35": "W", "32": "W", "0": "S", "11": "E"}, {"26": "E", "1": "W", "15": "N", "28": "W", "35": "W", "32": "S", "0": "S", "11": "E"}, {"26": "N", "1": "S", "15": "W", "28": "S", "35": "W", "0": "W"}, {"26": "E", "1": "S", "15": "N", "28": "W", "35": "S"}, {"26": "E", "1": "S", "15": "N", "28": "W", "35": "W", "32": "S", "0": "S", "24": "W"}, {"1": "S", "15": "W", "28": "W", "35": "W", "24": "N"}, {"26": "S", "1": "E", "15": "N", "28": "W", "24": "N"}, {"26": "E", "28": "W", "32": "S", "0": "S"}, {"26": "E", "28": "N", "32": "E"}, {"28": "N", "24": "E"}, {"26": "N", "28": "N", "24": "N"}, {"26": "E", "0": "S", "24": "E"}, {"26": "E", "24": "N"}, {"32": "S", "24": "E"}, {"15": "N", "32": "S", "0": "E"}, {"32": "E", "0": "E"}, {"32": "S", "0": "N", "21": "N"}, {"32": "W"}, {"5": "E", "8": "N", "10": "E", "12": "S", "16": "W", "18": "W", "25": "W", "30": "N", "31": "W", "36": "N", "37": "E", "23": "S", "29": "W", "33": "N", "20": "N", "38": "W", "39": "E", "15": "N"}, {"2": "S", "4": "N", "5": "S", "8": "E", "10": "N", "12": "S", "16": "N", "25": "W", "30": "E", "31": "S", "36": "N", "37": "E", "23": "S", "29": "N", "33": "W", "20": "N", "39": "S", "15": "E"}, {"7": "E", "8": "E", "10": "E", "17": "E", "19": "E", "31": "W", "36": "N", "37": "E", "23": "S", "29": "N", "33": "N", "20": "N", "38": "W", "39": "S", "15": "E"}, {"4": "E", "7": "E", "8": "E", "17": "E", "18": "N", "19": "S", "30": "E", "31": "W", "34": "W", "36": "N", "37": "E", "13": "W", "23": "E", "29": "W", "33": "N", "20": "E", "38": "W", "39": "W"}, {"4": "E", "7": "S", "8": "E", "17": "E", "18": "W", "19": "E", "30": "E", "31": "S", "34": "W", "36": "N", "13": "W", "23": "E", "29": "W", "20": "E", "38": "W", "39": "S"}, {"4": "E", "7": "S", "8": "E", "36": "E", "37": "E", "13": "W", "23": "E", "29": "W", "20": "E", "38": "N"}, {"7": "E", "17": "E", "36": "E", "37": "E", "23": "S", "20": "N", "38": "W"}, {"16": "N", "17": "E", "36": "N", "23": "S", "20": "E", "38": "W", "39": "W"}, {"12": "E", "16": "N", "17": "N", "18": "W", "36": "N", "23": "S", "20": "E"}, {"16": "N", "34": "N", "36": "E", "23": "E"}, {"6": "S", "7": "E", "13": "W", "23": "E", "29": "N", "33": "W"}, {"7": "E", "12": "E", "18": "N", "13": "W", "23": "S", "33": "N", "20": "E", "39": "S"}, {"7": "E", "12": "E", "34": "N", "23": "E", "33": "W", "20": "E", "39": "W", "21": "N"}, {"7": "E", "12": "E", "18": "N", "34": "W", "36": "E", "14": "E", "29": "S", "33": "N", "39": "W", "21": "E"}, {"12": "S", "34": "N", "14": "E", "33": "N", "21": "S"}, {"6": "S", "7": "S", "12": "S", "18": "N", "34": "N", "14": "E", "23": "E", "33": "N", "38": "S", "21": "S"}, {"12": "S", "14": "E", "23": "E", "29": "E", "33": "W", "20": "E", "21": "E"}, {"6": "S", "13": "W", "23": "S", "33": "N", "20": "S"}, {"6": "S", "18": "N", "14": "E", "39": "W"}, {"18": "N", "14": "E", "33": "N"}, {"18": "N", "14": "E", "23": "S", "20": "S"}, {"14": "S", "23": "E", "20": "E", "39": "S"}, {"14": "S", "23": "E", "20": "E", "39": "W"}, {"13": "W", "14": "E", "23": "E", "29": "W", "20": "S", "39": "W"}, {"13": "N", "14": "S", "23": "N", "29": "W", "33": "N", "20": "S", "39": "W"}, {"13": "N", "14": "E", "23": "N", "29": "W", "33": "E", "20": "S"}, {"9": "E", "14": "E", "23": "W", "29": "S", "33": "E"}, {"14": "S", "38": "S", "39": "N"}, {"9": "E", "13": "N", "14": "S", "29": "S", "38": "S", "39": "N"}, {"13": "N", "14": "S", "29": "W", "33": "S", "38": "S", "39": "W"}, {"13": "N", "29": "S", "39": "N"}, {"13": "E", "39": "N"}, {"38": "S", "39": "N", "21": "E"}, {"9": "E", "14": "W", "38": "E", "39": "E"}, {"9": "E", "14": "W", "38": "S"}, {"9": "N"}, {"9": "E", "38": "S"}, {"38": "S"}, {"38": "E"}, {"38": "S"}, {"38": "E"}, {"38": "E"}, {"38": "S"}, {"21": "E"}, {"21": "N"}, {"21": "S"}, {"21": "W"}, {"21": "W"}]}