{"instance": "small_free_001_10x10_40_40", "steps": [{"1": "N", "2": "N", "3": "N", "4": "S", "5": "N", "6": "N", "7": "N", "9": "S", "10": "S", "11": "N", "12": "W", "13": "E", "14": "N", "15": "S", "16": "E", "17": "W", "18": "W", "23": "W", "24": "E", "25": "N", "26": "W", "27": "S", "28": "E", "30": "W", "31": "N", "32": "S", "33": "W", "35": "E", "36": "W", "38": "N"}, {"2": "N", "3": "W", "4": "W", "6": "N", "8": "N", "9": "E", "10": "E", "11": "N", "12": "W", "14": "E", "15": "E", "17": "W", "18": "N", "19": "S", "23": "W", "24": "E", "25": "E", "26": "S", "31": "E", "32": "E", "33": "S", "35": "E", "36": "W"}, {"0": "E", "2": "E", "3": "N", "5": "E", "6": "N", "8": "W", "9": "S", "10": "N", "11": "E", "12": "N", "13": "S", "14": "E", "15": "S", "17": "S", "18": "W", "19": "W", "21": "E", "22": "W", "23": "N", "24": "E", "25": "N", "26": "W", "29": "E", "30": "N", "31": "E", "32": "E", "34": "W", "35": "E", "36": "S", "37": "S", "39": "S"}, {"2": "N", "5": "N", "6": "W", "7": "N", "8": "W", "9": "S", "10": "N", "12": "N", "14": "N", "15": "S", "17": "W", "18": "S", "19": "S", "22": "N", "23": "N", "24": "E", "25": "E", "26": "S", "27": "S", "29": "E", "35": "E", "36": "W", "37": "S", "39": "S"}, {"2": "E", "6": "W", "8": "W", "9": "E", "10": "W", "11": "N", "12": "E", "14": "E", "15": "W", "17": "S", "18": "W", "22": "N", "24": "E", "26": "E", "28": "N", "29": "E", "33": "W", "36": "N", "38": "W"}, {"2": "E", "3": "W", "4": "S", "6": "W", "8": "N", "9": "E", "10": "S", "11": "N", "12": "N", "15": "S", "17": "E", "18": "W", "21": "N", "22": "N", "24": "N", "29": "N", "31": "E", "32": "E", "34": "W", "36": "N"}, {"2": "N", "3": "W", "4": "W", "5": "N", "6": "N", "12": "N", "15": "W", "18": "W", "21": "N", "22": "N", "29": "N", "32": "S", "35": "E", "36": "W"}, {"4": "W", "5": "N", "9": "N", "10": "E", "12": "E", "14": "E", "16": "W", "18": "W", "21": "E", "22": "W", "29": "N", "35": "N", "36": "N", "38": "N"}, {"5": "W", "7": "N", "9": "E", "12": "N", "14": "E", "16": "S", "17": "E", "18": "W", "22": "W", "27": "S", "29": "N", "31": "N", "36": "N", "38": "E"}, {"0": "E", "3": "N", "6": "W", "7": "E", "9": "S", "12": "E", "14": "E", "16": "E", "18": "W", "22": "N", "27": "S", "28": "N", "31": "E", "33": "W", "37": "W"}, {"21": "W"}, {"34": "S"}, {"21": "N"}, {"21": "N"}, {"21": "N"}, {"32": "W"}, {"32": "S"}, {"32": "S"}, {"32": "W"}, {"32": "S"}, {"32": "S"}, {"0": "N", "3": "N", "15": "N", "16": "E", "24": "N", "26": "S", "28": "W", "39": "N"}, {"0": "E", "3": "E", "15": "N", "24": "E", "26": "E", "28": "N", "39": "W"}, {"0": "E", "24": "N", "26": "S", "28": "W", "35": "W", "39": "W"}, {"0": "E", "15": "N", "24": "E", "26": "E", "28": "W", "35": "W", "39": "W"}, {"0": "S", "15": "N", "16": "S", "24": "N", "26": "E", "35": "S", "39": "W"}, {"0": "S", "15": "N", "16": "S", "24": "N", "26": "S", "35": "W", "39": "N"}, {"0": "S", "15": "N", "16": "W", "24": "W", "26": "E", "35": "W", "39": "W"}, {"0": "S", "15": "W", "16": "S", "26": "E", "35": "S"}, {"0": "W", "15": "W", "16": "W", "26": "E", "28": "N", "35": "W"}, {"0": "W", "26": "E", "28": "W", "35": "W"}, {"24": "W", "26": "E", "28": "W", "35": "N"}, {"1": "S", "15": "W", "24": "W", "26": "E", "28": "S"}, {"1": "W", "15": "N", "28": "W"}, {"1": "S", "15": "N", "26": "N"}, {"1": "S", "15": "E", "26": "N", "28": "W"}, {"1": "W", "28": "S"}, {"28": "W"}, {"26": "N"}, {"4": "W", "5": "S", "6": "S", "7": "S", "9": "S", "10": "N", "12": "E", "14": "E", "17": "S", "22": "E", "29": "N", "31": "S", "33": "N", "36": "E"}, {"7": "E", "8": "E", "9": "E", "10": "W", "12": "S", "14": "E", "17": "S", "22": "E", "25": "S", "27": "E", "29": "W", "31": "S", "33": "W", "36": "E", "38": "W"}, {"4": "N", "5": "N", "7": "E", "8": "E", "11": "E", "14": "E", "18": "E", "22": "S", "25": "S", "27": "E", "29": "N", "31": "S", "33": "N", "36": "N", "38": "W"}, {"2": "S", "4": "N", "5": "E", "6": "S", "7": "E", "8": "E", "10": "W", "11": "S", "14": "E", "22": "S", "23": "S", "25": "E", "27": "E", "29": "W", "31": "S", "33": "N", "37": "E", "38": "W"}, {"2": "S", "4": "N", "5": "E", "7": "E", "11": "E", "12": "E", "13": "W", "14": "S", "18": "N", "20": "N", "22": "W", "25": "S", "27": "E", "29": "W", "31": "S", "33": "W", "37": "N", "38": "S"}, {"2": "S", "4": "E", "5": "S", "10": "W", "13": "S", "18": "E", "22": "W", "25": "S", "36": "N", "37": "W"}, {"2": "S", "6": "S", "10": "N", "12": "S", "13": "W", "14": "S", "18": "N", "20": "N", "22": "S", "31": "W"}, {"2": "S", "7": "E", "10": "N", "12": "E", "13": "W", "14": "S", "18": "E", "20": "N", "29": "N", "38": "W"}, {"7": "E", "10": "N", "12": "E", "13": "W", "14": "S", "17": "E", "18": "E", "20": "N", "29": "W", "33": "W", "36": "E", "38": "S"}, {"7": "E", "10": "W", "12": "S", "13": "N", "14": "S", "17": "E", "18": "N", "20": "E", "29": "W", "36": "E", "37": "E", "38": "E"}, {"7": "S", "10": "N", "12": "S", "13": "N", "14": "S", "17": "E", "18": "N", "20": "E", "29": "W"}, {"6": "S", "12": "S", "13": "W", "14": "S", "17": "E", "18": "N", "29": "S", "37": "S"}, {"12": "S", "17": "N", "29": "S"}, {"20": "E", "29": "S", "33": "W", "37": "E"}, {"13": "W", "14": "W", "17": "E", "20": "E", "29": "W", "33": "N", "37": "E", "38": "S"}, {"10": "W", "13": "W", "14": "W", "23": "W", "29": "S", "33": "N", "37": "E"}, {"13": "N", "23": "S", "37": "E"}, {"13": "N", "20": "E", "23": "S", "33": "W", "37": "E"}, {"10": "N", "13": "N", "20": "E", "23": "S", "33": "N", "37": "E", "38": "S"}, {"10": "E", "13": "E", "20": "E", "23": "S", "33": "N"}, {"10": "N", "23": "S", "33": "N", "38": "S"}, {"10": "E", "20": "S", "23": "E", "33": "E", "38": "E"}, {"10": "N", "20": "S", "23": "E", "33": "N", "38": "S"}, {"10": "E", "20": "E", "23": "E", "33": "N", "38": "S"}, {"10": "E", "20": "S", "23": "E", "33": "E"}, {"10": "E", "20": "E", "23": "S", "33": "E", "38": "S"}, {"10": "E", "20": "S", "23": "E", "33": "S", "38": "S"}, {"10": "E", "20": "S", "23": "S"}, {"38": "S"}, {"10": "S", "23": "S", "38": "E"}, {"38": "E"}, {"23": "E", "38": "E"}, {"23": "E"}, {"23": "E"}, {"23": "E"}, {"23": "E"}, {"23": "N"}, {"23": "N"}]}