{"instance": "small_free_001_10x10_40_40", "steps": [{"21": "N", "26": "W", "18": "W", "20": "W", "24": "S"}, {"26": "W"}, {"26": "S"}, {"24": "S"}, {"24": "S"}, {"26": "S", "24": "S"}, {"26": "S"}, {"24": "E"}, {"26": "E"}, {"26": "N"}, {"26": "E"}, {"26": "E"}, {"26": "E"}, {"26": "E"}, {"26": "E"}, {"26": "E"}, {"26": "E"}, {"26": "E"}, {"26": "E"}, {"24": "N"}, {"24": "N"}, {"24": "E"}, {"13": "W", "18": "S", "21": "N"}, {"18": "W"}, {"18": "W", "24": "S", "38": "N"}, {"18": "N", "24": "E", "38": "E"}, {"20": "S", "24": "N", "38": "S"}, {"24": "E"}, {"24": "N"}, {"24": "N"}, {"24": "N"}, {"24": "N"}, {"18": "N", "24": "W"}, {"24": "N"}, {"18": "N", "24": "N"}, {"18": "N"}, {"18": "W", "23": "E"}, {"24": "N"}, {"20": "E"}, {"21": "W"}]}