{"instance": "small_free_001_10x10_40_40", "steps": [{"17": "W", "29": "N", "34": "N", "35": "E", "39": "W", "23": "E", "1": "S", "13": "E", "32": "E", "4": "W", "24": "E", "38": "E", "20": "W", "7": "E", "3": "W", "16": "S", "12": "E", "9": "E", "21": "E", "27": "E", "33": "E", "14": "E", "22": "W", "36": "N", "30": "W", "15": "N", "6": "W", "10": "E"}, {"25": "E", "29": "W", "10": "N", "38": "N", "20": "S", "5": "E", "7": "N", "17": "S", "22": "S", "37": "E", "18": "N", "8": "N", "28": "W", "24": "N", "2": "S", "6": "W", "1": "S", "13": "W", "35": "W", "3": "W", "33": "N", "39": "E", "31": "S", "15": "N", "16": "S", "36": "N", "26": "E"}, {"20": "E", "25": "E", "38": "S", "28": "E", "13": "N", "7": "E", "35": "E", "22": "N", "5": "W", "37": "S", "31": "S", "3": "N", "27": "W", "1": "W", "32": "E", "10": "N", "18": "N", "8": "W", "12": "E", "6": "N", "17": "E", "33": "W", "15": "N", "24": "S", "14": "E", "0": "E", "21": "N", "2": "E", "30": "S"}, {"15": "N", "10": "E", "18": "W", "35": "W", "7": "N", "6": "S", "25": "E", "24": "E", "33": "W", "26": "E", "16": "S", "12": "E", "17": "E", "3": "S", "0": "E", "32": "S", "4": "N", "30": "N", "37": "E", "13": "N", "20": "E"}, {"35": "E", "21": "E", "17": "N", "32": "N", "37": "S", "22": "W", "8": "N", "25": "S", "0": "E", "18": "W", "26": "S", "12": "E", "1": "N", "38": "N", "28": "E", "7": "S", "13": "W", "30": "N", "4": "N", "33": "W", "14": "W", "24": "N", "9": "S", "23": "N"}, {"13": "E", "25": "E", "35": "W", "38": "S", "11": "E", "8": "E", "39": "E", "5": "N", "12": "E", "21": "W", "1": "S", "10": "N", "27": "S", "19": "S", "20": "E", "28": "W", "3": "W", "18": "N", "0": "N", "17": "S", "4": "S", "33": "W", "14": "E", "37": "E", "26": "S", "31": "E", "23": "E"}, {"17": "E", "31": "S", "16": "S", "3": "E", "21": "N", "5": "N", "0": "S", "11": "S", "25": "W", "36": "N", "7": "N", "23": "S", "2": "S", "39": "S", "38": "S", "6": "N", "14": "W", "28": "N", "33": "W", "37": "E", "26": "E"}, {"23": "N", "11": "N", "32": "W", "5": "N", "13": "N", "28": "N", "3": "W", "1": "W", "36": "N", "33": "W", "17": "N", "7": "S", "31": "S", "25": "N", "39": "N", "6": "S", "21": "S", "38": "S", "26": "E"}, {"36": "N", "3": "E", "6": "N", "23": "E", "25": "S", "29": "W", "7": "E", "9": "S", "33": "N", "19": "W", "21": "N", "27": "S", "28": "N", "39": "W"}, {"17": "E", "5": "E", "3": "E", "39": "E", "22": "W", "35": "E", "28": "W", "19": "W", "6": "W", "25": "E", "33": "N", "9": "S", "34": "S", "7": "E", "27": "S", "31": "E", "14": "E", "4": "W"}, {"28": "W", "10": "W", "25": "W", "38": "S", "9": "S", "27": "S", "11": "E", "33": "N", "5": "E", "3": "W", "35": "W", "34": "S", "4": "W", "23": "S", "6": "W", "14": "E", "2": "E", "20": "W", "29": "W", "13": "E", "39": "S", "0": "N", "31": "E", "19": "W"}, {"0": "S", "9": "E", "17": "S", "15": "W", "28": "S", "39": "N", "6": "N", "23": "N", "32": "S", "27": "E", "38": "N", "20": "E", "13": "N", "12": "S", "10": "N", "31": "N", "24": "N", "14": "S", "29": "E", "26": "W", "34": "S"}, {"7": "E", "19": "E", "20": "W", "24": "E", "26": "E", "18": "W", "13": "W", "23": "E", "14": "S", "6": "S", "39": "E", "33": "W", "15": "E", "9": "E", "34": "S"}, {"13": "S", "6": "S", "28": "N", "34": "W", "23": "W", "20": "E", "11": "N", "9": "E", "7": "E", "33": "E", "10": "S", "0": "W", "15": "W", "39": "W"}, {"22": "S", "19": "S", "32": "W", "14": "W", "26": "W", "17": "S", "35": "W", "34": "E", "37": "W", "28": "W", "33": "W", "38": "W", "13": "W", "39": "W", "9": "E"}, {"37": "E", "25": "S", "33": "E", "27": "S", "38": "E", "24": "N", "34": "N", "14": "E", "11": "N", "32": "W"}, {"10": "E", "19": "S", "23": "W", "3": "E", "13": "E", "11": "S", "32": "E", "0": "W", "18": "S", "17": "E", "14": "W", "27": "E", "34": "E"}, {"37": "S", "11": "N", "22": "N", "14": "E", "19": "N", "17": "S", "28": "W", "26": "N", "39": "E", "13": "W", "3": "E", "27": "E"}, {"3": "W", "26": "S", "14": "S", "34": "W", "32": "S", "11": "E", "18": "S", "33": "S", "23": "S", "7": "E", "10": "S", "22": "S", "39": "W", "38": "S", "28": "E"}, {"29": "W", "0": "S", "7": "E", "20": "E", "28": "W", "15": "W", "13": "W", "39": "E", "19": "E", "37": "N", "26": "E", "18": "W", "33": "N", "34": "E"}, {"3": "W", "27": "S", "18": "N", "11": "N", "13": "E", "39": "W", "28": "W"}, {"23": "N", "39": "E", "34": "W", "26": "S", "14": "N", "13": "W", "27": "N"}, {"21": "S", "26": "N", "39": "W", "34": "E", "27": "S", "3": "S", "14": "S"}, {"23": "S", "37": "E", "27": "N", "3": "N", "33": "W", "34": "W", "26": "E", "18": "W"}, {"39": "E", "34": "E", "37": "E", "26": "E", "33": "N", "23": "W", "28": "W", "0": "W", "27": "W", "18": "E"}, {"28": "W", "0": "E", "22": "W", "21": "E", "18": "S", "3": "N", "23": "E", "27": "E", "13": "S", "33": "N"}, {"3": "S", "13": "N", "27": "N", "10": "S", "33": "S", "18": "S", "28": "S"}, {"21": "E", "0": "N", "33": "N", "18": "N", "22": "E", "27": "S", "10": "N", "23": "N", "39": "W"}, {"23": "S", "34": "N", "0": "S", "3": "N", "21": "N", "22": "W", "27": "N", "33": "W", "18": "S"}, {"23": "N", "27": "E", "14": "N", "18": "N", "33": "N", "22": "E", "0": "N", "34": "E", "21": "S"}, {"18": "N", "21": "N", "34": "W", "0": "E", "3": "S", "14": "S", "23": "S", "22": "W"}, {"3": "N", "18": "N", "33": "N", "23": "E", "0": "E"}, {"34": "N", "0": "N", "22": "W", "21": "N", "23": "W"}, {"23": "E", "22": "S", "33": "N", "0": "S"}, {"22": "E", "33": "S", "23": "N", "3": "S"}, {"3": "N", "0": "N", "18": "S", "38": "N", "23": "E", "33": "W", "22": "N", "21": "S"}, {"22": "W", "14": "E", "34": "S", "38": "N", "0": "S", "23": "N", "33": "E", "18": "N"}, {"22": "N", "26": "S", "18": "S", "23": "S", "13": "E", "3": "S", "38": "S", "0": "E", "34": "E"}, {"22": "N", "26": "N", "0": "W", "33": "N", "3": "N", "21": "N", "34": "E", "20": "S", "13": "W", "23": "N"}, {"3": "S", "20": "N", "22": "S", "18": "N", "34": "W", "38": "W", "0": "E", "33": "S", "10": "S", "21": "N", "23": "S"}, {"23": "E", "3": "S", "34": "W", "20": "N", "0": "S", "22": "N", "18": "N", "10": "N", "38": "E", "26": "S"}, {"23": "E", "3": "N", "22": "W", "38": "W", "26": "N"}, {"22": "N", "38": "E", "3": "N", "34": "E", "18": "S", "21": "E", "23": "E", "33": "W"}, {"34": "W", "38": "N", "21": "N", "33": "S", "32": "W", "18": "W", "23": "S"}, {"29": "W", "32": "S", "0": "N", "23": "E", "15": "W", "38": "S", "18": "S", "20": "S", "33": "N", "34": "E", "13": "W"}, {"34": "W", "0": "W", "3": "S", "10": "S", "22": "W", "18": "E", "13": "E", "23": "W"}, {"33": "E", "18": "W", "10": "N", "3": "N", "21": "S", "22": "E", "13": "W"}, {"0": "E", "23": "E", "34": "E", "33": "W", "18": "E", "21": "W", "3": "S"}, {"23": "S", "0": "W", "38": "N", "3": "W", "13": "E", "14": "N", "33": "E"}, {"23": "S", "10": "S", "13": "W", "3": "N", "14": "S", "21": "W", "18": "S", "34": "W"}]}