{"instance": "small_free_001_10x10_40_40", "steps": [{"0": "W", "1": "E", "3": "W", "26": "W", "28": "E", "2": "N", "4": "W", "5": "N", "6": "W", "7": "N", "9": "E", "10": "E", "11": "N", "12": "W", "17": "W", "20": "W", "22": "W", "23": "W", "25": "N", "27": "E", "30": "W", "32": "N", "33": "S", "34": "W", "36": "W", "37": "E", "38": "N", "39": "W"}, {"0": "N", "1": "E", "3": "N", "26": "S", "28": "N", "2": "N", "4": "S", "5": "N", "6": "N", "7": "N", "8": "W", "9": "S", "10": "E", "11": "W", "17": "W", "20": "S", "22": "N", "23": "W", "25": "N", "27": "S", "32": "E", "33": "W", "36": "S", "38": "W"}, {"0": "E", "1": "E", "3": "W", "2": "W", "4": "S", "6": "N", "7": "N", "8": "W", "9": "S", "10": "E", "11": "N", "17": "S", "18": "N", "22": "W", "27": "S", "29": "W", "32": "S", "36": "W"}, {"0": "E", "1": "N", "3": "N", "2": "N", "4": "S", "5": "E", "6": "N", "7": "E", "9": "S", "11": "E", "17": "S", "18": "N", "19": "W", "22": "N", "27": "S", "29": "N", "32": "E", "34": "W"}, {"0": "N", "1": "W", "3": "W", "2": "N", "7": "N", "8": "W", "9": "S", "11": "N", "17": "S", "18": "N", "22": "W", "25": "E", "27": "E", "29": "N", "31": "S", "32": "S", "33": "W", "34": "W", "36": "S", "39": "W"}, {"1": "W", "3": "W", "2": "N", "4": "S", "6": "W", "7": "N", "8": "W", "9": "W", "11": "E", "17": "S", "19": "W", "25": "E", "27": "S", "31": "S", "32": "S", "37": "E", "39": "W"}, {"3": "W", "2": "E", "4": "W", "5": "N", "6": "W", "7": "E", "8": "W", "10": "E", "11": "E", "12": "W", "17": "S", "19": "S", "24": "S", "25": "E", "27": "E", "29": "W", "32": "W", "36": "W", "37": "N"}, {"1": "N", "2": "E", "4": "N", "5": "N", "6": "W", "7": "E", "9": "S", "10": "N", "11": "N", "12": "N", "19": "S", "27": "S", "29": "N", "32": "S", "36": "W", "37": "E", "39": "S"}, {"1": "W", "4": "N", "7": "N", "9": "S", "11": "W", "12": "N", "22": "N", "25": "E", "27": "S", "29": "W", "31": "S", "32": "S", "36": "N", "37": "E"}, {"0": "N", "3": "N", "28": "N", "2": "E", "4": "W", "7": "E", "8": "N", "9": "S", "12": "N", "22": "N", "25": "E", "29": "W", "32": "S", "36": "N"}, {"0": "E", "3": "N", "26": "S", "2": "E", "4": "W", "5": "N", "8": "N", "9": "E", "10": "E", "12": "E", "22": "N", "25": "S", "29": "N", "32": "W", "33": "W", "36": "N"}, {"10": "N", "21": "N", "37": "S"}, {"10": "N", "21": "N", "37": "E"}, {"10": "W", "21": "N"}, {"10": "N", "21": "N"}, {"10": "N", "21": "N", "37": "E"}, {"21": "N", "37": "E"}, {"21": "E", "37": "S"}, {"10": "N", "21": "S", "37": "S"}, {"10": "N"}, {"10": "W", "37": "W"}, {"1": "W", "34": "S", "35": "W", "16": "E", "26": "E", "3": "W"}, {"1": "S", "19": "E", "34": "E", "16": "S", "26": "S", "3": "N"}, {"1": "S", "0": "S", "16": "E", "26": "E", "3": "N"}, {"1": "S", "0": "S", "15": "W", "16": "S", "26": "S"}, {"1": "S", "28": "N", "0": "S", "15": "W", "3": "E"}, {"1": "W", "28": "W", "15": "W", "3": "N"}, {"0": "E", "15": "W", "16": "S", "26": "E", "3": "E"}, {"28": "W", "15": "W", "3": "S"}, {"15": "N", "16": "S"}, {"0": "E", "15": "N", "26": "E", "18": "N"}, {"0": "S", "15": "N", "26": "E", "3": "S", "18": "E"}, {"28": "W", "0": "E", "15": "E", "26": "E", "3": "E", "18": "N"}, {"0": "E", "15": "N", "16": "W", "26": "E", "3": "E"}, {"0": "S", "16": "W", "26": "E", "3": "S", "18": "N"}, {"0": "W", "15": "E"}, {"28": "W", "18": "N"}, {"28": "W", "18": "W"}, {"28": "N", "18": "W"}, {"28": "W", "26": "E", "18": "W"}, {"28": "W", "0": "S", "26": "N", "18": "S"}, {"28": "W", "0": "W", "18": "W"}, {"28": "S", "0": "W", "18": "W"}, {"28": "S", "18": "S"}, {"26": "N"}, {"2": "S", "4": "N", "5": "E", "7": "S", "8": "E", "9": "N", "11": "E", "12": "E", "17": "E", "25": "S", "32": "E", "39": "W", "22": "E", "38": "W", "31": "S", "33": "N"}, {"2": "S", "4": "N", "6": "S", "7": "S", "9": "E", "12": "N", "17": "N", "25": "S", "32": "S", "39": "N", "22": "E", "38": "W", "31": "S", "33": "W", "20": "N"}, {"2": "E", "4": "N", "5": "S", "6": "S", "7": "E", "8": "E", "9": "S", "11": "S", "12": "E", "17": "E", "25": "W", "29": "S", "39": "W", "22": "S", "33": "N", "20": "E"}, {"2": "S", "4": "E", "6": "S", "7": "E", "9": "E", "11": "E", "12": "S", "17": "E", "25": "S", "36": "N", "22": "S", "23": "S", "33": "W", "24": "N", "20": "N"}, {"2": "W", "9": "E", "17": "S", "25": "W", "30": "N", "36": "N", "22": "W", "23": "E", "38": "N", "33": "W", "20": "N", "13": "S", "14": "N"}, {"2": "S", "5": "S", "7": "S", "8": "E", "12": "E", "17": "E", "36": "E", "22": "W", "23": "E", "20": "N", "13": "S", "14": "E"}, {"2": "S", "8": "E", "9": "E", "12": "S", "17": "E", "27": "W", "22": "S", "23": "S", "38": "S", "24": "W", "20": "E"}, {"2": "S", "7": "S", "8": "E", "9": "N", "17": "E", "36": "E", "38": "S", "13": "W"}, {"17": "N", "36": "N", "38": "S"}, {"9": "N", "12": "E", "17": "N", "36": "E", "23": "S", "38": "S", "24": "W", "20": "E", "14": "E"}, {"12": "E", "23": "S", "24": "W", "14": "E"}, {"12": "E", "36": "E", "27": "W", "23": "S", "38": "W", "20": "N", "14": "E"}, {"12": "S", "36": "N", "27": "S", "23": "E", "38": "S"}, {"7": "E", "12": "S", "23": "E", "38": "E"}, {"7": "E", "27": "E", "23": "S", "38": "E", "14": "E"}, {"7": "S", "27": "E", "23": "S", "38": "S", "20": "E", "14": "N"}, {"12": "S", "23": "E", "38": "S", "31": "S", "24": "N", "20": "E", "14": "E"}, {"9": "N", "38": "S", "24": "N", "20": "E", "14": "E"}, {"38": "E", "31": "E", "33": "N", "24": "N", "20": "E", "14": "S"}, {"27": "N", "38": "E", "31": "S", "33": "N", "24": "E"}, {"27": "N", "23": "E", "38": "E", "33": "N", "24": "N"}, {"38": "S", "33": "N", "24": "N", "14": "E"}, {"38": "S", "33": "N", "24": "N", "14": "E"}, {"27": "N", "33": "W", "24": "N", "20": "E", "14": "E"}, {"27": "E", "31": "E", "33": "N", "24": "E", "20": "S", "14": "S"}, {"31": "E", "33": "N", "20": "S", "13": "W", "14": "S"}, {"31": "N", "33": "N", "20": "E", "13": "W", "14": "S"}, {"23": "S", "20": "E", "13": "N"}, {"23": "E", "31": "N", "20": "S", "13": "N"}, {"23": "E", "31": "N", "20": "S", "13": "W", "14": "S"}, {"23": "E", "31": "N", "24": "E", "20": "S", "13": "N", "14": "S"}, {"23": "N", "24": "E", "14": "S"}, {"23": "N", "33": "E", "24": "N", "13": "W", "14": "W"}, {"33": "E", "24": "E", "13": "W"}, {"23": "N", "33": "S", "24": "S", "13": "N", "14": "W"}, {"24": "E", "13": "N"}, {"13": "E"}, {"24": "S"}, {"24": "S"}, {"24": "E"}]}