{"instance": "galaxy_cluster_00000_20x20_20_80", "steps": [{"18": "N", "0": "W", "1": "E", "4": "S", "6": "S", "8": "S", "9": "W", "13": "W", "14": "S", "15": "W", "16": "S", "20": "N", "21": "W", "22": "S", "24": "S", "25": "S", "27": "W", "28": "E", "31": "E", "32": "W", "34": "S", "35": "W", "36": "E", "37": "E", "38": "E", "40": "N", "41": "S", "43": "W", "44": "W", "45": "S", "46": "S", "47": "E", "48": "W", "49": "N", "50": "S", "51": "S", "52": "N", "55": "E", "56": "W", "58": "S", "59": "W", "60": "W", "62": "E", "63": "N", "64": "E", "65": "W", "66": "E", "67": "E", "68": "E", "70": "W", "71": "W", "72": "W", "74": "S", "75": "E", "76": "N", "77": "E", "78": "S"}, {"19": "S", "0": "N", "1": "E", "3": "W", "4": "S", "6": "E", "7": "N", "8": "E", "9": "N", "10": "E", "11": "W", "12": "E", "14": "E", "15": "W", "16": "S", "20": "E", "22": "E", "23": "W", "26": "N", "27": "S", "28": "E", "30": "E", "31": "S", "32": "W", "33": "W", "34": "E", "35": "S", "36": "E", "37": "N", "38": "S", "41": "W", "43": "W", "44": "W", "46": "E", "47": "E", "48": "W", "49": "N", "50": "S", "51": "E", "52": "E", "53": "N", "54": "N", "55": "E", "56": "S", "58": "S", "59": "N", "61": "S", "63": "N", "64": "E", "65": "W", "67": "E", "68": "S", "70": "W", "72": "W", "74": "S", "75": "E", "77": "N", "78": "S", "79": "S"}, {"18": "N", "19": "S", "0": "W", "2": "N", "3": "W", "4": "S", "5": "W", "6": "S", "7": "N", "8": "E", "9": "W", "10": "E", "11": "W", "12": "E", "13": "N", "14": "E", "15": "W", "16": "S", "17": "N", "20": "S", "23": "N", "26": "E", "27": "W", "28": "N", "29": "E", "30": "E", "31": "S", "32": "W", "34": "E", "35": "S", "36": "E", "37": "W", "38": "E", "40": "N", "41": "W", "43": "N", "44": "W", "45": "W", "47": "E", "48": "W", "49": "N", "50": "W", "51": "E", "52": "N", "53": "W", "54": "N", "55": "S", "56": "W", "58": "S", "61": "S", "62": "E", "63": "N", "64": "E", "65": "W", "66": "S", "67": "S", "69": "E", "70": "S", "71": "N", "72": "W", "74": "S", "75": "E", "77": "N", "78": "W", "79": "S"}, {"18": "N", "19": "S", "1": "S", "2": "W", "4": "W", "5": "W", "6": "S", "8": "S", "10": "E", "11": "W", "12": "S", "13": "W", "15": "W", "17": "W", "22": "E", "23": "W", "24": "S", "25": "S", "26": "E", "27": "W", "28": "N", "29": "E", "30": "S", "31": "E", "32": "W", "34": "E", "35": "E", "36": "E", "44": "W", "45": "S", "47": "E", "49": "N", "52": "E", "53": "W", "56": "S", "58": "E", "61": "W", "62": "E", "64": "S", "65": "S", "66": "S", "68": "E", "69": "E", "70": "S", "71": "W", "72": "S", "74": "W", "75": "N", "77": "E", "78": "W", "79": "W"}, {"18": "N", "0": "W", "2": "W", "4": "W", "5": "N", "6": "S", "7": "N", "8": "E", "9": "N", "11": "W", "12": "S", "13": "W", "14": "S", "15": "N", "16": "E", "17": "W", "23": "W", "25": "S", "26": "E", "27": "N", "28": "E", "29": "E", "31": "E", "33": "W", "35": "S", "36": "E", "37": "N", "40": "E", "42": "N", "44": "W", "45": "W", "47": "S", "48": "W", "51": "E", "53": "W", "56": "W", "57": "E", "60": "N", "64": "E", "66": "S", "67": "E", "68": "E", "69": "N", "70": "S", "71": "N", "72": "W", "74": "N", "77": "N", "78": "W", "79": "S"}, {"18": "N", "2": "N", "3": "W", "4": "W", "5": "W", "6": "S", "7": "N", "9": "N", "10": "S", "11": "W", "12": "S", "13": "W", "16": "E", "17": "N", "20": "E", "21": "W", "25": "W", "27": "W", "28": "S", "30": "S", "31": "S", "33": "W", "35": "W", "36": "N", "37": "W", "40": "E", "44": "W", "47": "E", "51": "S", "52": "N", "53": "W", "56": "N", "57": "S", "62": "S", "64": "E", "66": "S", "67": "N", "69": "E", "70": "W", "71": "E", "74": "W", "77": "E", "78": "N", "79": "S"}, {"73": "W"}, {"73": "W"}, {"73": "W"}, {"73": "W"}, {"73": "W"}, {"73": "W"}, {"73": "W"}, {"73": "S"}, {"73": "W"}, {"73": "W"}, {"47": "N"}, {"47": "N"}, {"47": "W"}, {"47": "W"}, {"47": "W"}, {"47": "W"}, {"47": "W"}, {"47": "W"}, {"47": "N"}, {"47": "N"}, {"47": "W"}, {"47": "N"}, {"47": "W"}, {"47": "W"}, {"47": "W"}, {"47": "W"}, {"47": "W"}, {"47": "W"}, {"29": "E"}, {"29": "S"}, {"29": "S"}, {"29": "S"}, {"29": "S"}, {"29": "S"}, {"23": "W"}, {"23": "W"}, {"23": "W"}, {"23": "S"}, {"23": "S"}, {"23": "S"}, {"15": "N"}, {"15": "N"}, {"15": "E"}, {"15": "E"}, {"15": "E"}, {"5": "E"}, {"5": "N"}, {"5": "E"}, {"5": "N"}, {"5": "E"}, {"5": "E"}, {"63": "S"}, {"63": "W"}, {"63": "W"}, {"63": "W"}, {"63": "S"}, {"63": "S"}, {"63": "W"}, {"63": "W"}, {"63": "W"}, {"63": "W"}, {"63": "W"}, {"63": "W"}, {"63": "W"}, {"63": "N"}, {"63": "W"}, {"68": "S"}, {"68": "S"}, {"68": "W"}, {"68": "W"}, {"68": "S"}, {"68": "W"}, {"68": "W"}, {"68": "W"}, {"68": "W"}, {"68": "N"}, {"68": "W"}, {"68": "N"}, {"68": "W"}, {"68": "W"}, {"68": "N"}, {"68": "W"}, {"68": "W"}, {"44": "N"}, {"44": "N"}, {"44": "N"}, {"44": "N"}, {"44": "N"}, {"44": "N"}, {"44": "N"}, {"44": "N"}, {"44": "N"}, {"44": "N"}, {"44": "E"}, {"44": "N"}, {"44": "N"}, {"44": "N"}, {"44": "N"}, {"44": "W"}, {"39": "S"}, {"39": "S"}, {"39": "S"}, {"39": "S"}, {"39": "S"}, {"39": "S"}, {"39": "S"}, {"39": "S"}, {"39": "E"}, {"65": "E"}, {"65": "E"}, {"65": "N"}, {"65": "N"}, {"65": "E"}, {"65": "E"}, {"65": "E"}, {"65": "E"}, {"65": "S"}, {"65": "E"}, {"65": "E"}, {"65": "N"}, {"65": "E"}, {"65": "E"}, {"65": "E"}, {"65": "E"}, {"65": "E"}, {"65": "E"}, {"65": "E"}, {"65": "E"}, {"65": "S"}, {"65": "E"}, {"65": "E"}, {"59": "S"}, {"59": "S"}, {"59": "E"}, {"59": "E"}, {"59": "S"}, {"59": "E"}, {"59": "E"}, {"59": "S"}, {"59": "E"}, {"59": "E"}, {"59": "E"}, {"59": "E"}, {"50": "W"}, {"50": "N"}, {"50": "N"}, {"50": "W"}, {"50": "N"}, {"50": "N"}, {"50": "N"}, {"50": "N"}, {"50": "N"}, {"50": "W"}, {"50": "W"}, {"50": "N"}, {"50": "N"}, {"50": "N"}, {"50": "W"}, {"50": "W"}, {"50": "W"}, {"50": "W"}, {"50": "N"}, {"50": "N"}, {"45": "S"}, {"45": "E"}, {"45": "N"}, {"45": "E"}, {"45": "N"}, {"45": "E"}, {"45": "N"}, {"45": "E"}, {"45": "E"}, {"45": "E"}, {"45": "E"}, {"45": "E"}, {"45": "E"}, {"45": "E"}, {"45": "S"}, {"1": "S"}, {"1": "S"}, {"1": "S"}, {"1": "W"}, {"1": "S"}, {"1": "W"}, {"1": "W"}, {"1": "W"}, {"1": "N"}, {"1": "N"}, {"1": "W"}, {"1": "N"}, {"1": "N"}, {"1": "W"}, {"1": "N"}, {"1": "N"}, {"1": "W"}, {"1": "W"}, {"1": "W"}, {"1": "W"}, {"1": "W"}, {"1": "W"}, {"79": "S"}, {"79": "E"}, {"79": "S"}, {"79": "E"}, {"79": "E"}, {"79": "E"}, {"79": "E"}, {"79": "E"}, {"79": "E"}, {"79": "E"}, {"79": "E"}, {"79": "E"}, {"79": "E"}, {"79": "N"}, {"79": "E"}, {"76": "W"}, {"76": "W"}, {"76": "S"}, {"76": "W"}, {"76": "W"}, {"76": "W"}, {"76": "W"}, {"76": "S"}, {"76": "S"}, {"76": "S"}, {"74": "N"}, {"74": "W"}, {"74": "W"}, {"74": "W"}, {"74": "N"}, {"74": "W"}, {"74": "N"}, {"74": "N"}, {"74": "N"}, {"74": "N"}, {"74": "N"}, {"74": "N"}, {"74": "W"}, {"72": "W"}, {"72": "N"}, {"72": "N"}, {"72": "N"}, {"72": "N"}, {"72": "E"}, {"72": "N"}, {"72": "N"}, {"72": "W"}, {"72": "N"}, {"72": "N"}, {"72": "N"}, {"72": "N"}, {"72": "N"}, {"61": "N"}, {"61": "E"}, {"61": "E"}, {"61": "N"}, {"61": "N"}, {"61": "N"}, {"61": "N"}, {"61": "N"}, {"61": "N"}, {"61": "E"}, {"61": "N"}, {"61": "N"}, {"58": "E"}, {"58": "E"}, {"58": "E"}, {"58": "E"}, {"58": "E"}, {"58": "N"}, {"58": "E"}, {"58": "N"}, {"58": "N"}, {"58": "N"}, {"58": "W"}, {"58": "W"}, {"58": "W"}, {"58": "W"}, {"58": "S"}, {"58": "W"}, {"58": "W"}, {"58": "W"}, {"58": "W"}, {"58": "W"}, {"58": "W"}, {"58": "W"}, {"58": "W"}, {"58": "W"}, {"58": "W"}, {"58": "W"}, {"58": "W"}, {"58": "S"}, {"58": "W"}, {"58": "W"}, {"58": "W"}, {"58": "W"}, {"54": "S"}, {"54": "S"}, {"54": "S"}, {"54": "S"}, {"54": "S"}, {"54": "S"}, {"54": "S"}, {"54": "S"}, {"54": "S"}, {"54": "S"}, {"54": "W"}, {"46": "N"}, {"46": "W"}, {"46": "W"}, {"46": "W"}, {"46": "W"}, {"46": "W"}, {"46": "N"}, {"46": "W"}, {"46": "N"}, {"46": "N"}, {"46": "W"}, {"46": "W"}, {"46": "W"}, {"46": "W"}, {"46": "W"}, {"46": "W"}, {"46": "W"}, {"46": "W"}, {"46": "N"}, {"46": "W"}, {"46": "W"}, {"46": "W"}, {"46": "W"}, {"46": "W"}, {"46": "N"}, {"46": "N"}, {"46": "E"}, {"46": "N"}, {"41": "N"}, {"41": "N"}, {"41": "N"}, {"41": "N"}, {"41": "N"}, {"41": "N"}, {"41": "N"}, {"41": "N"}, {"41": "N"}, {"41": "N"}, {"41": "N"}, {"41": "N"}, {"41": "N"}, {"41": "N"}, {"41": "W"}, {"38": "W"}, {"38": "W"}, {"38": "W"}, {"38": "W"}, {"38": "S"}, {"38": "W"}, {"38": "W"}, {"38": "W"}, {"38": "W"}, {"38": "W"}, {"38": "W"}, {"35": "N"}, {"35": "E"}, {"35": "E"}, {"35": "E"}, {"35": "E"}, {"35": "N"}, {"35": "E"}, {"35": "E"}, {"35": "N"}, {"35": "E"}, {"35": "E"}, {"35": "S"}, {"17": "S"}, {"17": "S"}, {"17": "S"}, {"17": "S"}, {"17": "S"}, {"17": "W"}, {"60": "E"}, {"60": "N"}, {"60": "N"}, {"60": "E"}, {"60": "E"}, {"60": "E"}, {"60": "N"}, {"60": "N"}, {"60": "E"}, {"60": "E"}, {"60": "E"}, {"60": "N"}, {"60": "E"}, {"60": "N"}, {"60": "E"}, {"60": "E"}, {"60": "E"}, {"60": "E"}, {"60": "N"}, {"60": "N"}, {"60": "N"}, {"60": "E"}, {"60": "N"}, {"43": "S"}, {"43": "E"}, {"43": "S"}, {"43": "E"}, {"43": "E"}, {"43": "E"}, {"43": "S"}, {"43": "S"}, {"43": "S"}, {"43": "S"}, {"43": "E"}, {"43": "S"}, {"43": "E"}, {"43": "E"}, {"43": "S"}, {"43": "S"}, {"43": "E"}, {"43": "E"}, {"43": "E"}, {"43": "S"}, {"43": "S"}, {"43": "S"}, {"43": "S"}, {"32": "N"}, {"32": "N"}, {"32": "N"}, {"32": "E"}, {"32": "N"}, {"32": "E"}, {"32": "N"}, {"32": "E"}, {"32": "E"}, {"32": "N"}, {"32": "N"}, {"32": "N"}, {"32": "N"}, {"32": "N"}, {"32": "N"}, {"32": "N"}, {"32": "N"}, {"32": "N"}, {"32": "N"}, {"32": "W"}, {"32": "N"}, {"32": "N"}, {"32": "N"}, {"32": "E"}, {"32": "E"}, {"32": "S"}, {"26": "N"}, {"26": "W"}, {"26": "N"}, {"26": "N"}, {"26": "N"}, {"26": "N"}, {"26": "N"}, {"26": "N"}, {"26": "N"}, {"25": "S"}, {"25": "E"}, {"25": "E"}, {"25": "S"}, {"25": "S"}, {"25": "E"}, {"25": "E"}, {"25": "S"}, {"25": "E"}, {"25": "E"}, {"25": "E"}, {"25": "E"}, {"25": "E"}, {"14": "E"}, {"14": "E"}, {"14": "S"}, {"14": "E"}, {"14": "S"}, {"14": "S"}, {"14": "S"}, {"14": "W"}, {"14": "W"}, {"14": "W"}, {"14": "N"}, {"14": "W"}, {"14": "W"}, {"14": "W"}, {"14": "W"}, {"14": "W"}, {"14": "N"}, {"14": "W"}, {"14": "W"}, {"14": "W"}, {"10": "W"}, {"10": "W"}, {"10": "W"}, {"10": "W"}, {"10": "W"}, {"10": "N"}, {"10": "W"}, {"10": "N"}, {"10": "N"}, {"10": "W"}, {"10": "W"}, {"10": "N"}, {"10": "W"}, {"10": "W"}, {"10": "W"}, {"10": "W"}, {"10": "W"}, {"10": "W"}, {"10": "N"}, {"10": "N"}, {"8": "N"}, {"8": "W"}, {"8": "N"}, {"8": "N"}, {"8": "N"}, {"8": "N"}, {"8": "N"}, {"8": "N"}, {"8": "W"}, {"8": "N"}, {"8": "N"}, {"8": "W"}, {"8": "W"}, {"8": "W"}, {"8": "W"}, {"8": "W"}, {"8": "N"}, {"8": "W"}, {"8": "W"}, {"8": "W"}, {"8": "W"}, {"8": "W"}, {"8": "W"}, {"8": "W"}, {"3": "N"}, {"3": "E"}, {"3": "E"}, {"3": "S"}, {"3": "E"}, {"3": "E"}, {"78": "N"}, {"78": "E"}, {"78": "N"}, {"78": "E"}, {"78": "E"}, {"78": "E"}, {"78": "N"}, {"78": "E"}, {"78": "N"}, {"78": "E"}, {"78": "E"}, {"78": "N"}, {"78": "N"}, {"78": "N"}, {"78": "E"}, {"78": "E"}, {"78": "E"}, {"78": "N"}, {"78": "N"}, {"78": "E"}, {"78": "E"}, {"78": "N"}, {"78": "E"}, {"78": "E"}, {"77": "E"}, {"77": "S"}, {"77": "S"}, {"77": "S"}, {"77": "W"}, {"77": "W"}, {"77": "S"}, {"77": "W"}, {"77": "W"}, {"77": "W"}, {"77": "W"}, {"77": "S"}, {"77": "W"}, {"77": "W"}, {"77": "W"}, {"77": "W"}, {"77": "W"}, {"77": "W"}, {"77": "W"}, {"77": "W"}, {"77": "W"}, {"77": "W"}, {"77": "W"}, {"77": "W"}, {"75": "W"}, {"75": "N"}, {"75": "N"}, {"75": "W"}, {"75": "N"}, {"75": "N"}, {"75": "W"}, {"75": "W"}, {"75": "W"}, {"75": "W"}, {"75": "W"}, {"75": "W"}, {"75": "W"}, {"71": "W"}]}