{"instance": "small_free_001_10x10_40_40", "steps": [{"0": "W", "1": "N", "15": "S", "26": "W", "28": "E", "2": "W", "4": "S", "5": "N", "6": "W", "7": "N", "9": "S", "10": "S", "11": "W", "12": "W", "14": "N", "16": "E", "17": "W", "20": "W", "22": "S", "23": "N", "24": "S", "25": "E", "27": "S", "29": "E", "30": "W", "31": "S", "32": "E", "33": "S", "34": "E", "36": "W", "38": "N", "39": "E"}, {"0": "N", "15": "S", "26": "S", "28": "E", "35": "E", "2": "N", "4": "S", "5": "N", "6": "N", "7": "N", "8": "W", "11": "N", "12": "N", "14": "N", "16": "E", "17": "W", "20": "W", "22": "E", "23": "W", "24": "S", "27": "W", "29": "E", "36": "W", "38": "E", "39": "S"}, {"0": "N", "15": "S", "2": "N", "4": "W", "5": "N", "8": "W", "9": "S", "10": "S", "11": "N", "12": "N", "13": "E", "16": "N", "17": "W", "18": "S", "20": "S", "22": "E", "24": "S", "25": "E", "27": "S", "30": "S", "33": "W", "34": "N", "36": "W", "37": "N", "38": "N", "39": "E"}, {"0": "N", "2": "E", "4": "S", "5": "N", "6": "W", "8": "W", "9": "S", "10": "S", "11": "N", "12": "W", "13": "E", "16": "W", "17": "W", "18": "S", "22": "S", "24": "S", "25": "S", "27": "W", "30": "S", "31": "E", "32": "E", "33": "S", "34": "N", "37": "N", "38": "W", "39": "E"}, {"0": "N", "1": "E", "3": "S", "2": "N", "7": "W", "8": "W", "9": "S", "10": "E", "12": "N", "13": "N", "16": "N", "23": "W", "25": "S", "30": "W", "31": "S", "33": "W", "34": "N", "37": "W", "38": "N", "39": "S"}, {"0": "N", "3": "S", "26": "S", "6": "N", "9": "E", "11": "N", "12": "N", "16": "E", "20": "E", "25": "E", "34": "E", "36": "N", "37": "W", "38": "E"}, {"1": "N", "28": "N", "2": "W", "8": "N", "9": "S", "12": "E", "20": "S", "22": "E", "27": "S", "32": "S", "34": "E", "36": "W", "37": "W", "38": "N"}, {"1": "N", "15": "S", "28": "N", "2": "N", "6": "W", "8": "N", "9": "S", "11": "E", "12": "N", "14": "W", "22": "E", "27": "S", "29": "N", "32": "W", "33": "W", "34": "N", "36": "N", "37": "S"}, {"1": "W", "15": "W", "5": "N", "6": "W", "11": "N", "13": "N", "14": "W", "16": "E", "19": "N", "27": "E", "30": "W", "32": "W", "33": "W", "34": "N", "36": "N", "38": "N"}, {"1": "N", "2": "E", "5": "N", "10": "E", "11": "E", "14": "S", "19": "N", "27": "E", "30": "W", "32": "W", "33": "S", "34": "E", "36": "N"}, {"1": "W", "4": "E", "5": "W", "6": "W", "7": "N", "9": "S", "11": "E", "14": "E", "17": "S", "19": "N", "22": "N", "27": "S", "30": "W", "33": "S", "34": "N", "39": "E"}, {"1": "W", "26": "S", "28": "N", "9": "S", "11": "E", "13": "E", "14": "E", "17": "S", "18": "E", "20": "S", "27": "W", "29": "N", "30": "N", "33": "W", "34": "W", "39": "E"}, {"0": "E", "28": "W", "2": "E", "6": "N", "9": "E", "10": "E", "11": "S", "14": "E", "16": "E", "17": "S", "18": "E", "23": "S", "24": "E", "29": "N", "30": "E", "33": "W", "34": "W", "36": "W", "39": "N"}, {"1": "S", "15": "N", "28": "W", "0": "E"}, {"1": "S", "15": "N", "26": "E", "28": "W", "0": "S", "3": "W", "31": "E"}, {"1": "S", "15": "N", "26": "N", "28": "W", "0": "S", "3": "N", "31": "E"}, {"1": "S", "15": "N", "26": "E", "28": "W", "0": "S", "3": "N", "31": "S"}, {"1": "E", "15": "N", "26": "E", "28": "W", "0": "S", "3": "N"}, {"1": "S", "15": "N", "26": "E", "28": "S", "32": "S", "0": "S", "3": "W"}, {"1": "W", "15": "W", "26": "E", "28": "W", "35": "N", "3": "N"}, {"1": "S", "15": "N", "26": "E", "28": "W", "35": "W", "32": "S", "3": "W"}, {"26": "E", "28": "W", "35": "W", "32": "S", "0": "S", "3": "N"}, {"15": "W", "26": "E", "32": "E", "0": "S"}, {"15": "N", "26": "E", "35": "S", "32": "S"}, {"3": "W"}, {"0": "S", "3": "N"}, {"32": "S", "0": "S", "3": "E"}, {"0": "E", "3": "E"}, {"0": "E"}, {"0": "N"}, {"32": "S"}, {"32": "E"}, {"32": "E"}, {"32": "N"}, {"32": "E"}]}