{"instance": "small_free_001_10x10_40_40", "steps": [{"7": "E", "9": "E", "13": "N", "5": "N", "21": "N", "3": "N", "25": "S", "22": "S", "36": "N", "38": "E", "33": "W", "34": "E", "18": "W", "26": "S", "35": "W", "28": "N", "20": "S", "1": "S", "31": "S", "15": "W", "27": "E", "6": "W", "4": "W", "10": "N", "24": "N", "37": "E", "12": "E", "16": "S", "17": "S", "14": "E"}, {"19": "S", "38": "N", "15": "N", "6": "W", "7": "N", "36": "W", "28": "W", "18": "N", "8": "S", "22": "W", "13": "N", "11": "E", "10": "N", "21": "N", "1": "W", "12": "W", "33": "N", "17": "N", "0": "S", "3": "W", "4": "S", "5": "N", "2": "E", "31": "E", "34": "E", "39": "W", "23": "S", "26": "W"}, {"2": "E", "34": "W", "38": "S", "5": "E", "17": "S", "30": "W", "39": "N", "7": "N", "18": "W", "26": "S", "4": "N", "14": "S", "19": "W", "1": "S", "36": "E", "33": "S", "20": "W", "31": "S", "22": "N", "28": "N", "29": "S", "27": "E", "21": "N", "3": "N"}, {"24": "S", "36": "N", "26": "E", "29": "W", "17": "S", "32": "S", "18": "W", "28": "N", "2": "E", "14": "S", "0": "S", "13": "W", "38": "S", "34": "W", "12": "S", "30": "W", "15": "W", "37": "S", "7": "E", "5": "N", "10": "E"}, {"9": "S", "19": "S", "30": "E", "38": "S", "7": "E", "25": "N", "5": "E", "29": "W", "13": "N", "33": "N", "14": "E", "1": "E", "0": "S", "16": "N", "24": "E", "28": "E", "15": "W", "18": "N", "11": "N"}, {"33": "N", "20": "N", "1": "W", "38": "W", "37": "S", "26": "E", "14": "S", "27": "E", "32": "E", "16": "N", "15": "N", "31": "E", "6": "N", "28": "S", "25": "S", "12": "E", "13": "E"}, {"30": "W", "12": "E", "11": "N", "18": "S", "29": "E", "34": "S", "36": "W", "28": "W", "20": "E", "15": "S", "4": "N", "10": "N", "31": "S", "13": "W", "14": "E", "38": "E"}, {"28": "E", "29": "W", "20": "W", "9": "E", "24": "E", "34": "E", "31": "E", "13": "W", "30": "N", "25": "E", "37": "E", "26": "E", "12": "E", "2": "N", "1": "E", "18": "W", "15": "N", "6": "E", "16": "W", "23": "E"}, {"12": "W", "26": "S", "36": "E", "8": "N", "33": "W", "6": "W", "1": "W", "20": "E", "2": "S", "11": "N", "16": "S", "34": "W", "18": "S", "30": "W", "28": "W"}, {"2": "E", "14": "N", "25": "W", "30": "E", "17": "E", "6": "N", "36": "S", "26": "N", "7": "W", "18": "N", "11": "E", "0": "S", "29": "S", "8": "N", "1": "W", "20": "N", "12": "N", "33": "W"}, {"29": "N", "7": "E", "28": "S", "12": "S", "4": "W", "33": "S", "30": "E", "13": "E", "6": "S", "34": "E", "0": "N", "36": "N", "11": "E", "8": "N", "20": "S", "2": "W"}, {"16": "N", "38": "S", "18": "E", "2": "S", "13": "W", "20": "E", "26": "S", "25": "N", "34": "W", "12": "N", "6": "N", "7": "W", "28": "E"}, {"15": "S", "7": "E", "37": "W", "25": "E", "36": "W", "38": "N", "18": "W", "0": "S", "6": "S", "33": "W", "28": "W", "29": "E", "10": "N"}, {"26": "W", "38": "N", "10": "N", "20": "W", "28": "E", "22": "W", "0": "N", "29": "W", "7": "N", "37": "E", "12": "E", "25": "E", "15": "N", "34": "E", "39": "W", "17": "S", "18": "E", "16": "S"}, {"22": "N", "3": "N", "26": "E", "32": "N", "17": "E", "28": "W", "25": "E", "6": "W", "20": "E", "13": "E", "33": "N", "34": "W", "29": "N", "7": "E", "36": "E", "15": "S", "12": "W"}, {"36": "N", "39": "W", "7": "E", "12": "E", "29": "S", "15": "E", "32": "S", "16": "S", "28": "E", "23": "N", "18": "S", "13": "W", "24": "E", "17": "E", "33": "S", "6": "W", "25": "S", "20": "W", "3": "W", "26": "N"}, {"13": "W", "25": "S", "9": "S", "21": "E", "26": "W", "20": "E", "28": "E", "18": "N", "39": "S", "33": "N", "6": "S", "4": "W", "7": "E"}, {"34": "E", "36": "S", "37": "W", "0": "E", "21": "E", "33": "W", "23": "W", "18": "W", "16": "N", "7": "S", "22": "W", "26": "S", "15": "W", "28": "W"}, {"17": "S", "28": "E", "16": "S", "21": "W", "9": "S", "34": "W", "12": "W", "33": "S", "36": "N", "24": "N", "26": "N", "20": "W", "15": "N", "23": "E", "29": "S", "7": "E"}, {"17": "E", "18": "S", "33": "N", "22": "E", "20": "N", "7": "E", "37": "E", "39": "W", "16": "N", "12": "E", "34": "S", "9": "S", "29": "N", "26": "E", "36": "N", "28": "W"}, {"18": "N", "33": "W", "10": "E", "20": "E", "21": "E", "7": "S", "22": "W", "14": "E", "9": "E", "17": "N", "16": "N", "34": "S", "29": "S", "23": "E"}, {"39": "W", "18": "S", "15": "S", "10": "N", "0": "W", "24": "S", "34": "N", "29": "N", "20": "E", "36": "W", "14": "S", "37": "E", "9": "E", "16": "N", "21": "W"}, {"16": "N", "24": "N", "33": "N", "28": "E", "18": "N", "26": "E", "9": "E", "34": "N", "38": "S", "36": "N", "15": "N", "10": "E", "14": "S", "13": "E"}, {"38": "S", "10": "N", "29": "S", "12": "E", "26": "W", "28": "W", "27": "S", "20": "W", "21": "S", "16": "S", "33": "N", "36": "N", "13": "E"}, {"23": "E", "21": "N", "32": "N", "12": "E", "18": "N", "13": "W", "37": "S", "33": "N", "20": "E", "26": "W", "34": "E", "27": "N", "16": "S", "36": "S", "29": "W"}, {"15": "E", "18": "N", "36": "E", "23": "N", "29": "S", "33": "N", "37": "N", "32": "S", "26": "E", "22": "N", "34": "W", "12": "S", "27": "S", "20": "N"}, {"16": "S", "37": "E", "23": "S", "28": "E", "20": "E", "33": "W", "15": "S"}, {"13": "E", "28": "N", "33": "N", "38": "W", "15": "N", "20": "E", "27": "E", "3": "E", "26": "E", "16": "E", "14": "E", "29": "N"}, {"33": "N", "28": "W", "23": "S", "26": "E", "3": "N", "0": "E", "29": "W", "20": "E", "21": "N"}, {"15": "N", "13": "E", "18": "N", "28": "W", "26": "W", "29": "W", "27": "E", "37": "S"}, {"13": "E", "37": "N", "29": "E", "33": "N", "23": "N", "26": "E", "28": "N", "20": "N", "27": "S", "18": "S"}, {"15": "S", "13": "W", "38": "S", "27": "S", "16": "W", "23": "S", "26": "W", "28": "E", "37": "S", "33": "E"}, {"28": "W", "29": "N", "33": "E", "16": "E", "37": "E", "34": "W", "27": "W", "20": "N", "13": "W", "15": "W"}, {"28": "W", "29": "S", "20": "E", "37": "N", "13": "W", "23": "N", "34": "E", "26": "W", "27": "S"}, {"37": "E", "23": "S", "34": "W", "33": "S", "13": "E", "29": "N", "20": "E", "28": "E"}, {"13": "W", "20": "S", "29": "S", "28": "E", "34": "E", "18": "S"}, {"20": "S", "13": "E", "15": "E", "29": "N", "26": "S", "28": "S", "34": "W", "38": "S", "18": "S"}, {"20": "E", "0": "W", "34": "E", "18": "N", "13": "W", "15": "W", "26": "W", "24": "E", "28": "E"}, {"13": "E", "26": "E", "28": "E", "24": "W", "15": "S", "23": "S", "20": "E", "34": "W"}, {"0": "N", "26": "E", "20": "S", "23": "N", "13": "W"}, {"20": "S", "13": "E", "16": "W", "38": "N", "23": "S", "15": "N", "28": "N", "26": "E", "18": "N", "34": "S"}, {"13": "W", "28": "N", "0": "E", "26": "E", "20": "S", "34": "N", "16": "E"}, {"28": "N", "29": "S", "16": "E", "26": "E"}, {"15": "S", "29": "N", "28": "E", "16": "W", "26": "S", "13": "E"}, {"15": "N", "29": "S", "13": "W", "18": "S"}, {"29": "N", "18": "N", "15": "S", "26": "N", "0": "N", "28": "W", "13": "E"}, {"0": "S", "28": "E", "13": "W", "15": "N", "26": "S"}, {"0": "N", "34": "S", "28": "N", "18": "S", "15": "S", "13": "S", "29": "S", "24": "S", "38": "S", "23": "N", "26": "N"}, {"14": "S", "28": "N", "18": "S", "24": "W", "38": "S", "0": "N", "34": "W", "26": "S", "32": "S", "23": "S", "16": "W", "13": "W", "15": "S"}, {"18": "W", "29": "S", "0": "S", "28": "W", "3": "W", "26": "N", "16": "E", "15": "N"}, {"38": "S", "29": "N", "21": "N", "15": "S", "28": "N", "13": "E", "0": "S"}, {"38": "S", "18": "N", "26": "W", "14": "E", "15": "W", "16": "W"}, {"32": "S", "29": "W", "15": "E", "16": "W", "26": "E", "18": "E", "28": "S", "38": "E", "13": "N"}, {"13": "W", "18": "N", "15": "N", "23": "E", "29": "N", "16": "S", "24": "S", "14": "E"}, {"23": "W", "29": "E", "18": "N", "14": "E", "24": "W", "13": "W"}, {"16": "N", "28": "E", "24": "N", "15": "S", "0": "W", "32": "E"}, {"32": "W", "26": "S", "15": "N", "24": "N", "28": "W", "0": "E", "16": "S"}, {"15": "W", "32": "E", "29": "W", "18": "N", "13": "E", "28": "N", "26": "S", "24": "N"}, {"26": "N", "13": "W", "29": "N", "32": "W", "28": "N", "15": "E", "16": "N"}, {"28": "E", "16": "S", "26": "N", "13": "E"}, {"32": "N", "26": "S", "34": "N", "28": "W"}, {"26": "N", "16": "N", "15": "N", "0": "N", "28": "W"}, {"23": "N", "15": "E", "16": "E", "26": "W", "29": "S"}, {"16": "E", "23": "S", "26": "E", "15": "N", "28": "S", "29": "E", "0": "S", "24": "S", "13": "E"}, {"13": "W", "28": "N", "16": "E", "24": "N"}, {"0": "N", "16": "W", "13": "E", "24": "S", "32": "E"}, {"24": "N", "0": "S", "15": "S", "13": "E", "32": "S", "29": "W", "28": "W"}, {"23": "E", "29": "N", "26": "W", "28": "S", "13": "W", "0": "N", "24": "E"}, {"13": "W", "24": "N", "28": "E", "26": "E", "29": "N", "0": "N"}, {"28": "S", "29": "E", "26": "S", "0": "S", "32": "E"}, {"15": "N", "26": "N"}, {"28": "W", "26": "W"}, {"16": "E", "28": "N", "26": "E"}, {"0": "N", "24": "N", "16": "W", "15": "S", "29": "N", "28": "E"}, {"15": "N", "0": "E", "28": "W"}, {"0": "W", "28": "N", "26": "W", "23": "W"}, {"28": "W", "0": "E", "13": "W", "26": "N"}, {"23": "W", "32": "N", "26": "E", "24": "N", "13": "W", "28": "S", "15": "N"}, {"26": "S", "32": "S", "15": "W", "29": "N", "28": "N", "24": "W"}, {"26": "S", "23": "S", "28": "S", "32": "W"}, {"24": "E", "23": "S", "26": "N", "0": "N", "32": "S"}, {"16": "E", "23": "E", "24": "E", "32": "W", "0": "N", "28": "W"}, {"24": "E", "16": "E", "26": "W", "0": "E", "23": "S", "32": "E"}, {"16": "S", "0": "E", "23": "W", "26": "E"}, {"16": "E", "23": "E", "26": "S", "28": "W", "32": "S", "0": "S"}, {"23": "E", "0": "S", "28": "N", "26": "S", "16": "W"}, {"32": "S", "26": "E", "23": "S", "28": "W"}, {"23": "S", "26": "E", "0": "N", "28": "S", "16": "E"}, {"32": "W", "26": "N", "28": "N", "23": "E", "16": "W", "0": "S"}, {"28": "W", "16": "E", "0": "E", "23": "E"}, {"23": "E", "28": "W", "26": "N", "0": "S", "16": "S"}, {"23": "N", "16": "E", "26": "N"}, {"28": "E", "16": "W", "0": "N"}, {"23": "N", "16": "N", "28": "S", "0": "S"}, {"16": "S", "28": "N"}, {"16": "N"}, {"28": "W", "16": "S"}, {"28": "S"}, {"28": "N", "16": "E", "0": "N"}, {"0": "S", "16": "S"}, {"0": "E"}, {"28": "W", "0": "W"}, {"28": "E"}, {"0": "N", "16": "E"}, {"0": "W", "16": "W"}, {"16": "S", "28": "W"}, {"16": "W", "28": "W", "0": "E"}, {"0": "S", "16": "E", "28": "S"}, {"28": "E", "16": "W"}, {"28": "S", "0": "E"}, {"0": "S", "28": "W"}, {"28": "S"}, {"0": "E", "16": "E", "28": "E"}, {"0": "W", "28": "N", "16": "N"}, {"28": "N", "16": "E"}, {"16": "W", "28": "N"}, {"0": "E", "16": "E", "28": "W"}, {"28": "E", "0": "W", "16": "W"}, {"28": "W", "0": "E"}, {"28": "S", "16": "E", "0": "W"}, {"16": "W", "28": "E", "0": "E"}, {"0": "W", "28": "N"}, {"16": "E"}, {"0": "E", "16": "W"}, {"16": "E", "0": "W", "28": "W"}, {"28": "E", "0": "E", "16": "W"}, {"28": "W", "16": "E", "0": "W"}, {"28": "W", "16": "W"}, {"16": "E", "28": "W"}, {"16": "W", "28": "W"}, {"28": "E", "16": "E"}, {"16": "W", "28": "E"}, {"16": "S", "28": "E"}, {"28": "E", "16": "W"}, {"0": "E", "28": "E", "16": "E"}, {"0": "W", "16": "N"}, {"28": "S", "0": "E", "16": "E"}, {"16": "W", "28": "W", "0": "W"}, {"16": "E", "0": "N", "28": "S"}, {"16": "W", "0": "S"}, {"28": "S", "16": "E"}, {"0": "N", "16": "W"}, {"0": "S", "28": "W"}, {"28": "E", "0": "N", "16": "S"}, {"0": "S", "16": "W"}, {"28": "W", "16": "E"}, {"28": "N", "16": "W"}, {"0": "E"}, {"28": "W", "0": "W"}, {"16": "E", "0": "E"}, {"16": "N", "0": "W"}, {"28": "E", "0": "E"}, {"16": "E", "0": "W", "28": "N"}, {"16": "W"}, {"28": "S"}, {"28": "N"}, {"28": "W"}, {"28": "S"}, {"28": "N", "16": "N"}, {"28": "E", "0": "N", "16": "S"}, {"0": "S", "28": "E"}, {"16": "E", "28": "E"}, {"16": "W", "28": "N"}, {"28": "W"}, {"28": "S"}, {"16": "S"}, {"0": "N", "16": "W"}, {"28": "W", "0": "W"}, {"28": "S", "16": "E", "0": "N"}, {"0": "W", "16": "N", "28": "N"}, {"16": "E"}, {"28": "E", "16": "W"}, {"16": "N", "28": "E"}, {"0": "E", "16": "S", "28": "E"}, {"0": "S"}, {"28": "S", "16": "N"}, {"16": "S", "28": "S"}, {"0": "N", "28": "N"}, {"16": "N", "0": "S"}, {"16": "W", "28": "N"}, {"16": "E", "0": "N", "28": "S"}, {"0": "S", "16": "W", "28": "N"}, {"28": "N", "0": "N"}, {"16": "E", "28": "S", "0": "S"}, {"28": "W", "0": "E", "16": "S"}, {"0": "W"}, {"28": "S"}, {"28": "E"}, {"28": "E", "16": "N"}, {"16": "W", "28": "S"}, {"16": "E", "0": "N", "28": "N"}, {"16": "W", "28": "E", "0": "W"}, {"16": "E", "28": "N"}, {"28": "E", "16": "W"}, {"28": "S", "16": "E"}, {"16": "S", "0": "N"}, {"0": "S", "28": "N"}, {"16": "E", "28": "E"}, {"0": "E", "16": "W"}, {"0": "S"}]}