{"instance": "small_free_001_10x10_40_40", "steps": [{"1": "N", "3": "N", "15": "S", "26": "W", "28": "E", "2": "N", "5": "N", "6": "N", "7": "N", "9": "S", "10": "E", "11": "W", "12": "W", "13": "E", "14": "W", "16": "S", "17": "W", "18": "N", "20": "W", "22": "S", "23": "N", "24": "W", "27": "S", "29": "E", "30": "W", "31": "S", "32": "N", "33": "S", "34": "N", "36": "W", "38": "N"}, {"0": "W", "1": "N", "3": "W", "15": "E", "26": "S", "28": "S", "2": "N", "4": "W", "5": "W", "6": "N", "7": "N", "8": "W", "9": "E", "10": "N", "16": "S", "17": "W", "18": "W", "19": "W", "20": "S", "22": "W", "23": "W", "27": "W", "29": "N", "31": "E", "33": "W", "34": "N", "36": "W", "38": "N"}, {"0": "N", "1": "N", "15": "S", "26": "S", "5": "N", "6": "W", "7": "E", "8": "W", "9": "S", "10": "E", "16": "E", "17": "S", "18": "W", "22": "N", "23": "S", "27": "S", "29": "E", "31": "E", "36": "W", "37": "S", "38": "N"}, {"0": "E", "1": "N", "5": "E", "6": "W", "7": "N", "8": "N", "9": "S", "10": "N", "11": "W", "14": "W", "16": "S", "17": "S", "18": "W", "19": "W", "22": "N", "27": "E", "29": "E", "30": "N", "31": "E", "36": "N", "39": "W"}, {"0": "E", "1": "W", "3": "W", "2": "N", "5": "N", "6": "N", "7": "E", "8": "W", "9": "S", "10": "N", "12": "N", "14": "S", "16": "S", "17": "S", "19": "S", "22": "W", "23": "W", "25": "E", "29": "N", "30": "N", "31": "E"}, {"0": "N", "3": "N", "15": "S", "2": "N", "5": "N", "6": "N", "8": "W", "9": "E", "10": "E", "11": "N", "12": "N", "14": "E", "16": "S", "18": "W", "19": "S", "22": "N", "24": "S", "25": "E", "27": "S", "29": "N", "30": "W", "31": "N", "32": "E", "37": "S", "38": "W"}, {"3": "N", "15": "W", "2": "E", "4": "W", "5": "N", "6": "W", "7": "N", "9": "S", "10": "N", "11": "N", "12": "N", "16": "S", "18": "W", "19": "W", "22": "N", "23": "W", "24": "S", "25": "E", "27": "W", "29": "N", "30": "W", "31": "E", "34": "W", "37": "S", "38": "N"}, {"0": "W", "3": "N", "15": "S", "4": "S", "5": "N", "6": "W", "7": "E", "9": "W", "11": "W", "12": "E", "16": "S", "17": "E", "18": "S", "22": "W", "24": "S", "27": "W", "29": "N", "31": "S", "34": "N", "37": "S", "38": "W", "39": "W"}, {"0": "W", "3": "N", "15": "W", "26": "S", "4": "W", "5": "E", "7": "N", "8": "N", "9": "S", "10": "N", "12": "E", "16": "S", "17": "S", "20": "N", "22": "N", "24": "S", "27": "S", "29": "N", "31": "E", "32": "W", "34": "N", "36": "N", "37": "S", "38": "S", "39": "S"}, {"3": "N", "15": "W", "26": "W", "2": "E", "4": "W", "5": "E", "7": "E", "8": "W", "9": "W", "10": "E", "12": "E", "13": "N", "16": "S", "20": "N", "22": "N", "24": "W", "25": "E", "27": "E", "29": "N", "30": "W", "31": "E", "32": "S", "34": "N", "37": "W", "38": "E", "39": "W"}, {"3": "N", "15": "W", "26": "W", "28": "E", "2": "E", "4": "N", "10": "N", "12": "E", "16": "E", "18": "W", "25": "E", "27": "E", "29": "N", "30": "S", "31": "S", "32": "S", "37": "W", "39": "W"}, {"3": "W", "15": "S", "26": "N", "28": "N", "2": "E", "4": "N", "6": "N", "7": "E", "11": "N", "12": "E", "14": "N", "16": "E", "17": "S", "18": "N", "19": "W", "22": "E", "23": "S", "25": "S", "27": "S", "29": "W", "30": "W", "31": "S", "32": "E", "37": "W", "39": "W"}, {"32": "S"}, {"32": "S"}, {"32": "S"}, {"32": "S"}, {"32": "W"}, {"32": "S"}]}