{"instance": "election_109", "steps": [{"0": "S", "1": "S", "2": "S", "3": "S", "4": "S", "5": "S", "6": "S", "7": "S", "8": "S", "9": "S", "10": "S", "11": "S", "12": "S", "13": "S", "14": "S", "15": "S", "16": "S", "17": "S", "18": "S", "19": "S", "20": "S", "21": "S", "22": "S", "23": "S", "24": "S", "25": "S", "26": "S", "27": "S", "28": "S", "29": "S", "30": "S", "31": "S", "32": "S", "33": "S", "34": "S", "35": "S", "36": "S", "37": "S", "38": "S", "39": "E", "40": "E", "41": "E", "42": "E", "43": "E", "44": "E", "45": "E", "46": "E", "47": "E", "48": "E", "49": "E", "50": "E", "51": "E", "52": "E", "53": "E", "54": "E", "55": "E", "56": "E", "57": "E", "58": "E", "59": "E", "60": "E", "61": "E", "62": "E", "63": "E", "64": "E", "65": "E", "66": "E", "67": "E", "68": "E", "69": "E", "70": "E", "71": "E", "72": "E", "73": "E", "74": "E", "75": "E", "76": "E", "77": "E", "78": "E", "79": "E", "80": "E", "81": "E", "82": "E", "83": "E", "84": "E", "85": "E", "86": "E", "87": "E", "88": "E", "89": "E", "90": "E", "91": "E", "92": "E", "93": "E", "94": "E", "95": "E", "96": "E", "97": "E", "98": "E", "99": "E", "100": "E", "101": "E", "102": "E", "103": "E", "104": "E", "105": "E", "106": "E", "107": "E", "108": "E"}, {"0": "S", "1": "S", "2": "S", "3": "S", "4": "S", "5": "S", "6": "S", "7": "S", "8": "S", "9": "S", "10": "S", "11": "S", "12": "S", "13": "S", "14": "S", "15": "S", "16": "S", "17": "S", "18": "S", "19": "S", "20": "S", "21": "S", "22": "S", "23": "S", "24": "S", "25": "S", "26": "S", "27": "S", "28": "S", "29": "S", "30": "S", "31": "S", "32": "S", "33": "S", "34": "S", "35": "S", "36": "S", "37": "S", "38": "S", "39": "E", "40": "E", "41": "E", "42": "E", "43": "E", "44": "E", "45": "E", "46": "E", "47": "E", "48": "E", "49": "E", "50": "E", "51": "E", "52": "E", "53": "E", "54": "E", "55": "E", "56": "E", "57": "E", "58": "E", "59": "E", "60": "E", "61": "E", "62": "E", "63": "E", "64": "E", "65": "E", "66": "E", "67": "E", "68": "E", "69": "E", "70": "E", "71": "E", "72": "E", "73": "E", "74": "E", "75": "E", "76": "E", "77": "E", "78": "E", "79": "E", "80": "E", "81": "E", "82": "E", "83": "E", "84": "E", "85": "E", "86": "E", "87": "E", "88": "E", "89": "E", "90": "E", "91": "E", "92": "E", "93": "E", "94": "E", "95": "E", "96": "E", "97": "E", "98": "E", "99": "E", "100": "E", "101": "E", "102": "E", "103": "E", "104": "E", "105": "E", "106": "E", "107": "E", "108": "E"}, {"0": "S", "1": "S", "2": "S", "3": "S", "4": "S", "5": "S", "6": "S", "7": "S", "8": "S", "9": "S", "10": "S", "11": "S", "12": "S", "13": "S", "14": "S", "15": "S", "16": "S", "17": "S", "18": "S", "19": "S", "20": "S", "21": "S", "22": "S", "23": "S", "24": "S", "25": "S", "26": "S", "27": "S", "28": "S", "29": "S", "30": "S", "31": "S", "32": "S", "33": "S", "34": "S", "35": "S", "36": "S", "37": "S", "38": "S", "39": "E", "40": "E", "41": "E", "42": "E", "43": "E", "44": "E", "45": "E", "46": "E", "47": "E", "48": "E", "49": "E", "50": "E", "51": "E", "52": "E", "53": "E", "54": "E", "55": "E", "56": "E", "57": "E", "58": "E", "59": "E", "60": "E", "61": "E", "62": "E", "63": "E", "64": "E", "65": "E", "66": "E", "67": "E", "68": "E", "69": "E", "70": "E", "71": "E", "72": "E", "73": "E", "74": "E", "75": "E", "76": "E", "77": "E", "78": "E", "79": "E", "80": "E", "81": "E", "82": "E", "83": "E", "84": "E", "85": "E", "86": "E", "87": "E", "88": "E", "89": "E", "90": "E", "91": "E", "92": "E", "93": "E", "94": "E", "95": "E", "96": "E", "97": "E", "98": "E", "99": "E", "100": "E", "101": "E", "102": "E", "103": "E", "104": "E", "105": "E", "106": "E", "107": "E", "108": "E"}, {"0": "S", "1": "S", "2": "S", "3": "S", "4": "S", "5": "S", "6": "S", "7": "S", "8": "S", "9": "S", "10": "S", "11": "S", "12": "S", "13": "S", "14": "S", "15": "S", "16": "S", "17": "S", "18": "S", "19": "S", "20": "S", "21": "S", "22": "S", "23": "S", "24": "S", "25": "S", "26": "S", "27": "S", "28": "S", "29": "S", "30": "S", "31": "S", "32": "S", "33": "S", "34": "S", "35": "S", "36": "S", "37": "S", "38": "S", "39": "E", "40": "E", "41": "E", "42": "E", "43": "E", "44": "E", "45": "E", "46": "E", "47": "E", "48": "E", "49": "E", "50": "E", "51": "E", "52": "E", "53": "E", "54": "E", "55": "E", "56": "E", "57": "E", "58": "E", "59": "E", "60": "E", "61": "E", "62": "E", "63": "E", "64": "E", "65": "E", "66": "E", "67": "E", "68": "E", "69": "E", "70": "E", "71": "E", "72": "E", "73": "E", "74": "E", "75": "E", "76": "E", "77": "E", "78": "E", "79": "E", "80": "E", "81": "E", "82": "E", "83": "E", "84": "E", "85": "E", "86": "E", "87": "E", "88": "E", "89": "E", "90": "E", "91": "E", "92": "E", "93": "E", "94": "E", "95": "E", "96": "E", "97": "E", "98": "E", "99": "E", "100": "E", "101": "E", "102": "E", "103": "E", "104": "E", "105": "E", "106": "E", "107": "E", "108": "E"}, {"0": "S", "1": "S", "2": "S", "3": "S", "4": "S", "5": "S", "6": "S", "7": "S", "8": "S", "9": "S", "10": "S", "11": "S", "12": "S", "13": "S", "14": "S", "15": "S", "16": "S", "17": "S", "18": "S", "19": "S", "20": "S", "21": "S", "22": "S", "23": "S", "24": "S", "25": "S", "26": "S", "27": "S", "28": "S", "29": "S", "30": "S", "31": "S", "32": "S", "33": "S", "34": "S", "35": "S", "36": "S", "37": "S", "38": "S", "39": "E", "40": "E", "41": "E", "42": "E", "43": "E", "44": "E", "45": "E", "46": "E", "47": "E", "48": "E", "49": "E", "50": "E", "51": "E", "52": "E", "53": "E", "54": "E", "55": "E", "56": "E", "57": "E", "58": "E", "59": "E", "60": "E", "61": "E", "62": "E", "63": "E", "64": "E", "65": "E", "66": "E", "67": "E", "68": "E", "69": "E", "70": "E", "71": "E", "72": "E", "73": "E", "74": "E", "75": "E", "76": "E", "77": "E", "78": "E", "79": "E", "80": "E", "81": "E", "82": "E", "83": "E", "84": "E", "85": "E", "86": "E", "87": "E", "88": "E", "89": "E", "90": "E", "91": "E", "92": "E", "93": "E", "94": "E", "95": "E", "96": "E", "97": "E", "98": "E", "99": "E", "100": "E", "101": "E", "102": "E", "103": "E", "104": "E", "105": "E", "106": "E", "107": "E", "108": "E"}, {"0": "S", "1": "S", "2": "S", "3": "S", "4": "S", "5": "S", "6": "S", "7": "S", "8": "S", "9": "S", "10": "S", "11": "S", "12": "S", "13": "S", "14": "S", "15": "S", "16": "S", "17": "S", "18": "S", "19": "S", "20": "S", "21": "S", "22": "S", "23": "S", "24": "S", "25": "S", "26": "S", "27": "S", "28": "S", "29": "S", "30": "S", "31": "S", "32": "S", "33": "S", "34": "S", "35": "S", "36": "S", "37": "S", "38": "S", "39": "E", "40": "E", "41": "E", "42": "E", "43": "E", "44": "E", "45": "E", "46": "E", "47": "E", "48": "E", "49": "E", "50": "E", "51": "E", "52": "E", "53": "E", "54": "E", "55": "E", "56": "E", "57": "E", "58": "E", "59": "E", "60": "E", "61": "E", "62": "E", "63": "E", "64": "E", "65": "E", "66": "E", "67": "E", "68": "E", "69": "E", "70": "E", "71": "E", "72": "E", "73": "E", "74": "E", "75": "E", "76": "E", "77": "E", "78": "E", "79": "E", "80": "E", "81": "E", "82": "E", "83": "E", "84": "E", "85": "E", "86": "E", "87": "E", "88": "E", "89": "E", "90": "E", "91": "E", "92": "E", "93": "E", "94": "E", "95": "E", "96": "E", "97": "E", "98": "E", "99": "E", "100": "E", "101": "E", "102": "E", "103": "E", "104": "E", "105": "E", "106": "E", "107": "E", "108": "E"}, {"0": "S", "1": "S", "2": "S", "3": "S", "4": "S", "5": "S", "6": "S", "7": "S", "8": "S", "9": "S", "10": "S", "11": "S", "12": "S", "13": "S", "14": "S", "15": "S", "16": "S", "17": "S", "18": "S", "19": "S", "20": "S", "21": "S", "22": "S", "23": "S", "24": "S", "25": "S", "26": "S", "27": "S", "28": "S", "29": "S", "30": "S", "31": "S", "32": "S", "33": "S", "34": "S", "35": "S", "36": "S", "37": "S", "38": "S", "39": "E", "40": "E", "41": "E", "42": "E", "43": "E", "44": "E", "45": "E", "46": "E", "47": "E", "48": "E", "49": "E", "50": "E", "51": "E", "52": "E", "53": "E", "54": "E", "55": "E", "56": "E", "57": "E", "58": "E", "59": "E", "60": "E", "61": "E", "62": "E", "63": "E", "64": "E", "65": "E", "66": "E", "67": "E", "68": "E", "69": "E", "70": "E", "71": "E", "72": "E", "73": "E", "74": "E", "75": "E", "76": "E", "77": "E", "78": "E", "79": "E", "80": "E", "81": "E", "82": "E", "83": "E", "84": "E", "85": "E", "86": "E", "87": "E", "88": "E", "89": "E", "90": "E", "91": "E", "92": "E", "93": "E", "94": "E", "95": "E", "96": "E", "97": "E", "98": "E", "99": "E", "100": "E", "101": "E", "102": "E", "103": "E", "104": "E", "105": "E", "106": "E", "107": "E", "108": "E"}, {"0": "S", "1": "S", "2": "S", "3": "S", "4": "S", "5": "S", "6": "S", "7": "S", "8": "S", "9": "S", "10": "S", "11": "S", "12": "S", "13": "S", "14": "S", "15": "S", "16": "S", "17": "S", "18": "S", "19": "S", "20": "S", "21": "S", "22": "S", "23": "S", "24": "S", "25": "S", "26": "S", "27": "S", "28": "S", "29": "S", "30": "S", "31": "S", "32": "S", "33": "S", "34": "S", "35": "S", "36": "S", "37": "S", "38": "S", "39": "E", "40": "E", "41": "E", "42": "E", "43": "E", "44": "E", "45": "E", "46": "E", "47": "E", "48": "E", "49": "E", "50": "E", "51": "E", "52": "E", "53": "E", "54": "E", "55": "E", "56": "E", "57": "E", "58": "E", "59": "E", "60": "E", "61": "E", "62": "E", "63": "E", "64": "E", "65": "E", "66": "E", "67": "E", "68": "E", "69": "E", "70": "E", "71": "E", "72": "E", "73": "E", "74": "E", "75": "E", "76": "E", "77": "E", "78": "E", "79": "E", "80": "E", "81": "E", "82": "E", "83": "E", "84": "E", "85": "E", "86": "E", "87": "E", "88": "E", "89": "E", "90": "E", "91": "E", "92": "E", "93": "E", "94": "E", "95": "E", "96": "E", "97": "E", "98": "E", "99": "E", "100": "E", "101": "E", "102": "E", "103": "E", "104": "E", "105": "E", "106": "E", "107": "E", "108": "E"}, {"0": "S", "1": "S", "2": "S", "3": "S", "4": "S", "5": "S", "6": "S", "7": "S", "8": "S", "9": "S", "10": "S", "11": "S", "12": "S", "13": "S", "14": "S", "15": "S", "16": "S", "17": "S", "18": "S", "19": "S", "20": "S", "21": "S", "22": "S", "23": "S", "24": "S", "25": "S", "26": "S", "27": "S", "28": "S", "29": "S", "30": "S", "31": "S", "32": "S", "33": "S", "34": "S", "35": "S", "36": "S", "37": "S", "38": "S", "39": "E", "40": "E", "41": "E", "42": "E", "43": "E", "44": "E", "45": "E", "46": "E", "47": "E", "48": "E", "49": "E", "50": "E", "51": "E", "52": "E", "53": "E", "54": "E", "55": "E", "56": "E", "57": "E", "58": "E", "59": "E", "60": "E", "61": "E", "62": "E", "63": "E", "64": "E", "65": "E", "66": "E", "67": "E", "68": "E", "69": "E", "70": "E", "71": "E", "72": "E", "73": "E", "74": "E", "75": "E", "76": "E", "77": "E", "78": "E", "79": "E", "80": "E", "81": "E", "82": "E", "83": "E", "84": "E", "85": "E", "86": "E", "87": "E", "88": "E", "89": "E", "90": "E", "91": "E", "92": "E", "93": "E", "94": "E", "95": "E", "96": "E", "97": "E", "98": "E", "99": "E", "100": "E", "101": "E", "102": "E", "103": "E", "104": "E", "105": "E", "106": "E", "107": "E", "108": "E"}, {"0": "S", "1": "S", "2": "S", "3": "S", "4": "S", "5": "S", "6": "S", "7": "S", "8": "S", "9": "S", "10": "S", "11": "S", "12": "S", "13": "S", "14": "S", "15": "S", "16": "S", "17": "S", "18": "S", "19": "S", "20": "S", "21": "S", "22": "S", "23": "S", "24": "S", "25": "S", "26": "S", "27": "S", "28": "S", "29": "S", "30": "S", "31": "S", "32": "S", "33": "S", "34": "S", "35": "S", "36": "S", "37": "S", "38": "S", "39": "E", "40": "E", "41": "E", "42": "E", "43": "E", "44": "E", "45": "E", "46": "E", "47": "E", "48": "E", "49": "E", "50": "E", "51": "E", "52": "E", "53": "E", "54": "E", "55": "E", "56": "E", "57": "E", "58": "E", "59": "E", "60": "E", "61": "E", "62": "E", "63": "E", "64": "E", "65": "E", "66": "E", "67": "E", "68": "E", "69": "E", "70": "E", "71": "E", "72": "E", "73": "E", "74": "E", "75": "E", "76": "E", "77": "E", "78": "E", "79": "E", "80": "E", "81": "E", "82": "E", "83": "E", "84": "E", "85": "E", "86": "E", "87": "E", "88": "E", "89": "E", "90": "E", "91": "E", "92": "E", "93": "E", "94": "E", "95": "E", "96": "E", "97": "E", "98": "E", "99": "E", "100": "E", "101": "E", "102": "E", "103": "E", "104": "E", "105": "E", "106": "E", "107": "E", "108": "E"}, {"0": "S", "1": "S", "2": "S", "3": "S", "4": "S", "5": "S", "6": "S", "7": "S", "8": "S", "9": "S", "10": "S", "11": "S", "12": "S", "13": "S", "14": "S", "15": "S", "16": "S", "17": "S", "18": "S", "19": "S", "20": "S", "21": "S", "22": "S", "23": "S", "24": "S", "25": "S", "26": "S", "27": "S", "28": "S", "29": "S", "30": "S", "31": "S", "32": "S", "33": "S", "34": "S", "35": "S", "36": "S", "37": "S", "38": "S", "39": "E", "40": "E", "41": "E", "42": "E", "43": "E", "44": "E", "45": "E", "46": "E", "47": "E", "48": "E", "49": "E", "50": "E", "51": "E", "52": "E", "53": "E", "54": "E", "55": "E", "56": "E", "57": "E", "58": "E", "59": "E", "60": "E", "61": "E", "62": "E", "63": "E", "64": "E", "65": "E", "66": "E", "67": "E", "68": "E", "69": "E", "70": "E", "71": "E", "72": "E", "73": "E", "74": "E", "75": "E", "76": "E", "77": "E", "78": "E", "79": "E", "80": "E", "81": "E", "82": "E", "83": "E", "84": "E", "85": "E", "86": "E", "87": "E", "88": "E", "89": "E", "90": "E", "91": "E", "92": "E", "93": "E", "94": "E", "95": "E", "96": "E", "97": "E", "98": "E", "99": "E", "100": "E", "101": "E", "102": "E", "103": "E", "104": "E", "105": "E", "106": "E", "107": "E", "108": "E"}, {"0": "S", "1": "S", "2": "S", "3": "S", "4": "S", "5": "S", "6": "S", "7": "S", "8": "S", "9": "S", "10": "S", "11": "S", "12": "S", "13": "S", "14": "S", "15": "S", "16": "S", "17": "S", "18": "S", "19": "S", "20": "S", "21": "S", "22": "S", "23": "S", "24": "S", "25": "S", "26": "S", "27": "S", "28": "S", "29": "S", "30": "S", "31": "S", "32": "S", "33": "S", "34": "S", "35": "S", "36": "S", "37": "S", "38": "S", "39": "E", "40": "E", "41": "E", "42": "E", "43": "E", "44": "E", "45": "E", "46": "E", "47": "E", "48": "E", "49": "E", "50": "E", "51": "E", "52": "E", "53": "E", "54": "E", "55": "E", "56": "E", "57": "E", "58": "E", "59": "E", "60": "E", "61": "E", "62": "E", "63": "E", "64": "E", "65": "E", "66": "E", "67": "E", "68": "E", "69": "E", "70": "E", "71": "E", "72": "E", "73": "E", "74": "E", "75": "E", "76": "E", "77": "E", "78": "E", "79": "E", "80": "E", "81": "E", "82": "E", "83": "E", "84": "E", "85": "E", "86": "E", "87": "E", "88": "E", "89": "E", "90": "E", "91": "E", "92": "E", "93": "E", "94": "E", "95": "E", "96": "E", "97": "E", "98": "E", "99": "E", "100": "E", "101": "E", "102": "E", "103": "E", "104": "E", "105": "E", "106": "E", "107": "E", "108": "E"}, {"0": "S", "1": "S", "2": "S", "3": "S", "4": "S", "5": "S", "6": "S", "7": "S", "8": "S", "9": "S", "10": "S", "11": "S", "12": "S", "13": "S", "14": "S", "15": "S", "16": "S", "17": "S", "18": "S", "19": "S", "20": "S", "21": "S", "22": "S", "23": "S", "24": "S", "25": "S", "26": "S", "27": "S", "28": "S", "29": "S", "30": "S", "31": "S", "32": "S", "33": "S", "34": "S", "35": "S", "36": "S", "37": "S", "38": "S", "39": "E", "40": "E", "41": "E", "42": "E", "43": "E", "44": "E", "45": "E", "46": "E", "47": "E", "48": "E", "49": "E", "50": "E", "51": "E", "52": "E", "53": "E", "54": "E", "55": "E", "56": "E", "57": "E", "58": "E", "59": "E", "60": "E", "61": "E", "62": "E", "63": "E", "64": "E", "65": "E", "66": "E", "67": "E", "68": "E", "69": "E", "70": "E", "71": "E", "72": "E", "73": "E", "74": "E", "75": "E", "76": "E", "77": "E", "78": "E", "79": "E", "80": "E", "81": "E", "82": "E", "83": "E", "84": "E", "85": "E", "86": "E", "87": "E", "88": "E", "89": "E", "90": "E", "91": "E", "92": "E", "93": "E", "94": "E", "95": "E", "96": "E", "97": "E", "98": "E", "99": "E", "100": "E", "101": "E", "102": "E", "103": "E", "104": "E", "105": "E", "106": "E", "107": "E", "108": "E"}, {"0": "S", "1": "S", "2": "S", "3": "S", "4": "S", "5": "S", "6": "S", "7": "S", "8": "S", "9": "S", "10": "S", "11": "S", "12": "S", "13": "S", "14": "S", "15": "S", "16": "S", "17": "S", "18": "S", "19": "S", "20": "S", "21": "S", "22": "S", "23": "S", "24": "S", "25": "S", "26": "S", "27": "S", "28": "S", "29": "S", "30": "S", "31": "S", "32": "S", "33": "S", "34": "S", "35": "S", "36": "S", "37": "S", "38": "S", "39": "E", "40": "E", "41": "E", "42": "E", "43": "E", "44": "E", "45": "E", "46": "E", "47": "E", "48": "E", "49": "E", "50": "E", "51": "E", "52": "E", "53": "E", "54": "E", "55": "E", "56": "E", "57": "E", "58": "E", "59": "E", "60": "E", "61": "E", "62": "E", "63": "E", "64": "E", "65": "E", "66": "E", "67": "E", "68": "E", "69": "E", "70": "E", "71": "E", "72": "E", "73": "E", "74": "E", "75": "E", "76": "E", "77": "E", "78": "E", "79": "E", "80": "E", "81": "E", "82": "E", "83": "E", "84": "E", "85": "E", "86": "E", "87": "E", "88": "E", "89": "E", "90": "E", "91": "E", "92": "E", "93": "E", "94": "E", "95": "E", "96": "E", "97": "E", "98": "E", "99": "E", "100": "E", "101": "E", "102": "E", "103": "E", "104": "E", "105": "E", "106": "E", "107": "E", "108": "E"}, {"0": "S", "1": "S", "2": "S", "3": "S", "4": "S", "5": "S", "6": "S", "7": "S", "8": "S", "9": "S", "10": "S", "11": "S", "12": "S", "13": "S", "14": "S", "15": "S", "16": "S", "17": "S", "18": "S", "19": "S", "20": "S", "21": "S", "22": "S", "23": "S", "24": "S", "25": "S", "26": "S", "27": "S", "28": "S", "29": "S", "30": "S", "31": "S", "32": "S", "33": "S", "34": "S", "35": "S", "36": "S", "37": "S", "38": "S", "39": "E", "40": "E", "41": "E", "42": "E", "43": "E", "44": "E", "45": "E", "46": "E", "47": "E", "48": "E", "49": "E", "50": "E", "51": "E", "52": "E", "53": "E", "54": "E", "55": "E", "56": "E", "57": "E", "58": "E", "59": "E", "60": "E", "61": "E", "62": "E", "63": "E", "64": "E", "65": "E", "66": "E", "67": "E", "68": "E", "69": "E", "70": "E", "71": "E", "72": "E", "73": "E", "74": "E", "75": "E", "76": "E", "77": "E", "78": "E", "79": "E", "80": "E", "81": "E", "82": "E", "83": "E", "84": "E", "85": "E", "86": "E", "87": "E", "88": "E", "89": "E", "90": "E", "91": "E", "92": "E", "93": "E", "94": "E", "95": "E", "96": "E", "97": "E", "98": "E", "99": "E", "100": "E", "101": "E", "102": "E", "103": "E", "104": "E", "105": "E", "106": "E", "107": "E", "108": "E"}, {"0": "S", "1": "S", "2": "S", "3": "S", "4": "S", "5": "S", "6": "S", "7": "S", "8": "S", "9": "S", "10": "S", "11": "S", "12": "S", "13": "S", "14": "S", "15": "S", "16": "S", "17": "S", "18": "S", "19": "S", "20": "S", "21": "S", "22": "S", "23": "S", "24": "S", "25": "S", "26": "S", "27": "S", "28": "S", "29": "S", "30": "S", "31": "S", "32": "S", "33": "S", "34": "S", "35": "S", "36": "S", "37": "S", "38": "S", "39": "E", "40": "E", "41": "E", "42": "E", "43": "E", "44": "E", "45": "E", "46": "E", "47": "E", "48": "E", "49": "E", "50": "E", "51": "E", "52": "E", "53": "E", "54": "E", "55": "E", "56": "E", "57": "E", "58": "E", "59": "E", "60": "E", "61": "E", "62": "E", "63": "E", "64": "E", "65": "E", "66": "E", "67": "E", "68": "E", "69": "E", "70": "E", "71": "E", "72": "E", "73": "E", "74": "E", "75": "E", "76": "E", "77": "E", "78": "E", "79": "E", "80": "E", "81": "E", "82": "E", "83": "E", "84": "E", "85": "E", "86": "E", "87": "E", "88": "E", "89": "E", "90": "E", "91": "E", "92": "E", "93": "E", "94": "E", "95": "E", "96": "E", "97": "E", "98": "E", "99": "E", "100": "E", "101": "E", "102": "E", "103": "E", "104": "E", "105": "E", "106": "E", "107": "E", "108": "E"}, {"0": "S", "1": "S", "2": "S", "3": "S", "4": "S", "5": "S", "6": "S", "7": "S", "8": "S", "9": "S", "10": "S", "11": "S", "12": "S", "13": "S", "14": "S", "15": "S", "16": "S", "17": "S", "18": "S", "19": "S", "20": "S", "21": "S", "22": "S", "23": "S", "24": "S", "25": "S", "26": "S", "27": "S", "28": "S", "29": "S", "30": "S", "31": "S", "32": "S", "33": "S", "34": "S", "35": "S", "36": "S", "37": "S", "38": "S", "39": "E", "40": "E", "41": "E", "42": "E", "43": "E", "44": "E", "45": "E", "46": "E", "47": "E", "48": "E", "49": "E", "50": "E", "51": "E", "52": "E", "53": "E", "54": "E", "55": "E", "56": "E", "57": "E", "58": "E", "59": "E", "60": "E", "61": "E", "62": "E", "63": "E", "64": "E", "65": "E", "66": "E", "67": "E", "68": "E", "69": "E", "70": "E", "71": "E", "72": "E", "73": "E", "74": "E", "75": "E", "76": "E", "77": "E", "78": "E", "79": "E", "80": "E", "81": "E", "82": "E", "83": "E", "84": "E", "85": "E", "86": "E", "87": "E", "88": "E", "89": "E", "90": "E", "91": "E", "92": "E", "93": "E", "94": "E", "95": "E", "96": "E", "97": "E", "98": "E", "99": "E", "100": "E", "101": "E", "102": "E", "103": "E", "104": "E", "105": "E", "106": "E", "107": "E", "108": "E"}, {"0": "S", "1": "S", "2": "S", "3": "S", "4": "S", "5": "S", "6": "S", "7": "S", "8": "S", "9": "S", "10": "S", "11": "S", "12": "S", "13": "S", "14": "S", "15": "S", "16": "S", "17": "S", "18": "S", "19": "S", "20": "S", "21": "S", "22": "S", "23": "S", "24": "S", "25": "S", "26": "S", "27": "S", "28": "S", "29": "S", "30": "S", "31": "S", "32": "S", "33": "S", "34": "S", "35": "S", "36": "S", "37": "S", "38": "S", "39": "E", "40": "E", "41": "E", "42": "E", "43": "E", "44": "E", "45": "E", "46": "E", "47": "E", "48": "E", "49": "E", "50": "E", "51": "E", "52": "E", "53": "E", "54": "E", "55": "E", "56": "E", "57": "E", "58": "E", "59": "E", "60": "E", "61": "E", "62": "E", "63": "E", "64": "E", "65": "E", "66": "E", "67": "E", "68": "E", "69": "E", "70": "E", "71": "E", "72": "E", "73": "E", "74": "E", "75": "E", "76": "E", "77": "E", "78": "E", "79": "E", "80": "E", "81": "E", "82": "E", "83": "E", "84": "E", "85": "E", "86": "E", "87": "E", "88": "E", "89": "E", "90": "E", "91": "E", "92": "E", "93": "E", "94": "E", "95": "E", "96": "E", "97": "E", "98": "E", "99": "E", "100": "E", "101": "E", "102": "E", "103": "E", "104": "E", "105": "E", "106": "E", "107": "E", "108": "E"}, {"0": "S", "1": "S", "2": "S", "3": "S", "4": "S", "5": "S", "6": "S", "7": "S", "8": "S", "9": "S", "10": "S", "11": "S", "12": "S", "13": "S", "14": "S", "15": "S", "16": "S", "17": "S", "18": "S", "19": "S", "20": "S", "21": "S", "22": "S", "23": "S", "24": "S", "25": "S", "26": "S", "27": "S", "28": "S", "29": "S", "30": "S", "31": "S", "32": "S", "33": "S", "34": "S", "35": "S", "36": "S", "37": "S", "38": "S", "39": "E", "40": "E", "41": "E", "42": "E", "43": "E", "44": "E", "45": "E", "46": "E", "47": "E", "48": "E", "49": "E", "50": "E", "51": "E", "52": "E", "53": "E", "54": "E", "55": "E", "56": "E", "57": "E", "58": "E", "59": "E", "60": "E", "61": "E", "62": "E", "63": "E", "64": "E", "65": "E", "66": "E", "67": "E", "68": "E", "69": "E", "70": "E", "71": "E", "72": "E", "73": "E", "74": "E", "75": "E", "76": "E", "77": "E", "78": "E", "79": "E", "80": "E", "81": "E", "82": "E", "83": "E", "84": "E", "85": "E", "86": "E", "87": "E", "88": "E", "89": "E", "90": "E", "91": "E", "92": "E", "93": "E", "94": "E", "95": "E", "96": "E", "97": "E", "98": "E", "99": "E", "100": "E", "101": "E", "102": "E", "103": "E", "104": "E", "105": "E", "106": "E", "107": "E", "108": "E"}, {"0": "S", "1": "S", "2": "S", "3": "S", "4": "S", "5": "S", "6": "S", "7": "S", "8": "S", "9": "S", "10": "S", "11": "S", "12": "S", "13": "S", "14": "S", "15": "S", "16": "S", "17": "S", "18": "S", "19": "S", "20": "S", "21": "S", "22": "S", "23": "S", "24": "S", "25": "S", "26": "S", "27": "S", "28": "S", "29": "S", "30": "S", "31": "S", "32": "S", "33": "S", "34": "S", "35": "S", "36": "S", "37": "S", "38": "S", "39": "E", "40": "E", "41": "E", "42": "E", "43": "E", "44": "E", "45": "E", "46": "E", "47": "E", "48": "E", "49": "E", "50": "E", "51": "E", "52": "E", "53": "E", "54": "E", "55": "E", "56": "E", "57": "E", "58": "E", "59": "E", "60": "E", "61": "E", "62": "E", "63": "E", "64": "E", "65": "E", "66": "E", "67": "E", "68": "E", "69": "E", "70": "E", "71": "E", "72": "E", "73": "E", "74": "E", "75": "E", "76": "E", "77": "E", "78": "E", "79": "E", "80": "E", "81": "E", "82": "E", "83": "E", "84": "E", "85": "E", "86": "E", "87": "E", "88": "E", "89": "E", "90": "E", "91": "E", "92": "E", "93": "E", "94": "E", "95": "E", "96": "E", "97": "E", "98": "E", "99": "E", "100": "E", "101": "E", "102": "E", "103": "E", "104": "E", "105": "E", "106": "E", "107": "E", "108": "E"}, {"0": "S", "1": "S", "2": "S", "3": "S", "4": "S", "5": "S", "6": "S", "7": "S", "8": "S", "9": "S", "10": "S", "11": "S", "12": "S", "13": "S", "14": "S", "15": "S", "16": "S", "17": "S", "18": "S", "19": "S", "20": "S", "21": "S", "22": "S", "23": "S", "24": "S", "25": "S", "26": "S", "27": "S", "28": "S", "29": "S", "30": "S", "31": "S", "32": "S", "33": "S", "34": "S", "35": "S", "36": "S", "37": "S", "38": "S", "39": "E", "40": "E", "41": "E", "42": "E", "43": "E", "44": "E", "45": "E", "46": "E", "47": "E", "48": "E", "49": "E", "50": "E", "51": "E", "52": "E", "53": "E", "54": "E", "55": "E", "56": "E", "57": "E", "58": "E", "59": "E", "60": "E", "61": "E", "62": "E", "63": "E", "64": "E", "65": "E", "66": "E", "67": "E", "68": "E", "69": "E", "70": "E", "71": "E", "72": "E", "73": "E", "74": "E", "75": "E", "76": "E", "77": "E", "78": "E", "79": "E", "80": "E", "81": "E", "82": "E", "83": "E", "84": "E", "85": "E", "86": "E", "87": "E", "88": "E", "89": "E", "90": "E", "91": "E", "92": "E", "93": "E", "94": "E", "95": "E", "96": "E", "97": "E", "98": "E", "99": "E", "100": "E", "101": "E", "102": "E", "103": "E", "104": "E", "105": "E", "106": "E", "107": "E", "108": "E"}, {"0": "W", "1": "W", "2": "W", "3": "W", "4": "W", "5": "W", "6": "W", "7": "W", "8": "W", "9": "W", "10": "W", "11": "W", "12": "W", "13": "W", "14": "W", "15": "W", "16": "W", "17": "W", "18": "W", "19": "W", "20": "W", "21": "W", "22": "W", "23": "W", "24": "W", "25": "W", "26": "W", "27": "W", "28": "W", "29": "W", "30": "W", "31": "W", "32": "W", "33": "W", "34": "W", "35": "W", "36": "W", "37": "W", "38": "W", "39": "S", "40": "S", "41": "S", "42": "S", "43": "S", "44": "S", "45": "S", "46": "S", "47": "S", "48": "S", "49": "S", "50": "S", "51": "S", "52": "S", "53": "S", "54": "S", "55": "S", "56": "S", "57": "S", "58": "S", "59": "S", "60": "S", "61": "S", "62": "S", "63": "S", "64": "S", "65": "S", "66": "S", "67": "S", "68": "S", "69": "S", "70": "S", "71": "S", "72": "S", "73": "S", "74": "S", "75": "S", "76": "S", "77": "S", "78": "S", "79": "S", "80": "S", "81": "S", "82": "S", "83": "S", "84": "S", "85": "S", "86": "S", "87": "S", "88": "S", "89": "S", "90": "S", "91": "S", "92": "S", "93": "S", "94": "S", "95": "S", "96": "S", "97": "S", "98": "S", "99": "S", "100": "S", "101": "S", "102": "S", "103": "S", "104": "S", "105": "S", "106": "S", "107": "S", "108": "S"}, {"0": "W", "1": "W", "2": "W", "3": "W", "4": "W", "5": "W", "6": "W", "7": "W", "8": "W", "9": "W", "10": "W", "11": "W", "12": "W", "13": "W", "14": "W", "15": "W", "16": "W", "17": "W", "18": "W", "19": "W", "20": "W", "21": "W", "22": "W", "23": "W", "24": "W", "25": "W", "26": "W", "27": "W", "28": "W", "29": "W", "30": "W", "31": "W", "32": "W", "33": "W", "34": "W", "35": "W", "36": "W", "37": "W", "38": "W", "39": "S", "40": "S", "41": "S", "42": "S", "43": "S", "44": "S", "45": "S", "46": "S", "47": "S", "48": "S", "49": "S", "50": "S", "51": "S", "52": "S", "53": "S", "54": "S", "55": "S", "56": "S", "57": "S", "58": "S", "59": "S", "60": "S", "61": "S", "62": "S", "63": "S", "64": "S", "65": "S", "66": "S", "67": "S", "68": "S", "69": "S", "70": "S", "71": "S", "72": "S", "73": "S", "74": "S", "75": "S", "76": "S", "77": "S", "78": "S", "79": "S", "80": "S", "81": "S", "82": "S", "83": "S", "84": "S", "85": "S", "86": "S", "87": "S", "88": "S", "89": "S", "90": "S", "91": "S", "92": "S", "93": "S", "94": "S", "95": "S", "96": "S", "97": "S", "98": "S", "99": "S", "100": "S", "101": "S", "102": "S", "103": "S", "104": "S", "105": "S", "106": "S", "107": "S", "108": "S"}, {"0": "W", "1": "W", "2": "W", "3": "W", "4": "W", "5": "W", "6": "W", "7": "W", "8": "W", "9": "W", "10": "W", "11": "W", "12": "W", "13": "W", "14": "W", "15": "W", "16": "W", "17": "W", "18": "W", "19": "W", "20": "W", "21": "W", "22": "W", "23": "W", "24": "W", "25": "W", "26": "W", "27": "W", "28": "W", "29": "W", "30": "W", "31": "W", "32": "W", "33": "W", "34": "W", "35": "W", "36": "W", "37": "W", "38": "W", "39": "S", "40": "S", "41": "S", "42": "S", "43": "S", "44": "S", "45": "S", "46": "S", "47": "S", "48": "S", "49": "S", "50": "S", "51": "S", "52": "S", "53": "S", "54": "S", "55": "S", "56": "S", "57": "S", "58": "S", "59": "S", "60": "S", "61": "S", "62": "S", "63": "S", "64": "S", "65": "S", "66": "S", "67": "S", "68": "S", "69": "S", "70": "S", "71": "S", "72": "S", "73": "S", "74": "S", "75": "S", "76": "S", "77": "S", "78": "S", "79": "S", "80": "S", "81": "S", "82": "S", "83": "S", "84": "S", "85": "S", "86": "S", "87": "S", "88": "S", "89": "S", "90": "S", "91": "S", "92": "S", "93": "S", "94": "S", "95": "S", "96": "S", "97": "S", "98": "S", "99": "S", "100": "S", "101": "S", "102": "S", "103": "S", "104": "S", "105": "S", "106": "S", "107": "S", "108": "S"}, {"0": "W", "1": "W", "2": "W", "3": "W", "4": "W", "5": "W", "6": "W", "7": "W", "8": "W", "9": "W", "10": "W", "11": "W", "12": "W", "13": "W", "14": "W", "15": "W", "16": "W", "17": "W", "18": "W", "19": "W", "20": "W", "21": "W", "22": "W", "23": "W", "24": "W", "25": "W", "26": "W", "27": "W", "28": "W", "29": "W", "30": "W", "31": "W", "32": "W", "33": "W", "34": "W", "35": "W", "36": "W", "37": "W", "38": "W", "39": "S", "40": "S", "41": "S", "42": "S", "43": "S", "44": "S", "45": "S", "46": "S", "47": "S", "48": "S", "49": "S", "50": "S", "51": "S", "52": "S", "53": "S", "54": "S", "55": "S", "56": "S", "57": "S", "58": "S", "59": "S", "60": "S", "61": "S", "62": "S", "63": "S", "64": "S", "65": "S", "66": "S", "67": "S", "68": "S", "69": "S", "70": "S", "71": "S", "72": "S", "73": "S", "74": "S", "75": "S", "76": "S", "77": "S", "78": "S", "79": "S", "80": "S", "81": "S", "82": "S", "83": "S", "84": "S", "85": "S", "86": "S", "87": "S", "88": "S", "89": "S", "90": "S", "91": "S", "92": "S", "93": "S", "94": "S", "95": "S", "96": "S", "97": "S", "98": "S", "99": "S", "100": "S", "101": "S", "102": "S", "103": "S", "104": "S", "105": "S", "106": "S", "107": "S", "108": "S"}, {"0": "W", "1": "W", "2": "W", "3": "W", "4": "W", "5": "W", "6": "W", "7": "W", "8": "W", "9": "W", "10": "W", "11": "W", "12": "W", "13": "W", "14": "W", "15": "W", "16": "W", "17": "W", "18": "W", "19": "W", "20": "W", "21": "W", "22": "W", "23": "W", "24": "W", "25": "W", "26": "W", "27": "W", "28": "W", "29": "W", "30": "W", "31": "W", "32": "W", "33": "W", "34": "W", "35": "W", "36": "W", "37": "W", "38": "W", "39": "S", "40": "S", "41": "S", "42": "S", "43": "S", "44": "S", "45": "S", "46": "S", "47": "S", "48": "S", "49": "S", "50": "S", "51": "S", "52": "S", "53": "S", "54": "S", "55": "S", "56": "S", "57": "S", "58": "S", "59": "S", "60": "S", "61": "S", "62": "S", "63": "S", "64": "S", "65": "S", "66": "S", "67": "S", "68": "S", "69": "S", "70": "S", "71": "S", "72": "S", "73": "S", "74": "S", "75": "S", "76": "S", "77": "S", "78": "S", "79": "S", "80": "S", "81": "S", "82": "S", "83": "S", "84": "S", "85": "S", "86": "S", "87": "S", "88": "S", "89": "S", "90": "S", "91": "S", "92": "S", "93": "S", "94": "S", "95": "S", "96": "S", "97": "S", "98": "S", "99": "S", "100": "S", "101": "S", "102": "S", "103": "S", "104": "S", "105": "S", "106": "S", "107": "S", "108": "S"}, {"0": "W", "1": "W", "2": "W", "3": "W", "4": "W", "5": "W", "6": "W", "7": "W", "8": "W", "9": "W", "10": "W", "11": "W", "12": "W", "13": "W", "14": "W", "15": "W", "16": "W", "17": "W", "18": "W", "19": "W", "20": "W", "21": "W", "22": "W", "23": "W", "24": "W", "25": "W", "26": "W", "27": "W", "28": "W", "29": "W", "30": "W", "31": "W", "32": "W", "33": "W", "34": "W", "35": "W", "36": "W", "37": "W", "38": "W", "39": "S", "40": "S", "41": "S", "42": "S", "43": "S", "44": "S", "45": "S", "46": "S", "47": "S", "48": "S", "49": "S", "50": "S", "51": "S", "52": "S", "53": "S", "54": "S", "55": "S", "56": "S", "57": "S", "58": "S", "59": "S", "60": "S", "61": "S", "62": "S", "63": "S", "64": "S", "65": "S", "66": "S", "67": "S", "68": "S", "69": "S", "70": "S", "71": "S", "72": "S", "73": "S", "74": "S", "75": "S", "76": "S", "77": "S", "78": "S", "79": "S", "80": "S", "81": "S", "82": "S", "83": "S", "84": "S", "85": "S", "86": "S", "87": "S", "88": "S", "89": "S", "90": "S", "91": "S", "92": "S", "93": "S", "94": "S", "95": "S", "96": "S", "97": "S", "98": "S", "99": "S", "100": "S", "101": "S", "102": "S", "103": "S", "104": "S", "105": "S", "106": "S", "107": "S", "108": "S"}, {"0": "W", "1": "W", "2": "W", "3": "W", "4": "W", "5": "W", "6": "W", "7": "W", "8": "W", "9": "W", "10": "W", "11": "W", "12": "W", "13": "W", "14": "W", "15": "W", "16": "W", "17": "W", "18": "W", "19": "W", "20": "W", "21": "W", "22": "W", "23": "W", "24": "W", "25": "W", "26": "W", "27": "W", "28": "W", "29": "W", "30": "W", "31": "W", "32": "W", "33": "W", "34": "W", "35": "W", "36": "W", "37": "W", "38": "W", "39": "S", "40": "S", "41": "S", "42": "S", "43": "S", "44": "S", "45": "S", "46": "S", "47": "S", "48": "S", "49": "S", "50": "S", "51": "S", "52": "S", "53": "S", "54": "S", "55": "S", "56": "S", "57": "S", "58": "S", "59": "S", "60": "S", "61": "S", "62": "S", "63": "S", "64": "S", "65": "S", "66": "S", "67": "S", "68": "S", "69": "S", "70": "S", "71": "S", "72": "S", "73": "S", "74": "S", "75": "S", "76": "S", "77": "S", "78": "S", "79": "S", "80": "S", "81": "S", "82": "S", "83": "S", "84": "S", "85": "S", "86": "S", "87": "S", "88": "S", "89": "S", "90": "S", "91": "S", "92": "S", "93": "S", "94": "S", "95": "S", "96": "S", "97": "S", "98": "S", "99": "S", "100": "S", "101": "S", "102": "S", "103": "S", "104": "S", "105": "S", "106": "S", "107": "S", "108": "S"}, {"0": "W", "1": "W", "2": "W", "3": "W", "4": "W", "5": "W", "6": "W", "7": "W", "8": "W", "9": "W", "10": "W", "11": "W", "12": "W", "13": "W", "14": "W", "15": "W", "16": "W", "17": "W", "18": "W", "19": "W", "20": "W", "21": "W", "22": "W", "23": "W", "24": "W", "25": "W", "26": "W", "27": "W", "28": "W", "29": "W", "30": "W", "31": "W", "32": "W", "33": "W", "34": "W", "35": "W", "36": "W", "37": "W", "38": "W", "39": "S", "40": "S", "41": "S", "42": "S", "43": "S", "44": "S", "45": "S", "46": "S", "47": "S", "48": "S", "49": "S", "50": "S", "51": "S", "52": "S", "53": "S", "54": "S", "55": "S", "56": "S", "57": "S", "58": "S", "59": "S", "60": "S", "61": "S", "62": "S", "63": "S", "64": "S", "65": "S", "66": "S", "67": "S", "68": "S", "69": "S", "70": "S", "71": "S", "72": "S", "73": "S", "74": "S", "75": "S", "76": "S", "77": "S", "78": "S", "79": "S", "80": "S", "81": "S", "82": "S", "83": "S", "84": "S", "85": "S", "86": "S", "87": "S", "88": "S", "89": "S", "90": "S", "91": "S", "92": "S", "93": "S", "94": "S", "95": "S", "96": "S", "97": "S", "98": "S", "99": "S", "100": "S", "101": "S", "102": "S", "103": "S", "104": "S", "105": "S", "106": "S", "107": "S", "108": "S"}, {"0": "W", "1": "W", "2": "W", "3": "W", "4": "W", "5": "W", "6": "W", "7": "W", "8": "W", "9": "W", "10": "W", "11": "W", "12": "W", "13": "W", "14": "W", "15": "W", "16": "W", "17": "W", "18": "W", "19": "W", "20": "W", "21": "W", "22": "W", "23": "W", "24": "W", "25": "W", "26": "W", "27": "W", "28": "W", "29": "W", "30": "W", "31": "W", "32": "W", "33": "W", "34": "W", "35": "W", "36": "W", "37": "W", "38": "W", "39": "S", "40": "S", "41": "S", "42": "S", "43": "S", "44": "S", "45": "S", "46": "S", "47": "S", "48": "S", "49": "S", "50": "S", "51": "S", "52": "S", "53": "S", "54": "S", "55": "S", "56": "S", "57": "S", "58": "S", "59": "S", "60": "S", "61": "S", "62": "S", "63": "S", "64": "S", "65": "S", "66": "S", "67": "S", "68": "S", "69": "S", "70": "S", "71": "S", "72": "S", "73": "S", "74": "S", "75": "S", "76": "S", "77": "S", "78": "S", "79": "S", "80": "S", "81": "S", "82": "S", "83": "S", "84": "S", "85": "S", "86": "S", "87": "S", "88": "S", "89": "S", "90": "S", "91": "S", "92": "S", "93": "S", "94": "S", "95": "S", "96": "S", "97": "S", "98": "S", "99": "S", "100": "S", "101": "S", "102": "S", "103": "S", "104": "S", "105": "S", "106": "S", "107": "S", "108": "S"}, {"0": "W", "1": "W", "2": "W", "3": "W", "4": "W", "5": "W", "6": "W", "7": "W", "8": "W", "9": "W", "10": "W", "11": "W", "12": "W", "13": "W", "14": "W", "15": "W", "16": "W", "17": "W", "18": "W", "19": "W", "20": "W", "21": "W", "22": "W", "23": "W", "24": "W", "25": "W", "26": "W", "27": "W", "28": "W", "29": "W", "30": "W", "31": "W", "32": "W", "33": "W", "34": "W", "35": "W", "36": "W", "37": "W", "38": "W", "39": "S", "40": "S", "41": "S", "42": "S", "43": "S", "44": "S", "45": "S", "46": "S", "47": "S", "48": "S", "49": "S", "50": "S", "51": "S", "52": "S", "53": "S", "54": "S", "55": "S", "56": "S", "57": "S", "58": "S", "59": "S", "60": "S", "61": "S", "62": "S", "63": "S", "64": "S", "65": "S", "66": "S", "67": "S", "68": "S", "69": "S", "70": "S", "71": "S", "72": "S", "73": "S", "74": "S", "75": "S", "76": "S", "77": "S", "78": "S", "79": "S", "80": "S", "81": "S", "82": "S", "83": "S", "84": "S", "85": "S", "86": "S", "87": "S", "88": "S", "89": "S", "90": "S", "91": "S", "92": "S", "93": "S", "94": "S", "95": "S", "96": "S", "97": "S", "98": "S", "99": "S", "100": "S", "101": "S", "102": "S", "103": "S", "104": "S", "105": "S", "106": "S", "107": "S", "108": "S"}, {"0": "W", "1": "W", "2": "W", "3": "W", "4": "W", "5": "W", "6": "W", "7": "W", "8": "W", "9": "W", "10": "W", "11": "W", "12": "W", "13": "W", "14": "W", "15": "W", "16": "W", "17": "W", "18": "W", "19": "W", "20": "W", "21": "W", "22": "W", "23": "W", "24": "W", "25": "W", "26": "W", "27": "W", "28": "W", "29": "W", "30": "W", "31": "W", "32": "W", "33": "W", "34": "W", "35": "W", "36": "W", "37": "W", "38": "W", "39": "S", "40": "S", "41": "S", "42": "S", "43": "S", "44": "S", "45": "S", "46": "S", "47": "S", "48": "S", "49": "S", "50": "S", "51": "S", "52": "S", "53": "S", "54": "S", "55": "S", "56": "S", "57": "S", "58": "S", "59": "S", "60": "S", "61": "S", "62": "S", "63": "S", "64": "S", "65": "S", "66": "S", "67": "S", "68": "S", "69": "S", "70": "S", "71": "S", "72": "S", "73": "S", "74": "S", "75": "S", "76": "S", "77": "S", "78": "S", "79": "S", "80": "S", "81": "S", "82": "S", "83": "S", "84": "S", "85": "S", "86": "S", "87": "S", "88": "S", "89": "S", "90": "S", "91": "S", "92": "S", "93": "S", "94": "S", "95": "S", "96": "S", "97": "S", "98": "S", "99": "S", "100": "S", "101": "S", "102": "S", "103": "S", "104": "S", "105": "S", "106": "S", "107": "S", "108": "S"}, {"0": "W", "1": "W", "2": "W", "3": "W", "4": "W", "5": "W", "6": "W", "7": "W", "8": "W", "9": "W", "10": "W", "11": "W", "12": "W", "13": "W", "14": "W", "15": "W", "16": "W", "17": "W", "18": "W", "19": "W", "20": "W", "21": "W", "22": "W", "23": "W", "24": "W", "25": "W", "26": "W", "27": "W", "28": "W", "29": "W", "30": "W", "31": "W", "32": "W", "33": "W", "34": "W", "35": "W", "36": "W", "37": "W", "38": "W", "39": "S", "40": "S", "41": "S", "42": "S", "43": "S", "44": "S", "45": "S", "46": "S", "47": "S", "48": "S", "49": "S", "50": "S", "51": "S", "52": "S", "53": "S", "54": "S", "55": "S", "56": "S", "57": "S", "58": "S", "59": "S", "60": "S", "61": "S", "62": "S", "63": "S", "64": "S", "65": "S", "66": "S", "67": "S", "68": "S", "69": "S", "70": "S", "71": "S", "72": "S", "73": "S", "74": "S", "75": "S", "76": "S", "77": "S", "78": "S", "79": "S", "80": "S", "81": "S", "82": "S", "83": "S", "84": "S", "85": "S", "86": "S", "87": "S", "88": "S", "89": "S", "90": "S", "91": "S", "92": "S", "93": "S", "94": "S", "95": "S", "96": "S", "97": "S", "98": "S", "99": "S", "100": "S", "101": "S", "102": "S", "103": "S", "104": "S", "105": "S", "106": "S", "107": "S", "108": "S"}, {"0": "W", "1": "W", "2": "W", "3": "W", "4": "W", "5": "W", "6": "W", "7": "W", "8": "W", "9": "W", "10": "W", "11": "W", "12": "W", "13": "W", "14": "W", "15": "W", "16": "W", "17": "W", "18": "W", "19": "W", "20": "W", "21": "W", "22": "W", "23": "W", "24": "W", "25": "W", "26": "W", "27": "W", "28": "W", "29": "W", "30": "W", "31": "W", "32": "W", "33": "W", "34": "W", "35": "W", "36": "W", "37": "W", "38": "W", "39": "S", "40": "S", "41": "S", "42": "S", "43": "S", "44": "S", "45": "S", "46": "S", "47": "S", "48": "S", "49": "S", "50": "S", "51": "S", "52": "S", "53": "S", "54": "S", "55": "S", "56": "S", "57": "S", "58": "S", "59": "S", "60": "S", "61": "S", "62": "S", "63": "S", "64": "S", "65": "S", "66": "S", "67": "S", "68": "S", "69": "S", "70": "S", "71": "S", "72": "S", "73": "S", "74": "S", "75": "S", "76": "S", "77": "S", "78": "S", "79": "S", "80": "S", "81": "S", "82": "S", "83": "S", "84": "S", "85": "S", "86": "S", "87": "S", "88": "S", "89": "S", "90": "S", "91": "S", "92": "S", "93": "S", "94": "S", "95": "S", "96": "S", "97": "S", "98": "S", "99": "S", "100": "S", "101": "S", "102": "S", "103": "S", "104": "S", "105": "S", "106": "S", "107": "S", "108": "S"}, {"0": "W", "1": "W", "2": "W", "3": "W", "4": "W", "5": "W", "6": "W", "7": "W", "8": "W", "9": "W", "10": "W", "11": "W", "12": "W", "13": "W", "14": "W", "15": "W", "16": "W", "17": "W", "18": "W", "19": "W", "20": "W", "21": "W", "22": "W", "23": "W", "24": "W", "25": "W", "26": "W", "27": "W", "28": "W", "29": "W", "30": "W", "31": "W", "32": "W", "33": "W", "34": "W", "35": "W", "36": "W", "37": "W", "38": "W", "39": "S", "40": "S", "41": "S", "42": "S", "43": "S", "44": "S", "45": "S", "46": "S", "47": "S", "48": "S", "49": "S", "50": "S", "51": "S", "52": "S", "53": "S", "54": "S", "55": "S", "56": "S", "57": "S", "58": "S", "59": "S", "60": "S", "61": "S", "62": "S", "63": "S", "64": "S", "65": "S", "66": "S", "67": "S", "68": "S", "69": "S", "70": "S", "71": "S", "72": "S", "73": "S", "74": "S", "75": "S", "76": "S", "77": "S", "78": "S", "79": "S", "80": "S", "81": "S", "82": "S", "83": "S", "84": "S", "85": "S", "86": "S", "87": "S", "88": "S", "89": "S", "90": "S", "91": "S", "92": "S", "93": "S", "94": "S", "95": "S", "96": "S", "97": "S", "98": "S", "99": "S", "100": "S", "101": "S", "102": "S", "103": "S", "104": "S", "105": "S", "106": "S", "107": "S", "108": "S"}, {"0": "W", "1": "W", "2": "W", "3": "W", "4": "W", "5": "W", "6": "W", "7": "W", "8": "W", "9": "W", "10": "W", "11": "W", "12": "W", "13": "W", "14": "W", "15": "W", "16": "W", "17": "W", "18": "W", "19": "W", "20": "W", "21": "W", "22": "W", "23": "W", "24": "W", "25": "W", "26": "W", "27": "W", "28": "W", "29": "W", "30": "W", "31": "W", "32": "W", "33": "W", "34": "W", "35": "W", "36": "W", "37": "W", "38": "W", "39": "S", "40": "S", "41": "S", "42": "S", "43": "S", "44": "S", "45": "S", "46": "S", "47": "S", "48": "S", "49": "S", "50": "S", "51": "S", "52": "S", "53": "S", "54": "S", "55": "S", "56": "S", "57": "S", "58": "S", "59": "S", "60": "S", "61": "S", "62": "S", "63": "S", "64": "S", "65": "S", "66": "S", "67": "S", "68": "S", "69": "S", "70": "S", "71": "S", "72": "S", "73": "S", "74": "S", "75": "S", "76": "S", "77": "S", "78": "S", "79": "S", "80": "S", "81": "S", "82": "S", "83": "S", "84": "S", "85": "S", "86": "S", "87": "S", "88": "S", "89": "S", "90": "S", "91": "S", "92": "S", "93": "S", "94": "S", "95": "S", "96": "S", "97": "S", "98": "S", "99": "S", "100": "S", "101": "S", "102": "S", "103": "S", "104": "S", "105": "S", "106": "S", "107": "S", "108": "S"}, {"0": "W", "1": "W", "2": "W", "3": "W", "4": "W", "5": "W", "6": "W", "7": "W", "8": "W", "9": "W", "10": "W", "11": "W", "12": "W", "13": "W", "14": "W", "15": "W", "16": "W", "17": "W", "18": "W", "19": "W", "20": "W", "21": "W", "22": "W", "23": "W", "24": "W", "25": "W", "26": "W", "27": "W", "28": "W", "29": "W", "30": "W", "31": "W", "32": "W", "33": "W", "34": "W", "35": "W", "36": "W", "37": "W", "38": "W", "39": "S", "40": "S", "41": "S", "42": "S", "43": "S", "44": "S", "45": "S", "46": "S", "47": "S", "48": "S", "49": "S", "50": "S", "51": "S", "52": "S", "53": "S", "54": "S", "55": "S", "56": "S", "57": "S", "58": "S", "59": "S", "60": "S", "61": "S", "62": "S", "63": "S", "64": "S", "65": "S", "66": "S", "67": "S", "68": "S", "69": "S", "70": "S", "71": "S", "72": "S", "73": "S", "74": "S", "75": "S", "76": "S", "77": "S", "78": "S", "79": "S", "80": "S", "81": "S", "82": "S", "83": "S", "84": "S", "85": "S", "86": "S", "87": "S", "88": "S", "89": "S", "90": "S", "91": "S", "92": "S", "93": "S", "94": "S", "95": "S", "96": "S", "97": "S", "98": "S", "99": "S", "100": "S", "101": "S", "102": "S", "103": "S", "104": "S", "105": "S", "106": "S", "107": "S", "108": "S"}, {"0": "W", "1": "W", "2": "W", "3": "W", "4": "W", "5": "W", "6": "W", "7": "W", "8": "W", "9": "W", "10": "W", "11": "W", "12": "W", "13": "W", "14": "W", "15": "W", "16": "W", "17": "W", "18": "W", "19": "W", "20": "W", "21": "W", "22": "W", "23": "W", "24": "W", "25": "W", "26": "W", "27": "W", "28": "W", "29": "W", "30": "W", "31": "W", "32": "W", "33": "W", "34": "W", "35": "W", "36": "W", "37": "W", "38": "W", "39": "S", "40": "S", "41": "S", "42": "S", "43": "S", "44": "S", "45": "S", "46": "S", "47": "S", "48": "S", "49": "S", "50": "S", "51": "S", "52": "S", "53": "S", "54": "S", "55": "S", "56": "S", "57": "S", "58": "S", "59": "S", "60": "S", "61": "S", "62": "S", "63": "S", "64": "S", "65": "S", "66": "S", "67": "S", "68": "S", "69": "S", "70": "S", "71": "S", "72": "S", "73": "S", "74": "S", "75": "S", "76": "S", "77": "S", "78": "S", "79": "S", "80": "S", "81": "S", "82": "S", "83": "S", "84": "S", "85": "S", "86": "S", "87": "S", "88": "S", "89": "S", "90": "S", "91": "S", "92": "S", "93": "S", "94": "S", "95": "S", "96": "S", "97": "S", "98": "S", "99": "S", "100": "S", "101": "S", "102": "S", "103": "S", "104": "S", "105": "S", "106": "S", "107": "S", "108": "S"}, {"0": "W", "1": "W", "2": "W", "3": "W", "4": "W", "5": "W", "6": "W", "7": "W", "8": "W", "9": "W", "10": "W", "11": "W", "12": "W", "13": "W", "14": "W", "15": "W", "16": "W", "17": "W", "18": "W", "19": "W", "20": "W", "21": "W", "22": "W", "23": "W", "24": "W", "25": "W", "26": "W", "27": "W", "28": "W", "29": "W", "30": "W", "31": "W", "32": "W", "33": "W", "34": "W", "35": "W", "36": "W", "37": "W", "38": "W", "39": "S", "40": "S", "41": "S", "42": "S", "43": "S", "44": "S", "45": "S", "46": "S", "47": "S", "48": "S", "49": "S", "50": "S", "51": "S", "52": "S", "53": "S", "54": "S", "55": "S", "56": "S", "57": "S", "58": "S", "59": "S", "60": "S", "61": "S", "62": "S", "63": "S", "64": "S", "65": "S", "66": "S", "67": "S", "68": "S", "69": "S", "70": "S", "71": "S", "72": "S", "73": "S", "74": "S", "75": "S", "76": "S", "77": "S", "78": "S", "79": "S", "80": "S", "81": "S", "82": "S", "83": "S", "84": "S", "85": "S", "86": "S", "87": "S", "88": "S", "89": "S", "90": "S", "91": "S", "92": "S", "93": "S", "94": "S", "95": "S", "96": "S", "97": "S", "98": "S", "99": "S", "100": "S", "101": "S", "102": "S", "103": "S", "104": "S", "105": "S", "106": "S", "107": "S", "108": "S"}, {"0": "W", "1": "W", "2": "W", "3": "W", "4": "W", "5": "W", "6": "W", "7": "W", "8": "W", "9": "W", "10": "W", "11": "W", "12": "W", "13": "W", "14": "W", "15": "W", "16": "W", "17": "W", "18": "W", "19": "W", "20": "W", "21": "W", "22": "W", "23": "W", "24": "W", "25": "W", "26": "W", "27": "W", "28": "W", "29": "W", "30": "W", "31": "W", "32": "W", "33": "W", "34": "W", "35": "W", "36": "W", "37": "W", "38": "W", "39": "S", "40": "S", "41": "S", "42": "S", "43": "S", "44": "S", "45": "S", "46": "S", "47": "S", "48": "S", "49": "S", "50": "S", "51": "S", "52": "S", "53": "S", "54": "S", "55": "S", "56": "S", "57": "S", "58": "S", "59": "S", "60": "S", "61": "S", "62": "S", "63": "S", "64": "S", "65": "S", "66": "S", "67": "S", "68": "S", "69": "S", "70": "S", "71": "S", "72": "S", "73": "S", "74": "S", "75": "S", "76": "S", "77": "S", "78": "S", "79": "S", "80": "S", "81": "S", "82": "S", "83": "S", "84": "S", "85": "S", "86": "S", "87": "S", "88": "S", "89": "S", "90": "S", "91": "S", "92": "S", "93": "S", "94": "S", "95": "S", "96": "S", "97": "S", "98": "S", "99": "S", "100": "S", "101": "S", "102": "S", "103": "S", "104": "S", "105": "S", "106": "S", "107": "S", "108": "S"}, {"0": "W", "1": "W", "2": "W", "3": "W", "4": "W", "5": "W", "6": "W", "7": "W", "8": "W", "9": "W", "10": "W", "11": "W", "12": "W", "13": "W", "14": "W", "15": "W", "16": "W", "17": "W", "18": "W", "19": "W", "20": "W", "21": "W", "22": "W", "23": "W", "24": "W", "25": "W", "26": "W", "27": "W", "28": "W", "29": "W", "30": "W", "31": "W", "32": "W", "33": "W", "34": "W", "35": "W", "36": "W", "37": "W", "38": "W", "39": "S", "40": "S", "41": "S", "42": "S", "43": "S", "44": "S", "45": "S", "46": "S", "47": "S", "48": "S", "49": "S", "50": "S", "51": "S", "52": "S", "53": "S", "54": "S", "55": "S", "56": "S", "57": "S", "58": "S", "59": "S", "60": "S", "61": "S", "62": "S", "63": "S", "64": "S", "65": "S", "66": "S", "67": "S", "68": "S", "69": "S", "70": "S", "71": "S", "72": "S", "73": "S", "74": "S", "75": "S", "76": "S", "77": "S", "78": "S", "79": "S", "80": "S", "81": "S", "82": "S", "83": "S", "84": "S", "85": "S", "86": "S", "87": "S", "88": "S", "89": "S", "90": "S", "91": "S", "92": "S", "93": "S", "94": "S", "95": "S", "96": "S", "97": "S", "98": "S", "99": "S", "100": "S", "101": "S", "102": "S", "103": "S", "104": "S", "105": "S", "106": "S", "107": "S", "108": "S"}, {"0": "W", "1": "W", "2": "W", "3": "W", "4": "W", "5": "W", "6": "W", "7": "W", "8": "W", "9": "W", "10": "W", "11": "W", "12": "W", "13": "W", "14": "W", "15": "W", "16": "W", "17": "W", "18": "W", "19": "W", "20": "W", "21": "W", "22": "W", "23": "W", "24": "W", "25": "W", "26": "W", "27": "W", "28": "W", "29": "W", "30": "W", "31": "W", "32": "W", "33": "W", "34": "W", "35": "W", "36": "W", "37": "W", "38": "W", "39": "S", "40": "S", "41": "S", "42": "S", "43": "S", "44": "S", "45": "S", "46": "S", "47": "S", "48": "S", "49": "S", "50": "S", "51": "S", "52": "S", "53": "S", "54": "S", "55": "S", "56": "S", "57": "S", "58": "S", "59": "S", "60": "S", "61": "S", "62": "S", "63": "S", "64": "S", "65": "S", "66": "S", "67": "S", "68": "S", "69": "S", "70": "S", "71": "S", "72": "S", "73": "S", "74": "S", "75": "S", "76": "S", "77": "S", "78": "S", "79": "S", "80": "S", "81": "S", "82": "S", "83": "S", "84": "S", "85": "S", "86": "S", "87": "S", "88": "S", "89": "S", "90": "S", "91": "S", "92": "S", "93": "S", "94": "S", "95": "S", "96": "S", "97": "S", "98": "S", "99": "S", "100": "S", "101": "S", "102": "S", "103": "S", "104": "S", "105": "S", "106": "S", "107": "S", "108": "S"}, {"0": "W", "1": "W", "2": "W", "9": "E", "10": "E", "11": "E", "21": "E", "22": "E", "23": "E", "33": "E", "37": "E", "38": "E", "3": "N", "4": "N", "5": "N", "6": "N", "7": "N", "8": "N", "12": "N", "13": "N", "14": "N", "15": "N", "16": "N", "17": "N", "18": "N", "19": "N", "20": "N", "24": "N", "25": "N", "26": "N", "27": "N", "28": "N", "29": "N", "30": "N", "31": "N", "32": "N", "34": "N", "35": "N", "36": "N", "45": "S", "46": "S", "47": "S", "48": "S", "49": "S", "50": "S", "57": "S", "58": "S", "65": "S", "66": "S", "67": "S", "39": "W", "40": "W", "41": "W", "42": "W", "43": "W", "44": "W", "51": "W", "52": "W", "53": "W", "54": "W", "55": "W", "56": "W", "59": "W", "60": "W", "61": "W", "62": "W", "63": "W", "64": "W", "68": "W", "69": "W", "86": "E", "87": "E", "88": "E", "95": "E", "96": "E", "97": "E", "70": "N", "71": "N", "72": "N", "73": "N", "74": "N", "75": "N", "76": "N", "77": "N", "78": "N", "79": "N", "80": "N", "81": "N", "82": "N", "83": "N", "84": "N", "85": "N", "89": "N", "90": "N", "91": "N", "92": "N", "93": "N", "94": "N", "98": "N", "99": "N", "100": "N", "101": "N", "102": "N", "103": "N", "104": "N", "105": "N", "106": "N", "107": "N", "108": "N"}, {"0": "W", "1": "W", "2": "W", "9": "E", "10": "E", "11": "E", "21": "E", "22": "E", "23": "E", "33": "E", "37": "E", "38": "E", "3": "N", "4": "N", "5": "N", "6": "N", "7": "N", "8": "N", "12": "N", "13": "N", "14": "N", "15": "N", "16": "N", "17": "N", "18": "N", "19": "N", "20": "N", "24": "N", "25": "N", "26": "N", "27": "N", "28": "N", "29": "N", "30": "N", "31": "N", "32": "N", "34": "N", "35": "N", "36": "N", "45": "S", "46": "S", "47": "S", "48": "S", "49": "S", "50": "S", "57": "S", "58": "S", "65": "S", "66": "S", "67": "S", "39": "W", "40": "W", "41": "W", "42": "W", "43": "W", "44": "W", "51": "W", "52": "W", "53": "W", "54": "W", "55": "W", "56": "W", "59": "W", "60": "W", "61": "W", "62": "W", "63": "W", "64": "W", "68": "W", "69": "W", "86": "E", "87": "E", "88": "E", "95": "E", "96": "E", "97": "E", "70": "N", "71": "N", "72": "N", "73": "N", "74": "N", "75": "N", "76": "N", "77": "N", "78": "N", "79": "N", "80": "N", "81": "N", "82": "N", "83": "N", "84": "N", "85": "N", "89": "N", "90": "N", "91": "N", "92": "N", "93": "N", "94": "N", "98": "N", "99": "N", "100": "N", "101": "N", "102": "N", "103": "N", "104": "N", "105": "N", "106": "N", "107": "N", "108": "N"}, {"0": "W", "1": "W", "2": "W", "9": "E", "10": "E", "11": "E", "21": "E", "22": "E", "23": "E", "33": "E", "37": "E", "38": "E", "3": "N", "4": "N", "5": "N", "6": "N", "7": "N", "8": "N", "12": "N", "13": "N", "14": "N", "15": "N", "16": "N", "17": "N", "18": "N", "19": "N", "20": "N", "24": "N", "25": "N", "26": "N", "27": "N", "28": "N", "29": "N", "30": "N", "31": "N", "32": "N", "34": "N", "35": "N", "36": "N", "45": "S", "46": "S", "47": "S", "48": "S", "49": "S", "50": "S", "57": "S", "58": "S", "65": "S", "66": "S", "67": "S", "39": "W", "40": "W", "41": "W", "42": "W", "43": "W", "44": "W", "51": "W", "52": "W", "53": "W", "54": "W", "55": "W", "56": "W", "59": "W", "60": "W", "61": "W", "62": "W", "63": "W", "64": "W", "68": "W", "69": "W", "86": "E", "87": "E", "88": "E", "95": "E", "96": "E", "97": "E", "70": "N", "71": "N", "72": "N", "73": "N", "74": "N", "75": "N", "76": "N", "77": "N", "78": "N", "79": "N", "80": "N", "81": "N", "82": "N", "83": "N", "84": "N", "85": "N", "89": "N", "90": "N", "91": "N", "92": "N", "93": "N", "94": "N", "98": "N", "99": "N", "100": "N", "101": "N", "102": "N", "103": "N", "104": "N", "105": "N", "106": "N", "107": "N", "108": "N"}, {"0": "W", "1": "W", "2": "W", "9": "E", "10": "E", "11": "E", "21": "E", "22": "E", "23": "E", "33": "E", "37": "E", "38": "E", "3": "N", "4": "N", "5": "N", "6": "N", "7": "N", "8": "N", "12": "N", "13": "N", "14": "N", "15": "N", "16": "N", "17": "N", "18": "N", "19": "N", "20": "N", "24": "N", "25": "N", "26": "N", "27": "N", "28": "N", "29": "N", "30": "N", "31": "N", "32": "N", "34": "N", "35": "N", "36": "N", "45": "S", "46": "S", "47": "S", "48": "S", "49": "S", "50": "S", "57": "S", "58": "S", "65": "S", "66": "S", "67": "S", "39": "W", "40": "W", "41": "W", "42": "W", "43": "W", "44": "W", "51": "W", "52": "W", "53": "W", "54": "W", "55": "W", "56": "W", "59": "W", "60": "W", "61": "W", "62": "W", "63": "W", "64": "W", "68": "W", "69": "W", "86": "E", "87": "E", "88": "E", "95": "E", "96": "E", "97": "E", "70": "N", "71": "N", "72": "N", "73": "N", "74": "N", "75": "N", "76": "N", "77": "N", "78": "N", "79": "N", "80": "N", "81": "N", "82": "N", "83": "N", "84": "N", "85": "N", "89": "N", "90": "N", "91": "N", "92": "N", "93": "N", "94": "N", "98": "N", "99": "N", "100": "N", "101": "N", "102": "N", "103": "N", "104": "N", "105": "N", "106": "N", "107": "N", "108": "N"}, {"0": "W", "1": "W", "2": "W", "9": "E", "10": "E", "11": "E", "21": "E", "22": "E", "23": "E", "33": "E", "37": "E", "38": "E", "3": "N", "4": "N", "5": "N", "6": "N", "7": "N", "8": "N", "12": "N", "13": "N", "14": "N", "15": "N", "16": "N", "17": "N", "18": "N", "19": "N", "20": "N", "24": "N", "25": "N", "26": "N", "27": "N", "28": "N", "29": "N", "30": "N", "31": "N", "32": "N", "34": "N", "35": "N", "36": "N", "45": "S", "46": "S", "47": "S", "48": "S", "49": "S", "50": "S", "57": "S", "58": "S", "65": "S", "66": "S", "67": "S", "39": "W", "40": "W", "41": "W", "42": "W", "43": "W", "44": "W", "51": "W", "52": "W", "53": "W", "54": "W", "55": "W", "56": "W", "59": "W", "60": "W", "61": "W", "62": "W", "63": "W", "64": "W", "68": "W", "69": "W", "86": "E", "87": "E", "88": "E", "95": "E", "96": "E", "97": "E", "70": "N", "71": "N", "72": "N", "73": "N", "74": "N", "75": "N", "76": "N", "77": "N", "78": "N", "79": "N", "80": "N", "81": "N", "82": "N", "83": "N", "84": "N", "85": "N", "89": "N", "90": "N", "91": "N", "92": "N", "93": "N", "94": "N", "98": "N", "99": "N", "100": "N", "101": "N", "102": "N", "103": "N", "104": "N", "105": "N", "106": "N", "107": "N", "108": "N"}, {"0": "W", "1": "W", "2": "W", "9": "E", "10": "E", "11": "E", "21": "E", "22": "E", "23": "E", "33": "E", "37": "E", "38": "E", "3": "N", "4": "N", "5": "N", "6": "N", "7": "N", "8": "N", "12": "N", "13": "N", "14": "N", "15": "N", "16": "N", "17": "N", "18": "N", "19": "N", "20": "N", "24": "N", "25": "N", "26": "N", "27": "N", "28": "N", "29": "N", "30": "N", "31": "N", "32": "N", "34": "N", "35": "N", "36": "N", "45": "S", "46": "S", "47": "S", "48": "S", "49": "S", "50": "S", "57": "S", "58": "S", "65": "S", "66": "S", "67": "S", "39": "W", "40": "W", "41": "W", "42": "W", "43": "W", "44": "W", "51": "W", "52": "W", "53": "W", "54": "W", "55": "W", "56": "W", "59": "W", "60": "W", "61": "W", "62": "W", "63": "W", "64": "W", "68": "W", "69": "W", "86": "E", "87": "E", "88": "E", "95": "E", "96": "E", "97": "E", "70": "N", "71": "N", "72": "N", "73": "N", "74": "N", "75": "N", "76": "N", "77": "N", "78": "N", "79": "N", "80": "N", "81": "N", "82": "N", "83": "N", "84": "N", "85": "N", "89": "N", "90": "N", "91": "N", "92": "N", "93": "N", "94": "N", "98": "N", "99": "N", "100": "N", "101": "N", "102": "N", "103": "N", "104": "N", "105": "N", "106": "N", "107": "N", "108": "N"}, {"0": "W", "1": "W", "2": "W", "9": "E", "10": "E", "11": "E", "21": "E", "22": "E", "23": "E", "33": "E", "37": "E", "38": "E", "3": "N", "4": "N", "5": "N", "6": "N", "7": "N", "8": "N", "12": "N", "13": "N", "14": "N", "15": "N", "16": "N", "17": "N", "18": "N", "19": "N", "20": "N", "24": "N", "25": "N", "26": "N", "27": "N", "28": "N", "29": "N", "30": "N", "31": "N", "32": "N", "34": "N", "35": "N", "36": "N", "45": "S", "46": "S", "47": "S", "48": "S", "49": "S", "50": "S", "57": "S", "58": "S", "65": "S", "66": "S", "67": "S", "39": "W", "40": "W", "41": "W", "42": "W", "43": "W", "44": "W", "51": "W", "52": "W", "53": "W", "54": "W", "55": "W", "56": "W", "59": "W", "60": "W", "61": "W", "62": "W", "63": "W", "64": "W", "68": "W", "69": "W", "86": "E", "87": "E", "88": "E", "95": "E", "96": "E", "97": "E", "70": "N", "71": "N", "72": "N", "73": "N", "74": "N", "75": "N", "76": "N", "77": "N", "78": "N", "79": "N", "80": "N", "81": "N", "82": "N", "83": "N", "84": "N", "85": "N", "89": "N", "90": "N", "91": "N", "92": "N", "93": "N", "94": "N", "98": "N", "99": "N", "100": "N", "101": "N", "102": "N", "103": "N", "104": "N", "105": "N", "106": "N", "107": "N", "108": "N"}, {"0": "W", "1": "W", "2": "W", "9": "E", "10": "E", "11": "E", "21": "E", "22": "E", "23": "E", "33": "E", "37": "E", "38": "E", "3": "N", "4": "N", "5": "N", "6": "N", "7": "N", "8": "N", "12": "N", "13": "N", "14": "N", "15": "N", "16": "N", "17": "N", "18": "N", "19": "N", "20": "N", "24": "N", "25": "N", "26": "N", "27": "N", "28": "N", "29": "N", "30": "N", "31": "N", "32": "N", "34": "N", "35": "N", "36": "N", "45": "S", "46": "S", "47": "S", "48": "S", "49": "S", "50": "S", "57": "S", "58": "S", "65": "S", "66": "S", "67": "S", "39": "W", "40": "W", "41": "W", "42": "W", "43": "W", "44": "W", "51": "W", "52": "W", "53": "W", "54": "W", "55": "W", "56": "W", "59": "W", "60": "W", "61": "W", "62": "W", "63": "W", "64": "W", "68": "W", "69": "W", "86": "E", "87": "E", "88": "E", "95": "E", "96": "E", "97": "E", "70": "N", "71": "N", "72": "N", "73": "N", "74": "N", "75": "N", "76": "N", "77": "N", "78": "N", "79": "N", "80": "N", "81": "N", "82": "N", "83": "N", "84": "N", "85": "N", "89": "N", "90": "N", "91": "N", "92": "N", "93": "N", "94": "N", "98": "N", "99": "N", "100": "N", "101": "N", "102": "N", "103": "N", "104": "N", "105": "N", "106": "N", "107": "N", "108": "N"}, {"0": "W", "1": "W", "2": "W", "9": "E", "10": "E", "11": "E", "21": "E", "22": "E", "23": "E", "33": "E", "37": "E", "38": "E", "3": "N", "4": "N", "5": "N", "6": "N", "7": "N", "8": "N", "12": "N", "13": "N", "14": "N", "15": "N", "16": "N", "17": "N", "18": "N", "19": "N", "20": "N", "24": "N", "25": "N", "26": "N", "27": "N", "28": "N", "29": "N", "30": "N", "31": "N", "32": "N", "34": "N", "35": "N", "36": "N", "45": "S", "46": "S", "47": "S", "48": "S", "49": "S", "50": "S", "57": "S", "58": "S", "65": "S", "66": "S", "67": "S", "39": "W", "40": "W", "41": "W", "42": "W", "43": "W", "44": "W", "51": "W", "52": "W", "53": "W", "54": "W", "55": "W", "56": "W", "59": "W", "60": "W", "61": "W", "62": "W", "63": "W", "64": "W", "68": "W", "69": "W", "86": "E", "87": "E", "88": "E", "95": "E", "96": "E", "97": "E", "70": "N", "71": "N", "72": "N", "73": "N", "74": "N", "75": "N", "76": "N", "77": "N", "78": "N", "79": "N", "80": "N", "81": "N", "82": "N", "83": "N", "84": "N", "85": "N", "89": "N", "90": "N", "91": "N", "92": "N", "93": "N", "94": "N", "98": "N", "99": "N", "100": "N", "101": "N", "102": "N", "103": "N", "104": "N", "105": "N", "106": "N", "107": "N", "108": "N"}, {"0": "W", "1": "W", "2": "W", "9": "E", "10": "E", "11": "E", "21": "E", "22": "E", "23": "E", "33": "E", "37": "E", "38": "E", "3": "N", "4": "N", "5": "N", "6": "N", "7": "N", "8": "N", "12": "N", "13": "N", "14": "N", "15": "N", "16": "N", "17": "N", "18": "N", "19": "N", "20": "N", "24": "N", "25": "N", "26": "N", "27": "N", "28": "N", "29": "N", "30": "N", "31": "N", "32": "N", "34": "N", "35": "N", "36": "N", "45": "S", "46": "S", "47": "S", "48": "S", "49": "S", "50": "S", "57": "S", "58": "S", "65": "S", "66": "S", "67": "S", "39": "W", "40": "W", "41": "W", "42": "W", "43": "W", "44": "W", "51": "W", "52": "W", "53": "W", "54": "W", "55": "W", "56": "W", "59": "W", "60": "W", "61": "W", "62": "W", "63": "W", "64": "W", "68": "W", "69": "W", "86": "E", "87": "E", "88": "E", "95": "E", "96": "E", "97": "E", "70": "N", "71": "N", "72": "N", "73": "N", "74": "N", "75": "N", "76": "N", "77": "N", "78": "N", "79": "N", "80": "N", "81": "N", "82": "N", "83": "N", "84": "N", "85": "N", "89": "N", "90": "N", "91": "N", "92": "N", "93": "N", "94": "N", "98": "N", "99": "N", "100": "N", "101": "N", "102": "N", "103": "N", "104": "N", "105": "N", "106": "N", "107": "N", "108": "N"}, {"0": "W", "1": "W", "2": "W", "9": "E", "10": "E", "11": "E", "21": "E", "22": "E", "23": "E", "33": "E", "37": "E", "38": "E", "3": "N", "4": "N", "5": "N", "6": "N", "7": "N", "8": "N", "12": "N", "13": "N", "14": "N", "15": "N", "16": "N", "17": "N", "18": "N", "19": "N", "20": "N", "24": "N", "25": "N", "26": "N", "27": "N", "28": "N", "29": "N", "30": "N", "31": "N", "32": "N", "34": "N", "35": "N", "36": "N", "39": "W", "40": "W", "41": "W", "42": "W", "43": "W", "44": "W", "51": "W", "52": "W", "53": "W", "54": "W", "55": "W", "56": "W", "59": "W", "60": "W", "61": "W", "62": "W", "63": "W", "64": "W", "68": "W", "69": "W", "86": "E", "87": "E", "88": "E", "95": "E", "96": "E", "97": "E", "70": "N", "71": "N", "72": "N", "73": "N", "74": "N", "75": "N", "76": "N", "77": "N", "78": "N", "79": "N", "80": "N", "81": "N", "82": "N", "83": "N", "84": "N", "85": "N", "89": "N", "90": "N", "91": "N", "92": "N", "93": "N", "94": "N", "98": "N", "99": "N", "100": "N", "101": "N", "102": "N", "103": "N", "104": "N", "105": "N", "106": "N", "107": "N", "108": "N"}, {"0": "E", "1": "E", "2": "E", "9": "N", "10": "N", "11": "N", "21": "E", "22": "E", "23": "E", "33": "E", "37": "E", "38": "E", "4": "W", "5": "W", "6": "W", "7": "W", "8": "W", "3": "N", "12": "N", "13": "N", "14": "N", "16": "S", "17": "S", "18": "S", "19": "S", "20": "S", "25": "S", "27": "S", "29": "S", "30": "S", "32": "S", "34": "S", "35": "S", "36": "S", "15": "E", "24": "E", "26": "E", "28": "E", "31": "E", "45": "N", "46": "N", "47": "N", "48": "N", "49": "N", "50": "E", "57": "E", "58": "E", "65": "E", "66": "E", "67": "E", "40": "W", "41": "W", "42": "W", "43": "W", "44": "W", "39": "N", "52": "S", "53": "S", "54": "S", "55": "S", "56": "S", "60": "S", "61": "S", "62": "S", "63": "S", "64": "S", "68": "S", "69": "S", "51": "E", "59": "E", "86": "N", "87": "N", "88": "N", "95": "E", "96": "E", "97": "E", "70": "W", "71": "W", "72": "W", "73": "W", "74": "W", "75": "W", "76": "W", "77": "W", "78": "W", "79": "W", "81": "W", "82": "W", "83": "W", "84": "W", "85": "W", "80": "N", "90": "S", "91": "S", "92": "S", "93": "S", "94": "S", "99": "S", "101": "S", "103": "S", "105": "S", "106": "S", "107": "S", "108": "S", "89": "E", "98": "E", "100": "E", "102": "E", "104": "E"}, {"0": "E", "1": "E", "2": "E", "9": "N", "10": "N", "11": "N", "21": "E", "22": "E", "23": "E", "33": "E", "37": "E", "38": "E", "4": "W", "5": "W", "6": "W", "7": "W", "8": "W", "3": "N", "12": "N", "13": "N", "14": "N", "16": "S", "17": "S", "18": "S", "19": "S", "20": "S", "25": "S", "27": "S", "29": "S", "30": "S", "32": "S", "34": "S", "35": "S", "36": "S", "15": "E", "24": "E", "26": "E", "28": "E", "31": "E", "45": "N", "46": "N", "47": "N", "48": "N", "49": "N", "50": "E", "57": "E", "58": "E", "65": "E", "66": "E", "67": "E", "40": "W", "41": "W", "42": "W", "43": "W", "44": "W", "39": "N", "52": "S", "53": "S", "54": "S", "55": "S", "56": "S", "60": "S", "61": "S", "62": "S", "63": "S", "64": "S", "68": "S", "69": "S", "51": "E", "59": "E", "86": "N", "87": "N", "88": "N", "95": "E", "96": "E", "97": "E", "70": "W", "71": "W", "72": "W", "73": "W", "74": "W", "75": "W", "76": "W", "77": "W", "78": "W", "79": "W", "81": "W", "82": "W", "83": "W", "84": "W", "85": "W", "80": "N", "90": "S", "91": "S", "92": "S", "93": "S", "94": "S", "99": "S", "101": "S", "103": "S", "105": "S", "106": "S", "107": "S", "108": "S", "89": "E", "98": "E", "100": "E", "102": "E", "104": "E"}, {"0": "E", "1": "E", "2": "E", "9": "N", "10": "N", "11": "N", "21": "E", "22": "E", "23": "E", "33": "E", "37": "E", "38": "E", "4": "W", "5": "W", "6": "W", "7": "W", "8": "W", "3": "N", "12": "N", "13": "N", "14": "N", "16": "S", "17": "S", "18": "S", "19": "S", "20": "S", "25": "S", "27": "S", "29": "S", "30": "S", "32": "S", "34": "S", "35": "S", "36": "S", "15": "E", "24": "E", "26": "E", "28": "E", "31": "E", "45": "N", "46": "N", "47": "N", "48": "N", "49": "N", "50": "E", "57": "E", "58": "E", "65": "E", "66": "E", "67": "E", "40": "W", "41": "W", "42": "W", "43": "W", "44": "W", "39": "N", "52": "S", "53": "S", "54": "S", "55": "S", "56": "S", "60": "S", "61": "S", "62": "S", "63": "S", "64": "S", "68": "S", "69": "S", "51": "E", "59": "E", "86": "N", "87": "N", "88": "N", "95": "E", "96": "E", "97": "E", "70": "W", "71": "W", "72": "W", "73": "W", "74": "W", "75": "W", "76": "W", "77": "W", "78": "W", "79": "W", "81": "W", "82": "W", "83": "W", "84": "W", "85": "W", "80": "N", "90": "S", "91": "S", "92": "S", "93": "S", "94": "S", "99": "S", "101": "S", "103": "S", "105": "S", "106": "S", "107": "S", "108": "S", "89": "E", "98": "E", "100": "E", "102": "E", "104": "E"}, {"0": "E", "1": "E", "2": "E", "9": "N", "10": "N", "11": "N", "21": "E", "22": "E", "23": "E", "33": "E", "37": "E", "38": "E", "4": "W", "5": "W", "6": "W", "7": "W", "8": "W", "3": "N", "12": "N", "13": "N", "14": "N", "16": "S", "17": "S", "18": "S", "19": "S", "20": "S", "25": "S", "27": "S", "29": "S", "30": "S", "32": "S", "34": "S", "35": "S", "36": "S", "15": "E", "24": "E", "26": "E", "28": "E", "31": "E", "45": "N", "46": "N", "47": "N", "48": "N", "49": "N", "50": "E", "57": "E", "58": "E", "65": "E", "66": "E", "67": "E", "40": "W", "41": "W", "42": "W", "43": "W", "44": "W", "39": "N", "52": "S", "53": "S", "54": "S", "55": "S", "56": "S", "60": "S", "61": "S", "62": "S", "63": "S", "64": "S", "68": "S", "69": "S", "51": "E", "59": "E", "86": "N", "87": "N", "88": "N", "95": "E", "96": "E", "97": "E", "70": "W", "71": "W", "72": "W", "73": "W", "74": "W", "75": "W", "76": "W", "77": "W", "78": "W", "79": "W", "81": "W", "82": "W", "83": "W", "84": "W", "85": "W", "80": "N", "90": "S", "91": "S", "92": "S", "93": "S", "94": "S", "99": "S", "101": "S", "103": "S", "105": "S", "106": "S", "107": "S", "108": "S", "89": "E", "98": "E", "100": "E", "102": "E", "104": "E"}, {"0": "E", "1": "E", "2": "E", "9": "N", "10": "N", "11": "N", "21": "E", "22": "E", "23": "E", "33": "E", "37": "E", "38": "E", "4": "W", "5": "W", "6": "W", "7": "W", "8": "W", "3": "N", "12": "N", "13": "N", "14": "N", "16": "S", "17": "S", "18": "S", "19": "S", "20": "S", "25": "S", "27": "S", "29": "S", "30": "S", "32": "S", "34": "S", "35": "S", "36": "S", "15": "E", "24": "E", "26": "E", "28": "E", "31": "E", "45": "N", "46": "N", "47": "N", "48": "N", "49": "N", "50": "E", "57": "E", "58": "E", "65": "E", "66": "E", "67": "E", "40": "W", "41": "W", "42": "W", "43": "W", "44": "W", "39": "N", "52": "S", "53": "S", "54": "S", "55": "S", "56": "S", "60": "S", "61": "S", "62": "S", "63": "S", "64": "S", "68": "S", "69": "S", "51": "E", "59": "E", "86": "N", "87": "N", "88": "N", "95": "E", "96": "E", "97": "E", "70": "W", "71": "W", "72": "W", "73": "W", "74": "W", "75": "W", "76": "W", "77": "W", "78": "W", "79": "W", "81": "W", "82": "W", "83": "W", "84": "W", "85": "W", "80": "N", "90": "S", "91": "S", "92": "S", "93": "S", "94": "S", "99": "S", "101": "S", "103": "S", "105": "S", "106": "S", "107": "S", "108": "S", "89": "E", "98": "E", "100": "E", "102": "E", "104": "E"}, {"0": "E", "1": "E", "2": "E", "21": "E", "22": "E", "23": "E", "33": "E", "37": "E", "38": "E", "3": "N", "12": "N", "13": "N", "14": "N", "16": "S", "17": "S", "18": "S", "19": "S", "20": "S", "25": "S", "27": "S", "29": "S", "30": "S", "32": "S", "34": "S", "35": "S", "36": "S", "15": "E", "24": "E", "26": "E", "28": "E", "31": "E", "39": "N", "51": "E", "59": "E", "95": "E", "96": "E", "97": "E", "80": "N", "90": "S", "91": "S", "92": "S", "93": "S", "94": "S", "99": "S", "101": "S", "103": "S", "105": "S", "106": "S", "107": "S", "108": "S", "89": "E", "98": "E", "100": "E", "102": "E", "104": "E"}, {"0": "E", "1": "E", "2": "E", "9": "W", "10": "W", "11": "W", "21": "W", "22": "W", "23": "W", "33": "N", "37": "N", "38": "N", "7": "S", "8": "S", "4": "W", "5": "W", "6": "W", "3": "S", "12": "S", "13": "E", "14": "E", "19": "S", "20": "S", "25": "S", "27": "S", "16": "W", "17": "W", "18": "W", "29": "E", "30": "E", "32": "E", "34": "N", "35": "N", "36": "N", "15": "S", "24": "S", "26": "S", "28": "E", "31": "E", "45": "W", "46": "W", "47": "N", "48": "N", "49": "N", "50": "W", "57": "W", "58": "W", "65": "N", "66": "N", "67": "N", "43": "S", "44": "S", "40": "W", "41": "W", "42": "W", "55": "S", "56": "S", "52": "W", "53": "W", "54": "W", "63": "E", "64": "E", "60": "N", "61": "N", "62": "N", "68": "N", "69": "N", "51": "S", "59": "E", "86": "N", "87": "N", "88": "N", "95": "W", "96": "W", "97": "W", "72": "S", "73": "S", "76": "S", "77": "S", "70": "W", "71": "W", "74": "W", "75": "W", "84": "E", "85": "E", "78": "N", "79": "N", "81": "N", "82": "N", "83": "N", "93": "S", "94": "S", "99": "S", "101": "S", "90": "W", "91": "W", "92": "W", "103": "E", "105": "E", "106": "N", "107": "N", "108": "N", "89": "S", "98": "S", "100": "S", "102": "E", "104": "E"}, {"0": "E", "1": "E", "2": "E", "9": "W", "10": "W", "11": "W", "21": "W", "22": "W", "23": "W", "33": "N", "37": "N", "38": "N", "7": "S", "8": "S", "4": "W", "5": "W", "6": "W", "3": "S", "12": "S", "13": "E", "14": "E", "19": "S", "20": "S", "25": "S", "27": "S", "16": "W", "17": "W", "18": "W", "29": "E", "30": "E", "32": "E", "34": "N", "35": "N", "36": "N", "15": "S", "24": "S", "26": "S", "28": "E", "31": "E", "45": "W", "46": "W", "47": "N", "48": "N", "49": "N", "50": "W", "57": "W", "58": "W", "65": "N", "66": "N", "67": "N", "43": "S", "44": "S", "40": "W", "41": "W", "42": "W", "55": "S", "56": "S", "52": "W", "53": "W", "54": "W", "63": "E", "64": "E", "60": "N", "61": "N", "62": "N", "68": "N", "69": "N", "51": "S", "59": "E", "86": "N", "87": "N", "88": "N", "95": "W", "96": "W", "97": "W", "72": "S", "73": "S", "76": "S", "77": "S", "70": "W", "71": "W", "74": "W", "75": "W", "84": "E", "85": "E", "78": "N", "79": "N", "81": "N", "82": "N", "83": "N", "93": "S", "94": "S", "99": "S", "101": "S", "90": "W", "91": "W", "92": "W", "103": "E", "105": "E", "106": "N", "107": "N", "108": "N", "89": "S", "98": "S", "100": "S", "102": "E", "104": "E"}, {"0": "E", "1": "E", "2": "E", "9": "W", "10": "W", "11": "W", "21": "W", "22": "W", "23": "W", "33": "N", "37": "N", "38": "N", "4": "W", "5": "W", "6": "W", "3": "S", "12": "S", "13": "E", "14": "E", "19": "S", "20": "S", "25": "S", "27": "S", "16": "W", "17": "W", "18": "W", "29": "E", "30": "E", "32": "E", "34": "N", "35": "N", "36": "N", "15": "S", "24": "S", "26": "S", "28": "E", "31": "E", "45": "W", "46": "W", "47": "N", "48": "N", "49": "N", "50": "W", "57": "W", "58": "W", "65": "N", "66": "N", "67": "N", "40": "W", "41": "W", "42": "W", "52": "W", "53": "W", "54": "W", "63": "E", "64": "E", "60": "N", "61": "N", "62": "N", "68": "N", "69": "N", "51": "S", "59": "E", "86": "N", "87": "N", "88": "N", "95": "W", "96": "W", "97": "W", "70": "W", "71": "W", "74": "W", "75": "W", "84": "E", "85": "E", "78": "N", "79": "N", "81": "N", "82": "N", "83": "N", "93": "S", "94": "S", "99": "S", "101": "S", "90": "W", "91": "W", "92": "W", "103": "E", "105": "E", "106": "N", "107": "N", "108": "N", "89": "S", "98": "S", "100": "S", "102": "E", "104": "E"}, {"0": "W", "1": "S", "2": "S", "11": "W", "9": "N", "10": "N", "23": "W", "21": "N", "22": "N", "38": "S", "33": "E", "37": "E", "8": "W", "7": "N", "6": "W", "4": "N", "5": "N", "3": "W", "12": "S", "13": "W", "14": "S", "20": "W", "19": "N", "25": "E", "27": "E", "18": "W", "16": "N", "17": "N", "30": "W", "29": "N", "32": "E", "36": "S", "34": "E", "35": "E", "15": "W", "24": "S", "26": "S", "28": "W", "31": "S", "45": "E", "46": "E", "47": "W", "48": "S", "49": "S", "50": "W", "57": "E", "58": "E", "67": "S", "65": "E", "66": "E", "44": "S", "43": "E", "42": "S", "40": "E", "41": "E", "56": "S", "55": "E", "54": "S", "52": "E", "53": "E", "64": "S", "63": "E", "62": "S", "60": "E", "61": "E", "68": "E", "69": "E", "88": "S", "86": "E", "87": "E", "97": "W", "95": "N", "96": "N", "73": "W", "72": "N", "77": "S", "76": "E", "71": "W", "70": "N", "75": "S", "74": "E", "85": "S", "84": "E", "78": "N", "79": "N", "83": "S", "81": "E", "82": "E", "94": "W", "93": "N", "99": "E", "101": "E", "92": "W", "90": "N", "91": "N", "103": "N", "105": "E", "108": "S", "106": "E", "107": "E", "89": "W", "98": "S", "100": "S", "102": "W", "104": "S"}, {"1": "S", "2": "S", "9": "N", "10": "N", "21": "N", "22": "N", "38": "S", "33": "E", "37": "E", "4": "N", "5": "N", "14": "S", "25": "E", "27": "E", "16": "N", "17": "N", "32": "E", "36": "S", "34": "E", "35": "E", "24": "S", "26": "S", "31": "S", "45": "E", "46": "E", "48": "S", "49": "S", "57": "E", "58": "E", "67": "S", "65": "E", "66": "E", "40": "E", "41": "E", "52": "E", "53": "E", "64": "S", "63": "E", "62": "S", "60": "E", "61": "E", "68": "E", "69": "E", "88": "S", "86": "E", "87": "E", "95": "N", "96": "N", "70": "N", "74": "E", "85": "S", "84": "E", "78": "N", "79": "N", "83": "S", "81": "E", "82": "E", "99": "E", "101": "E", "90": "N", "91": "N", "105": "E", "108": "S", "106": "E", "107": "E", "98": "S", "100": "S", "104": "S"}, {"33": "W", "37": "E", "35": "E", "34": "N", "66": "S", "65": "W", "61": "S", "60": "W", "69": "E", "68": "N", "87": "S", "86": "W", "82": "S", "81": "W", "107": "E", "106": "N"}]}