{"instance": "small_free_001_10x10_40_40", "steps": [{"21": "E", "1": "N", "3": "N", "15": "S", "26": "W", "28": "N", "35": "N", "2": "N", "4": "W", "5": "N", "6": "N", "7": "N", "9": "S", "11": "N", "12": "W", "13": "E", "14": "W", "16": "N", "17": "W", "18": "N", "20": "W", "22": "S", "23": "N", "25": "N", "27": "E", "29": "E", "30": "W", "31": "E", "33": "N", "36": "W", "38": "N", "39": "E"}, {"21": "N", "3": "N", "15": "S", "26": "S", "28": "E", "2": "N", "6": "N", "7": "N", "8": "W", "9": "E", "11": "E", "14": "W", "16": "N", "18": "N", "19": "S", "20": "S", "22": "W", "25": "N", "27": "E", "29": "E", "30": "S", "31": "E", "36": "W", "38": "W", "39": "S"}, {"0": "S", "3": "W", "4": "W", "5": "W", "6": "N", "7": "W", "8": "W", "10": "E", "11": "N", "14": "S", "19": "W", "20": "W", "22": "S", "27": "S", "30": "W", "31": "S", "32": "S", "38": "N"}, {"3": "W", "2": "W", "5": "W", "6": "W", "7": "N", "8": "S", "10": "N", "11": "N", "14": "S", "17": "S", "18": "N", "19": "S", "20": "W", "22": "S", "27": "W", "29": "N", "30": "W", "31": "E", "32": "E", "33": "W", "36": "W"}, {"21": "N", "3": "N", "15": "S", "28": "N", "35": "N", "4": "N", "5": "W", "6": "W", "7": "N", "8": "W", "9": "S", "10": "N", "11": "E", "14": "S", "22": "W", "27": "N", "29": "N", "30": "W", "32": "N", "33": "W", "36": "W", "37": "S", "39": "W"}, {"21": "N", "0": "E", "3": "E", "15": "W", "35": "E", "2": "N", "4": "W", "7": "N", "8": "S", "9": "E", "10": "N", "11": "N", "13": "E", "14": "W", "17": "W", "20": "W", "22": "S", "27": "W", "30": "N", "32": "N", "33": "S", "36": "N", "37": "S"}, {"21": "W", "0": "S", "3": "N", "15": "W", "35": "E", "2": "E", "4": "N", "7": "N", "8": "S", "9": "S", "10": "E", "11": "N", "13": "N", "17": "S", "18": "E", "19": "W", "20": "W", "22": "W", "24": "E", "25": "W", "31": "S", "32": "E", "33": "W", "36": "W", "37": "S"}, {"3": "W", "15": "W", "35": "N", "2": "E", "4": "W", "6": "N", "8": "W", "9": "S", "10": "E", "11": "E", "13": "N", "17": "S", "18": "S", "19": "W", "20": "N", "22": "N", "23": "E", "24": "E", "29": "E", "31": "S", "32": "S", "33": "S", "37": "S", "39": "N"}, {"3": "N", "35": "E", "2": "E", "5": "S", "9": "S", "11": "N", "17": "S", "18": "W", "19": "S", "22": "N", "23": "E", "29": "N", "30": "N", "31": "E", "33": "W", "34": "E"}, {"21": "N", "1": "N", "3": "N", "26": "S", "35": "S", "2": "E", "6": "W", "9": "W", "11": "N", "14": "W", "17": "S", "18": "W", "19": "S", "22": "W", "23": "E", "29": "E", "33": "W", "34": "S"}, {"21": "N", "1": "N", "3": "E", "26": "W", "35": "E", "2": "N", "4": "W", "9": "S", "13": "N", "17": "E", "19": "W", "23": "E", "25": "W", "27": "S", "29": "E", "32": "W", "34": "E", "37": "E"}, {"21": "E", "1": "E", "35": "S", "7": "E", "9": "S", "17": "S", "19": "S", "23": "N", "27": "E", "29": "N", "34": "S", "37": "E", "38": "E"}, {"0": "W", "1": "S", "35": "W", "4": "W", "7": "E", "9": "S", "12": "N", "14": "S", "17": "S", "18": "N", "23": "E", "24": "E", "27": "S", "29": "W", "31": "E", "34": "E", "37": "S"}, {"0": "S", "1": "S", "3": "S", "35": "S", "4": "W", "9": "E", "13": "W", "14": "W", "17": "S", "18": "W", "23": "E", "24": "E", "29": "W", "32": "S", "34": "S", "37": "S"}, {"1": "S", "3": "W", "15": "N", "28": "W", "35": "W", "8": "N", "9": "E", "12": "N", "17": "S", "20": "E", "23": "E", "27": "S", "29": "W", "32": "W", "37": "E", "38": "E"}, {"1": "S", "3": "S", "26": "E", "28": "W", "35": "W", "9": "E", "12": "N", "14": "S", "17": "E", "19": "S", "20": "S", "27": "W", "29": "N", "30": "E", "37": "S"}, {"0": "E", "1": "W", "15": "N", "28": "W", "7": "S", "8": "N", "9": "E", "12": "N", "17": "S", "18": "W", "22": "N", "27": "S", "29": "N", "34": "E", "37": "E"}, {"1": "W", "15": "N", "26": "E", "12": "E", "17": "E", "18": "W", "19": "W", "22": "N", "25": "W", "27": "S", "29": "N", "33": "W", "34": "S", "37": "S", "38": "S"}, {"1": "W", "15": "N", "26": "S", "8": "N", "12": "E", "14": "E", "17": "E", "18": "W", "19": "N", "22": "E", "27": "S", "29": "E", "33": "W", "37": "S"}, {"15": "N", "26": "E", "8": "W", "12": "E", "14": "E", "17": "E", "19": "N", "22": "N", "27": "S", "29": "N", "33": "W", "37": "E", "39": "W"}, {"26": "N", "28": "W", "4": "S", "5": "N", "12": "E", "13": "S", "14": "E", "19": "W", "20": "E", "22": "N", "27": "S", "29": "N", "30": "E", "33": "N"}, {"26": "E", "28": "W", "12": "E", "13": "S", "14": "S", "18": "N", "19": "N", "20": "E", "22": "N", "27": "E", "29": "W", "30": "S", "33": "N", "38": "E"}, {"26": "E", "28": "W", "7": "E", "8": "N", "12": "E", "14": "E", "18": "W", "19": "N", "27": "E", "29": "W", "32": "W", "33": "N", "34": "S", "37": "E"}, {"0": "S", "15": "N", "26": "E", "28": "W", "4": "W", "7": "N", "8": "N", "16": "E", "19": "W", "27": "S", "34": "S", "37": "E"}, {"15": "N", "7": "E", "19": "W", "20": "E", "27": "E", "30": "W", "34": "W", "36": "N", "37": "N"}, {"1": "S", "6": "W", "7": "E", "9": "N", "18": "S", "19": "N", "20": "N", "24": "E", "30": "N", "34": "W", "36": "N", "37": "N", "39": "W"}, {"10": "E"}, {"10": "N"}, {"10": "N"}, {"10": "N"}, {"10": "N"}, {"10": "W"}, {"0": "W"}, {"0": "S"}, {"0": "S"}, {"0": "E"}, {"0": "E"}, {"0": "N"}, {"0": "E"}, {"0": "N"}, {"0": "N"}, {"32": "S"}, {"32": "S"}, {"32": "S"}, {"32": "S"}, {"32": "S"}, {"32": "E"}, {"32": "E"}, {"20": "E"}, {"20": "E"}, {"20": "E"}, {"20": "E"}, {"20": "E"}, {"20": "N"}, {"20": "N"}, {"20": "E"}, {"20": "E"}, {"20": "E"}, {"20": "S"}, {"20": "S"}, {"20": "E"}, {"20": "S"}, {"20": "E"}, {"23": "S"}, {"23": "S"}, {"23": "S"}, {"23": "S"}, {"23": "S"}, {"23": "S"}, {"23": "S"}, {"14": "E"}, {"14": "S"}, {"14": "E"}, {"14": "E"}, {"14": "E"}, {"14": "E"}, {"14": "E"}, {"14": "N"}, {"14": "E"}, {"14": "N"}, {"14": "E"}, {"14": "E"}, {"38": "S"}, {"38": "S"}, {"38": "S"}, {"38": "W"}, {"38": "S"}, {"38": "S"}, {"38": "S"}, {"38": "W"}, {"38": "S"}, {"38": "S"}, {"38": "E"}, {"38": "S"}, {"36": "E"}, {"36": "S"}, {"36": "E"}, {"36": "E"}, {"36": "E"}, {"36": "N"}, {"36": "E"}, {"36": "N"}, {"36": "N"}, {"24": "N"}, {"24": "N"}, {"24": "N"}, {"24": "N"}, {"24": "N"}, {"24": "W"}, {"16": "S"}, {"16": "S"}, {"16": "S"}, {"16": "S"}, {"16": "S"}, {"16": "S"}, {"16": "W"}, {"35": "W"}, {"35": "W"}, {"25": "N"}, {"25": "E"}, {"25": "E"}, {"25": "E"}, {"25": "E"}, {"25": "S"}, {"25": "E"}, {"25": "S"}, {"25": "E"}, {"25": "S"}, {"25": "S"}, {"25": "S"}, {"19": "N"}, {"19": "E"}, {"19": "E"}, {"19": "E"}, {"19": "S"}, {"19": "E"}, {"19": "S"}, {"19": "E"}, {"19": "E"}, {"19": "E"}, {"39": "W"}, {"39": "W"}, {"39": "W"}, {"13": "W"}, {"13": "W"}, {"13": "W"}, {"13": "W"}, {"13": "W"}, {"13": "N"}, {"13": "W"}, {"13": "N"}, {"17": "N"}, {"17": "N"}, {"17": "N"}, {"17": "N"}, {"17": "N"}, {"17": "N"}, {"17": "N"}, {"17": "E"}, {"26": "E"}, {"26": "E"}, {"26": "E"}, {"26": "E"}, {"37": "N"}, {"37": "N"}, {"37": "W"}, {"37": "N"}, {"37": "N"}, {"37": "N"}, {"34": "N"}, {"34": "W"}, {"34": "W"}, {"34": "W"}, {"34": "N"}, {"34": "N"}, {"34": "N"}, {"34": "W"}, {"34": "N"}, {"33": "N"}, {"33": "N"}, {"33": "N"}, {"33": "E"}, {"33": "N"}, {"33": "E"}, {"33": "E"}, {"33": "N"}, {"33": "N"}, {"31": "W"}, {"31": "W"}, {"30": "E"}, {"30": "E"}, {"29": "S"}, {"29": "W"}, {"29": "S"}, {"29": "W"}, {"29": "S"}, {"29": "W"}, {"29": "W"}, {"29": "S"}, {"29": "W"}, {"29": "S"}, {"29": "S"}, {"28": "W"}, {"27": "N"}, {"27": "N"}, {"27": "N"}, {"27": "E"}, {"27": "N"}, {"27": "N"}, {"22": "S"}, {"18": "N"}, {"18": "N"}, {"18": "E"}, {"18": "E"}, {"12": "S"}, {"12": "S"}, {"12": "S"}, {"12": "S"}, {"12": "S"}, {"11": "S"}, {"11": "S"}, {"11": "S"}, {"11": "S"}, {"9": "N"}, {"9": "N"}, {"9": "N"}, {"8": "E"}, {"8": "E"}, {"8": "E"}, {"8": "E"}, {"8": "E"}, {"7": "S"}, {"7": "S"}, {"7": "E"}, {"7": "S"}, {"7": "S"}, {"7": "E"}, {"7": "E"}, {"7": "E"}, {"7": "S"}, {"5": "E"}, {"5": "N"}, {"5": "N"}, {"5": "E"}, {"5": "E"}, {"5": "E"}, {"5": "E"}, {"6": "S"}, {"6": "S"}, {"6": "S"}, {"6": "S"}, {"4": "E"}, {"4": "E"}, {"4": "E"}, {"4": "E"}, {"4": "E"}, {"2": "S"}, {"2": "S"}, {"2": "S"}, {"2": "S"}, {"2": "S"}]}