{"instance": "small_free_001_10x10_40_40", "steps": [{"1": "N", "3": "E", "15": "S", "26": "W", "28": "E", "2": "N", "4": "W", "5": "N", "6": "W", "7": "N", "9": "E", "12": "W", "13": "E", "14": "W", "16": "S", "17": "W", "18": "W", "20": "W", "22": "W", "23": "W", "24": "N", "25": "N", "29": "S", "30": "W", "31": "E", "32": "N", "33": "S", "34": "W", "36": "N", "38": "N"}, {"1": "W", "3": "S", "15": "S", "28": "N", "2": "N", "5": "W", "6": "N", "7": "W", "8": "W", "9": "S", "17": "W", "18": "N", "19": "W", "20": "W", "22": "S", "23": "W", "24": "W", "25": "N", "27": "S", "29": "S", "30": "W", "33": "W", "36": "W"}, {"0": "S", "3": "S", "15": "W", "28": "N", "5": "N", "7": "N", "8": "W", "9": "S", "11": "N", "12": "W", "13": "N", "17": "W", "18": "N", "19": "N", "20": "W", "22": "E", "23": "W", "24": "W", "27": "S", "29": "W", "30": "W", "33": "S", "36": "W"}, {"0": "E", "3": "S", "4": "W", "5": "N", "6": "N", "9": "E", "11": "N", "12": "N", "13": "N", "14": "S", "16": "S", "18": "W", "19": "N", "20": "S", "23": "S", "24": "W", "27": "W", "29": "N", "30": "W", "31": "S", "33": "W", "34": "W"}, {"0": "S", "2": "N", "5": "N", "6": "N", "9": "S", "10": "N", "11": "E", "12": "N", "14": "W", "18": "N", "19": "N", "22": "N", "27": "S", "29": "W", "31": "E", "34": "W", "36": "W"}, {"1": "N", "3": "S", "2": "E", "4": "N", "5": "N", "6": "E", "8": "N", "9": "E", "11": "E", "12": "E", "13": "E", "17": "S", "18": "N", "22": "E", "25": "E", "29": "W", "30": "W", "31": "E", "34": "S", "36": "N"}, {"1": "W", "26": "N", "2": "N", "4": "N", "5": "N", "6": "N", "7": "N", "9": "E", "11": "E", "12": "N", "13": "N", "17": "W", "18": "W", "20": "E", "22": "N", "29": "N", "30": "W", "31": "E", "34": "W", "36": "W", "38": "E"}, {"0": "E", "1": "N", "2": "N", "4": "W", "5": "N", "7": "N", "8": "W", "9": "S", "10": "E", "11": "N", "12": "N", "16": "S", "17": "S", "22": "N", "31": "S", "32": "S"}, {"0": "E", "1": "N", "3": "W", "5": "N", "7": "N", "8": "W", "9": "S", "10": "E", "11": "N", "12": "N", "16": "S", "17": "S", "19": "N", "22": "W", "30": "N", "32": "S", "33": "W"}, {"1": "N", "3": "S", "26": "N", "4": "W", "5": "E", "7": "E", "8": "N", "9": "S", "11": "W", "13": "W", "16": "S", "17": "S", "18": "W", "19": "W", "22": "W", "27": "E", "29": "N", "30": "E", "36": "N"}, {"0": "S", "1": "W", "3": "W", "2": "E", "5": "S", "11": "N", "16": "S", "17": "E", "18": "N", "22": "W", "27": "S", "29": "W", "36": "N"}, {"0": "E", "3": "N", "2": "S", "5": "E", "7": "E", "10": "E", "11": "E", "12": "E", "16": "E", "17": "E", "18": "N", "19": "S", "20": "E", "27": "S", "29": "S", "32": "S", "33": "W", "34": "S", "36": "N", "39": "W"}, {"0": "N", "3": "W", "2": "E", "4": "W", "5": "E", "7": "E", "8": "N", "10": "S", "12": "E", "18": "N", "19": "W", "22": "N", "23": "E", "27": "E", "30": "E", "32": "E", "33": "W", "34": "E", "36": "W", "39": "W"}, {"16": "N"}, {"16": "N"}, {"16": "W"}, {"27": "S"}, {"27": "E"}, {"27": "E"}, {"27": "N"}, {"27": "E"}, {"27": "N"}, {"38": "E"}, {"38": "S"}, {"38": "S"}, {"38": "S"}, {"38": "S"}, {"38": "W"}, {"38": "S"}, {"38": "W"}, {"38": "S"}, {"38": "S"}, {"38": "S"}, {"38": "E"}, {"38": "S"}, {"21": "N"}, {"21": "N"}, {"21": "E"}, {"21": "E"}, {"21": "N"}, {"21": "N"}, {"21": "W"}, {"21": "N"}, {"32": "E"}, {"32": "E"}, {"32": "S"}, {"32": "S"}, {"32": "W"}, {"32": "W"}, {"32": "S"}, {"32": "S"}, {"10": "N"}, {"10": "E"}, {"10": "N"}, {"10": "N"}, {"10": "W"}, {"10": "W"}, {"10": "N"}, {"10": "N"}, {"10": "E"}, {"10": "N"}, {"10": "N"}, {"26": "N"}, {"26": "E"}, {"26": "E"}, {"26": "S"}, {"26": "E"}, {"26": "S"}, {"26": "S"}, {"26": "E"}, {"26": "E"}, {"26": "E"}, {"26": "E"}, {"26": "E"}, {"26": "S"}, {"26": "S"}, {"26": "E"}, {"20": "E"}, {"20": "S"}, {"20": "E"}, {"20": "E"}, {"20": "N"}, {"20": "E"}, {"20": "E"}, {"20": "E"}, {"20": "E"}, {"20": "E"}, {"20": "E"}, {"20": "E"}, {"15": "N"}, {"15": "N"}, {"15": "W"}, {"15": "N"}, {"15": "N"}, {"15": "E"}, {"15": "N"}, {"15": "N"}, {"15": "W"}, {"15": "W"}, {"14": "E"}, {"14": "E"}, {"14": "E"}, {"14": "S"}, {"14": "E"}, {"14": "S"}, {"14": "E"}, {"14": "S"}, {"14": "S"}, {"14": "S"}, {"14": "S"}, {"14": "E"}, {"14": "E"}, {"14": "N"}, {"14": "E"}, {"14": "E"}, {"14": "N"}, {"14": "E"}, {"13": "N"}, {"13": "W"}, {"13": "N"}, {"13": "W"}, {"13": "W"}, {"13": "W"}, {"13": "W"}, {"13": "W"}, {"13": "S"}, {"13": "S"}, {"3": "W"}, {"3": "W"}, {"3": "N"}, {"3": "N"}, {"3": "N"}, {"3": "N"}, {"3": "N"}, {"3": "N"}, {"3": "N"}, {"3": "N"}, {"3": "E"}, {"3": "E"}, {"37": "E"}, {"37": "E"}, {"37": "S"}, {"37": "S"}, {"37": "S"}, {"37": "E"}, {"37": "E"}, {"37": "E"}, {"37": "N"}, {"37": "E"}, {"36": "N"}, {"36": "E"}, {"36": "E"}, {"36": "E"}, {"36": "E"}, {"36": "E"}, {"36": "S"}, {"33": "N"}, {"33": "N"}, {"33": "N"}, {"33": "N"}, {"33": "N"}, {"33": "N"}, {"33": "N"}, {"33": "N"}, {"33": "N"}, {"33": "N"}, {"28": "W"}, {"28": "W"}, {"28": "W"}, {"28": "W"}, {"28": "W"}, {"28": "W"}, {"28": "W"}, {"28": "W"}, {"24": "E"}, {"24": "E"}, {"24": "N"}, {"24": "E"}, {"24": "N"}, {"24": "E"}, {"24": "N"}, {"24": "E"}, {"24": "E"}, {"24": "E"}, {"24": "N"}, {"29": "W"}, {"29": "N"}, {"29": "N"}, {"29": "N"}, {"29": "E"}, {"23": "S"}, {"23": "E"}, {"23": "E"}, {"23": "E"}, {"23": "E"}, {"23": "S"}, {"23": "S"}, {"23": "S"}, {"23": "E"}, {"23": "E"}, {"23": "E"}, {"23": "S"}, {"23": "E"}, {"23": "E"}, {"23": "N"}, {"19": "S"}, {"19": "W"}, {"19": "S"}, {"19": "S"}, {"19": "S"}, {"19": "E"}, {"19": "E"}, {"19": "E"}, {"19": "S"}, {"1": "S"}, {"1": "S"}, {"1": "S"}, {"1": "S"}, {"1": "S"}, {"1": "S"}, {"1": "S"}, {"1": "E"}, {"39": "W"}, {"39": "W"}, {"39": "W"}, {"0": "S"}, {"0": "W"}, {"35": "W"}, {"34": "E"}, {"34": "N"}, {"31": "W"}, {"31": "S"}, {"30": "E"}, {"30": "E"}, {"30": "E"}, {"25": "E"}, {"25": "E"}, {"25": "S"}, {"25": "S"}, {"25": "S"}, {"25": "S"}, {"18": "S"}, {"18": "S"}, {"22": "W"}, {"22": "S"}, {"17": "E"}, {"17": "E"}, {"17": "E"}, {"17": "E"}, {"17": "E"}, {"17": "E"}, {"17": "N"}, {"12": "S"}, {"12": "E"}, {"12": "E"}, {"12": "E"}, {"12": "S"}, {"12": "E"}, {"12": "S"}, {"12": "S"}, {"12": "S"}, {"12": "S"}, {"11": "S"}, {"11": "S"}, {"9": "E"}, {"9": "N"}, {"9": "N"}, {"8": "S"}, {"8": "E"}, {"8": "E"}, {"8": "E"}, {"8": "E"}, {"7": "S"}, {"7": "E"}, {"7": "S"}, {"7": "S"}, {"7": "E"}, {"7": "E"}, {"7": "E"}, {"7": "E"}, {"7": "E"}, {"7": "S"}, {"6": "W"}, {"6": "S"}, {"6": "S"}, {"6": "S"}, {"6": "W"}, {"6": "W"}, {"6": "S"}, {"6": "W"}, {"5": "S"}, {"5": "S"}, {"5": "S"}, {"5": "S"}, {"4": "S"}, {"4": "E"}, {"4": "E"}, {"2": "S"}, {"2": "S"}, {"2": "S"}, {"2": "S"}, {"2": "S"}]}