{"instance": "small_001_10x10_40_30", "steps": [{"3": "W", "10": "E", "13": "N", "8": "N", "6": "E", "24": "W", "2": "W", "21": "W", "1": "W", "25": "E", "15": "E", "11": "E", "26": "E", "4": "E", "28": "N", "14": "S", "12": "S", "22": "W", "18": "E", "5": "W", "17": "W", "7": "E", "19": "W", "16": "E"}, {"13": "N", "4": "E", "25": "S", "10": "N", "24": "W", "1": "S", "18": "N", "6": "E", "0": "E", "7": "E", "20": "S", "5": "W", "28": "N", "26": "N", "9": "S", "29": "N", "16": "E", "12": "E", "19": "S", "8": "N", "11": "S", "2": "E", "23": "S", "14": "S", "15": "W"}, {"12": "E", "5": "S", "29": "E", "24": "W", "21": "W", "14": "S", "9": "S", "19": "S", "6": "E", "15": "E", "16": "S", "11": "N", "25": "S", "8": "S", "13": "N", "7": "E", "1": "S", "3": "S", "2": "N"}, {"19": "E", "5": "N", "18": "S", "29": "N", "28": "W", "0": "S", "26": "E", "21": "W", "13": "N", "1": "S", "25": "E", "11": "S", "27": "S", "2": "S", "3": "N"}, {"10": "S", "29": "N", "1": "E", "3": "W", "11": "S", "19": "E", "6": "S", "2": "S", "22": "N", "20": "S", "15": "S", "23": "S", "16": "E", "21": "N", "26": "N", "25": "S", "13": "N", "0": "S", "24": "S", "18": "E", "5": "W", "7": "N"}, {"2": "W", "11": "S", "23": "W", "13": "E", "22": "S", "1": "W", "21": "N", "7": "E", "6": "N", "15": "N", "0": "S", "26": "W", "16": "E", "18": "E", "12": "E", "27": "S"}, {"21": "N", "5": "S", "6": "N", "18": "N", "25": "S", "23": "E", "0": "E", "10": "S", "12": "S", "13": "E", "27": "S", "19": "W", "7": "N", "28": "N", "16": "E", "11": "S"}, {"10": "S", "13": "E", "19": "E", "12": "N", "18": "N", "21": "N", "16": "N", "7": "N", "28": "S", "8": "E", "0": "E", "1": "S", "25": "E", "5": "N"}, {"24": "N", "12": "N", "25": "E", "8": "W", "23": "N", "13": "S", "16": "N", "29": "S", "1": "N", "19": "N", "21": "N", "28": "E", "2": "S", "5": "S"}, {"19": "E", "25": "W", "29": "N", "8": "N", "12": "N", "23": "S", "28": "N", "2": "N", "6": "W", "5": "W", "1": "E", "13": "E", "3": "E"}, {"24": "S", "2": "E", "26": "S", "25": "S", "16": "N", "28": "S", "3": "W", "12": "N", "5": "W", "19": "N", "21": "N"}, {"5": "W", "12": "E", "1": "W", "3": "E", "25": "W", "26": "N", "2": "W", "15": "W", "28": "N", "16": "N"}, {"3": "W", "28": "S", "16": "N", "1": "E", "5": "N", "6": "N", "26": "W", "29": "S", "12": "E", "19": "E", "2": "W", "22": "N", "0": "S"}, {"3": "W", "6": "S", "1": "E", "22": "S", "12": "N", "29": "W", "2": "W", "20": "W", "0": "E", "16": "E", "26": "S", "23": "W", "19": "S"}, {"5": "S", "6": "S", "23": "E", "26": "W", "22": "N", "12": "N", "2": "E", "3": "S", "19": "S", "0": "E", "28": "N", "29": "N", "20": "E", "17": "N", "15": "E"}, {"3": "N", "15": "E", "8": "W", "19": "E", "1": "E", "25": "E", "0": "E", "26": "W", "2": "W", "28": "W", "5": "W", "29": "E", "16": "W", "12": "W"}, {"28": "S", "6": "N", "7": "W", "26": "W", "3": "S", "19": "S", "0": "E", "5": "W", "25": "N", "1": "E", "12": "N", "16": "E", "2": "S"}, {"6": "N", "28": "N", "2": "N", "18": "S", "25": "N", "3": "W", "5": "W", "1": "W", "26": "E", "16": "W", "0": "N"}, {"26": "W", "1": "E", "20": "W", "0": "N", "16": "N", "15": "E", "5": "N", "3": "N", "6": "N"}, {"5": "N", "20": "E", "2": "E", "25": "W", "18": "S", "1": "E", "6": "E", "19": "S", "28": "E", "26": "N"}, {"16": "N", "7": "E", "2": "W", "28": "S", "25": "S", "26": "N", "19": "E", "5": "N"}, {"16": "N", "28": "W", "19": "E", "26": "W", "5": "N", "2": "W", "6": "W", "20": "W", "25": "S"}, {"19": "E", "20": "S", "5": "N", "16": "N", "28": "S", "2": "N", "23": "S", "24": "S", "1": "W", "29": "E", "18": "S", "6": "E", "25": "E"}, {"23": "S", "26": "E", "19": "E", "20": "W", "25": "S", "28": "N", "6": "E", "24": "S", "1": "E", "16": "E"}, {"19": "N", "28": "S", "5": "N", "23": "S", "6": "W", "2": "S", "20": "S"}, {"24": "S", "23": "E", "20": "S", "18": "N", "25": "E", "28": "N", "26": "W", "1": "W"}, {"26": "S", "5": "N", "6": "W", "24": "S", "23": "E", "18": "S", "1": "E", "20": "E"}, {"24": "S", "7": "S", "23": "E", "6": "E", "20": "W", "25": "W", "22": "E", "28": "S", "26": "E", "29": "W"}, {"1": "W", "29": "N", "2": "N", "20": "E", "23": "E", "17": "N", "28": "N", "24": "E", "22": "S"}, {"20": "E", "15": "W", "26": "E", "25": "N", "29": "N"}, {"15": "E", "22": "W", "26": "N", "25": "S", "20": "N", "29": "N", "1": "E", "6": "N"}, {"6": "S", "2": "S", "20": "S", "28": "E"}, {"20": "S", "25": "E", "8": "E", "28": "N", "2": "S"}, {"22": "S", "6": "W", "23": "W", "8": "E", "2": "N", "20": "E", "28": "W", "1": "W"}, {"8": "W", "28": "W", "20": "E", "2": "S", "6": "E", "23": "N", "1": "W", "25": "S", "15": "S"}, {"15": "N", "2": "E", "8": "E", "7": "N", "6": "W", "18": "N", "20": "W", "1": "E"}, {"20": "E", "2": "N", "25": "S", "6": "N", "8": "W"}, {"6": "S", "2": "W", "25": "E"}, {"2": "N", "1": "W", "6": "E", "25": "N", "8": "E"}, {"1": "E", "20": "N", "22": "E"}, {"1": "W", "28": "S", "2": "W", "20": "N", "22": "S", "8": "E"}, {"8": "W", "1": "E", "2": "N", "20": "E", "22": "N"}, {"1": "S", "22": "S"}, {"1": "W", "8": "N", "22": "S", "23": "W", "15": "W", "4": "W"}, {"22": "S", "1": "W", "4": "E", "23": "W", "8": "W"}, {"6": "W", "1": "W", "15": "W", "4": "W", "8": "N", "23": "W", "18": "W"}, {"1": "N", "8": "N", "15": "S", "4": "W", "23": "S", "22": "E"}, {"4": "W", "1": "W", "22": "S", "8": "N", "7": "N", "15": "W", "23": "W"}, {"7": "W", "18": "E", "23": "S", "8": "N", "1": "N", "22": "S", "4": "W", "15": "W"}, {"15": "W", "23": "S", "20": "S", "18": "N", "4": "W", "22": "S", "8": "W", "7": "W", "1": "N"}, {"18": "W", "15": "S", "7": "W", "1": "N", "4": "W", "22": "W", "8": "W", "23": "S"}, {"6": "N", "23": "S", "4": "W", "15": "S", "8": "W", "1": "N", "7": "W", "22": "W", "18": "N"}, {"22": "W", "15": "S", "8": "W", "4": "N", "18": "W", "1": "N", "23": "S", "7": "W"}, {"22": "W", "23": "E", "8": "W", "15": "S", "4": "N", "7": "W", "1": "N", "18": "W"}, {"8": "S", "15": "S", "4": "N", "22": "W", "18": "W", "23": "E", "1": "E", "6": "E", "7": "N"}, {"1": "S", "15": "E", "7": "N", "8": "W", "22": "W", "4": "N", "23": "S", "18": "W"}, {"23": "N", "4": "N", "8": "W", "7": "N", "15": "W", "18": "W", "1": "E", "6": "E"}, {"18": "N", "23": "N", "4": "E", "8": "W", "22": "S", "7": "N", "15": "W", "1": "E", "6": "S"}, {"22": "N", "18": "N", "6": "S", "15": "E", "23": "S", "7": "N", "1": "S", "4": "E"}, {"1": "E", "18": "N", "8": "W", "15": "E", "4": "E"}, {"7": "E", "8": "W", "1": "N", "4": "S"}, {"4": "N", "8": "S", "18": "N", "23": "S"}, {"7": "N", "8": "S", "1": "E", "22": "W", "18": "E", "23": "E", "4": "E"}, {"18": "N", "1": "E", "7": "E", "4": "E", "8": "S", "15": "W", "23": "E"}, {"1": "E", "8": "S", "15": "E", "7": "E", "23": "N", "4": "E", "18": "E"}, {"8": "S", "7": "S", "18": "N", "1": "E"}, {"15": "S", "23": "E", "7": "E", "1": "E", "18": "S", "4": "E", "8": "E"}, {"4": "E", "23": "E", "22": "W", "15": "E", "18": "E", "1": "S", "7": "E"}, {"15": "E", "4": "E", "23": "E", "8": "E", "18": "E", "7": "E", "1": "S", "22": "W"}, {"8": "E", "1": "S", "4": "S", "15": "N", "23": "E", "22": "N", "18": "W", "7": "E"}, {"1": "S", "18": "E", "15": "E", "23": "E", "7": "E", "8": "E", "4": "S", "22": "N"}, {"23": "N", "8": "E", "15": "E", "22": "N", "7": "E", "18": "E"}, {"1": "E", "22": "E", "15": "E", "18": "E"}, {"7": "E", "15": "E", "22": "E"}, {"15": "E", "7": "S"}, {"15": "E"}, {"18": "E", "15": "E"}, {"18": "E", "15": "N"}, {"18": "E", "15": "N"}, {"15": "N", "18": "E"}, {"15": "W", "18": "E"}, {"18": "S"}, {"18": "S"}, {"18": "S"}, {"18": "S"}, {"18": "S"}, {"18": "W"}, {"18": "W"}, {"18": "S"}, {"18": "N"}, {"18": "N"}]}