{"instance": "small_free_001_10x10_40_40", "steps": [{"24": "E", "11": "N", "32": "S", "33": "W", "18": "W", "35": "W", "30": "W", "6": "W", "17": "W", "28": "N", "39": "W", "4": "N", "5": "N", "38": "E", "21": "N", "10": "E", "15": "N", "12": "W", "36": "N", "34": "E", "20": "W", "0": "W", "3": "W", "1": "S", "2": "S", "14": "E", "27": "S", "26": "W", "31": "N", "9": "S", "29": "W", "16": "E", "13": "N", "19": "S"}, {"23": "W", "14": "E", "1": "S", "27": "S", "7": "W", "24": "E", "30": "N", "12": "N", "33": "W", "9": "S", "15": "N", "21": "N", "31": "S", "34": "E", "22": "W", "28": "N", "18": "W", "19": "W", "6": "W", "32": "S", "5": "E", "25": "E", "20": "E", "16": "N", "36": "N", "3": "N", "0": "E", "38": "S", "26": "S", "29": "N", "39": "W", "13": "N"}, {"8": "N", "3": "N", "14": "S", "38": "N", "15": "N", "37": "E", "28": "N", "12": "S", "33": "W", "20": "W", "11": "E", "16": "W", "9": "W", "7": "N", "5": "S", "18": "N", "24": "N", "10": "N", "25": "E", "36": "W", "4": "W", "29": "W", "26": "S", "17": "W", "34": "W"}, {"9": "S", "18": "W", "8": "N", "16": "S", "37": "S", "11": "E", "6": "N", "23": "S", "10": "W", "17": "S", "38": "S", "25": "E", "12": "E", "15": "W", "26": "E", "13": "W", "19": "S", "22": "N", "28": "S", "34": "W", "2": "E", "5": "N", "21": "E", "36": "E", "7": "E", "33": "N", "14": "S", "0": "N"}, {"37": "S", "18": "W", "12": "S", "39": "S", "34": "E", "6": "W", "2": "E", "7": "E", "24": "S", "11": "N", "16": "N", "32": "E", "17": "S", "36": "N", "9": "E", "26": "E", "13": "E", "33": "W", "0": "S", "5": "E", "4": "W", "15": "E", "14": "S", "25": "E"}, {"14": "W", "11": "E", "24": "N", "26": "W", "28": "E", "3": "W", "9": "S", "4": "W", "29": "E", "22": "W", "33": "E", "39": "S", "36": "S", "12": "E", "13": "N", "31": "W", "15": "W", "21": "S", "38": "N", "1": "W", "17": "E", "34": "N", "7": "E", "6": "W", "25": "E", "0": "S", "16": "S", "20": "W"}, {"39": "W", "0": "S", "10": "E", "25": "W", "14": "S", "34": "S", "7": "W", "38": "S", "3": "E", "11": "N", "12": "E", "9": "E", "21": "N", "29": "W", "15": "S", "17": "S", "27": "N", "31": "E", "18": "W", "28": "W", "33": "S", "6": "W", "24": "E"}, {"13": "S", "12": "E", "24": "W", "3": "W", "39": "W", "27": "E", "17": "E", "16": "N", "15": "N", "1": "E", "32": "N", "7": "E", "23": "E", "33": "N", "21": "S", "2": "E", "37": "E", "20": "S", "26": "E", "25": "W", "10": "E", "5": "E", "34": "W"}, {"3": "N", "16": "S", "26": "E", "7": "E", "9": "S", "22": "N", "13": "N", "17": "W", "37": "E", "15": "W", "33": "N", "0": "S", "5": "N", "23": "W", "20": "E", "18": "W", "25": "E", "12": "N", "6": "S", "39": "W", "10": "N", "1": "S", "28": "S", "21": "S", "31": "N", "32": "N", "36": "W"}, {"36": "E", "25": "S", "14": "N", "26": "E", "32": "S", "34": "S", "22": "W", "37": "E", "15": "S", "23": "N", "7": "E", "21": "N", "17": "E", "9": "N", "28": "E", "18": "N", "6": "N", "33": "W", "31": "S", "0": "S", "13": "W", "16": "S"}, {"6": "S", "20": "S", "14": "S", "18": "E", "10": "E", "24": "E", "39": "S", "0": "N", "26": "E", "37": "S", "23": "E", "13": "W", "38": "S", "5": "E", "25": "W", "34": "E", "9": "E", "33": "E", "28": "N", "7": "E", "21": "E"}, {"15": "W", "7": "E", "20": "W", "18": "E", "39": "N", "25": "E", "38": "S", "6": "E", "28": "N", "9": "W", "12": "E", "37": "E", "27": "S", "34": "W", "5": "W", "21": "N"}, {"38": "S", "7": "S", "23": "S", "10": "S", "28": "W", "29": "S", "39": "N", "33": "E", "18": "N", "34": "E", "21": "E", "36": "S", "20": "E", "1": "N", "13": "E", "17": "S", "12": "S", "5": "N", "9": "E", "25": "S", "37": "E"}, {"10": "S", "12": "E", "26": "S", "21": "W", "1": "S", "14": "S", "37": "S", "27": "S", "17": "N", "5": "W", "33": "S", "34": "W", "16": "N", "31": "S", "39": "N", "13": "W", "28": "W", "20": "W", "36": "S", "38": "S", "9": "S", "18": "S", "23": "S", "7": "N"}, {"37": "N", "20": "E", "36": "N", "29": "S", "28": "W", "21": "E", "17": "S", "23": "N", "25": "E", "34": "E", "9": "E", "15": "S", "14": "N", "16": "S", "18": "N", "33": "W", "31": "S", "0": "E"}, {"13": "W", "17": "W", "0": "N", "23": "W", "37": "N", "26": "W", "33": "E", "31": "E", "18": "N", "36": "N", "9": "E", "28": "W", "34": "E", "29": "W", "7": "N", "21": "E", "16": "S", "10": "S", "25": "W", "15": "W", "27": "W"}, {"38": "S", "23": "E", "29": "E", "26": "W", "33": "N", "21": "W", "7": "E", "18": "N", "0": "S", "24": "E", "13": "E", "16": "N", "20": "E", "34": "W", "36": "S", "15": "W", "17": "E", "27": "W", "28": "W", "14": "S", "9": "E", "10": "N"}, {"7": "E", "28": "W", "36": "S", "26": "S", "25": "E", "1": "E", "16": "S", "29": "W", "20": "W", "27": "E", "33": "W", "23": "S", "24": "N", "15": "S", "17": "S", "9": "N", "21": "E", "10": "S", "14": "S"}, {"7": "S", "29": "N", "26": "N", "13": "E", "17": "N", "21": "N", "1": "W", "0": "S", "10": "N", "14": "E", "34": "S", "20": "S", "23": "S", "15": "E", "28": "W", "27": "S", "25": "W"}, {"15": "S", "13": "W", "20": "W", "10": "N", "14": "E", "27": "S", "28": "W", "34": "N", "17": "E", "21": "N", "26": "S", "25": "E", "36": "W", "3": "W", "23": "W"}, {"17": "E", "10": "N", "32": "S", "27": "N", "23": "S", "28": "S", "34": "E", "14": "N", "20": "E", "33": "E", "21": "W", "3": "N", "26": "N", "25": "W", "16": "N", "15": "E", "36": "E"}, {"31": "E", "38": "S", "16": "S", "26": "S", "21": "E", "34": "S", "20": "N", "36": "N", "32": "W", "23": "S", "1": "N", "25": "N", "0": "S", "27": "S", "15": "N", "17": "E", "3": "E"}, {"33": "N", "34": "N", "26": "N", "29": "W", "1": "N", "36": "N", "31": "S", "20": "E", "27": "E", "21": "W", "15": "N", "25": "S", "23": "E"}, {"27": "E", "21": "S", "10": "E", "1": "W", "17": "S", "20": "S", "25": "W", "32": "E", "34": "S", "36": "N", "26": "S", "33": "N", "16": "N", "24": "N", "31": "S", "15": "N"}, {"21": "N", "15": "E", "27": "E", "16": "N", "20": "E", "17": "N", "38": "S", "1": "N", "26": "E", "23": "E", "29": "N", "10": "W", "13": "W", "0": "N", "31": "N", "36": "N"}, {"14": "N", "13": "E", "1": "S", "24": "N", "20": "E", "0": "S", "15": "W", "26": "N", "36": "N", "21": "E", "34": "N", "27": "N", "31": "S"}, {"26": "E", "34": "W", "0": "N", "14": "S", "10": "N", "23": "S", "31": "N", "27": "E", "21": "W", "29": "N", "1": "N"}, {"0": "N", "21": "E", "15": "S", "29": "N", "1": "W", "20": "W", "10": "N", "31": "E", "23": "E", "17": "E", "34": "E"}, {"10": "S", "1": "N", "14": "E", "34": "W", "21": "W", "0": "N", "13": "S", "23": "W", "20": "E", "17": "E"}, {"23": "S", "10": "N", "13": "N", "17": "W", "34": "E", "20": "E", "21": "E", "0": "S", "1": "S"}, {"34": "W", "21": "W", "13": "W", "15": "N", "26": "W", "0": "N", "16": "E", "23": "N", "20": "N"}, {"21": "W", "20": "N", "23": "E", "26": "N", "34": "W", "14": "N", "24": "N", "1": "N", "15": "S"}, {"10": "N", "34": "W", "33": "W", "26": "N", "1": "W", "23": "S", "15": "N", "16": "N", "21": "E"}, {"32": "S", "26": "S", "1": "S", "15": "S", "23": "E", "21": "W", "16": "W"}, {"14": "E", "1": "S", "26": "N", "32": "S", "15": "S", "23": "E", "20": "E"}, {"14": "S", "20": "W", "15": "N", "23": "E", "1": "W", "26": "S", "16": "W", "21": "E", "13": "E", "17": "S"}, {"23": "E", "1": "E", "16": "N", "13": "W", "33": "N", "34": "S", "26": "E", "17": "W"}, {"26": "N", "34": "N", "13": "W", "23": "E", "16": "S", "21": "W", "17": "N", "1": "W"}, {"20": "S", "17": "E", "21": "W", "16": "S", "23": "N", "32": "E"}, {"33": "W", "32": "S", "23": "N", "14": "S", "20": "S", "13": "W", "34": "E", "16": "N", "15": "S", "21": "N"}, {"17": "S", "34": "W", "32": "W", "15": "S"}, {"16": "S", "17": "N", "32": "S", "15": "S", "14": "E", "1": "W", "20": "N", "26": "E"}, {"15": "S", "20": "E", "17": "S", "26": "N"}, {"15": "E", "17": "N", "34": "W", "33": "S", "26": "E", "14": "S", "1": "W", "16": "N"}, {"14": "N", "15": "N", "16": "S", "1": "N", "26": "S", "33": "N"}, {"15": "W", "17": "S", "20": "S", "26": "E"}, {"14": "N", "16": "N", "17": "W", "1": "N", "20": "E", "26": "E", "15": "E"}, {"1": "N", "17": "E", "14": "E", "16": "S", "15": "N", "26": "S", "33": "S"}, {"16": "N", "17": "N", "33": "N", "15": "N", "20": "E", "14": "E"}, {"15": "N", "16": "S", "17": "W", "20": "N", "1": "N"}, {"15": "N", "20": "N", "1": "E", "17": "E"}, {"17": "N", "1": "E", "33": "S", "16": "N", "15": "N", "20": "E"}, {"20": "E", "1": "N", "33": "N", "15": "N"}, {"1": "S", "20": "E", "15": "W"}, {"33": "S", "1": "N"}, {"33": "N", "16": "S", "1": "W"}, {"33": "S"}, {"33": "N", "1": "N"}, {"1": "S", "16": "N"}, {"33": "S", "16": "E", "1": "S"}, {"1": "W", "33": "N", "16": "E"}, {"33": "S", "16": "S"}, {"33": "N", "16": "N", "1": "E"}, {"1": "W", "16": "S"}, {"33": "S"}, {"1": "E", "33": "N"}, {"16": "N", "1": "W", "33": "S"}, {"1": "W", "16": "S", "33": "N"}, {"1": "S", "33": "S"}, {"1": "W", "33": "N"}, {"1": "E"}, {"1": "W"}, {"33": "S", "16": "N", "1": "S"}, {"16": "S", "33": "N", "1": "N"}, {"16": "N", "33": "S", "1": "E"}, {"16": "S", "33": "N"}, {"1": "E"}, {"33": "S"}, {"33": "N", "1": "E"}, {"33": "S", "16": "N", "1": "W"}, {"1": "E", "33": "N", "16": "S"}, {"16": "N", "33": "S"}, {"33": "N", "1": "N", "16": "S"}, {"33": "S", "1": "E", "16": "N"}, {"33": "N", "1": "N", "16": "S"}, {"33": "S", "16": "E", "1": "S"}, {"33": "N", "1": "N", "16": "S"}, {"1": "S", "33": "S"}, {"1": "W", "33": "N"}, {"16": "E"}, {"16": "W", "1": "W", "33": "S"}, {"33": "N", "1": "S"}, {"33": "S", "1": "N"}, {"33": "N", "1": "N", "16": "N"}, {"16": "W", "33": "S"}, {"33": "S"}, {"1": "W", "16": "N", "33": "N"}, {"1": "N", "16": "S", "33": "N"}, {"1": "W", "33": "S"}, {"1": "S", "33": "N"}]}