{"instance": "small_free_001_10x10_40_40", "steps": [{"34": "N", "35": "E", "14": "E", "17": "W", "10": "N", "29": "N", "5": "N", "33": "W", "1": "S", "11": "N", "32": "S", "4": "W", "3": "W", "21": "N", "24": "N", "7": "E", "12": "E", "27": "S", "20": "W", "28": "E", "16": "S", "39": "W", "30": "W", "36": "N", "13": "W", "18": "W", "15": "W", "25": "N", "38": "N", "22": "W", "2": "S"}, {"38": "E", "14": "E", "33": "W", "6": "W", "25": "S", "0": "E", "8": "W", "28": "W", "23": "W", "18": "W", "24": "E", "26": "W", "27": "N", "22": "N", "3": "N", "34": "S", "39": "W", "20": "W", "35": "W", "29": "S", "13": "W", "37": "S", "7": "E", "5": "W", "1": "S", "10": "E", "30": "S", "15": "W", "16": "E", "31": "S", "12": "E", "21": "N"}, {"4": "W", "15": "N", "37": "E", "30": "N", "25": "E", "16": "S", "12": "S", "39": "W", "38": "S", "36": "S", "3": "N", "6": "W", "28": "N", "20": "S", "18": "W", "8": "E", "34": "S", "0": "E", "17": "S", "29": "N", "33": "W", "11": "E", "14": "S", "23": "N", "26": "S", "7": "E", "1": "N", "5": "N", "24": "S", "13": "N"}, {"26": "S", "18": "N", "30": "N", "25": "E", "22": "S", "13": "W", "21": "N", "37": "E", "34": "E", "33": "W", "2": "E", "14": "E", "35": "N", "36": "N", "19": "E", "11": "E", "17": "S", "5": "N", "16": "S", "20": "N", "38": "N", "28": "N", "32": "S", "23": "S", "1": "E", "8": "N", "6": "N", "0": "E", "29": "N", "15": "W"}, {"32": "N", "3": "E", "36": "N", "7": "E", "13": "W", "37": "W", "16": "E", "2": "E", "22": "N", "0": "N", "6": "S", "34": "E", "18": "W", "21": "N", "25": "E", "20": "S", "1": "N", "26": "E", "5": "E", "17": "S", "38": "S", "28": "E", "12": "E", "29": "W", "39": "W", "31": "E", "33": "W", "23": "S", "14": "E", "8": "N"}, {"22": "N", "28": "W", "3": "W", "6": "N", "17": "E", "5": "E", "37": "S", "21": "N", "38": "N", "11": "N", "32": "S", "16": "S", "19": "S", "14": "S", "29": "W", "9": "S", "7": "E", "34": "S", "20": "E", "10": "N", "36": "N", "13": "N", "27": "W", "1": "S", "35": "S", "26": "E"}, {"6": "S", "16": "S", "11": "N", "4": "W", "34": "N", "19": "W", "38": "S", "14": "N", "36": "N", "35": "W", "32": "E", "15": "N", "23": "N", "24": "E", "31": "E", "18": "S", "3": "N", "9": "W", "2": "E", "5": "N", "33": "N", "26": "S", "0": "N", "28": "W", "25": "N", "37": "E", "20": "N", "1": "E", "39": "W"}, {"28": "N", "9": "S", "16": "N", "18": "N", "27": "N", "3": "S", "29": "N", "11": "N", "26": "E", "14": "E", "1": "S", "31": "E", "7": "E", "34": "E", "20": "E", "19": "S", "0": "S", "33": "W", "12": "E", "5": "E", "23": "E", "21": "W", "17": "S", "25": "E", "10": "N"}, {"5": "E", "1": "N", "26": "N", "27": "S", "38": "S", "9": "S", "34": "W", "15": "S", "25": "W", "11": "S", "24": "N", "16": "W", "3": "N", "21": "E", "0": "S", "20": "W", "33": "S", "12": "W"}, {"33": "N", "27": "E", "18": "S", "10": "N", "12": "E", "37": "E", "17": "E", "24": "N", "16": "W", "3": "E", "6": "W", "1": "W", "26": "E", "5": "W", "21": "E", "25": "N", "9": "E", "38": "W", "23": "E", "13": "S", "36": "S", "31": "E", "20": "E", "32": "S", "34": "W"}, {"23": "E", "1": "N", "20": "W", "28": "N", "10": "E", "4": "N", "34": "N", "3": "W", "9": "E", "36": "N", "27": "E", "11": "W", "24": "E", "18": "S", "33": "N", "5": "N", "31": "S", "38": "E", "14": "N", "15": "S"}, {"15": "N", "0": "W", "19": "W", "13": "E", "25": "N", "23": "S", "20": "E", "38": "W", "31": "W", "5": "S", "11": "E", "18": "W", "34": "W", "6": "W", "17": "E", "32": "W", "28": "S", "36": "N", "1": "S", "9": "E", "27": "S", "12": "S"}, {"5": "S", "37": "E", "31": "S", "23": "S", "26": "E", "38": "E", "18": "N", "22": "W", "15": "S", "1": "S", "20": "E", "32": "E", "14": "E", "17": "E", "33": "N"}, {"10": "N", "24": "N", "11": "E", "32": "W", "1": "W", "37": "S", "25": "S", "12": "W", "15": "W", "20": "S", "28": "E", "14": "E", "23": "S", "22": "W", "33": "S", "0": "N"}, {"0": "N", "7": "E", "18": "E", "9": "W", "10": "N", "1": "S", "28": "E", "20": "S", "15": "E", "37": "E", "3": "W", "24": "N", "33": "N", "32": "E", "27": "W", "26": "E", "25": "W", "23": "E", "38": "S"}, {"12": "E", "7": "E", "33": "E", "34": "W", "9": "E", "14": "S", "15": "N", "1": "N", "17": "E", "37": "E", "13": "E", "25": "S", "27": "S", "0": "S", "20": "W", "26": "E", "10": "E", "3": "N"}, {"24": "N", "14": "E", "13": "N", "27": "S", "20": "E", "0": "E", "15": "N", "1": "E", "26": "S", "10": "E", "7": "N", "25": "N", "34": "W", "18": "N", "33": "W", "9": "S"}, {"26": "S", "28": "W", "23": "N", "1": "W", "10": "N", "9": "E", "29": "W", "13": "N", "17": "N", "0": "W", "27": "W", "18": "S", "33": "W", "24": "E"}, {"12": "W", "9": "S", "10": "W", "0": "S", "33": "N", "28": "S", "13": "W", "37": "N", "27": "S", "1": "S", "26": "N", "18": "N"}, {"12": "E", "14": "S", "26": "E", "28": "E", "0": "W", "1": "S", "20": "S", "15": "S", "9": "N", "29": "E", "33": "W", "18": "N"}, {"13": "E", "15": "N", "38": "E", "18": "N", "20": "E", "28": "W", "14": "S", "27": "E", "0": "W", "33": "E", "9": "E", "26": "E", "25": "S"}, {"0": "E", "14": "N", "1": "S", "25": "S", "26": "N", "28": "E", "13": "W", "18": "N", "27": "E", "12": "N", "20": "E", "9": "E", "38": "N"}, {"28": "W", "13": "E", "14": "S", "1": "W", "29": "W", "27": "S", "15": "W", "33": "W", "25": "E", "20": "N", "18": "N"}, {"25": "S", "13": "W", "14": "S", "33": "E", "32": "S", "20": "N", "15": "S", "27": "S"}, {"25": "S", "32": "W", "14": "S", "23": "N", "1": "N", "34": "S", "20": "S", "38": "N", "28": "E", "15": "E", "27": "N"}, {"1": "E", "20": "N", "29": "N", "15": "E", "38": "N", "32": "S", "13": "W", "28": "W"}, {"15": "N", "38": "E", "13": "W", "12": "E", "28": "W", "32": "E", "33": "W", "20": "S", "1": "W", "27": "E"}, {"1": "W", "38": "N", "15": "S", "0": "S", "28": "N", "27": "E"}, {"15": "N", "29": "W", "38": "S", "27": "N", "33": "N", "20": "S", "28": "W", "1": "W"}, {"33": "N", "1": "E", "20": "N", "38": "W", "27": "E", "28": "N", "29": "E", "32": "S"}, {"1": "E", "38": "S", "15": "W", "33": "N", "28": "N", "29": "W"}, {"15": "E", "33": "N", "38": "S", "20": "S"}, {"33": "N", "20": "S", "38": "N", "28": "W", "1": "E", "29": "W"}, {"38": "S", "1": "E", "20": "N", "28": "W", "29": "E", "33": "E"}, {"28": "S", "1": "E", "20": "E", "33": "E"}, {"33": "E", "20": "E"}, {"28": "N", "15": "S", "20": "W", "29": "W"}, {"15": "N", "33": "S", "29": "E", "28": "S", "20": "E", "1": "S"}, {"1": "S", "28": "N", "20": "S"}, {"20": "E", "29": "W", "28": "N", "15": "W"}, {"1": "E", "28": "N", "15": "E", "29": "E"}, {"20": "W", "1": "S", "28": "N"}, {"20": "E", "28": "W", "38": "N"}, {"28": "E", "38": "S", "29": "W", "1": "S"}, {"0": "N", "28": "W", "23": "N"}, {"1": "S", "28": "S", "23": "S", "15": "W"}, {"0": "S", "20": "N", "28": "N", "38": "N", "15": "W"}, {"29": "E", "15": "E", "38": "S", "28": "E"}, {"28": "S", "1": "E", "15": "W"}, {"1": "E", "15": "E", "28": "S"}, {"20": "S", "1": "E", "28": "E"}, {"20": "N", "28": "W", "15": "W"}, {"15": "E", "1": "W", "28": "N"}, {"20": "S", "28": "N", "1": "N"}, {"15": "E", "29": "W", "1": "E"}, {"1": "W", "29": "E", "28": "E"}, {"28": "W", "38": "N", "20": "W", "29": "W", "1": "E"}, {"1": "W", "28": "S", "29": "E", "20": "E", "38": "S"}, {"1": "E", "28": "N", "20": "W"}, {"1": "N", "20": "N", "15": "S"}, {"38": "N", "1": "N", "20": "E", "28": "S"}, {"38": "S", "1": "S", "28": "W"}, {"1": "W", "28": "E"}, {"15": "S", "1": "S", "20": "W", "28": "E"}, {"15": "N", "20": "E", "1": "N"}, {"28": "W", "1": "W", "15": "S"}, {"28": "W", "1": "S", "20": "W", "15": "N"}, {"29": "W", "38": "N", "15": "N", "1": "S", "28": "E"}, {"20": "W", "29": "E", "1": "S", "38": "S"}, {"15": "S", "1": "W", "20": "E"}, {"28": "E", "1": "N", "20": "E", "15": "W"}, {"28": "N", "15": "E", "1": "W", "20": "W", "29": "W", "38": "N"}, {"29": "E", "28": "E", "15": "N", "38": "S", "20": "W", "1": "S"}, {"38": "N", "15": "S", "28": "E", "1": "E", "20": "E"}, {"29": "W", "28": "W", "20": "E", "38": "S", "15": "S"}, {"15": "N", "29": "E", "1": "W"}, {"15": "W", "1": "N", "28": "N", "20": "W"}, {"1": "N", "29": "W", "28": "S", "38": "N", "20": "E", "15": "E"}, {"29": "E", "38": "S"}, {"15": "S", "1": "S", "28": "W"}, {"15": "N", "29": "W", "1": "W", "38": "N", "28": "N"}, {"20": "W", "38": "S", "29": "E", "1": "W", "15": "S", "28": "E"}, {"15": "N", "20": "E", "1": "E", "38": "N"}, {"28": "W", "15": "W", "38": "S", "1": "N"}, {"1": "S", "15": "E", "28": "E"}, {"1": "S"}, {"20": "W", "1": "E", "15": "W"}, {"20": "E", "1": "N", "15": "E"}, {"28": "E", "1": "N", "15": "S"}, {"38": "N", "28": "W", "20": "W", "1": "S", "15": "N"}, {"38": "S", "1": "E", "28": "E", "20": "E"}, {"15": "W", "28": "E"}, {"1": "W", "15": "E", "38": "N", "28": "S"}, {"29": "E", "38": "N", "1": "E", "15": "W"}, {"28": "N", "1": "S", "38": "S", "29": "W", "15": "N", "20": "S"}, {"15": "E", "38": "S"}, {"28": "S", "29": "W", "15": "W", "38": "W", "1": "W", "20": "S"}, {"1": "E", "28": "W", "38": "E", "20": "N", "15": "E"}, {"28": "S", "38": "W", "20": "W"}, {"38": "E", "1": "W", "28": "N", "15": "W", "29": "E", "20": "E"}]}