{"instance": "small_000_10x10_20_10", "steps": [{"7": "S", "4": "W", "6": "N", "5": "S", "8": "W", "2": "S", "9": "E", "1": "W", "3": "E", "0": "W"}, {"0": "E", "7": "S", "5": "N", "9": "N", "6": "N", "2": "S", "4": "W", "3": "N", "8": "W", "1": "E"}, {"7": "S", "1": "N", "9": "N", "5": "S", "0": "W", "8": "W", "3": "N"}, {"5": "W", "2": "S", "8": "N", "3": "N", "6": "E"}, {"5": "W", "8": "N", "2": "E", "3": "N", "6": "E"}, {"6": "E", "9": "N", "5": "W", "2": "S", "8": "E", "3": "N"}, {"6": "E", "3": "W", "9": "E", "5": "S", "0": "W", "2": "E", "8": "E"}, {"6": "E", "9": "E", "0": "W", "8": "N", "5": "E", "2": "E"}, {"2": "E", "8": "E", "0": "N", "6": "S", "5": "S"}, {"8": "N", "6": "E", "5": "S", "2": "E", "0": "N"}, {"8": "S", "2": "E", "9": "N", "0": "E", "6": "E", "5": "W"}, {"0": "N", "6": "S", "8": "N", "5": "S", "9": "E", "2": "E"}, {"9": "E", "2": "E", "0": "E", "6": "S", "5": "S"}, {"2": "E", "0": "W", "9": "E"}, {"2": "E", "9": "S", "0": "E"}, {"9": "E", "8": "W"}, {"9": "E", "8": "E", "2": "N"}, {"2": "N", "9": "S", "8": "W"}, {"2": "N", "8": "N", "0": "N", "9": "E"}, {"8": "N", "0": "S", "2": "W", "9": "S"}, {"0": "N", "8": "E", "9": "S"}, {"9": "W", "8": "N", "0": "S"}, {"0": "N", "8": "N", "9": "S"}, {"9": "S", "8": "E"}, {"0": "W", "8": "E"}, {"8": "N", "0": "E"}, {"8": "E"}, {"8": "E", "0": "S"}, {"0": "N", "8": "E"}, {"8": "N"}, {"8": "S"}, {"8": "S", "0": "S"}, {"0": "N"}, {"0": "W"}, {"0": "N"}, {"0": "N"}, {"0": "E"}]}