{"instance": "small_free_001_10x10_40_40", "steps": [{"21": "N", "0": "W", "3": "N", "15": "S", "26": "W", "28": "E", "2": "N", "4": "W", "5": "N", "6": "N", "7": "N", "9": "S", "11": "N", "12": "W", "13": "E", "14": "N", "16": "S", "17": "W", "18": "W", "20": "W", "22": "W", "23": "W", "24": "S", "25": "N", "27": "S", "29": "N", "30": "W", "31": "E", "32": "S", "33": "S", "34": "W", "36": "W", "37": "W", "38": "N", "39": "W"}, {"21": "E", "0": "N", "1": "N", "15": "W", "26": "S", "2": "N", "4": "S", "5": "N", "6": "W", "8": "N", "9": "W", "11": "N", "12": "N", "13": "N", "16": "S", "18": "W", "23": "S", "24": "S", "25": "N", "27": "S", "29": "W", "30": "S", "31": "N", "33": "W", "36": "W", "37": "S", "38": "N", "39": "S"}, {"0": "N", "15": "S", "4": "S", "5": "N", "6": "N", "7": "W", "9": "S", "10": "N", "11": "N", "12": "W", "19": "W", "23": "E", "25": "N", "27": "W", "30": "S", "34": "S", "36": "W", "37": "S", "38": "E", "39": "W"}, {"3": "W", "15": "S", "28": "N", "5": "E", "6": "N", "7": "W", "8": "N", "9": "S", "10": "N", "11": "N", "12": "N", "14": "N", "19": "S", "22": "W", "23": "N", "27": "W", "32": "E", "34": "W", "36": "W", "39": "S"}, {"1": "E", "3": "N", "15": "W", "28": "N", "6": "N", "7": "W", "8": "W", "10": "N", "12": "E", "14": "E", "18": "W", "22": "S", "24": "E", "27": "S", "29": "N", "31": "E", "32": "S", "33": "E", "34": "S", "36": "N", "39": "W"}, {"21": "N", "0": "W", "3": "E", "2": "W", "4": "W", "6": "W", "10": "N", "11": "E", "14": "E", "24": "N", "25": "E", "27": "E", "29": "N", "31": "E", "32": "W"}, {"21": "N", "1": "N", "2": "N", "4": "N", "5": "N", "10": "E", "11": "E", "14": "S", "18": "W", "24": "N", "25": "E", "29": "W"}, {"1": "E", "2": "N", "5": "N", "9": "S", "10": "N", "12": "N", "18": "N", "23": "N", "24": "E", "25": "E", "27": "S", "29": "N", "31": "S", "34": "E", "38": "S", "39": "S"}, {"21": "N", "1": "N", "3": "N", "2": "N", "4": "W", "5": "N", "7": "N", "9": "S", "12": "N", "16": "N", "18": "N", "19": "W", "23": "E", "24": "E", "25": "E", "29": "N", "34": "S", "39": "W"}, {"21": "N", "1": "W", "3": "N", "2": "E", "4": "N", "5": "E", "7": "N", "12": "E", "16": "N", "18": "W", "19": "N", "23": "S", "24": "N", "25": "E", "27": "E", "29": "N", "34": "E", "36": "N", "38": "E", "39": "W"}, {"37": "E"}, {"37": "N"}, {"37": "E"}, {"37": "E"}, {"37": "S"}, {"37": "E"}, {"37": "E"}, {"37": "E"}, {"37": "E"}, {"26": "E"}, {"26": "E"}, {"26": "E"}, {"26": "E"}, {"26": "S"}, {"26": "E"}, {"26": "E"}, {"26": "E"}, {"26": "N"}, {"26": "E"}, {"26": "E"}, {"26": "S"}, {"39": "W"}, {"39": "N"}, {"39": "N"}, {"39": "N"}, {"39": "E"}, {"38": "S"}, {"38": "W"}, {"38": "W"}, {"38": "S"}, {"38": "S"}, {"38": "S"}, {"38": "S"}, {"38": "S"}, {"38": "S"}, {"38": "E"}, {"38": "S"}, {"38": "S"}, {"32": "W"}, {"32": "S"}, {"32": "S"}, {"32": "E"}, {"32": "S"}, {"32": "E"}, {"32": "S"}, {"23": "E"}, {"23": "S"}, {"23": "S"}, {"23": "S"}, {"23": "S"}, {"23": "E"}, {"23": "S"}, {"23": "E"}, {"23": "E"}, {"23": "S"}, {"23": "E"}, {"23": "E"}, {"23": "N"}, {"28": "W"}, {"28": "W"}, {"28": "W"}, {"28": "W"}, {"28": "W"}, {"28": "N"}, {"28": "W"}, {"28": "W"}, {"28": "W"}, {"28": "S"}, {"16": "S"}, {"16": "W"}, {"16": "S"}, {"16": "S"}, {"16": "E"}, {"16": "S"}, {"31": "S"}, {"31": "S"}, {"31": "S"}, {"24": "N"}, {"24": "N"}, {"24": "N"}, {"24": "N"}, {"24": "E"}, {"20": "E"}, {"20": "E"}, {"20": "E"}, {"20": "E"}, {"20": "S"}, {"20": "E"}, {"20": "E"}, {"20": "E"}, {"20": "E"}, {"20": "E"}, {"20": "E"}, {"13": "N"}, {"13": "W"}, {"13": "W"}, {"13": "W"}, {"13": "N"}, {"13": "W"}, {"13": "W"}, {"13": "W"}, {"15": "N"}, {"15": "N"}, {"15": "N"}, {"15": "N"}, {"15": "W"}, {"15": "N"}, {"15": "N"}, {"15": "N"}, {"3": "N"}, {"3": "W"}, {"3": "W"}, {"3": "S"}, {"0": "S"}, {"0": "E"}, {"0": "E"}, {"0": "S"}, {"0": "E"}, {"0": "E"}, {"0": "S"}, {"0": "E"}, {"0": "E"}, {"0": "S"}, {"0": "S"}, {"0": "W"}, {"33": "W"}, {"33": "N"}, {"33": "N"}, {"33": "N"}, {"33": "W"}, {"33": "W"}, {"33": "N"}, {"33": "W"}, {"33": "N"}, {"33": "N"}, {"33": "N"}, {"33": "N"}, {"33": "N"}, {"33": "W"}, {"22": "W"}, {"22": "N"}, {"22": "N"}, {"22": "N"}, {"17": "S"}, {"17": "E"}, {"17": "E"}, {"17": "E"}, {"17": "E"}, {"17": "S"}, {"17": "S"}, {"17": "E"}, {"4": "N"}, {"19": "S"}, {"19": "S"}, {"19": "E"}, {"36": "E"}, {"36": "N"}, {"36": "N"}, {"36": "N"}, {"36": "E"}, {"36": "E"}, {"36": "E"}, {"35": "W"}, {"34": "W"}, {"34": "W"}, {"34": "N"}, {"34": "N"}, {"30": "N"}, {"30": "N"}, {"30": "N"}, {"10": "N"}, {"10": "E"}, {"10": "N"}, {"10": "E"}, {"29": "W"}, {"29": "W"}, {"29": "S"}, {"29": "S"}, {"29": "S"}, {"27": "E"}, {"27": "E"}, {"27": "E"}, {"27": "E"}, {"14": "E"}, {"14": "S"}, {"14": "E"}, {"14": "E"}, {"14": "S"}, {"14": "S"}, {"14": "E"}, {"14": "E"}, {"14": "E"}, {"14": "S"}, {"14": "S"}, {"14": "S"}, {"25": "S"}, {"25": "S"}, {"25": "S"}, {"25": "W"}, {"25": "S"}, {"25": "S"}, {"25": "W"}, {"18": "E"}, {"18": "N"}, {"18": "N"}, {"18": "N"}, {"12": "S"}, {"12": "S"}, {"12": "S"}, {"12": "E"}, {"12": "E"}, {"12": "E"}, {"12": "E"}, {"12": "S"}, {"12": "E"}, {"12": "S"}, {"11": "E"}, {"11": "S"}, {"9": "E"}, {"9": "E"}, {"9": "E"}, {"9": "E"}, {"9": "E"}, {"9": "N"}, {"9": "E"}, {"8": "E"}, {"7": "E"}, {"7": "E"}, {"7": "E"}, {"7": "E"}, {"7": "S"}, {"7": "E"}, {"7": "E"}, {"7": "E"}, {"7": "E"}, {"7": "E"}, {"7": "E"}, {"7": "E"}, {"7": "S"}, {"6": "S"}, {"6": "S"}, {"6": "W"}, {"6": "W"}, {"6": "S"}, {"6": "S"}, {"5": "S"}, {"5": "S"}, {"5": "S"}, {"1": "W"}, {"1": "S"}, {"1": "W"}, {"1": "S"}, {"1": "S"}, {"1": "S"}, {"1": "S"}, {"1": "W"}, {"2": "S"}, {"2": "S"}, {"2": "S"}, {"2": "E"}, {"2": "E"}, {"2": "E"}, {"2": "S"}, {"2": "S"}, {"2": "S"}]}