{"instance": "small_free_001_10x10_40_40", "steps": [{"21": "N", "0": "W", "1": "N", "3": "N", "15": "S", "26": "W", "28": "E", "35": "N", "2": "N", "4": "S", "5": "N", "6": "N", "7": "N", "9": "S", "10": "S", "11": "W", "12": "W", "13": "E", "14": "W", "17": "W", "20": "W", "22": "S", "23": "N", "24": "S", "27": "S", "29": "E", "30": "W", "31": "E", "32": "N", "37": "W", "38": "N", "39": "E"}, {"0": "N", "1": "E", "3": "E", "15": "S", "26": "S", "35": "N", "2": "N", "4": "W", "5": "N", "7": "N", "9": "E", "10": "S", "11": "N", "13": "S", "14": "W", "19": "N", "22": "S", "23": "N", "25": "N", "29": "E", "30": "S", "32": "N", "37": "S", "38": "N", "39": "E"}, {"0": "N", "3": "S", "15": "S", "26": "W", "2": "N", "5": "N", "6": "E", "7": "N", "8": "N", "9": "S", "11": "W", "14": "S", "17": "W", "18": "W", "23": "N", "25": "N", "27": "S", "29": "S", "30": "W", "31": "N", "32": "N", "37": "W", "38": "N"}, {"21": "N", "0": "E", "1": "E", "3": "E", "15": "W", "26": "S", "35": "E", "4": "N", "7": "N", "8": "W", "9": "S", "17": "S", "18": "S", "19": "W", "22": "E", "27": "W", "29": "E", "38": "E"}, {"21": "E", "0": "N", "1": "N", "3": "E", "15": "S", "26": "W", "28": "N", "35": "N", "4": "N", "7": "N", "8": "N", "9": "S", "11": "W", "17": "S", "18": "S", "19": "W", "22": "E", "27": "S", "29": "N", "30": "W", "37": "N", "38": "N", "39": "E"}, {"0": "N", "1": "N", "15": "W", "26": "W", "28": "E", "2": "E", "4": "W", "7": "E", "8": "N", "9": "E", "11": "W", "12": "N", "14": "S", "17": "S", "18": "E", "22": "E", "23": "E", "27": "E", "29": "E", "30": "W", "31": "N", "32": "W", "38": "E"}, {"0": "E", "1": "N", "15": "W", "2": "E", "4": "W", "7": "E", "8": "N", "9": "S", "11": "W", "12": "N", "14": "S", "17": "E", "18": "S", "19": "W", "23": "N", "27": "S", "29": "N", "31": "N", "37": "W"}, {"0": "E", "1": "W", "3": "E", "2": "E", "7": "E", "8": "E", "9": "S", "12": "E", "18": "W", "19": "W", "23": "E", "29": "W", "31": "E", "37": "S"}, {"21": "N", "0": "S", "26": "N", "18": "W", "25": "W", "29": "W", "37": "S"}, {"0": "S", "1": "W", "7": "S", "9": "E", "14": "S", "17": "E", "18": "W", "20": "S", "21": "N", "25": "S", "26": "E", "29": "N", "37": "E", "38": "S"}, {"0": "S", "1": "W", "2": "S", "3": "N", "7": "S", "9": "N", "11": "N", "13": "N", "14": "S", "15": "N", "17": "E", "18": "N", "19": "S", "20": "E", "21": "N", "22": "N", "23": "N", "28": "N", "30": "E", "31": "S", "32": "S", "37": "E", "38": "S"}, {"0": "S", "1": "W", "2": "S", "3": "W", "6": "S", "7": "S", "9": "E", "10": "E", "13": "W", "14": "E", "15": "N", "17": "E", "18": "W", "19": "S", "20": "E", "23": "E", "25": "S", "26": "S", "27": "E", "28": "W", "30": "E", "31": "E", "32": "S", "33": "N", "37": "E", "38": "S"}, {"0": "S", "1": "S", "2": "S", "3": "W", "5": "E", "8": "S", "9": "E", "10": "N", "12": "S", "13": "W", "14": "E", "16": "S", "17": "E", "18": "N", "19": "S", "20": "E", "22": "W", "23": "E", "24": "N", "26": "E", "27": "E", "28": "W", "30": "E", "31": "E", "32": "S", "33": "W", "38": "S", "39": "W"}, {"0": "S", "1": "S", "2": "S", "3": "W", "8": "S", "9": "N", "10": "E", "11": "W", "13": "W", "14": "E", "17": "E", "18": "W", "19": "E", "20": "E", "22": "W", "24": "E", "25": "E", "26": "E", "27": "E", "30": "S", "31": "S", "32": "E", "35": "S", "37": "E"}, {"0": "S", "1": "S", "5": "E", "6": "W", "7": "E", "10": "N", "11": "N", "13": "N", "14": "E", "16": "W", "22": "W", "24": "E", "25": "E", "26": "E", "32": "S", "34": "W", "36": "N", "37": "E"}, {"1": "S", "3": "N", "11": "N", "12": "E", "13": "N", "14": "E", "16": "S", "18": "N", "19": "E", "22": "W", "23": "E", "24": "E", "25": "E", "28": "W", "33": "W", "36": "N", "37": "E", "38": "S"}, {"0": "W", "1": "S", "3": "N", "11": "E", "12": "E", "13": "W", "14": "S", "18": "N", "19": "E", "23": "S", "24": "E", "25": "E", "28": "S", "29": "W", "30": "W", "33": "S", "37": "E"}, {"1": "S", "11": "S", "12": "S", "18": "W", "23": "E", "24": "E", "26": "E", "28": "W", "30": "N", "33": "W", "36": "N", "37": "E", "39": "W"}, {"6": "W", "10": "N", "11": "E", "12": "S", "23": "S", "24": "E", "25": "S", "26": "E", "30": "N", "33": "W", "34": "W", "36": "N", "37": "E", "39": "W"}, {"6": "W", "7": "E", "12": "E", "13": "S", "14": "E", "20": "S", "23": "E", "25": "S", "30": "N", "33": "N", "36": "N"}, {"0": "W", "7": "S", "14": "S", "23": "S", "30": "E", "34": "W"}, {"7": "E", "11": "E", "14": "E", "20": "W", "23": "E", "29": "N"}, {"7": "E", "18": "N", "22": "N", "23": "E", "26": "E", "27": "E"}, {"7": "E", "10": "N", "18": "N", "20": "S", "23": "E", "26": "E", "29": "W"}, {"13": "W", "14": "E", "18": "N", "20": "E", "23": "S", "26": "S", "31": "S", "35": "S"}, {"11": "E", "13": "S", "14": "N", "20": "E", "23": "W", "31": "S", "35": "S"}, {"11": "N", "12": "E", "23": "W", "29": "N", "31": "W", "33": "N"}, {"12": "E", "15": "N", "18": "N", "22": "E", "23": "S", "26": "S", "29": "W", "31": "S", "33": "N", "34": "E"}, {"0": "E", "10": "S", "15": "N", "20": "S", "22": "E", "26": "S", "29": "W", "31": "S", "33": "N", "34": "S", "35": "E"}, {"0": "E", "3": "E", "13": "E", "15": "W", "20": "E", "24": "N", "26": "E", "33": "N", "38": "W"}, {"0": "E", "3": "N", "10": "W", "14": "N", "15": "N", "20": "S", "24": "E", "26": "E", "32": "S", "33": "N", "38": "W", "39": "E"}, {"10": "W", "14": "E", "16": "W", "24": "N", "26": "N", "29": "W", "33": "N", "35": "N", "38": "W"}, {"3": "E", "10": "N", "13": "N", "29": "W", "33": "N", "38": "S", "39": "S"}, {"10": "N", "11": "E", "14": "E", "23": "S", "29": "S"}, {"10": "N", "33": "W", "35": "W"}, {"10": "N", "24": "W", "32": "W"}, {"3": "N", "10": "N", "13": "W", "23": "S", "32": "S", "35": "S"}, {"3": "W", "10": "E", "11": "E", "13": "W", "16": "S", "23": "E", "24": "E", "32": "S", "35": "E", "38": "E"}, {"3": "W", "10": "E", "11": "E", "16": "W", "23": "S", "24": "N", "32": "W", "38": "S"}, {"6": "N", "10": "N", "11": "E", "13": "W", "16": "S", "22": "S", "24": "N", "26": "N", "28": "S", "32": "S"}, {"6": "W", "10": "E", "11": "E", "20": "E", "28": "E", "32": "S"}, {"6": "W", "22": "N", "23": "S", "24": "N", "28": "E", "32": "E"}, {"11": "S", "23": "S", "24": "W", "32": "E"}, {"6": "S", "23": "W", "24": "W", "32": "E"}, {"16": "W", "23": "W"}, {"28": "N"}, {"28": "N"}, {"15": "N", "28": "N"}, {"26": "W"}, {"13": "N", "24": "W"}, {"13": "N", "16": "W"}, {"13": "E", "28": "W"}, {"20": "N", "28": "W", "38": "S"}, {"20": "N"}, {"20": "N", "26": "E"}, {"20": "E", "22": "E", "38": "S"}, {"20": "N", "22": "E", "38": "W"}, {"20": "E", "22": "N", "38": "S"}, {"20": "E", "22": "N", "38": "S"}, {"35": "W", "38": "E"}, {"38": "S"}, {"38": "E"}, {"16": "S"}, {"16": "E"}, {"16": "E"}, {"15": "E"}, {"15": "E"}, {"15": "N"}, {"15": "E", "22": "E"}]}