{"instance": "small_free_001_10x10_40_40", "steps": [{"0": "W", "1": "N", "3": "E", "15": "E", "26": "W", "28": "E", "2": "N", "4": "S", "6": "N", "7": "N", "9": "S", "10": "S", "11": "N", "12": "W", "13": "E", "14": "N", "16": "N", "17": "W", "18": "E", "19": "W", "20": "W", "22": "S", "23": "W", "24": "S", "25": "N", "29": "E", "30": "W", "31": "S", "32": "N", "33": "S", "36": "W", "37": "W", "38": "N", "39": "E"}, {"0": "N", "1": "N", "3": "E", "15": "E", "28": "E", "2": "N", "4": "W", "7": "N", "8": "N", "11": "E", "12": "W", "13": "E", "14": "W", "17": "W", "18": "S", "19": "N", "22": "E", "23": "W", "24": "W", "25": "N", "29": "E", "30": "W", "32": "E", "33": "W", "36": "W", "39": "E"}, {"21": "N", "0": "N", "3": "E", "15": "S", "28": "N", "2": "N", "4": "S", "5": "W", "6": "E", "7": "N", "10": "S", "11": "E", "13": "N", "14": "S", "17": "S", "18": "S", "19": "N", "24": "W", "25": "N", "27": "W", "29": "N", "33": "S", "36": "N", "38": "N"}, {"21": "E", "0": "E", "1": "N", "26": "W", "28": "W", "2": "N", "4": "S", "7": "N", "8": "W", "9": "W", "10": "S", "11": "E", "13": "E", "14": "W", "17": "W", "19": "W", "22": "E", "25": "N", "27": "N", "29": "E", "34": "E", "37": "W", "38": "W", "39": "E"}, {"21": "N", "0": "N", "1": "N", "26": "S", "28": "N", "2": "N", "7": "E", "8": "N", "11": "N", "12": "W", "14": "N", "17": "W", "22": "S", "23": "N", "25": "N", "29": "N", "31": "S", "34": "S", "36": "W", "39": "N"}, {"21": "W", "0": "E", "1": "W", "3": "E", "26": "W", "28": "N", "2": "W", "4": "W", "6": "N", "7": "E", "13": "N", "14": "N", "17": "S", "22": "S", "23": "N", "25": "E", "31": "E", "34": "E", "36": "S", "37": "W"}, {"21": "N", "0": "E", "1": "N", "3": "N", "15": "E", "26": "S", "28": "N", "2": "N", "6": "W", "7": "S", "9": "W", "12": "N", "22": "W", "23": "N", "30": "W", "31": "E", "36": "W"}, {"21": "E", "3": "W", "15": "E", "26": "E", "6": "N", "7": "E", "9": "W", "11": "N", "22": "S", "29": "N", "30": "W", "31": "S", "34": "E"}, {"15": "S", "6": "W", "7": "N", "14": "E", "17": "E", "22": "E", "23": "W", "25": "E", "27": "N", "29": "W", "30": "W"}, {"21": "N", "15": "S", "7": "N", "9": "N", "12": "N", "14": "N", "17": "S", "22": "E", "23": "S", "25": "E", "27": "N", "29": "N", "30": "N", "36": "N", "37": "S", "39": "N"}, {"1": "W", "15": "W", "7": "E", "22": "E", "23": "S", "25": "S", "27": "N", "37": "E"}, {"15": "W", "7": "E", "9": "W", "23": "S", "25": "E", "31": "E", "34": "E", "39": "N"}, {"21": "N", "3": "N", "15": "W", "26": "E", "9": "S", "23": "S", "25": "N", "31": "S", "34": "S", "39": "E"}, {"15": "S", "26": "E", "9": "S", "13": "N", "18": "W", "22": "N", "23": "S", "25": "E", "27": "E", "33": "W", "39": "S"}, {"3": "W", "15": "W", "6": "W", "7": "E", "18": "W", "25": "E", "27": "E", "29": "S", "33": "W", "37": "S", "39": "S"}, {"1": "S", "2": "E", "6": "W", "7": "E", "9": "S", "13": "N", "15": "N", "18": "N", "23": "E", "25": "S", "26": "E", "27": "S", "29": "W", "30": "E", "33": "W", "37": "E", "39": "S"}, {"1": "S", "2": "S", "6": "W", "7": "E", "9": "S", "12": "E", "13": "W", "15": "W", "16": "E", "22": "N", "23": "E", "25": "S", "26": "E", "27": "S", "28": "S", "29": "W", "30": "E", "33": "W", "39": "W"}, {"0": "S", "1": "S", "2": "E", "3": "W", "6": "S", "7": "S", "12": "S", "13": "W", "15": "N", "18": "W", "22": "W", "23": "E", "25": "S", "26": "E", "27": "S", "28": "W", "29": "W", "30": "E", "32": "S", "33": "W", "34": "N", "37": "E", "39": "W"}, {"0": "S", "1": "S", "2": "S", "3": "W", "6": "S", "7": "S", "10": "E", "12": "E", "13": "S", "14": "E", "15": "W", "17": "E", "18": "W", "19": "E", "22": "W", "23": "E", "24": "N", "25": "S", "26": "E", "27": "S", "28": "S", "29": "W", "30": "E", "32": "S", "33": "N", "34": "W", "37": "E", "39": "W"}, {"0": "S", "1": "S", "2": "E", "3": "W", "4": "W", "6": "S", "7": "S", "8": "E", "10": "E", "12": "S", "13": "W", "14": "S", "15": "N", "17": "E", "18": "N", "19": "S", "20": "S", "22": "W", "23": "E", "24": "E", "25": "W", "27": "S", "29": "W", "32": "S", "33": "E", "34": "W", "37": "E", "39": "W"}, {"1": "S", "2": "E", "3": "N", "4": "N", "10": "N", "13": "W", "14": "E", "15": "E", "18": "W", "19": "S", "22": "W", "23": "S", "24": "N", "25": "S", "26": "E", "27": "S", "28": "W", "29": "W", "31": "N", "32": "S", "33": "N", "34": "W", "36": "E", "37": "E", "39": "N"}, {"1": "S", "2": "S", "3": "W", "7": "S", "10": "N", "12": "S", "14": "S", "15": "N", "19": "S", "22": "N", "23": "S", "24": "N", "25": "S", "26": "S", "28": "W", "32": "S", "33": "N", "34": "W", "36": "E", "37": "S", "39": "W"}, {"3": "N", "5": "N", "12": "E", "14": "S", "15": "N", "18": "N", "22": "W", "23": "E", "25": "W", "26": "E", "28": "N", "37": "E"}, {"2": "S", "5": "E", "9": "E", "14": "E", "15": "N", "17": "E", "18": "N", "19": "S", "22": "N", "23": "S", "25": "W", "26": "S", "27": "S", "28": "W", "32": "N", "35": "W", "37": "N"}, {"4": "N", "5": "N", "9": "E", "10": "N", "13": "W", "14": "N", "16": "S", "17": "E", "18": "N", "22": "W", "24": "N", "25": "S", "26": "E", "28": "N", "32": "W", "33": "N", "39": "W"}, {"0": "E", "2": "S", "5": "N", "9": "E", "10": "E", "12": "E", "13": "W", "14": "E", "16": "E", "17": "S", "18": "N", "28": "W", "33": "N", "36": "E", "37": "E"}, {"0": "N", "2": "S", "4": "W", "9": "E", "10": "E", "12": "E", "15": "E", "16": "E", "17": "S", "18": "N", "23": "E", "26": "S", "27": "E", "28": "W", "37": "E"}, {"0": "E", "2": "S", "9": "E", "12": "E", "16": "S", "17": "E", "23": "E", "24": "N", "27": "E", "28": "S"}, {"9": "E", "14": "E", "15": "N", "16": "S", "17": "E", "23": "S", "24": "E", "27": "S", "32": "S", "33": "W", "39": "S"}, {"9": "E", "10": "E", "14": "S", "16": "S", "17": "N", "22": "E", "23": "E", "24": "N", "26": "E", "27": "E", "32": "S", "39": "W"}, {"5": "N", "9": "E", "14": "E", "16": "W", "22": "S", "23": "E", "26": "E", "32": "E", "34": "W"}, {"4": "N", "5": "E", "9": "E", "13": "W", "15": "W", "16": "W", "26": "E", "32": "S", "33": "N", "34": "S"}, {"4": "N", "13": "W", "15": "W", "17": "E", "26": "N", "39": "W"}, {"4": "E", "10": "N", "22": "N", "26": "N", "33": "N", "36": "N", "39": "W"}, {"10": "N", "15": "N", "16": "S", "20": "S", "33": "N", "34": "W", "36": "E"}, {"0": "S", "5": "E", "16": "W", "17": "N", "20": "E", "23": "N", "33": "N", "34": "N", "36": "N"}, {"5": "S"}, {"36": "N"}, {"15": "E"}, {"0": "E", "10": "N", "14": "E", "15": "S", "33": "W"}, {"0": "S", "33": "N", "36": "N"}, {"0": "E", "10": "E", "33": "W"}, {"10": "N", "24": "E", "28": "E"}, {"10": "E", "24": "E", "28": "N"}, {"0": "S", "10": "N", "24": "E", "28": "N"}, {"0": "S", "10": "N", "24": "E", "28": "W"}, {"28": "W"}, {"20": "E", "28": "W"}, {"20": "S", "28": "W"}, {"0": "W", "12": "N", "20": "E", "28": "W"}, {"0": "W", "10": "N", "12": "E", "28": "S"}, {"12": "E", "28": "S"}, {"0": "W", "12": "S", "28": "S"}, {"38": "S"}, {"10": "N"}, {"10": "W"}, {"10": "W"}, {"10": "W"}, {"10": "W", "14": "E"}, {"10": "S"}, {"33": "E"}, {"33": "N"}, {"33": "E"}, {"14": "S", "33": "E", "38": "E"}, {"14": "E", "33": "S"}, {"14": "E", "20": "E"}, {"14": "S"}, {"14": "S"}, {"14": "S"}, {"14": "W"}, {"14": "S"}, {"26": "E"}, {"26": "N"}, {"26": "W"}, {"15": "N"}, {"20": "N"}, {"26": "N"}]}