{"instance": "galaxy_cluster_00000_20x20_20_80", "steps": [{"18": "N", "0": "W", "1": "E", "3": "N", "4": "W", "6": "S", "7": "N", "8": "S", "11": "W", "12": "E", "13": "W", "14": "S", "15": "W", "16": "S", "21": "W", "24": "S", "25": "S", "26": "E", "27": "W", "28": "E", "29": "W", "31": "E", "32": "W", "33": "W", "34": "E", "35": "W", "36": "E", "37": "W", "38": "N", "39": "E", "41": "S", "42": "N", "43": "W", "44": "W", "46": "E", "47": "E", "48": "S", "50": "W", "51": "S", "52": "N", "55": "E", "56": "N", "58": "S", "60": "W", "62": "S", "63": "N", "65": "W", "66": "S", "67": "N", "68": "S", "69": "W", "71": "N", "72": "W", "73": "S", "74": "S", "75": "E", "76": "N", "77": "N"}, {"18": "N", "19": "S", "1": "S", "2": "N", "3": "W", "4": "S", "6": "S", "7": "W", "8": "S", "9": "N", "11": "W", "13": "S", "14": "S", "15": "W", "16": "E", "17": "N", "20": "S", "22": "S", "25": "S", "26": "E", "28": "N", "29": "N", "30": "E", "32": "S", "33": "N", "35": "S", "36": "E", "37": "N", "38": "N", "40": "E", "41": "W", "42": "E", "43": "W", "46": "E", "47": "E", "49": "N", "50": "S", "51": "S", "52": "N", "53": "S", "54": "N", "55": "E", "56": "W", "57": "E", "58": "S", "60": "N", "61": "S", "62": "S", "64": "S", "65": "W", "66": "E", "67": "E", "68": "E", "69": "S", "70": "W", "71": "W", "72": "N", "73": "S", "74": "W", "75": "E", "78": "W"}, {"18": "N", "19": "S", "0": "N", "3": "W", "4": "S", "5": "N", "7": "W", "8": "E", "9": "W", "10": "E", "11": "N", "12": "E", "13": "W", "14": "E", "15": "W", "16": "S", "20": "S", "22": "S", "23": "N", "26": "S", "27": "W", "32": "S", "35": "S", "36": "E", "37": "N", "38": "N", "39": "N", "41": "W", "43": "N", "46": "N", "49": "N", "50": "S", "51": "E", "54": "N", "56": "N", "60": "N", "61": "S", "62": "S", "64": "S", "65": "N", "66": "E", "67": "E", "69": "E", "70": "S", "71": "W", "72": "W", "73": "W", "74": "W", "76": "N", "77": "E", "78": "W", "79": "S"}, {"18": "N", "0": "W", "2": "W", "3": "W", "4": "S", "7": "N", "9": "W", "10": "E", "11": "W", "12": "E", "13": "W", "15": "N", "16": "E", "17": "W", "20": "S", "21": "W", "22": "S", "23": "N", "24": "S", "26": "E", "27": "N", "30": "S", "36": "E", "37": "N", "38": "E", "39": "E", "40": "S", "42": "E", "43": "W", "47": "S", "48": "W", "49": "N", "50": "S", "52": "N", "54": "N", "56": "W", "57": "E", "61": "W", "64": "S", "65": "W", "66": "S", "68": "E", "72": "N", "74": "W", "76": "N", "77": "N", "79": "W"}, {"18": "N", "0": "W", "1": "E", "2": "W", "4": "W", "6": "S", "7": "N", "8": "S", "9": "W", "10": "S", "11": "W", "13": "N", "14": "S", "15": "N", "17": "W", "22": "S", "24": "S", "26": "S", "29": "N", "30": "S", "32": "S", "35": "W", "36": "E", "37": "W", "38": "E", "39": "E", "40": "E", "41": "S", "42": "E", "43": "S", "45": "S", "47": "E", "48": "W", "50": "W", "52": "E", "54": "N", "55": "N", "56": "W", "57": "S", "61": "W", "62": "E", "66": "S", "68": "E", "69": "S", "70": "W", "73": "S", "75": "N", "76": "W", "77": "E", "79": "W"}, {"19": "S", "1": "E", "2": "W", "5": "N", "6": "S", "7": "N", "8": "S", "9": "N", "10": "E", "11": "N", "13": "N", "14": "S", "17": "W", "21": "N", "22": "S", "24": "W", "26": "E", "28": "N", "29": "N", "30": "S", "32": "E", "34": "E", "37": "W", "38": "E", "39": "N", "40": "N", "41": "S", "42": "E", "46": "E", "47": "E", "51": "S", "52": "E", "54": "N", "57": "E", "60": "W", "61": "W", "62": "S", "66": "W", "68": "S", "70": "W", "71": "W", "72": "E", "73": "W", "74": "S", "75": "E", "77": "E", "79": "S"}, {"1": "E", "2": "W", "3": "W", "4": "W", "6": "S", "8": "S", "10": "S", "11": "W", "12": "S", "14": "S", "15": "N", "17": "N", "20": "E", "22": "S", "24": "N", "26": "S", "27": "N", "29": "W", "30": "W", "31": "E", "33": "N", "34": "E", "36": "N", "37": "N", "38": "E", "39": "N", "40": "N", "41": "W", "42": "E", "45": "S", "46": "N", "50": "W", "51": "S", "52": "N", "54": "N", "57": "S", "61": "W", "62": "E", "65": "N", "66": "S", "67": "S", "68": "E", "73": "W", "74": "W", "76": "S", "77": "E"}, {"0": "W", "2": "W", "4": "N", "5": "N", "6": "W", "10": "S", "11": "S", "12": "E", "13": "W", "14": "S", "15": "W", "17": "W", "20": "E", "21": "N", "22": "S", "23": "N", "24": "W", "27": "W", "29": "N", "31": "E", "36": "W", "37": "N", "38": "E", "39": "E", "40": "E", "41": "W", "42": "E", "45": "W", "46": "E", "47": "S", "48": "W", "49": "N", "50": "W", "52": "N", "54": "N", "57": "S", "61": "S", "65": "N", "66": "W", "68": "E", "69": "S", "70": "W", "73": "W", "74": "W", "75": "N", "76": "W", "77": "E", "79": "W"}, {"0": "W", "1": "E", "3": "W", "5": "N", "6": "W", "9": "W", "10": "E", "11": "W", "12": "E", "14": "E", "15": "W", "16": "E", "17": "S", "21": "N", "23": "W", "24": "W", "25": "S", "27": "N", "28": "E", "29": "N", "31": "E", "34": "S", "36": "N", "37": "W", "38": "S", "39": "E", "40": "N", "41": "W", "42": "E", "45": "S", "46": "N", "47": "E", "48": "W", "49": "N", "50": "S", "51": "S", "52": "W", "54": "W", "57": "E", "61": "S", "64": "E", "67": "S", "68": "E", "69": "E", "71": "N", "72": "N", "73": "S", "74": "W", "75": "E", "76": "W", "77": "E", "79": "N"}, {"1": "E", "3": "W", "5": "N", "10": "S", "11": "W", "14": "S", "15": "N", "16": "S", "21": "N", "23": "N", "25": "S", "26": "E", "27": "N", "29": "N", "31": "S", "35": "E", "36": "N", "37": "N", "38": "S", "39": "E", "41": "W", "45": "S", "46": "E", "47": "E", "48": "W", "49": "W", "50": "W", "51": "E", "53": "W", "54": "W", "56": "W", "57": "E", "61": "S", "62": "E", "64": "E", "67": "S", "68": "S", "69": "S", "72": "N", "73": "S", "75": "E", "76": "N", "79": "W"}, {"1": "N", "5": "W", "6": "S", "9": "S", "13": "W", "14": "E", "16": "S", "17": "W", "21": "W", "23": "N", "25": "W", "26": "S", "27": "W", "29": "W", "31": "S", "35": "S", "36": "W", "37": "E", "38": "W", "39": "N", "40": "E", "41": "W", "44": "W", "45": "W", "46": "N", "48": "W", "49": "N", "50": "S", "51": "N", "53": "N", "57": "S", "64": "S", "68": "S", "69": "E", "70": "W", "71": "N", "72": "N", "73": "S", "75": "E", "76": "N", "77": "S"}, {"0": "W", "1": "N", "2": "W", "5": "N", "6": "W", "14": "S", "15": "N", "20": "S", "23": "W", "26": "S", "27": "S", "31": "E", "33": "N", "34": "E", "35": "S", "36": "N", "37": "N", "39": "N", "40": "E", "41": "W", "42": "N", "44": "W", "45": "W", "46": "W", "47": "E", "48": "W", "49": "W", "50": "S", "51": "E", "53": "W", "57": "S", "64": "E", "65": "N", "68": "E", "69": "E", "71": "W", "72": "W", "73": "W", "74": "W", "75": "N", "76": "N"}, {"0": "W", "2": "W", "3": "W", "6": "S", "7": "N", "9": "W", "11": "S", "13": "S", "15": "N", "17": "W", "20": "E", "21": "W", "22": "S", "23": "N", "25": "S", "26": "E", "27": "W", "28": "E", "31": "S", "33": "W", "34": "N", "35": "W", "36": "N", "37": "W", "39": "N", "40": "N", "41": "N", "44": "W", "46": "W", "47": "E", "48": "S", "49": "N", "50": "S", "51": "E", "54": "N", "56": "W", "57": "S", "61": "S", "62": "S", "64": "S", "68": "S", "69": "E", "71": "N", "72": "W", "75": "E", "76": "N", "79": "W"}, {"2": "W", "3": "S", "6": "S", "7": "E", "9": "W", "11": "W", "13": "S", "15": "N", "17": "S", "20": "S", "21": "N", "23": "N", "27": "N", "28": "E", "34": "N", "35": "W", "36": "E", "39": "N", "40": "E", "44": "W", "46": "N", "48": "W", "50": "W", "51": "S", "54": "W", "56": "S", "57": "S", "62": "E", "71": "N", "74": "W", "75": "E", "76": "W"}, {"1": "W", "2": "W", "3": "W", "5": "N", "6": "W", "7": "N", "9": "W", "11": "W", "20": "E", "23": "N", "25": "W", "26": "E", "28": "N", "29": "N", "33": "S", "39": "W", "40": "N", "43": "S", "44": "S", "45": "S", "48": "W", "49": "N", "51": "E", "52": "W", "54": "W", "55": "N", "56": "S", "57": "S", "61": "E", "62": "E", "67": "E", "69": "E", "70": "W", "72": "N", "73": "W", "74": "W", "75": "N", "76": "W", "79": "W"}, {"0": "W", "1": "W", "2": "N", "5": "N", "6": "W", "7": "W", "8": "W", "11": "S", "12": "E", "15": "W", "17": "W", "20": "S", "21": "W", "22": "W", "23": "E", "25": "W", "26": "E", "28": "E", "29": "N", "33": "S", "39": "S", "43": "E", "45": "W", "47": "E", "50": "W", "51": "N", "54": "N", "55": "N", "56": "S", "57": "W", "61": "E", "62": "S", "65": "W", "67": "E", "69": "S", "70": "S", "73": "S", "74": "W", "75": "N", "76": "N", "79": "W"}, {"1": "S", "3": "W", "6": "S", "7": "N", "8": "S", "9": "S", "11": "W", "12": "E", "17": "W", "20": "S", "21": "W", "25": "W", "26": "E", "27": "W", "28": "N", "31": "S", "35": "S", "45": "S", "47": "N", "48": "W", "49": "E", "50": "W", "51": "N", "54": "N", "56": "W", "57": "W", "65": "S", "67": "S", "68": "W", "69": "S", "70": "S", "71": "W", "74": "W", "76": "N", "77": "E", "79": "S"}, {"0": "S", "2": "N", "3": "S", "6": "W", "7": "N", "8": "W", "11": "W", "12": "S", "14": "E", "17": "W", "20": "E", "21": "W", "25": "W", "26": "N", "27": "W", "28": "E", "35": "S", "36": "N", "44": "S", "47": "N", "48": "W", "49": "N", "50": "S", "53": "N", "54": "W", "56": "W", "64": "E", "65": "S", "66": "S", "68": "S", "69": "E", "71": "N", "72": "N", "74": "W", "79": "W"}, {"0": "W", "2": "N", "7": "N", "8": "N", "9": "W", "11": "S", "12": "W", "17": "S", "20": "S", "21": "W", "22": "S", "26": "E", "27": "W", "31": "E", "35": "S", "36": "N", "40": "N", "43": "W", "44": "W", "45": "S", "46": "N", "47": "E", "48": "W", "49": "E", "50": "S", "52": "N", "53": "N", "54": "W", "56": "S", "57": "S", "60": "S", "61": "N", "65": "W", "69": "S", "70": "W", "71": "N", "73": "W", "79": "W"}, {"0": "W", "2": "N", "5": "E", "8": "N", "9": "W", "11": "S", "12": "W", "14": "S", "15": "N", "17": "W", "20": "S", "21": "N", "26": "E", "31": "S", "33": "S", "34": "E", "36": "N", "40": "N", "43": "S", "45": "S", "46": "E", "48": "W", "49": "E", "52": "N", "53": "N", "54": "S", "56": "S", "57": "S", "61": "E", "67": "W", "69": "S", "70": "S", "71": "W", "72": "N", "76": "E"}, {"2": "N", "8": "W", "14": "W", "15": "N", "16": "E", "17": "W", "20": "E", "22": "S", "31": "S", "33": "E", "34": "N", "35": "S", "40": "N", "41": "N", "45": "S", "49": "E", "52": "W", "53": "N", "54": "S", "55": "E", "56": "W", "61": "E", "66": "S", "68": "S", "70": "S", "71": "N", "72": "N", "74": "W", "79": "W"}, {"2": "N", "5": "N", "7": "N", "9": "S", "14": "W", "15": "W", "16": "S", "17": "S", "24": "E", "28": "E", "31": "W", "34": "E", "35": "W", "40": "E", "41": "W", "45": "S", "53": "W", "54": "S", "61": "N", "66": "W", "68": "S", "71": "N", "72": "N", "73": "S", "74": "N", "77": "S", "79": "S"}, {"2": "E", "4": "E", "5": "N", "6": "W", "7": "N", "14": "W", "16": "S", "17": "S", "21": "W", "22": "S", "29": "E", "35": "S", "37": "E", "40": "E", "48": "W", "49": "E", "50": "S", "53": "N", "54": "S", "55": "E", "57": "S", "68": "W", "69": "S", "71": "E", "72": "N", "73": "S", "74": "N", "77": "S"}, {"2": "E", "4": "S", "5": "N", "7": "N", "12": "S", "14": "S", "16": "S", "17": "W", "22": "S", "33": "S", "35": "S", "41": "S", "45": "E", "48": "N", "49": "E", "50": "S", "51": "E", "53": "W", "55": "N", "57": "S", "60": "N", "64": "S", "69": "E", "71": "E", "74": "N", "77": "S", "79": "W"}, {"0": "W", "1": "E", "4": "W", "5": "E", "9": "S", "12": "S", "21": "W", "22": "W", "32": "E", "33": "W", "35": "E", "45": "S", "46": "E", "48": "N", "49": "S", "50": "S", "51": "E", "55": "E", "60": "N", "69": "E", "71": "E", "74": "W", "79": "S"}, {"1": "S", "2": "N", "9": "W", "11": "W", "12": "E", "13": "W", "14": "S", "21": "W", "22": "W", "33": "S", "34": "N", "35": "S", "41": "W", "42": "E", "46": "N", "48": "W", "49": "E", "51": "E", "54": "W", "57": "W", "66": "S", "67": "S", "69": "S", "70": "E", "71": "N", "74": "N", "79": "E"}, {"2": "E", "12": "S", "13": "S", "14": "W", "21": "W", "26": "N", "31": "S", "34": "N", "40": "N", "41": "N", "42": "S", "46": "W", "49": "E", "51": "N", "53": "N", "54": "N", "57": "W", "64": "E", "66": "S", "70": "N", "71": "E", "76": "W", "77": "W", "79": "S"}, {"2": "N", "5": "E", "13": "W", "15": "N", "26": "E", "29": "N", "31": "S", "34": "E", "40": "E", "41": "N", "43": "E", "45": "S", "46": "N", "49": "E", "50": "W", "51": "N", "54": "W", "55": "E", "61": "W", "62": "E", "64": "S", "66": "W", "70": "N", "71": "E", "74": "W", "76": "W", "79": "E"}, {"2": "W", "13": "S", "14": "W", "21": "W", "26": "N", "29": "E", "34": "E", "35": "S", "40": "E", "41": "W", "45": "S", "46": "W", "47": "N", "48": "N", "51": "E", "53": "W", "55": "E", "62": "E", "64": "S", "66": "W", "71": "E", "76": "S", "79": "S"}, {"2": "N", "5": "N", "13": "W", "14": "W", "16": "S", "21": "S", "26": "W", "29": "E", "31": "W", "34": "E", "35": "S", "38": "N", "40": "S", "41": "N", "45": "E", "46": "W", "49": "E", "51": "S", "55": "E", "57": "W", "61": "W", "62": "E", "64": "E", "66": "W", "68": "S", "69": "S", "71": "E", "74": "W"}, {"1": "E", "2": "E", "5": "W", "11": "W", "12": "E", "14": "S", "15": "E", "16": "S", "17": "N", "21": "W", "22": "S", "29": "E", "31": "W", "32": "E", "33": "W", "34": "N", "35": "E", "38": "E", "40": "E", "41": "W", "43": "S", "45": "N", "47": "W", "51": "E", "57": "W", "60": "E", "61": "W", "62": "S", "68": "S", "69": "S", "74": "N"}, {"1": "E", "2": "N", "4": "N", "6": "W", "11": "N", "12": "S", "14": "S", "16": "S", "17": "W", "21": "S", "26": "N", "30": "W", "31": "S", "32": "S", "33": "S", "35": "S", "40": "E", "43": "W", "45": "E", "47": "W", "48": "N", "50": "N", "51": "E", "60": "N", "61": "S", "62": "E", "68": "S", "69": "S", "71": "E", "72": "W", "73": "S"}, {"1": "N", "12": "S", "16": "S", "22": "S", "26": "W", "31": "E", "33": "S", "35": "E", "38": "S", "40": "E", "41": "W", "45": "E", "47": "N", "48": "N", "51": "E", "60": "N", "61": "S", "62": "N", "66": "N", "68": "W", "71": "N", "72": "W", "73": "W", "74": "N"}, {"1": "N", "6": "W", "12": "S", "15": "N", "16": "W", "22": "W", "26": "N", "30": "W", "31": "S", "33": "S", "35": "S", "38": "S", "40": "N", "41": "W", "45": "N", "48": "W", "51": "N", "61": "E", "62": "N", "66": "N", "68": "S", "69": "S", "73": "W", "74": "E"}, {"2": "N", "4": "W", "14": "W", "15": "E", "16": "S", "20": "E", "22": "S", "30": "W", "31": "S", "33": "W", "38": "W", "40": "N", "41": "W", "45": "E", "48": "N", "51": "N", "54": "S", "61": "S", "62": "E", "64": "E", "66": "N", "68": "S", "69": "S", "72": "N", "73": "S", "74": "N"}, {"2": "E", "4": "S", "13": "W", "14": "W", "15": "N", "16": "S", "20": "E", "22": "E", "31": "S", "32": "W", "40": "E", "41": "W", "45": "N", "50": "W", "51": "N", "61": "E", "64": "E", "68": "S", "69": "W", "74": "W"}, {"1": "W", "2": "N", "12": "W", "13": "W", "15": "E", "20": "E", "26": "W", "32": "S", "40": "S", "41": "W", "42": "S", "45": "W", "47": "E", "50": "W", "51": "N", "62": "E", "64": "E", "69": "S", "73": "W", "74": "W"}, {"2": "N", "12": "W", "13": "N", "20": "E", "26": "N", "32": "S", "33": "S", "40": "E", "41": "N", "47": "S", "50": "N", "64": "E", "66": "N", "69": "S", "73": "W"}, {"4": "W", "13": "W", "20": "E", "26": "E", "31": "W", "33": "S", "35": "S", "40": "S", "41": "N", "50": "N", "53": "W", "60": "N", "61": "E", "64": "N", "73": "N"}, {"15": "N", "16": "E", "20": "N", "26": "N", "33": "S", "35": "E", "40": "S", "41": "N", "42": "E", "50": "N", "53": "W", "54": "S", "55": "E", "57": "W", "60": "W", "61": "N", "62": "N", "64": "E"}, {"20": "E", "26": "W", "29": "E", "33": "S", "42": "S", "49": "E", "50": "W", "53": "W", "54": "S", "55": "E", "57": "W", "60": "N", "61": "E", "62": "N", "67": "S", "69": "S", "72": "W", "73": "W"}, {"1": "W", "10": "W", "20": "N", "26": "W", "33": "W", "34": "N", "39": "W", "42": "S", "49": "E", "50": "W", "53": "S", "54": "W", "55": "N", "57": "W", "62": "E", "69": "W", "73": "W"}, {"2": "E", "10": "W", "16": "S", "22": "E", "26": "W", "33": "S", "34": "E", "49": "E", "50": "W", "53": "S", "54": "S", "55": "N", "57": "W", "62": "N", "68": "W", "69": "S", "72": "W", "73": "W", "78": "S"}, {"2": "E", "4": "W", "12": "W", "20": "N", "21": "E", "22": "N", "33": "S", "34": "E", "50": "W", "53": "W", "54": "W", "57": "S", "62": "N", "73": "N"}, {"2": "E", "12": "S", "14": "S", "21": "S", "22": "W", "33": "E", "34": "S", "40": "S", "41": "N", "42": "S", "50": "N", "53": "N", "57": "W", "61": "E", "73": "W"}, {"10": "W", "12": "W", "14": "E", "16": "W", "26": "N", "31": "W", "33": "S", "34": "W", "39": "W", "40": "S", "41": "N", "42": "S", "50": "W", "53": "W", "57": "W", "61": "E", "64": "N", "66": "W", "69": "W", "70": "E", "78": "W"}, {"14": "S", "16": "W", "26": "N", "29": "E", "33": "S", "37": "S", "40": "W", "41": "W", "49": "E", "50": "W", "57": "S", "61": "E", "64": "N", "66": "W", "68": "W", "69": "N", "78": "N"}, {"2": "E", "14": "S", "16": "W", "20": "E", "22": "N", "23": "W", "26": "N", "29": "E", "33": "S", "40": "S", "49": "S", "50": "N", "54": "W", "57": "W", "64": "N", "66": "W", "69": "W"}, {"2": "E", "6": "S", "10": "S", "14": "W", "16": "W", "20": "N", "24": "W", "29": "E", "33": "S", "48": "N", "49": "W", "54": "N", "57": "W", "64": "N", "65": "E", "68": "S", "69": "W"}, {"6": "E", "12": "W", "14": "N", "16": "S", "20": "E", "27": "N", "29": "E", "33": "E", "48": "N", "54": "W", "55": "N", "57": "W", "60": "E", "65": "E", "67": "S", "68": "E", "69": "W", "72": "S", "73": "W"}, {"12": "S", "20": "N", "29": "N", "30": "W", "33": "S", "42": "S", "50": "N", "51": "W", "54": "S", "55": "N", "64": "E", "65": "N", "67": "W", "72": "W", "73": "W"}, {"12": "W", "16": "W", "20": "N", "23": "W", "24": "W", "33": "E", "42": "S", "43": "S", "50": "E", "51": "W", "54": "S", "55": "W", "64": "E", "65": "W", "68": "S", "72": "N", "73": "N"}, {"4": "W", "12": "W", "20": "N", "21": "S", "23": "W", "24": "S", "29": "N", "33": "E", "48": "E", "50": "N", "53": "S", "54": "E", "55": "N", "57": "N", "60": "N", "64": "N", "69": "W", "72": "W"}, {"0": "W", "4": "S", "12": "S", "14": "W", "21": "W", "23": "W", "24": "W", "26": "W", "29": "E", "31": "N", "33": "E", "37": "N", "45": "S", "50": "N", "53": "S", "54": "S", "57": "W", "60": "N", "64": "E", "66": "W", "69": "W", "72": "W", "77": "S"}, {"14": "N", "16": "W", "21": "S", "23": "N", "24": "S", "29": "E", "31": "W", "33": "E", "37": "E", "42": "W", "45": "E", "54": "W", "64": "N", "66": "N", "68": "W", "69": "S", "72": "S", "73": "W", "77": "S"}, {"0": "W", "14": "W", "15": "E", "16": "W", "23": "W", "24": "W", "29": "E", "30": "S", "31": "W", "33": "E", "37": "E", "39": "W", "42": "W", "43": "S", "45": "S", "54": "S", "64": "N", "72": "W", "73": "W"}, {"4": "W", "12": "S", "14": "S", "16": "W", "23": "S", "24": "N", "29": "E", "31": "W", "37": "S", "45": "E", "50": "N", "54": "S", "57": "N", "64": "N", "66": "W", "69": "W", "70": "E", "72": "W", "73": "N"}, {"2": "N", "4": "N", "12": "S", "16": "W", "23": "W", "24": "W", "29": "S", "30": "E", "31": "S", "45": "N", "54": "S", "64": "N", "68": "W", "69": "W", "73": "N", "76": "E", "78": "N"}, {"6": "N", "12": "S", "15": "N", "16": "W", "24": "W", "26": "N", "29": "S", "30": "E", "31": "W", "33": "E", "45": "N", "48": "E", "54": "E", "67": "S", "68": "N"}, {"15": "N", "24": "W", "26": "E", "29": "E", "30": "E", "31": "W", "33": "S", "35": "E", "40": "S", "45": "E", "48": "N", "50": "W", "53": "W", "54": "S", "68": "W", "76": "S", "78": "E"}, {"24": "W", "29": "E", "33": "E", "35": "E", "40": "S", "50": "N", "54": "S", "60": "W", "68": "W", "69": "S", "76": "W", "78": "N"}, {"12": "W", "23": "W", "24": "N", "26": "E", "29": "N", "33": "E", "35": "S", "40": "S", "50": "N", "54": "S", "68": "W", "69": "W"}, {"12": "W", "15": "N", "23": "W", "24": "W", "26": "N", "30": "N", "35": "S", "40": "S", "45": "S", "61": "E", "67": "S"}, {"23": "W", "26": "N", "28": "E", "35": "E", "53": "S", "54": "S", "61": "E", "66": "W"}, {"6": "E", "23": "W", "26": "N", "29": "E", "39": "W", "48": "N", "54": "S", "61": "E", "77": "S", "78": "N"}, {"6": "S", "12": "W", "23": "W", "26": "W", "27": "S", "29": "E", "60": "W", "61": "E", "73": "N", "77": "E"}, {"23": "S", "26": "N", "29": "E", "33": "N", "45": "E", "56": "W", "60": "N", "61": "E", "78": "W"}, {"3": "N", "4": "N", "12": "W", "26": "N", "27": "E", "29": "E", "31": "S", "33": "E", "36": "N", "40": "S", "60": "N", "61": "E", "78": "N"}, {"3": "E", "12": "S", "24": "W", "26": "W", "29": "S", "31": "W", "33": "E", "54": "S", "60": "N", "61": "E"}, {"4": "W", "12": "W", "16": "N", "23": "S", "24": "S", "26": "W", "29": "E", "33": "N", "41": "N", "54": "W", "61": "N", "67": "S", "70": "W"}, {"4": "W", "12": "W", "14": "W", "23": "W", "24": "W", "26": "W", "29": "S", "36": "E", "40": "W", "41": "E", "56": "S", "61": "E", "67": "S", "73": "N"}, {"3": "E", "14": "S", "21": "S", "23": "S", "24": "N", "26": "N", "29": "S", "30": "E", "36": "N", "41": "N", "56": "W", "60": "E", "61": "S"}, {"0": "S", "3": "E", "14": "W", "23": "W", "24": "W", "26": "W", "29": "S", "30": "S", "41": "W", "53": "S", "54": "W", "61": "E", "70": "W"}, {"0": "E", "3": "N", "10": "E", "23": "S", "24": "W", "26": "W", "29": "S", "30": "E", "35": "S", "36": "W", "41": "W", "53": "E", "77": "S"}, {"0": "N", "3": "W", "4": "S", "10": "S", "12": "W", "23": "S", "24": "N", "29": "S", "35": "E", "50": "W", "53": "S", "56": "S", "67": "S", "70": "S", "77": "W"}, {"20": "E", "23": "W", "24": "W", "27": "S", "33": "N", "35": "E", "50": "N", "53": "W", "61": "E", "67": "S", "77": "S"}, {"20": "N", "24": "W", "26": "N", "33": "N", "35": "E", "41": "W", "43": "S", "50": "E", "53": "W", "61": "N", "67": "S", "77": "E"}, {"3": "W", "4": "W", "11": "E", "24": "N", "26": "N", "29": "S", "33": "E", "42": "S", "50": "E", "54": "S", "56": "W", "60": "N", "61": "N", "77": "E"}, {"3": "N", "4": "W", "7": "S", "11": "S", "24": "W", "26": "N", "30": "E", "33": "E", "36": "N", "50": "S", "53": "S", "60": "E", "61": "E", "77": "N"}, {"4": "N", "10": "W", "20": "N", "24": "N", "26": "N", "29": "E", "53": "W", "61": "N", "77": "E"}, {"10": "W", "20": "W", "23": "N", "24": "N", "29": "S", "33": "E", "41": "N", "56": "N", "60": "N", "61": "E"}, {"10": "W", "13": "S", "29": "E", "33": "S", "60": "E", "61": "E"}, {"0": "E", "7": "S", "10": "N", "29": "S", "42": "S", "53": "S", "61": "N", "70": "S", "77": "N"}, {"0": "S", "1": "W", "20": "N", "29": "S", "30": "N", "50": "E", "53": "S", "60": "E", "61": "E", "67": "W", "70": "E", "77": "N"}, {"5": "N", "20": "N", "23": "W", "24": "W", "29": "S", "46": "N", "61": "N", "67": "W", "68": "N", "70": "E"}, {"5": "N", "20": "N", "24": "W", "30": "E", "40": "S", "41": "W", "42": "E", "45": "S", "46": "N", "65": "W", "68": "W", "70": "N"}, {"0": "W", "5": "N", "13": "E", "20": "N", "24": "W", "26": "N", "31": "N", "41": "N", "46": "W", "53": "S", "60": "E", "65": "S", "68": "W"}, {"1": "N", "5": "N", "10": "N", "13": "N", "16": "E", "29": "S", "31": "W", "46": "N", "53": "E", "68": "W", "71": "E", "72": "W", "78": "N"}, {"1": "E", "4": "W", "5": "N", "8": "E", "16": "E", "31": "S", "33": "E", "43": "S", "46": "W", "60": "N", "70": "E", "71": "N", "78": "E"}, {"2": "N", "4": "N", "5": "E", "10": "E", "11": "E", "23": "S", "28": "S", "31": "W", "33": "N", "37": "E", "43": "E", "46": "W", "53": "E", "56": "N", "60": "E", "61": "N", "70": "E", "71": "E"}, {"78": "E"}, {"78": "N"}, {"78": "N"}, {"78": "E"}, {"78": "N"}, {"78": "E"}, {"78": "N"}, {"78": "E"}, {"78": "E"}, {"78": "E"}, {"78": "E"}, {"78": "E"}, {"78": "E"}, {"63": "W", "78": "E"}, {"63": "W", "78": "E"}, {"63": "W", "78": "E"}, {"63": "W", "78": "E"}, {"63": "W"}, {"63": "W"}, {"63": "W"}, {"63": "W"}, {"63": "W"}, {"63": "W"}, {"44": "N", "63": "W"}, {"44": "N"}, {"44": "N"}, {"44": "N"}, {"44": "N"}, {"44": "N"}, {"44": "N"}, {"44": "N"}, {"44": "N"}, {"44": "N"}, {"44": "N"}, {"44": "N"}, {"44": "N"}, {"44": "N"}, {"44": "N"}, {"44": "N"}, {"9": "N"}, {"9": "E"}, {"9": "E"}, {"9": "E"}, {"9": "N"}, {"9": "E"}, {"9": "E", "21": "N"}, {"9": "E"}, {"9": "S"}, {"9": "E", "21": "E"}, {"9": "N", "21": "E"}, {"9": "E"}, {"9": "S"}, {"9": "S", "21": "E"}, {"21": "E"}, {"21": "E"}, {"74": "E", "21": "N"}, {"74": "N", "21": "E"}, {"74": "E", "21": "E"}, {"74": "E", "21": "S"}, {"74": "E", "21": "E"}, {"74": "E", "21": "E"}, {"21": "E"}, {"21": "E"}, {"21": "S"}, {"77": "N"}, {"74": "E"}, {"74": "S"}, {"74": "E"}, {"74": "E"}, {"74": "N"}, {"74": "E"}, {"74": "E"}, {"76": "S"}, {"76": "S"}, {"76": "S"}, {"76": "E"}, {"76": "S"}, {"76": "S"}, {"76": "W"}, {"76": "S"}, {"76": "S"}, {"76": "S"}, {"76": "S"}, {"77": "W"}, {"77": "W"}, {"77": "W"}, {"77": "N"}, {"77": "W"}, {"77": "W"}, {"77": "W"}, {"77": "W"}, {"77": "W"}, {"77": "W"}, {"77": "W"}, {"77": "W"}, {"77": "W"}, {"77": "W"}, {"77": "W"}, {"77": "W"}, {"77": "W"}, {"77": "W"}, {"77": "W"}, {"77": "W"}, {"77": "W"}, {"77": "W"}, {"77": "W"}, {"77": "W"}, {"58": "W"}, {"58": "W"}, {"58": "N"}, {"58": "W", "62": "W"}, {"58": "W", "62": "W"}, {"58": "W", "62": "N"}, {"58": "W", "62": "W"}, {"58": "W"}, {"58": "W"}, {"58": "W", "62": "W"}, {"58": "W", "62": "W"}, {"58": "W", "62": "W"}, {"62": "W"}, {"62": "W"}, {"58": "W", "62": "W"}, {"58": "W"}, {"41": "E"}, {"41": "E"}, {"41": "E"}, {"41": "E"}, {"41": "E", "48": "E"}, {"41": "S", "48": "E"}, {"48": "S"}, {"48": "E"}, {"41": "E", "48": "E"}, {"41": "E"}, {"41": "E"}, {"48": "S"}, {"41": "N"}, {"41": "E"}, {"41": "E"}, {"41": "N"}, {"41": "N"}, {"41": "E"}, {"41": "E"}, {"41": "E"}, {"41": "N"}, {"41": "N"}, {"41": "E"}, {"41": "E"}, {"41": "E"}, {"41": "E"}, {"41": "S", "48": "N"}, {"41": "E"}, {"36": "W"}, {"36": "S"}, {"36": "S"}, {"36": "E"}, {"36": "S"}, {"36": "S", "48": "N"}, {"36": "S", "48": "E"}, {"36": "S", "48": "E"}, {"36": "S", "48": "E"}, {"36": "S", "48": "S"}, {"36": "S", "48": "E"}, {"48": "E"}, {"48": "N"}, {"36": "S"}, {"32": "E", "36": "S"}, {"32": "N", "36": "S"}, {"32": "N"}, {"32": "W"}, {"27": "E"}, {"27": "N"}, {"27": "E", "32": "N"}, {"27": "E", "32": "N"}, {"27": "N", "32": "W"}, {"27": "E", "32": "N"}, {"27": "E", "32": "N"}, {"27": "N", "32": "N"}, {"27": "E", "32": "N"}, {"27": "E", "32": "E"}, {"27": "E"}, {"27": "S"}, {"27": "S", "32": "E"}, {"27": "E", "32": "N"}, {"27": "E", "32": "N"}, {"27": "E", "32": "N"}, {"27": "E", "32": "N"}, {"27": "E"}, {"27": "E", "32": "N"}, {"27": "E", "32": "N"}, {"32": "N"}, {"32": "N"}, {"20": "W", "32": "N"}, {"20": "W", "32": "N"}, {"20": "W", "32": "N"}, {"32": "N"}, {"32": "N"}, {"32": "N"}, {"32": "N"}, {"32": "W"}, {"2": "E"}, {"2": "S"}, {"2": "S"}, {"2": "E"}, {"2": "S"}, {"2": "S"}, {"2": "W"}, {"2": "S"}, {"2": "S"}, {"2": "S"}, {"2": "S"}, {"2": "S"}, {"2": "S"}, {"2": "S"}, {"2": "S"}, {"2": "W"}, {"1": "W"}, {"20": "N"}, {"1": "W", "20": "W"}, {"1": "W", "20": "N"}, {"1": "W", "20": "W"}, {"1": "W", "20": "W"}, {"1": "W", "20": "W"}, {"1": "W", "20": "S"}, {"1": "S", "20": "W"}, {"1": "W", "20": "W"}, {"1": "W", "20": "W"}, {"1": "W", "20": "S"}, {"1": "W", "20": "W"}, {"1": "W", "20": "W"}, {"1": "W", "20": "W"}, {"1": "W", "20": "W"}, {"1": "W"}, {"79": "N"}, {"79": "E"}, {"79": "E"}, {"79": "E"}, {"79": "E"}, {"75": "W", "79": "E"}, {"75": "W", "79": "E"}, {"75": "W", "79": "E"}, {"75": "W", "79": "E"}, {"75": "W", "79": "E"}, {"75": "W", "79": "E"}, {"75": "W", "79": "E"}, {"75": "W"}, {"75": "W"}, {"75": "W", "79": "E"}, {"79": "E"}, {"79": "E"}, {"75": "W", "79": "E"}, {"75": "W"}, {"79": "E"}, {"75": "W", "79": "E"}, {"75": "W", "79": "E"}, {"79": "E"}, {"73": "N"}, {"73": "N", "79": "E"}, {"73": "N"}, {"72": "S", "73": "E"}, {"72": "E", "73": "E"}, {"72": "E", "73": "E"}, {"72": "E", "73": "E"}, {"72": "E", "73": "S"}, {"73": "E"}, {"73": "E"}, {"72": "E", "73": "E"}, {"72": "E", "73": "E"}, {"72": "E", "73": "E"}, {"72": "E"}, {"73": "N"}, {"71": "S", "73": "E"}, {"71": "S"}, {"70": "E", "71": "S"}, {"71": "S"}, {"71": "S"}, {"70": "E", "71": "S"}, {"70": "N", "71": "S"}, {"70": "E", "71": "S"}, {"70": "N", "71": "E"}, {"70": "N", "71": "S"}, {"70": "E", "71": "S"}, {"70": "N", "71": "S"}, {"70": "N"}, {"45": "E", "70": "N"}, {"45": "N", "70": "E"}, {"45": "E", "70": "E"}, {"45": "S", "70": "E"}, {"45": "E", "70": "N"}, {"45": "E", "70": "E"}, {"45": "N", "70": "E"}, {"70": "E"}, {"70": "E"}, {"45": "N", "70": "E"}, {"45": "N"}, {"45": "N", "70": "E"}, {"45": "N", "70": "E"}, {"45": "N"}, {"45": "N"}, {"38": "W"}, {"38": "W", "45": "N"}, {"38": "W", "45": "N"}, {"38": "W", "45": "N"}, {"38": "W", "45": "N"}, {"38": "W"}, {"38": "W"}, {"38": "S"}, {"12": "N", "38": "S"}, {"12": "N", "38": "W"}, {"12": "N", "38": "W"}, {"12": "N", "38": "W"}, {"12": "N", "38": "W"}, {"12": "N", "38": "W"}, {"12": "N"}, {"11": "E", "12": "N"}, {"11": "E", "12": "N"}, {"12": "N"}, {"11": "E"}, {"12": "N"}, {"11": "E"}, {"11": "E", "12": "N"}, {"11": "E", "12": "N"}, {"11": "E", "12": "N"}, {"11": "E"}, {"69": "N", "11": "E"}, {"69": "N", "11": "E"}, {"11": "E"}, {"69": "N"}, {"69": "N"}, {"69": "N", "11": "E"}, {"69": "N", "11": "E"}, {"68": "W", "69": "N"}, {"68": "W"}, {"68": "N"}, {"68": "W", "69": "N"}, {"68": "N"}, {"68": "N"}, {"68": "N"}, {"68": "N"}, {"68": "N", "69": "N"}, {"68": "N", "69": "N"}, {"68": "N", "69": "N"}, {"68": "N", "69": "N"}, {"68": "N", "69": "N"}, {"68": "N"}, {"68": "N"}, {"68": "N", "69": "N"}, {"69": "N"}, {"69": "N"}, {"67": "N", "69": "N"}, {"67": "N", "69": "N"}, {"67": "N"}, {"66": "W", "67": "W"}, {"66": "N", "67": "N"}, {"66": "N", "67": "W"}, {"66": "N", "67": "W"}, {"66": "N", "67": "W"}, {"66": "W", "67": "W"}, {"66": "N", "67": "W"}, {"66": "N", "67": "W"}, {"66": "N", "67": "W"}, {"66": "N", "67": "W"}, {"66": "N", "67": "W"}, {"66": "W", "67": "W"}, {"66": "N"}, {"65": "E", "66": "W"}, {"65": "E"}, {"65": "E"}, {"65": "E", "66": "N"}, {"65": "E", "66": "W"}, {"65": "E", "66": "N"}, {"65": "E", "66": "N"}, {"65": "E", "66": "N"}, {"66": "N"}, {"65": "E"}, {"65": "E"}, {"65": "E"}, {"65": "S"}, {"65": "E"}, {"65": "E"}, {"65": "E"}, {"65": "E"}, {"65": "E"}, {"65": "S"}, {"65": "E"}, {"65": "E"}, {"65": "E"}, {"65": "E"}, {"64": "W"}, {"61": "N"}, {"61": "N"}, {"61": "N"}, {"61": "W", "64": "W"}, {"61": "W", "64": "W"}, {"61": "W", "64": "W"}, {"61": "N", "64": "N"}, {"61": "N", "64": "W"}, {"61": "W", "64": "W"}, {"61": "W", "64": "W"}, {"61": "W"}, {"60": "E", "61": "N"}, {"60": "E", "61": "W"}, {"60": "S", "61": "W"}, {"60": "S", "61": "W"}, {"60": "E", "61": "W"}, {"60": "E"}, {"60": "E"}, {"60": "S"}, {"60": "E"}, {"60": "S", "61": "W"}, {"60": "E", "61": "W"}, {"60": "E", "61": "W"}, {"60": "E"}, {"61": "W"}, {"61": "W"}, {"61": "W"}, {"61": "N"}, {"39": "W"}, {"39": "S"}, {"39": "S"}, {"39": "S"}, {"39": "S"}, {"39": "S"}, {"39": "S"}, {"39": "S"}, {"39": "S"}, {"39": "S"}, {"39": "S"}, {"39": "S"}, {"39": "E"}, {"39": "E", "59": "E"}, {"39": "S", "59": "E"}, {"39": "S", "59": "E"}, {"39": "S"}, {"39": "W"}, {"57": "N", "59": "E"}, {"57": "N", "59": "S"}, {"57": "N", "59": "S"}, {"57": "N", "59": "E"}, {"57": "N", "59": "E"}, {"57": "N", "59": "E"}, {"57": "N", "59": "S"}, {"57": "N"}, {"56": "E"}, {"56": "E"}, {"55": "W", "56": "E"}, {"55": "W", "56": "E"}, {"55": "W", "56": "E"}, {"55": "W", "56": "E"}, {"55": "W"}, {"56": "E"}, {"55": "S", "56": "E"}, {"55": "W", "56": "E"}, {"55": "W"}, {"55": "W"}, {"54": "E", "55": "N"}, {"54": "E"}, {"54": "E"}, {"54": "E", "55": "W"}, {"54": "E", "55": "W"}, {"54": "E", "55": "W"}, {"54": "E"}, {"53": "E"}, {"53": "S"}, {"53": "W", "54": "E"}, {"53": "S"}, {"53": "S"}, {"53": "E", "54": "E"}, {"53": "E"}, {"53": "E", "54": "E"}, {"53": "E", "54": "N"}, {"53": "E", "54": "E"}, {"53": "E", "54": "E"}, {"53": "E"}, {"53": "E"}, {"53": "E"}, {"52": "S"}, {"52": "S", "53": "E"}, {"52": "S", "53": "E"}, {"52": "S"}, {"47": "W", "51": "W"}, {"47": "W", "51": "W"}, {"47": "W", "51": "W"}, {"47": "W", "51": "W"}, {"47": "N", "51": "W"}, {"47": "W", "51": "W"}, {"47": "W", "51": "W"}, {"47": "W"}, {"42": "N"}, {"42": "N", "47": "W"}, {"42": "W", "47": "W"}, {"42": "W", "47": "W"}, {"42": "W", "47": "W"}, {"42": "W", "47": "W"}, {"42": "W", "47": "N"}, {"42": "W", "47": "W"}, {"42": "W", "47": "W"}, {"42": "W", "47": "W"}, {"42": "W", "47": "W"}, {"42": "W", "47": "N"}, {"42": "W", "47": "W"}, {"29": "S"}, {"50": "E", "29": "W"}, {"50": "E", "29": "W"}, {"50": "E", "29": "W"}, {"50": "N", "29": "W"}, {"50": "N", "29": "W"}, {"50": "N", "29": "W"}, {"50": "E", "29": "W"}, {"50": "E", "29": "W"}, {"50": "E", "29": "W"}, {"50": "N", "29": "W"}, {"29": "W"}, {"29": "W"}, {"29": "W"}, {"29": "W"}, {"29": "W"}, {"50": "N", "29": "S"}, {"50": "N", "29": "S"}, {"50": "N"}, {"49": "S", "50": "N"}, {"49": "S", "50": "N"}, {"49": "W", "50": "N"}, {"49": "W"}, {"46": "S", "49": "W"}, {"46": "W", "49": "S"}, {"46": "S"}, {"46": "W"}, {"46": "W", "49": "S"}, {"46": "W", "49": "S"}, {"46": "W", "49": "S"}, {"46": "W", "49": "S"}, {"46": "W", "49": "S"}, {"49": "S"}, {"46": "W", "49": "W"}, {"46": "W", "49": "S"}, {"46": "W", "49": "S"}, {"46": "W"}, {"43": "E", "46": "W"}, {"43": "E", "46": "W"}, {"43": "E", "46": "W"}, {"43": "S", "46": "W"}, {"43": "E", "46": "S"}, {"43": "E", "46": "S"}, {"43": "E", "46": "W"}, {"43": "E"}, {"43": "E"}, {"43": "S"}, {"40": "W", "43": "S"}, {"40": "W", "43": "E"}, {"40": "N", "43": "E"}, {"40": "W", "43": "S"}, {"43": "S"}, {"37": "S", "40": "W"}, {"37": "E", "40": "W"}, {"40": "N"}, {"37": "E", "40": "W"}, {"37": "E", "40": "W"}, {"37": "E", "40": "W"}, {"37": "E", "40": "S"}, {"37": "E", "40": "W"}, {"37": "S", "40": "W"}, {"37": "E", "40": "W"}, {"37": "E"}, {"37": "S"}, {"35": "N"}, {"35": "E"}, {"35": "N", "37": "S"}, {"37": "S"}, {"37": "E"}, {"35": "N", "37": "S"}, {"35": "N", "37": "S"}, {"35": "N", "37": "S"}, {"37": "E"}, {"37": "S"}, {"35": "N", "37": "S"}, {"35": "N"}, {"34": "W", "35": "W"}, {"35": "N"}, {"35": "E"}, {"34": "W", "35": "N"}, {"34": "W"}, {"34": "W"}, {"34": "W", "35": "N"}, {"34": "W", "35": "N"}, {"34": "W", "35": "N"}, {"34": "W", "35": "W"}, {"35": "N"}, {"33": "E", "35": "N"}, {"33": "N", "35": "E"}, {"33": "N", "35": "N"}, {"33": "E", "35": "N"}, {"33": "N", "35": "N"}, {"33": "E", "35": "N"}, {"8": "N"}, {"33": "N"}, {"8": "N", "33": "N"}, {"8": "N", "33": "E"}, {"8": "N", "33": "N"}, {"8": "W", "33": "E"}, {"8": "W", "33": "E"}, {"8": "N"}, {"8": "W", "33": "E"}, {"31": "W", "8": "N"}, {"31": "N", "8": "W"}, {"31": "W", "8": "W"}, {"31": "N", "8": "W"}, {"31": "N", "8": "N"}, {"31": "W", "8": "W"}, {"31": "W"}, {"31": "N"}, {"8": "N"}, {"8": "W"}, {"31": "N", "8": "W"}, {"31": "N", "8": "N"}, {"31": "N", "8": "N"}, {"31": "N", "8": "N"}, {"31": "N", "8": "N"}, {"31": "N", "8": "W"}, {"31": "N"}, {"30": "N", "31": "N"}, {"30": "N"}, {"28": "W", "30": "N"}, {"28": "N", "30": "N"}, {"30": "N"}, {"28": "W", "30": "N"}, {"28": "W", "30": "N"}, {"28": "W", "30": "N"}, {"28": "W", "30": "N"}, {"28": "W", "30": "E"}, {"28": "W"}, {"26": "S", "28": "W"}, {"26": "S", "28": "W"}, {"26": "S", "28": "W"}, {"26": "S", "28": "W"}, {"26": "S", "28": "W"}, {"26": "S"}, {"26": "S"}, {"26": "S"}, {"24": "N"}, {"24": "E"}, {"24": "E"}, {"24": "E"}, {"24": "E"}, {"24": "N", "25": "S"}, {"24": "E", "25": "E"}, {"24": "N", "25": "E"}, {"24": "E", "25": "S"}, {"24": "E", "25": "E"}, {"24": "S", "25": "N"}, {"24": "E", "25": "E"}, {"24": "N", "25": "E"}, {"24": "E", "25": "E"}, {"24": "E", "25": "E"}, {"24": "E", "25": "E"}, {"24": "N", "25": "E"}, {"24": "E", "25": "S"}, {"24": "E", "25": "E"}, {"24": "E", "25": "E"}, {"24": "N"}, {"24": "N", "25": "E"}, {"25": "E"}, {"23": "S"}, {"23": "E"}, {"22": "N", "23": "E"}, {"22": "N", "23": "E"}, {"22": "N"}, {"22": "N"}, {"22": "N", "23": "E"}, {"22": "N", "23": "S"}, {"22": "N", "23": "E"}, {"22": "N", "23": "S"}, {"22": "N", "23": "S"}, {"22": "N", "23": "E"}, {"22": "N", "23": "E"}, {"22": "N", "23": "E"}, {"22": "N", "23": "S"}, {"22": "N", "23": "E"}, {"23": "E"}, {"0": "E", "15": "E"}, {"0": "E", "15": "E"}, {"0": "E", "15": "S"}, {"0": "E", "15": "S"}, {"0": "E", "15": "E"}, {"15": "S"}, {"15": "W"}, {"0": "E", "15": "S"}, {"0": "E", "15": "S"}, {"0": "E", "15": "S"}, {"0": "E", "15": "S"}, {"0": "N", "15": "S"}, {"0": "N", "15": "S"}, {"0": "E"}, {"0": "S"}, {"0": "E", "15": "S"}, {"0": "E", "15": "S"}, {"15": "S"}, {"17": "S", "15": "S"}, {"16": "N"}, {"16": "W"}, {"16": "N"}, {"16": "N"}, {"16": "N"}, {"16": "N"}, {"16": "N"}, {"17": "E"}, {"16": "N", "17": "N"}, {"16": "N", "17": "E"}, {"16": "N", "17": "E"}, {"16": "W", "17": "S"}, {"17": "E"}, {"17": "E"}, {"16": "N", "17": "E"}, {"16": "N", "17": "E"}, {"16": "E", "17": "E"}, {"16": "N", "17": "E"}, {"17": "E"}, {"14": "N", "16": "N"}, {"16": "N"}, {"14": "N", "16": "N"}, {"14": "N", "16": "W"}, {"14": "N", "16": "W"}, {"14": "E"}, {"13": "E", "14": "N"}, {"13": "E", "14": "E"}, {"13": "E", "14": "N"}, {"13": "E", "14": "N"}, {"13": "E", "14": "N"}, {"13": "E"}, {"13": "E"}, {"13": "S"}, {"13": "E", "14": "N"}, {"13": "S", "14": "N"}, {"13": "E", "14": "N"}, {"13": "E", "14": "N"}, {"13": "N"}, {"10": "N"}, {"7": "S", "10": "W"}, {"7": "S", "10": "W"}, {"7": "S"}, {"7": "S"}, {"7": "S", "10": "W"}, {"7": "S", "10": "W"}, {"7": "S", "10": "W"}, {"7": "S", "10": "N"}, {"7": "S"}, {"7": "S"}, {"6": "N"}, {"10": "W"}, {"10": "W"}, {"6": "N", "10": "W"}, {"10": "W"}, {"10": "N"}, {"6": "N", "10": "N"}, {"6": "N"}, {"6": "N"}, {"10": "W"}, {"10": "N"}, {"6": "N", "10": "W"}, {"10": "N"}, {"6": "N"}, {"6": "N"}, {"10": "N"}, {"10": "N"}, {"6": "N", "10": "N"}, {"6": "N"}, {"5": "S"}, {"5": "S", "6": "N"}, {"5": "S", "6": "N"}, {"5": "W", "6": "N"}, {"5": "S"}, {"4": "E", "5": "S"}, {"4": "N", "5": "S"}, {"4": "E", "5": "S"}, {"4": "E", "5": "S"}, {"4": "E", "5": "S"}, {"4": "N", "5": "S"}, {"4": "E", "5": "S"}, {"4": "N", "5": "S"}, {"4": "E"}, {"4": "N"}, {"4": "N", "5": "S"}, {"4": "E", "5": "S"}, {"4": "E"}, {"4": "N"}, {"4": "N"}, {"3": "E", "4": "N"}, {"3": "S", "4": "N"}, {"3": "E", "4": "N"}, {"3": "E", "4": "N"}, {"3": "E"}, {"3": "E"}, {"3": "E"}, {"3": "E"}, {"3": "E"}, {"3": "S"}, {"3": "E"}]}