{"instance": "small_free_001_10x10_40_40", "steps": [{"1": "N", "3": "W", "15": "S", "26": "W", "28": "N", "35": "N", "4": "W", "5": "N", "6": "N", "7": "N", "9": "S", "10": "N", "11": "N", "12": "W", "13": "E", "14": "N", "16": "N", "17": "W", "18": "W", "20": "W", "22": "S", "23": "W", "24": "S", "25": "N", "27": "E", "29": "N", "30": "W", "33": "S", "38": "N", "39": "S"}, {"3": "W", "26": "S", "28": "E", "4": "W", "5": "N", "6": "N", "7": "N", "8": "W", "10": "E", "11": "E", "16": "N", "17": "W", "18": "S", "19": "S", "20": "S", "22": "W", "23": "W", "25": "N", "27": "E", "29": "N", "31": "S", "32": "E", "39": "W"}, {"3": "N", "26": "S", "28": "S", "4": "W", "5": "W", "6": "W", "8": "W", "10": "S", "11": "E", "17": "S", "18": "S", "20": "W", "29": "E", "32": "E", "33": "S", "34": "S", "36": "W", "37": "N", "39": "S"}, {"3": "W", "15": "S", "35": "E", "4": "W", "6": "N", "7": "N", "9": "S", "10": "E", "18": "W", "19": "S", "24": "W", "29": "E", "30": "W", "34": "S", "36": "W", "37": "E", "38": "E", "39": "E"}, {"3": "N", "15": "S", "35": "N", "2": "E", "4": "W", "5": "N", "7": "N", "9": "E", "10": "E", "11": "E", "19": "S", "22": "N", "24": "S", "25": "N", "27": "N", "31": "E", "36": "W", "37": "S", "39": "E"}, {"3": "N", "15": "S", "26": "S", "35": "E", "2": "N", "4": "N", "5": "E", "6": "N", "7": "E", "8": "S", "9": "E", "10": "N", "11": "N", "12": "N", "17": "W", "18": "S", "20": "W", "22": "N", "23": "N", "25": "E", "27": "W", "30": "S", "31": "E", "32": "W", "33": "W", "34": "S", "36": "W", "37": "W", "39": "N"}, {"1": "N", "3": "N", "15": "W", "35": "S", "2": "N", "4": "W", "5": "N", "6": "N", "7": "N", "8": "W", "9": "S", "10": "N", "11": "E", "18": "W", "20": "S", "25": "E", "27": "N", "30": "W", "31": "N", "34": "W", "37": "W", "38": "N", "39": "E"}, {"1": "N", "3": "N", "28": "S", "35": "E", "2": "W", "4": "N", "5": "N", "6": "E", "7": "E", "8": "N", "9": "W", "10": "N", "11": "E", "13": "E", "16": "W", "19": "W", "20": "E", "23": "W", "24": "W", "30": "W", "31": "E", "37": "W", "39": "S"}, {"1": "W", "3": "W", "15": "W", "35": "E", "2": "W", "5": "N", "6": "E", "7": "E", "8": "N", "9": "S", "10": "N", "11": "S", "13": "N", "20": "N", "22": "W", "24": "W", "25": "E", "30": "N", "31": "S", "34": "W", "36": "N", "37": "N", "39": "E"}, {"3": "W", "15": "W", "4": "N", "5": "N", "6": "E", "7": "N", "8": "W", "9": "E", "10": "N", "13": "N", "18": "N", "19": "S", "20": "E", "22": "N", "23": "W", "25": "S", "29": "E", "30": "N", "31": "E", "34": "W", "36": "N", "37": "N", "38": "S"}, {"3": "S", "10": "N"}, {"3": "E", "10": "N"}, {"3": "E"}, {"3": "E"}, {"28": "W", "22": "W", "15": "N", "9": "S", "32": "W"}, {"26": "E", "28": "W", "1": "S", "15": "N", "9": "E", "32": "S", "35": "N"}, {"26": "E", "28": "W", "15": "E", "9": "E", "32": "S", "35": "W"}, {"26": "E", "28": "W", "27": "S", "1": "S", "9": "E", "32": "S", "35": "W"}, {"26": "E", "28": "W", "27": "S", "1": "S", "9": "N", "32": "S"}, {"26": "N", "28": "W", "27": "S", "1": "S", "15": "N"}, {"27": "W", "0": "E", "1": "W", "15": "N", "32": "E", "35": "W"}, {"26": "E", "27": "S", "0": "S", "1": "S", "32": "S", "35": "W"}, {"26": "E", "28": "N", "27": "S", "0": "S", "35": "S"}, {"26": "E", "28": "W", "27": "E", "35": "S"}, {"26": "E", "28": "W", "27": "E", "35": "W"}, {"26": "E", "28": "N", "27": "E", "0": "S"}, {"27": "E", "0": "S", "15": "N"}, {"28": "N", "27": "S", "0": "E", "15": "N"}, {"0": "E", "15": "W"}, {"15": "N"}, {"15": "N"}, {"0": "N"}, {"32": "N"}, {"32": "S"}, {"32": "S"}, {"32": "W"}, {"32": "E"}]}