{"instance": "small_free_001_10x10_40_40", "steps": [{"19": "W", "9": "E", "16": "S", "6": "W", "11": "N", "38": "E", "28": "W", "13": "W", "24": "E", "14": "E", "31": "E", "39": "W", "36": "N", "32": "S", "29": "E", "3": "W", "33": "W", "2": "S", "4": "N", "1": "S", "37": "E", "18": "W", "30": "W", "7": "E", "12": "E", "26": "E", "17": "W", "25": "N", "15": "W", "21": "N", "23": "W"}, {"37": "S", "9": "S", "15": "N", "34": "S", "6": "E", "0": "E", "38": "N", "22": "W", "25": "S", "1": "W", "23": "E", "39": "W", "29": "N", "36": "N", "24": "E", "27": "S", "14": "E", "32": "S", "31": "S", "19": "E", "7": "E", "20": "S", "13": "N", "33": "W", "12": "E", "30": "W", "21": "W", "35": "E", "18": "W", "16": "S", "3": "W"}, {"24": "E", "28": "N", "34": "W", "15": "N", "16": "S", "14": "E", "18": "W", "4": "W", "38": "S", "13": "N", "39": "W", "1": "S", "37": "S", "26": "E", "19": "W", "36": "S", "5": "E", "12": "W", "11": "E", "20": "E", "30": "E", "2": "E", "10": "N", "3": "E", "6": "W", "23": "W", "17": "S", "21": "E", "29": "E", "33": "W", "25": "E"}, {"19": "S", "28": "W", "3": "N", "33": "W", "34": "W", "15": "N", "20": "W", "30": "W", "12": "E", "23": "S", "35": "W", "25": "E", "0": "S", "29": "W", "6": "W", "8": "N", "10": "E", "22": "N", "5": "N", "31": "E", "18": "W", "17": "S", "14": "N", "38": "S", "36": "N", "26": "S", "13": "E"}, {"22": "E", "37": "E", "29": "N", "3": "N", "30": "E", "27": "W", "36": "N", "35": "N", "38": "E", "32": "E", "4": "W", "33": "W", "10": "S", "13": "N", "8": "N", "18": "N", "23": "E", "14": "E", "7": "E", "11": "N", "25": "E", "6": "W", "12": "E", "15": "N", "31": "S", "17": "N", "21": "E"}, {"3": "S", "33": "N", "20": "N", "29": "W", "17": "S", "31": "S", "37": "E", "12": "W", "16": "S", "21": "E", "11": "N", "22": "W", "2": "E", "39": "N", "10": "E", "0": "S", "13": "W", "30": "N", "14": "E"}, {"21": "W", "38": "S", "6": "W", "39": "S", "17": "S", "26": "S", "14": "E", "28": "W", "0": "S", "27": "E", "29": "W", "36": "S", "33": "N", "5": "E", "12": "E", "13": "E", "15": "W", "25": "N", "9": "S", "37": "S", "3": "E", "31": "E", "18": "S", "20": "N"}, {"5": "W", "24": "W", "13": "W", "7": "N", "29": "E", "14": "E", "35": "E", "17": "E", "3": "N", "23": "S", "19": "S", "22": "W", "11": "E", "36": "S", "10": "S", "27": "S", "25": "S", "28": "W", "33": "W", "21": "N", "38": "W", "18": "N"}, {"0": "W", "18": "S", "26": "S", "20": "E", "23": "S", "25": "S", "10": "E", "14": "E", "7": "E", "12": "E", "33": "W", "29": "W", "21": "E", "4": "W", "1": "N", "35": "S", "9": "S", "13": "W", "28": "N", "37": "E", "27": "S", "11": "E", "3": "E", "22": "W"}, {"21": "N", "26": "N", "37": "E", "35": "W", "1": "W", "10": "E", "39": "W", "23": "E", "2": "E", "22": "E", "7": "E", "14": "W", "5": "N", "36": "W", "29": "W", "20": "E", "33": "E", "32": "W", "15": "W", "9": "E", "3": "N", "12": "E"}, {"32": "S", "29": "W", "14": "S", "26": "S", "3": "E", "13": "W", "21": "E", "37": "E", "17": "E", "20": "E", "35": "W", "1": "S", "9": "E", "5": "E", "22": "W", "7": "N", "23": "S", "12": "N", "18": "N", "36": "E"}, {"3": "N", "38": "S", "18": "S", "39": "W", "20": "W", "25": "S", "24": "S", "32": "S", "28": "N", "10": "W", "33": "S", "36": "W", "26": "S", "21": "W", "14": "S", "7": "E", "5": "N", "9": "S", "13": "N"}, {"38": "S", "23": "S", "27": "S", "33": "N", "3": "S", "29": "N", "20": "E", "36": "N", "26": "S", "32": "E", "18": "S", "17": "N", "24": "E", "28": "W", "37": "N", "14": "E", "7": "E"}, {"7": "E", "26": "N", "21": "N", "33": "N", "29": "W", "18": "N", "20": "W", "12": "S", "17": "N", "28": "W", "14": "W", "36": "E", "38": "S", "27": "E", "3": "W", "13": "W"}, {"13": "W", "26": "S", "0": "E", "21": "W", "20": "E", "28": "W", "17": "S", "14": "N", "18": "N", "33": "S", "9": "S", "10": "N", "3": "W", "7": "S"}, {"21": "N", "3": "S", "9": "E", "18": "N", "38": "S", "27": "S", "10": "N", "33": "N", "26": "N", "14": "S"}, {"27": "E", "3": "N", "18": "N", "28": "S", "9": "N", "38": "N", "23": "E", "0": "W", "12": "S", "20": "N", "26": "E", "36": "W", "33": "W"}, {"22": "N", "33": "E", "0": "N", "38": "S", "18": "N", "20": "E", "36": "E", "3": "S", "9": "E", "26": "E", "23": "E"}, {"38": "W", "13": "S", "18": "S", "27": "E", "26": "E", "23": "W", "20": "E", "33": "W"}, {"17": "N", "32": "W", "18": "N", "0": "E", "36": "N", "20": "E", "10": "S", "23": "E", "27": "S", "33": "N"}, {"18": "N", "38": "S", "27": "N", "33": "W", "10": "N", "24": "N"}, {"3": "E", "38": "S", "36": "S", "17": "S", "33": "N", "26": "N", "27": "N", "23": "S"}, {"3": "W", "27": "E", "23": "E", "26": "E", "33": "N", "32": "S"}, {"24": "W", "36": "S", "3": "N", "23": "E", "38": "E", "33": "N"}, {"33": "E", "23": "S", "32": "E", "24": "N", "36": "N", "26": "S", "20": "N"}, {"23": "E", "33": "N", "24": "S", "3": "S", "20": "S", "14": "E", "32": "S", "36": "S"}, {"36": "S", "20": "E", "3": "N", "33": "N", "23": "E", "14": "E"}, {"14": "S", "24": "N", "20": "E", "33": "E", "10": "S", "23": "N", "36": "N"}, {"20": "S", "23": "N", "14": "S", "24": "S", "26": "S", "3": "S", "36": "E", "33": "E", "10": "N"}, {"20": "E", "26": "N", "24": "E", "33": "S", "14": "S", "3": "N", "36": "W"}, {"36": "N", "20": "S", "26": "N", "14": "W", "24": "W"}, {"20": "S", "14": "S", "3": "W", "24": "N"}, {"24": "S", "10": "W"}, {"3": "E", "17": "N", "26": "S", "10": "E", "36": "N", "24": "E"}, {"24": "W", "26": "S", "3": "E"}, {"24": "N", "26": "S", "3": "W"}, {"17": "W", "3": "E"}, {"26": "N", "24": "W", "36": "N", "3": "W"}, {"3": "E", "36": "N", "17": "W", "10": "W", "24": "E"}, {"3": "W", "24": "S", "10": "E", "26": "W"}, {"26": "S", "17": "E", "24": "E", "3": "E"}, {"3": "W", "17": "E", "26": "S"}, {"3": "S", "17": "S", "26": "E"}, {"17": "S", "26": "E", "3": "N", "24": "W"}, {"3": "E", "17": "S", "10": "S", "26": "S", "24": "E"}, {"26": "W", "24": "E", "3": "W", "10": "S", "17": "E"}, {"17": "E", "0": "E", "24": "W", "3": "S", "10": "N"}, {"10": "S", "0": "W", "3": "N", "17": "E", "24": "S"}, {"24": "N", "3": "E", "17": "N", "10": "N"}, {"10": "N", "3": "W", "26": "S"}, {"26": "N"}, {"26": "S"}, {"26": "E", "3": "S", "24": "W"}, {"24": "E", "3": "N"}, {"3": "E"}, {"3": "W", "26": "S"}, {"26": "N", "24": "S"}, {"24": "N", "26": "N", "3": "E"}, {"24": "W", "3": "W", "10": "S", "26": "E"}, {"26": "S", "10": "N", "24": "E"}, {"26": "W", "3": "E"}, {"3": "W", "26": "N"}, {"26": "S", "24": "S"}, {"3": "E", "24": "N", "26": "N"}, {"3": "W", "26": "S"}, {"26": "W", "24": "S"}, {"26": "E", "24": "N", "3": "W"}, {"26": "N", "24": "W", "3": "E"}, {"10": "S", "24": "E"}, {"3": "E", "26": "E", "24": "W", "10": "N"}, {"26": "E", "24": "E", "3": "W"}, {"26": "S"}, {"0": "E"}, {"0": "W", "26": "N"}, {"3": "W", "24": "S", "26": "E"}, {"26": "E", "24": "N", "3": "E"}, {"24": "W", "3": "E"}, {"24": "E", "3": "W", "26": "W"}, {"24": "S", "26": "N"}, {"24": "N"}, {"3": "S", "26": "E"}, {"3": "N", "0": "E"}, {"0": "W", "26": "W", "24": "W"}, {"10": "S", "26": "W"}, {"24": "E", "10": "N", "3": "E", "26": "S"}, {"26": "S", "3": "W", "24": "S"}, {"24": "N", "3": "S"}, {"24": "S", "3": "N", "26": "S"}, {"10": "S", "24": "N", "26": "E"}, {"24": "S", "10": "N", "26": "N"}, {"3": "S", "24": "N", "26": "E"}, {"26": "S", "3": "N"}, {"10": "S"}, {"24": "S", "10": "N", "26": "W"}, {"26": "E", "0": "E", "24": "N"}, {"26": "E", "0": "W"}, {"24": "S", "26": "W", "3": "S"}, {"24": "N", "26": "W", "3": "N"}, {"26": "W"}, {"26": "N", "24": "W", "3": "S", "0": "E", "10": "W"}]}