{"instance": "galaxy_cluster_00000_20x20_20_80", "steps": [{"18": "N", "0": "W", "1": "E", "3": "W", "4": "W", "6": "S", "7": "W", "8": "S", "9": "W", "10": "E", "12": "S", "13": "W", "16": "S", "21": "W", "22": "E", "24": "S", "25": "S", "26": "E", "27": "W", "28": "E", "29": "W", "31": "E", "33": "W", "34": "N", "35": "W", "36": "N", "37": "W", "38": "S", "39": "W", "40": "N", "41": "S", "42": "E", "43": "N", "44": "W", "45": "W", "46": "E", "47": "E", "48": "W", "50": "S", "51": "S", "52": "N", "55": "E", "56": "S", "57": "E", "58": "S", "59": "W", "60": "W", "61": "S", "62": "S", "63": "N", "64": "E", "65": "W", "66": "E", "68": "S", "69": "N", "71": "W", "74": "W", "75": "E", "76": "W", "78": "S"}, {"19": "S", "0": "N", "1": "S", "3": "W", "6": "S", "7": "N", "8": "E", "9": "N", "12": "E", "13": "S", "14": "E", "15": "W", "16": "S", "17": "N", "20": "E", "22": "S", "24": "E", "26": "S", "28": "N", "29": "W", "30": "S", "33": "N", "34": "N", "35": "S", "36": "N", "37": "N", "38": "E", "39": "W", "40": "N", "42": "N", "43": "N", "44": "S", "46": "N", "48": "W", "49": "N", "50": "W", "51": "E", "52": "N", "53": "N", "54": "N", "55": "E", "56": "S", "59": "W", "61": "W", "62": "E", "64": "E", "65": "W", "66": "E", "67": "N", "68": "E", "69": "W", "70": "W", "71": "N", "72": "S", "74": "W", "75": "E", "76": "N", "77": "E", "78": "W"}, {"18": "N", "19": "S", "0": "W", "1": "E", "2": "W", "3": "W", "5": "N", "6": "S", "8": "E", "9": "N", "11": "W", "12": "E", "13": "W", "15": "W", "16": "S", "17": "W", "20": "E", "21": "N", "22": "S", "24": "E", "26": "E", "27": "W", "28": "E", "30": "E", "31": "E", "34": "N", "35": "S", "36": "N", "37": "N", "39": "N", "40": "N", "42": "E", "44": "W", "45": "W", "46": "E", "47": "S", "49": "W", "50": "W", "53": "W", "54": "N", "55": "N", "56": "S", "59": "W", "60": "N", "61": "S", "64": "S", "65": "W", "67": "N", "69": "N", "70": "S", "72": "W", "73": "S", "74": "S", "75": "E", "78": "W", "79": "W"}, {"18": "N", "1": "S", "2": "N", "3": "W", "4": "N", "6": "E", "7": "W", "8": "S", "10": "E", "11": "N", "13": "S", "14": "S", "16": "E", "17": "N", "20": "S", "21": "N", "22": "S", "23": "N", "25": "W", "27": "N", "28": "N", "29": "W", "30": "E", "31": "S", "34": "N", "35": "S", "36": "N", "38": "S", "39": "N", "40": "N", "41": "S", "42": "E", "44": "S", "46": "N", "48": "W", "49": "N", "51": "S", "53": "W", "54": "W", "55": "N", "56": "S", "59": "N", "60": "N", "62": "S", "64": "S", "67": "N", "68": "S", "69": "N", "70": "S", "72": "W", "73": "S", "75": "E", "78": "S", "79": "S"}, {"19": "S", "1": "E", "2": "N", "3": "N", "4": "W", "6": "S", "7": "N", "8": "E", "9": "W", "11": "W", "12": "E", "13": "S", "14": "S", "16": "E", "20": "S", "21": "N", "22": "S", "25": "S", "27": "N", "28": "N", "29": "N", "30": "E", "31": "E", "34": "E", "35": "S", "36": "E", "38": "E", "39": "W", "42": "E", "44": "S", "47": "S", "48": "S", "51": "S", "54": "N", "56": "W", "58": "S", "59": "W", "61": "S", "62": "E", "67": "E", "69": "E", "70": "S", "71": "W", "72": "W", "73": "W", "74": "W", "75": "N", "77": "N", "79": "W"}, {"18": "N", "0": "W", "1": "E", "2": "W", "3": "W", "5": "W", "6": "W", "9": "W", "10": "E", "11": "S", "13": "W", "14": "E", "17": "W", "22": "S", "25": "W", "28": "E", "30": "S", "31": "S", "34": "E", "35": "S", "37": "N", "38": "S", "39": "N", "44": "S", "46": "N", "50": "W", "51": "E", "54": "N", "55": "E", "56": "W", "57": "S", "58": "E", "59": "W", "61": "S", "62": "S", "64": "E", "67": "E", "69": "N", "70": "E", "71": "W", "72": "W", "73": "W", "74": "S", "75": "E", "77": "E", "79": "S"}, {"18": "N", "3": "W", "4": "N", "5": "W", "6": "S", "7": "N", "8": "N", "9": "W", "10": "E", "11": "W", "12": "S", "13": "N", "14": "E", "17": "S", "20": "E", "24": "E", "25": "S", "27": "W", "28": "E", "30": "S", "31": "W", "34": "N", "36": "N", "37": "W", "39": "N", "41": "W", "44": "W", "50": "W", "51": "N", "52": "N", "53": "W", "54": "N", "56": "W", "57": "S", "58": "S", "59": "W", "61": "E", "64": "E", "65": "W", "67": "N", "68": "S", "69": "E", "70": "E", "71": "W", "72": "W", "73": "W", "74": "W", "75": "N", "77": "E"}, {"15": "E"}, {"15": "N"}, {"15": "N"}, {"15": "N"}, {"73": "W"}, {"73": "N"}, {"73": "N"}, {"73": "W"}, {"73": "W"}, {"73": "W"}, {"73": "W"}, {"73": "S"}, {"73": "W"}, {"59": "S"}, {"59": "S"}, {"59": "E"}, {"59": "S"}, {"59": "E"}, {"59": "E"}, {"59": "S"}, {"59": "E"}, {"59": "E"}, {"59": "E"}, {"59": "E"}, {"59": "E"}, {"59": "E"}, {"59": "E"}, {"59": "E"}, {"59": "E"}, {"59": "E"}, {"53": "W"}, {"53": "S"}, {"53": "E"}, {"53": "E"}, {"53": "S"}, {"53": "E"}, {"53": "E"}, {"53": "S"}, {"53": "S"}, {"53": "S"}, {"53": "S"}, {"53": "S"}, {"53": "S"}, {"51": "N"}, {"51": "N"}, {"51": "E"}, {"51": "N"}, {"51": "N"}, {"50": "N"}, {"50": "N"}, {"50": "N"}, {"50": "N"}, {"50": "W"}, {"50": "N"}, {"50": "W"}, {"50": "N"}, {"50": "N"}, {"50": "N"}, {"50": "W"}, {"50": "N"}, {"50": "N"}, {"50": "W"}, {"50": "W"}, {"50": "N"}, {"49": "W"}, {"49": "S"}, {"49": "S"}, {"49": "S"}, {"49": "S"}, {"49": "E"}, {"49": "S"}, {"49": "E"}, {"49": "E"}, {"49": "E"}, {"49": "S"}, {"49": "E"}, {"49": "E"}, {"49": "E"}, {"49": "E"}, {"49": "E"}, {"4": "N"}, {"4": "W"}, {"4": "N"}, {"4": "W"}, {"4": "N"}, {"4": "N"}, {"4": "W"}, {"4": "N"}, {"4": "N"}, {"4": "N"}, {"4": "N"}, {"63": "W"}, {"63": "W"}, {"63": "W"}, {"63": "W"}, {"63": "W"}, {"63": "W"}, {"63": "W"}, {"63": "W"}, {"63": "W"}, {"63": "W"}, {"63": "W"}, {"47": "W"}, {"47": "N"}, {"47": "W"}, {"47": "N"}, {"47": "N"}, {"47": "N"}, {"47": "W"}, {"47": "N"}, {"47": "W"}, {"47": "W"}, {"47": "W"}, {"47": "W"}, {"47": "W"}, {"47": "W"}, {"47": "N"}, {"45": "N"}, {"45": "E"}, {"45": "E"}, {"45": "E"}, {"45": "E"}, {"45": "E"}, {"45": "E"}, {"45": "E"}, {"45": "E"}, {"45": "E"}, {"45": "E"}, {"45": "S"}, {"45": "S"}, {"29": "E"}, {"29": "S"}, {"29": "E"}, {"29": "E"}, {"29": "E"}, {"29": "S"}, {"29": "S"}, {"29": "S"}, {"29": "E"}, {"29": "S"}, {"29": "E"}, {"29": "S"}, {"29": "E"}, {"65": "S"}, {"65": "E"}, {"65": "S"}, {"65": "S"}, {"65": "E"}, {"65": "S"}, {"65": "E"}, {"65": "E"}, {"65": "E"}, {"65": "E"}, {"65": "E"}, {"65": "N"}, {"65": "E"}, {"65": "E"}, {"65": "E"}, {"65": "E"}, {"65": "E"}, {"65": "E"}, {"65": "E"}, {"65": "E"}, {"65": "N"}, {"65": "N"}, {"65": "E"}, {"65": "E"}, {"65": "N"}, {"65": "E"}, {"65": "E"}, {"71": "N"}, {"71": "N"}, {"71": "E"}, {"71": "E"}, {"71": "E"}, {"71": "E"}, {"71": "S"}, {"71": "E"}, {"71": "E"}, {"71": "E"}, {"71": "S"}, {"71": "E"}, {"71": "E"}, {"68": "W"}, {"68": "W"}, {"68": "W"}, {"68": "N"}, {"68": "W"}, {"68": "N"}, {"68": "W"}, {"68": "W"}, {"68": "W"}, {"68": "W"}, {"68": "W"}, {"44": "W"}, {"44": "N"}, {"44": "E"}, {"44": "N"}, {"44": "N"}, {"44": "N"}, {"44": "N"}, {"44": "N"}, {"44": "N"}, {"44": "N"}, {"44": "N"}, {"44": "N"}, {"44": "N"}, {"44": "N"}, {"44": "W"}, {"44": "N"}, {"44": "N"}, {"44": "N"}, {"44": "W"}, {"44": "N"}, {"44": "N"}, {"44": "N"}, {"44": "W"}, {"43": "E"}, {"43": "E"}, {"43": "E"}, {"43": "S"}, {"43": "E"}, {"43": "E"}, {"43": "S"}, {"43": "E"}, {"43": "E"}, {"43": "S"}, {"43": "S"}, {"43": "E"}, {"43": "E"}, {"43": "S"}, {"43": "W"}, {"43": "S"}, {"43": "S"}, {"43": "S"}, {"43": "S"}, {"43": "S"}, {"43": "S"}, {"43": "S"}, {"43": "S"}, {"43": "S"}, {"39": "E"}, {"39": "E"}, {"39": "E"}, {"39": "S"}, {"39": "S"}, {"39": "S"}, {"39": "S"}, {"39": "S"}, {"39": "S"}, {"39": "S"}, {"39": "S"}, {"39": "S"}, {"39": "S"}, {"39": "S"}, {"39": "S"}, {"39": "E"}, {"32": "N"}, {"32": "N"}, {"32": "N"}, {"32": "E"}, {"32": "E"}, {"32": "E"}, {"32": "N"}, {"32": "N"}, {"32": "N"}, {"32": "N"}, {"32": "N"}, {"32": "N"}, {"32": "N"}, {"32": "N"}, {"32": "N"}, {"32": "W"}, {"32": "N"}, {"32": "W"}, {"32": "N"}, {"32": "N"}, {"32": "N"}, {"32": "N"}, {"26": "N"}, {"26": "N"}, {"26": "N"}, {"26": "N"}, {"26": "N"}, {"26": "N"}, {"26": "N"}, {"26": "N"}, {"26": "N"}, {"26": "N"}, {"17": "E"}, {"17": "E"}, {"17": "S"}, {"17": "S"}, {"17": "W"}, {"17": "S"}, {"17": "S"}, {"17": "W"}, {"17": "W"}, {"1": "N"}, {"1": "W"}, {"1": "W"}, {"1": "W"}, {"1": "W"}, {"1": "N"}, {"1": "W"}, {"1": "N"}, {"1": "W"}, {"1": "W"}, {"1": "W"}, {"1": "W"}, {"1": "W"}, {"1": "W"}, {"1": "W"}, {"1": "W"}, {"1": "W"}, {"76": "N"}, {"76": "W"}, {"76": "W"}, {"76": "W"}, {"76": "W"}, {"76": "S"}, {"76": "W"}, {"76": "W"}, {"76": "W"}, {"76": "S"}, {"76": "S"}, {"76": "S"}, {"76": "S"}, {"76": "E"}, {"76": "E"}, {"74": "W"}, {"74": "W"}, {"74": "W"}, {"74": "N"}, {"74": "W"}, {"74": "N"}, {"74": "N"}, {"74": "N"}, {"74": "W"}, {"74": "N"}, {"74": "N"}, {"74": "N"}, {"74": "N"}, {"74": "E"}, {"74": "E"}, {"61": "E"}, {"61": "N"}, {"61": "N"}, {"61": "N"}, {"61": "N"}, {"61": "N"}, {"61": "N"}, {"61": "N"}, {"61": "N"}, {"61": "N"}, {"61": "E"}, {"61": "N"}, {"61": "N"}, {"58": "W"}, {"58": "W"}, {"58": "W"}, {"58": "S"}, {"58": "W"}, {"58": "W"}, {"58": "N"}, {"58": "N"}, {"58": "W"}, {"58": "W"}, {"58": "W"}, {"58": "W"}, {"58": "W"}, {"58": "N"}, {"58": "W"}, {"58": "W"}, {"58": "W"}, {"58": "W"}, {"54": "N"}, {"54": "E"}, {"54": "E"}, {"54": "S"}, {"54": "S"}, {"54": "S"}, {"54": "S"}, {"54": "S"}, {"54": "S"}, {"54": "S"}, {"54": "S"}, {"54": "W"}, {"54": "S"}, {"54": "S"}, {"54": "S"}, {"54": "S"}, {"54": "S"}, {"54": "S"}, {"54": "W"}, {"46": "W"}, {"46": "W"}, {"46": "N"}, {"46": "W"}, {"46": "W"}, {"46": "W"}, {"46": "W"}, {"46": "S"}, {"46": "W"}, {"46": "W"}, {"46": "W"}, {"46": "W"}, {"46": "W"}, {"46": "W"}, {"46": "W"}, {"46": "W"}, {"46": "W"}, {"46": "N"}, {"46": "W"}, {"46": "W"}, {"46": "N"}, {"46": "N"}, {"46": "N"}, {"46": "W"}, {"46": "W"}, {"41": "W"}, {"41": "N"}, {"41": "N"}, {"41": "N"}, {"41": "N"}, {"41": "N"}, {"41": "N"}, {"41": "N"}, {"41": "N"}, {"41": "N"}, {"41": "N"}, {"41": "N"}, {"41": "W"}, {"41": "N"}, {"41": "N"}, {"41": "N"}, {"41": "N"}, {"38": "W"}, {"38": "W"}, {"38": "W"}, {"38": "N"}, {"38": "W"}, {"38": "W"}, {"38": "W"}, {"38": "W"}, {"38": "W"}, {"38": "W"}, {"38": "W"}, {"35": "E"}, {"35": "E"}, {"35": "N"}, {"35": "E"}, {"35": "E"}, {"35": "E"}, {"35": "E"}, {"35": "N"}, {"35": "E"}, {"35": "E"}, {"35": "N"}, {"35": "N"}, {"27": "N"}, {"27": "E"}, {"27": "N"}, {"27": "N"}, {"27": "E"}, {"27": "E"}, {"27": "S"}, {"27": "E"}, {"27": "E"}, {"27": "E"}, {"27": "E"}, {"27": "E"}, {"27": "E"}, {"27": "E"}, {"27": "E"}, {"23": "S"}, {"23": "S"}, {"23": "W"}, {"23": "W"}, {"23": "N"}, {"23": "N"}, {"23": "W"}, {"23": "W"}, {"23": "W"}, {"23": "W"}, {"23": "S"}, {"23": "S"}, {"23": "S"}, {"79": "E"}, {"79": "E"}, {"79": "S"}, {"79": "S"}, {"79": "S"}, {"79": "E"}, {"79": "E"}, {"79": "E"}, {"79": "E"}, {"79": "E"}, {"79": "E"}, {"79": "E"}, {"79": "E"}, {"79": "E"}, {"79": "E"}, {"79": "E"}, {"72": "N"}, {"72": "N"}, {"72": "N"}, {"72": "N"}, {"72": "N"}, {"72": "N"}, {"72": "N"}, {"72": "W"}, {"72": "N"}, {"72": "N"}, {"72": "N"}, {"72": "E"}, {"72": "N"}, {"66": "N"}, {"66": "W"}, {"66": "W"}, {"66": "W"}, {"66": "W"}, {"66": "W"}, {"66": "W"}, {"66": "N"}, {"66": "W"}, {"66": "W"}, {"66": "W"}, {"66": "W"}, {"66": "N"}, {"66": "W"}, {"66": "W"}, {"66": "N"}, {"66": "N"}, {"66": "N"}, {"66": "N"}, {"66": "W"}, {"66": "W"}, {"66": "W"}, {"66": "W"}, {"66": "W"}, {"66": "N"}, {"66": "N"}, {"66": "N"}, {"66": "N"}, {"66": "N"}, {"60": "E"}, {"60": "N"}, {"60": "E"}, {"60": "E"}, {"60": "E"}, {"60": "E"}, {"60": "N"}, {"60": "N"}, {"60": "N"}, {"60": "E"}, {"60": "E"}, {"60": "E"}, {"60": "N"}, {"60": "N"}, {"60": "N"}, {"60": "N"}, {"60": "E"}, {"60": "E"}, {"60": "E"}, {"60": "N"}, {"60": "E"}, {"60": "E"}, {"25": "N"}, {"25": "E"}, {"25": "S"}, {"25": "S"}, {"25": "S"}, {"25": "E"}, {"25": "S"}, {"25": "E"}, {"25": "S"}, {"25": "E"}, {"25": "E"}, {"25": "E"}, {"25": "E"}, {"25": "E"}, {"25": "E"}, {"25": "E"}, {"21": "W"}, {"21": "S"}, {"21": "S"}, {"21": "S"}, {"21": "W"}, {"14": "N"}, {"14": "W"}, {"14": "W"}, {"14": "W"}, {"14": "W"}, {"14": "W"}, {"14": "S"}, {"14": "S"}, {"14": "S"}, {"14": "W"}, {"14": "W"}, {"14": "W"}, {"14": "W"}, {"10": "E"}]}