{"instance": "small_free_001_10x10_40_40", "steps": [{"0": "W", "1": "N", "3": "E", "15": "E", "26": "S", "28": "E", "35": "N", "2": "W", "4": "W", "5": "N", "6": "N", "9": "S", "10": "S", "11": "N", "12": "W", "13": "E", "14": "N", "16": "N", "17": "W", "18": "E", "20": "W", "22": "S", "23": "W", "24": "W", "25": "N", "29": "E", "31": "E", "33": "S", "34": "E", "36": "W", "38": "N", "39": "S"}, {"0": "N", "1": "N", "3": "E", "26": "S", "2": "N", "4": "S", "5": "N", "6": "W", "7": "W", "8": "W", "9": "S", "11": "E", "12": "W", "13": "N", "14": "N", "16": "E", "17": "W", "18": "S", "23": "W", "25": "N", "29": "E", "31": "N", "33": "W", "34": "S", "36": "W", "37": "W", "38": "W", "39": "W"}, {"0": "W", "1": "E", "3": "E", "26": "W", "35": "E", "2": "N", "4": "W", "5": "E", "7": "W", "8": "N", "9": "S", "11": "N", "12": "N", "14": "E", "16": "N", "17": "W", "18": "S", "19": "W", "23": "W", "31": "E", "33": "S", "34": "E", "37": "W", "38": "W", "39": "S"}, {"0": "W", "1": "N", "26": "W", "35": "E", "5": "N", "7": "W", "8": "W", "9": "S", "11": "N", "12": "N", "14": "E", "16": "E", "17": "S", "20": "W", "29": "E", "31": "E", "33": "W", "34": "E", "39": "S"}, {"1": "N", "35": "E", "6": "N", "7": "W", "8": "S", "9": "W", "10": "W", "11": "N", "12": "E", "13": "E", "17": "W", "20": "W", "22": "S", "24": "W", "29": "E", "30": "W", "31": "N", "33": "W", "36": "S", "39": "S"}, {"28": "N", "4": "W", "5": "E", "6": "N", "8": "W", "9": "S", "10": "S", "11": "E", "12": "N", "13": "E", "17": "S", "19": "N", "20": "S", "22": "S", "23": "N", "24": "W", "29": "E", "30": "W", "31": "E", "33": "W", "38": "W", "39": "S"}, {"3": "N", "26": "W", "28": "N", "4": "W", "5": "N", "6": "W", "7": "N", "8": "N", "9": "S", "10": "S", "12": "N", "13": "S", "16": "N", "17": "S", "19": "W", "20": "S", "22": "S", "31": "E", "33": "S", "34": "E", "36": "S"}, {"4": "S", "6": "W", "7": "N", "8": "W", "10": "E", "13": "W", "17": "W", "20": "E", "23": "E", "24": "S", "25": "E", "30": "S", "31": "N", "36": "W"}, {"1": "W", "5": "N", "6": "N", "7": "E", "8": "N", "9": "W", "13": "W", "18": "W", "24": "S", "25": "N", "31": "N", "36": "N"}, {"19": "S", "1": "S", "3": "W", "26": "S", "28": "N"}, {"19": "S", "27": "S", "32": "S", "1": "W", "26": "E", "28": "W"}, {"35": "W", "19": "S", "27": "E", "0": "S", "1": "W", "26": "E", "28": "W"}, {"35": "W", "19": "E", "27": "S", "32": "S", "0": "S", "1": "W", "3": "N", "26": "E", "28": "W"}, {"35": "W", "0": "E", "3": "W", "26": "E", "28": "W"}, {"35": "W", "27": "E", "0": "S", "3": "W", "15": "N", "26": "E", "28": "W"}, {"35": "S", "27": "E", "32": "S", "0": "S", "1": "S", "26": "S", "28": "S"}, {"32": "S", "0": "S", "1": "S", "28": "W"}, {"27": "S", "32": "S", "0": "E", "1": "S", "15": "N", "28": "W"}, {"27": "E", "0": "E", "1": "E", "15": "N", "26": "E", "28": "W"}, {"27": "S", "0": "E", "1": "S", "15": "W", "26": "N"}, {"0": "E", "1": "S", "26": "N"}, {"0": "E", "26": "E"}, {"0": "N", "26": "N"}, {"26": "E"}, {"3": "W", "26": "S"}, {"26": "E"}, {"26": "E"}, {"3": "W", "15": "W", "26": "E"}, {"3": "W", "15": "W"}, {"3": "N", "15": "W"}, {"3": "N", "15": "N"}, {"3": "E"}, {"32": "S"}]}