{"instance": "small_free_001_10x10_40_40", "steps": [{"3": "N", "24": "N", "13": "W", "29": "N", "39": "W", "17": "W", "30": "W", "7": "E", "23": "E", "21": "E", "31": "E", "38": "E", "6": "N", "10": "E", "4": "W", "15": "E", "20": "W", "33": "W", "9": "E", "16": "S", "26": "W", "11": "N", "28": "N", "14": "E", "27": "E", "22": "W", "1": "S", "18": "N"}, {"1": "W", "0": "N", "13": "N", "4": "S", "12": "E", "30": "N", "5": "E", "6": "S", "7": "N", "16": "S", "34": "S", "21": "N", "3": "W", "9": "S", "17": "E", "37": "S", "20": "W", "39": "W", "26": "S", "22": "N", "33": "N", "25": "E", "36": "S", "27": "S", "28": "N", "38": "N", "24": "S", "15": "W", "8": "N", "10": "N"}, {"28": "W", "25": "S", "22": "W", "21": "W", "16": "S", "24": "N", "18": "W", "34": "W", "38": "S", "2": "E", "3": "W", "6": "W", "29": "W", "27": "E", "12": "E", "20": "S", "37": "S", "26": "E", "1": "S", "13": "N", "33": "W", "23": "S", "8": "S", "0": "S", "9": "S", "17": "S", "15": "W"}, {"18": "N", "12": "S", "13": "N", "26": "E", "36": "N", "2": "E", "37": "E", "27": "N", "33": "W", "14": "S", "28": "E", "7": "E", "6": "W", "8": "N", "29": "S", "24": "E", "15": "N", "9": "S", "23": "S", "16": "N", "31": "S", "20": "S", "0": "E", "4": "N"}, {"16": "S", "24": "N", "26": "E", "36": "S", "21": "E", "23": "W", "37": "E", "2": "E", "11": "N", "7": "W", "14": "E", "28": "W", "4": "S", "5": "W", "20": "E", "9": "E", "6": "N", "35": "W", "33": "W", "17": "E", "25": "S", "15": "N"}, {"26": "S", "11": "E", "7": "E", "36": "N", "19": "S", "13": "E", "21": "S", "8": "N", "27": "S", "28": "E", "4": "N", "20": "E", "38": "N", "17": "W", "10": "N", "14": "E", "9": "S", "6": "S", "33": "W", "1": "W", "32": "E", "23": "E", "24": "S", "29": "E", "2": "N"}, {"31": "E", "20": "E", "36": "N", "16": "E", "17": "E", "2": "S", "34": "E", "21": "N", "22": "N", "33": "N", "23": "S", "19": "S", "27": "E", "32": "S", "38": "S", "28": "W", "0": "E", "12": "E", "9": "E", "15": "S", "4": "N", "6": "E", "13": "E", "14": "E"}, {"5": "N", "13": "W", "27": "S", "6": "W", "7": "W", "31": "N", "20": "N", "9": "E", "10": "N", "4": "W", "29": "N", "28": "N", "19": "W", "32": "S", "33": "S", "38": "N", "2": "S", "15": "N", "37": "E", "36": "N", "0": "S"}, {"4": "W", "26": "E", "32": "N", "11": "E", "24": "N", "9": "E", "13": "S", "36": "W", "29": "S", "15": "E", "37": "S", "7": "E", "25": "S", "38": "S", "28": "N", "5": "N", "18": "E", "10": "N", "31": "E", "39": "W", "6": "E", "33": "E"}, {"13": "N", "28": "S", "14": "E", "29": "N", "26": "E", "33": "N", "27": "S", "12": "S", "20": "S", "32": "S", "39": "W", "17": "S", "3": "N", "24": "E", "23": "S", "6": "E", "31": "E", "11": "W"}, {"5": "N", "14": "N", "15": "N", "37": "E", "34": "W", "22": "W", "0": "S", "23": "E", "38": "N", "11": "E", "39": "W", "7": "N", "33": "S", "29": "N", "31": "W", "27": "W", "6": "W", "28": "S", "36": "S"}, {"7": "S", "14": "S", "15": "W", "34": "S", "18": "S", "37": "S", "25": "S", "13": "W", "10": "N", "21": "S", "33": "W", "11": "E", "27": "S", "26": "S", "38": "S"}, {"21": "N", "23": "S", "0": "E", "13": "S", "36": "E", "14": "S", "26": "N", "29": "S", "16": "W", "34": "W", "10": "N", "38": "N", "24": "N", "11": "W", "31": "S", "3": "W", "6": "W", "33": "N", "17": "N", "7": "N", "18": "N"}, {"37": "E", "29": "N", "38": "S", "26": "W", "15": "N", "7": "S", "14": "S", "6": "E", "36": "S", "21": "N", "31": "S", "32": "S", "18": "N", "5": "N", "33": "N", "3": "N", "13": "N", "17": "S", "11": "E", "28": "E", "10": "E", "23": "E", "24": "N"}, {"36": "N", "38": "S", "21": "S", "34": "W", "6": "W", "28": "W", "14": "S", "11": "N", "10": "E", "13": "S", "23": "S", "26": "S", "18": "S", "37": "S", "3": "N", "24": "E", "29": "E", "20": "W"}, {"3": "E", "12": "E", "26": "E", "36": "N", "31": "S", "5": "E", "29": "W", "6": "W", "37": "N", "25": "E", "18": "W", "34": "E", "27": "S", "7": "S", "20": "S", "23": "S", "13": "N", "28": "E", "24": "N"}, {"26": "N", "38": "S", "5": "S", "28": "N", "25": "E", "23": "E", "10": "N", "36": "W", "20": "E", "6": "N", "18": "N", "17": "N", "33": "E", "29": "N", "12": "W", "27": "N", "13": "E"}, {"29": "N", "18": "S", "36": "E", "14": "W", "24": "E", "27": "W", "28": "E", "16": "S", "38": "S", "23": "N", "20": "E", "6": "S", "13": "W", "7": "E", "17": "S"}, {"7": "E", "0": "S", "5": "N", "29": "W", "36": "W", "23": "N", "14": "E", "33": "N", "37": "S", "38": "N", "13": "E", "21": "E", "28": "W"}, {"26": "W", "36": "E", "25": "E", "29": "N", "13": "W", "12": "E", "5": "E", "27": "S", "33": "N", "21": "N", "20": "S", "7": "N", "18": "S", "28": "S", "38": "N", "37": "N", "6": "W"}, {"25": "W", "7": "N", "5": "S", "13": "N", "32": "W", "14": "W", "33": "N", "27": "N", "21": "N", "12": "N", "29": "N", "20": "E", "26": "E", "28": "W"}, {"38": "W", "29": "W", "28": "E", "18": "N", "34": "N", "20": "N", "21": "S", "37": "S", "14": "E", "25": "N", "12": "E"}, {"29": "E", "27": "S", "23": "E", "37": "S", "36": "W", "18": "W", "17": "N", "21": "N", "26": "S", "38": "E", "25": "S", "14": "W", "28": "N", "7": "N", "13": "S"}, {"7": "E", "38": "S", "18": "W", "26": "E", "28": "N", "14": "W", "32": "W", "27": "E", "17": "S", "29": "W", "37": "N", "13": "E", "36": "E"}, {"23": "E", "20": "S", "28": "E", "21": "S", "13": "S", "17": "N", "18": "N", "25": "N", "33": "E", "27": "E", "7": "E", "14": "E", "15": "S", "38": "N", "29": "W", "32": "S"}, {"38": "S", "21": "E", "36": "N", "27": "N", "18": "W", "28": "W", "26": "N", "29": "S", "20": "E", "7": "E", "33": "W", "37": "N", "23": "E", "13": "W", "32": "E", "25": "E"}, {"38": "S", "7": "S", "18": "N", "26": "E", "20": "E", "32": "E", "15": "S", "14": "S", "29": "S", "25": "N", "27": "E", "36": "S", "17": "S"}, {"38": "S", "36": "S", "7": "E", "13": "W", "20": "E", "29": "W", "37": "S", "25": "W"}, {"14": "S", "20": "S", "36": "N", "18": "S", "13": "N", "28": "E", "32": "S"}, {"37": "S", "36": "S", "28": "W", "14": "E", "17": "N", "13": "S", "18": "N", "20": "N", "38": "S", "29": "S", "32": "S"}, {"13": "E", "17": "S", "36": "N", "14": "S", "7": "N", "38": "S", "28": "E", "37": "N"}, {"26": "W", "20": "S", "38": "S", "15": "W", "37": "S", "28": "W", "18": "E", "7": "S", "13": "W"}, {"26": "W", "37": "N", "33": "S", "15": "W", "18": "N", "20": "N", "38": "S", "21": "N"}, {"33": "N", "7": "N", "28": "E", "21": "E", "13": "N", "17": "N", "37": "N", "36": "N", "20": "N"}, {"20": "E", "33": "S", "26": "W", "14": "E", "37": "S", "7": "S", "13": "S", "28": "W", "15": "W"}, {"7": "E", "18": "W", "37": "N", "15": "N", "14": "N", "28": "S", "21": "W", "17": "W"}, {"36": "N", "7": "S", "28": "W", "20": "E", "15": "N", "26": "E", "17": "W", "37": "N", "21": "E"}, {"28": "S", "21": "N", "33": "S", "15": "E", "17": "S", "36": "N", "20": "N", "26": "E", "37": "S", "14": "E"}, {"37": "N", "21": "S", "26": "E", "17": "S", "7": "W", "20": "N", "28": "N"}, {"26": "W", "37": "S", "17": "E", "28": "W", "20": "E", "21": "E", "33": "N", "13": "N"}, {"13": "S", "37": "N", "28": "N", "14": "E", "33": "E", "26": "E", "17": "S"}, {"21": "N", "26": "E", "17": "E", "14": "N", "28": "N", "37": "W", "33": "W"}, {"28": "S", "26": "E", "33": "S", "21": "E", "37": "E"}, {"21": "S", "13": "S", "37": "N", "33": "N"}, {"33": "S", "21": "N", "28": "N", "17": "E", "13": "N"}, {"21": "N", "28": "S", "17": "E", "37": "E", "33": "N"}, {"33": "S", "21": "E", "17": "E"}, {"28": "N", "33": "N", "17": "N"}, {"28": "S", "21": "W", "33": "S"}, {"13": "N", "33": "N", "28": "N"}, {"28": "N", "21": "E"}, {"28": "S", "21": "S", "13": "E", "33": "E"}, {"28": "W", "13": "W", "33": "W", "21": "N"}, {"28": "W", "33": "S"}, {"33": "N", "28": "S"}, {"21": "W", "28": "S", "33": "E"}, {"33": "W", "28": "W"}, {"21": "E", "13": "S", "28": "W"}, {"21": "S", "28": "W", "13": "N", "33": "S"}, {"28": "S", "21": "S", "33": "N"}, {"13": "E"}, {"13": "W", "21": "N"}, {"21": "N", "33": "E"}, {"33": "N"}, {"21": "W", "13": "E"}, {"13": "W", "33": "S"}, {"33": "W", "13": "S", "21": "S"}, {"21": "N", "13": "N"}, {"21": "S"}, {"21": "N"}, {"21": "N"}, {"21": "E"}, {"21": "W"}, {"21": "S", "33": "S"}, {"21": "N", "33": "N"}, {"33": "E", "21": "E"}, {"33": "N", "21": "N"}, {"21": "S"}, {"21": "N", "13": "E"}, {"13": "W", "33": "S"}, {"33": "W", "21": "S", "13": "E"}, {"13": "W"}, {"21": "E", "13": "S"}, {"13": "N", "21": "N", "33": "S"}, {"33": "N"}, {"21": "N"}, {"13": "S"}, {"21": "W", "13": "N", "33": "S"}, {"13": "E", "33": "N", "21": "N"}, {"33": "S", "21": "S", "13": "W"}, {"33": "N", "21": "N", "13": "E"}, {"13": "W", "21": "W", "33": "S"}, {"21": "E", "33": "N", "13": "S"}, {"33": "S", "13": "N"}, {"21": "W", "33": "N"}, {"33": "S", "21": "N"}, {"13": "S", "33": "N", "21": "S"}, {"13": "N", "21": "S", "33": "S"}, {"33": "N", "13": "E", "21": "W"}, {"13": "W", "21": "E"}]}