{"instance": "small_free_001_10x10_40_40", "steps": [{"1": "N", "3": "N", "2": "N", "4": "W", "5": "N", "6": "N", "7": "N", "9": "S", "10": "E", "11": "N", "12": "W", "13": "E", "14": "N", "17": "W", "18": "W", "20": "W", "22": "W", "23": "N", "24": "E", "25": "N", "27": "S", "29": "S", "30": "S", "31": "E", "33": "S", "36": "W", "37": "S", "38": "N", "39": "W"}, {"0": "W", "15": "W", "2": "N", "4": "N", "5": "W", "6": "W", "7": "E", "8": "W", "9": "S", "10": "E", "11": "N", "17": "W", "18": "N", "19": "W", "20": "S", "22": "N", "23": "W", "24": "S", "25": "N", "27": "S", "29": "E", "30": "W", "36": "W", "38": "W"}, {"1": "W", "2": "W", "4": "W", "5": "W", "6": "N", "8": "W", "9": "S", "10": "N", "11": "N", "17": "S", "18": "N", "19": "W", "22": "N", "23": "N", "24": "E", "25": "N", "30": "W", "31": "N", "34": "S", "36": "W", "37": "E", "39": "W"}, {"1": "N", "4": "W", "5": "W", "6": "N", "9": "E", "10": "W", "11": "N", "17": "S", "19": "W", "22": "N", "23": "W", "24": "E", "27": "E", "31": "E", "34": "W", "36": "W", "39": "N"}, {"1": "N", "15": "W", "5": "W", "6": "N", "8": "W", "9": "S", "11": "W", "13": "E", "16": "S", "17": "S", "19": "W", "22": "W", "24": "E", "27": "E", "29": "E", "30": "S", "31": "N", "38": "N", "39": "W"}, {"1": "W", "15": "S", "2": "N", "5": "N", "6": "W", "7": "E", "8": "N", "9": "E", "13": "N", "17": "S", "19": "S", "22": "N", "25": "E", "27": "S", "29": "S", "30": "S", "31": "E", "37": "S", "38": "N"}, {"1": "N", "15": "S", "2": "N", "5": "N", "6": "N", "7": "N", "8": "N", "10": "N", "13": "W", "17": "S", "20": "W", "25": "E", "27": "S", "31": "S", "34": "W", "36": "N", "37": "E", "38": "W", "39": "N"}, {"16": "S"}, {"16": "S"}, {"16": "S"}, {"10": "N", "32": "N", "39": "N", "1": "W", "15": "W", "9": "S"}, {"10": "N", "22": "W", "39": "E", "1": "S", "15": "W", "28": "W", "9": "E"}, {"10": "N", "22": "S", "32": "E", "1": "S", "15": "N", "26": "E", "28": "W", "9": "E", "18": "W"}, {"10": "N", "22": "S", "1": "S", "15": "N", "26": "E", "28": "N", "9": "E", "18": "W"}, {"3": "N", "39": "W", "1": "S", "15": "N", "28": "N", "9": "N", "18": "N"}, {"3": "N", "39": "S", "28": "N"}, {"3": "N", "32": "S", "1": "S", "28": "W", "18": "W"}, {"3": "W", "10": "N", "32": "W", "39": "S"}, {"3": "W", "10": "E", "32": "S", "39": "S", "1": "S"}, {"32": "S", "1": "E", "15": "N", "26": "E", "28": "W"}, {"10": "E", "28": "W"}, {"15": "E"}, {"39": "S", "15": "E"}, {"32": "S", "39": "E", "0": "E", "28": "S"}, {"32": "S", "0": "E", "26": "E"}, {"32": "S", "26": "S", "18": "N"}, {"32": "S", "39": "W", "18": "N"}, {"0": "E", "15": "W"}, {"0": "E", "28": "N"}, {"39": "S", "0": "E", "28": "W"}, {"39": "W", "0": "S"}, {"39": "W", "15": "W", "26": "W"}, {"39": "N", "15": "N", "28": "W"}, {"39": "N", "0": "S", "15": "N", "28": "S"}, {"15": "E", "26": "E"}, {"0": "W"}, {"0": "S", "26": "S"}, {"26": "E"}, {"26": "E"}, {"26": "E"}, {"26": "E"}]}