{"instance": "small_free_001_10x10_40_40", "steps": [{"32": "S", "38": "E", "12": "W", "26": "S", "3": "N", "16": "S", "20": "S", "33": "W", "0": "W", "2": "S", "29": "N", "21": "N", "31": "E", "17": "S", "27": "S", "11": "N", "5": "N", "7": "N", "24": "N", "14": "N", "28": "N", "22": "S", "15": "N", "10": "N", "13": "E", "35": "N", "18": "W", "25": "N", "1": "E", "19": "S", "6": "W"}, {"15": "N", "20": "W", "35": "S", "4": "N", "18": "E", "30": "S", "38": "S", "5": "E", "11": "N", "3": "W", "24": "E", "1": "W", "22": "W", "23": "E", "33": "W", "12": "S", "19": "W", "14": "S", "7": "E", "16": "S", "13": "W", "26": "S", "39": "W", "10": "E", "31": "N", "34": "W", "32": "S", "28": "E", "0": "E", "37": "S"}, {"20": "E", "33": "W", "10": "E", "32": "S", "4": "W", "15": "N", "38": "N", "37": "E", "26": "W", "31": "S", "6": "E", "29": "W", "22": "N", "11": "E", "30": "E", "1": "S", "36": "S", "8": "N", "25": "E", "13": "W", "2": "E", "24": "S", "35": "E", "3": "S", "14": "E", "21": "S", "18": "N", "12": "E", "28": "N", "7": "E"}, {"20": "E", "27": "S", "22": "N", "21": "E", "1": "S", "30": "W", "24": "E", "18": "N", "15": "W", "35": "W", "5": "E", "13": "N", "11": "E", "37": "W", "2": "E", "7": "N", "32": "E", "4": "W", "23": "E", "8": "N", "38": "N", "28": "W", "14": "E", "33": "W", "39": "S", "17": "E", "10": "S", "12": "W", "26": "E", "0": "E"}, {"6": "N", "20": "W", "12": "E", "24": "E", "1": "W", "37": "E", "38": "S", "22": "N", "4": "S", "26": "W", "36": "N", "7": "S", "25": "N", "11": "N", "35": "E", "30": "W", "23": "S", "27": "S", "0": "E", "29": "E", "31": "E", "34": "W", "14": "S", "15": "W", "33": "W", "10": "W", "28": "W", "13": "N"}, {"20": "E", "37": "E", "30": "N", "27": "S", "4": "E", "16": "S", "7": "W", "18": "N", "11": "E", "14": "S", "35": "E", "1": "N", "23": "E", "29": "W", "5": "N", "10": "N", "6": "N", "36": "N", "3": "W", "13": "E", "17": "W", "31": "E", "21": "E", "0": "E", "34": "N", "28": "E", "33": "N", "12": "E", "25": "S"}, {"33": "N", "2": "E", "9": "S", "4": "W", "30": "N", "1": "E", "28": "W", "32": "W", "0": "W", "36": "S", "25": "E", "34": "E", "5": "W", "22": "W", "29": "N", "13": "W", "18": "N", "38": "N", "26": "E", "12": "W", "21": "W", "6": "S", "14": "E", "7": "E", "27": "S", "31": "S", "15": "W", "39": "E", "23": "E", "37": "S", "17": "E"}, {"39": "W", "26": "E", "23": "S", "14": "S", "6": "W", "20": "E", "25": "S", "1": "E", "21": "N", "12": "E", "35": "W", "22": "N", "38": "S", "16": "S", "9": "E", "33": "N", "28": "S", "37": "S", "27": "E", "31": "E", "0": "S", "7": "N"}, {"12": "E", "13": "N", "14": "E", "31": "S", "5": "N", "23": "E", "6": "S", "0": "E", "17": "S", "37": "N", "27": "N", "33": "N", "25": "E", "7": "E", "34": "W", "32": "N", "21": "E", "1": "N", "22": "S", "39": "E"}, {"29": "W", "34": "S", "12": "E", "28": "W", "4": "N", "39": "N", "25": "S", "26": "E", "13": "E", "1": "S", "38": "S", "32": "S", "18": "E", "7": "W", "17": "S", "6": "W", "36": "W", "23": "E", "31": "W", "35": "W", "14": "S"}, {"39": "S", "17": "S", "7": "E", "3": "S", "23": "S", "0": "N", "26": "S", "31": "S", "24": "S", "6": "W", "1": "W", "36": "N", "5": "W", "20": "E", "13": "E", "27": "S", "29": "W", "22": "E", "37": "S", "21": "S", "28": "W"}, {"20": "W", "7": "E", "37": "E", "23": "E", "13": "W", "22": "W", "9": "S", "36": "N", "28": "N", "18": "W", "25": "E", "29": "W", "1": "W", "12": "W", "5": "E", "21": "E", "27": "S", "39": "W", "17": "N", "26": "N", "19": "W", "24": "N", "3": "N", "4": "W", "35": "W"}, {"13": "W", "3": "S", "37": "W", "24": "S", "5": "N", "18": "W", "26": "S", "20": "E", "7": "N", "27": "E", "12": "E", "1": "N", "33": "E", "28": "W", "36": "W", "25": "W", "39": "E"}, {"37": "E", "19": "S", "34": "N", "27": "E", "24": "N", "12": "W", "33": "W", "29": "W", "1": "S", "15": "N", "5": "E", "21": "W", "25": "S", "39": "W", "18": "N", "36": "E", "0": "S", "6": "W", "3": "N", "23": "S", "26": "N", "7": "S", "13": "W"}, {"5": "S", "32": "E", "0": "N", "7": "E", "36": "W", "19": "E", "23": "S", "26": "S", "29": "E", "9": "S", "27": "E", "22": "W", "3": "E", "21": "N", "37": "S"}, {"14": "S", "18": "N", "9": "E", "17": "S", "3": "S", "37": "E", "36": "N", "38": "S", "13": "W", "0": "N", "26": "E", "21": "N", "27": "N", "7": "E", "33": "S", "10": "W"}, {"26": "S", "3": "N", "1": "E", "20": "E", "36": "N", "10": "N", "7": "E", "0": "S", "21": "N", "24": "W", "12": "W", "18": "S", "28": "N", "17": "N", "27": "N"}, {"26": "N", "17": "E", "29": "W", "39": "W", "33": "W", "20": "W", "13": "E", "21": "E", "34": "W", "3": "S", "0": "S", "36": "E", "38": "N", "12": "E", "1": "W", "7": "E", "18": "W", "9": "E"}, {"13": "S", "9": "E", "33": "N", "28": "N", "1": "W", "7": "S", "20": "E", "21": "N", "0": "S", "37": "S", "38": "S", "36": "N", "24": "S", "17": "S", "26": "N", "3": "S"}, {"12": "N", "33": "N", "17": "N", "0": "S", "14": "S", "10": "N", "28": "S", "3": "N", "36": "E", "24": "W", "18": "N", "21": "W"}, {"12": "S", "28": "W", "1": "S", "9": "W", "33": "N", "18": "S", "17": "E", "37": "N", "21": "E", "24": "E"}, {"33": "W", "20": "S", "26": "W", "24": "S", "14": "S", "39": "E", "3": "N", "28": "W", "12": "N", "17": "W", "37": "S", "13": "S", "38": "E", "9": "S", "21": "E"}, {"17": "E", "14": "N", "21": "S", "33": "N", "32": "S", "13": "N", "34": "S", "38": "W", "12": "S", "26": "E", "24": "N", "37": "E", "3": "W", "9": "E"}, {"39": "E", "24": "S", "33": "N", "29": "E", "20": "E", "12": "N", "21": "W", "28": "E", "3": "S", "17": "E", "18": "N"}, {"9": "E", "10": "N", "32": "S", "39": "W", "33": "N", "24": "N", "12": "E", "28": "E", "18": "S"}, {"34": "W", "14": "E", "33": "E", "38": "E", "12": "E", "3": "W", "18": "E", "28": "N", "21": "E", "37": "N", "26": "E"}, {"13": "N", "18": "W", "32": "S", "24": "W", "33": "E", "12": "S", "37": "N", "21": "W", "3": "W", "34": "S", "26": "W", "39": "E", "28": "S"}, {"26": "E", "33": "S", "28": "W", "14": "E", "37": "S", "21": "W", "13": "E", "24": "E"}, {"13": "W", "24": "E", "28": "W", "34": "S", "21": "E", "18": "E", "39": "E", "26": "E", "38": "N", "37": "N"}, {"14": "E", "38": "S", "12": "N", "24": "W", "26": "E", "21": "W", "37": "S", "34": "E", "18": "W", "3": "N"}, {"3": "N", "24": "E", "29": "N", "21": "E", "12": "E", "13": "E", "34": "E", "37": "N"}, {"14": "N", "13": "W", "34": "W", "37": "S", "24": "W", "3": "N", "18": "W", "21": "E"}, {"21": "W", "26": "E", "13": "E", "34": "E", "3": "N", "38": "S", "37": "N", "12": "S", "24": "E"}, {"24": "W", "21": "E", "13": "W", "34": "W", "38": "E", "37": "N", "14": "E", "28": "E", "3": "E"}, {"37": "S", "21": "E", "34": "E", "24": "W", "10": "S", "38": "W"}, {"13": "E", "18": "W", "21": "N", "37": "N", "34": "W", "10": "S", "28": "E", "24": "E"}, {"24": "W", "3": "N", "38": "E", "21": "W", "28": "N", "10": "N", "34": "E", "13": "W"}, {"21": "W", "24": "E", "38": "W", "28": "E", "10": "E", "37": "S", "34": "W"}, {"34": "E", "24": "W", "28": "N", "21": "E", "38": "E", "37": "N", "3": "E", "10": "W"}, {"10": "E", "28": "E", "34": "W", "13": "S", "24": "N"}, {"24": "N", "34": "S", "28": "E", "37": "W", "10": "N", "21": "N"}, {"34": "E", "21": "E", "37": "E", "24": "N", "28": "W"}, {"28": "W", "24": "E", "20": "S", "34": "W"}, {"20": "N", "28": "W", "34": "E", "21": "E"}, {"20": "S", "28": "E", "34": "W", "24": "W"}, {"21": "N", "10": "S", "24": "S", "34": "E", "28": "N", "20": "N"}, {"10": "N", "20": "S", "28": "W", "21": "E", "24": "N", "34": "W"}, {"20": "N", "24": "E", "34": "E", "21": "W", "28": "N"}, {"34": "N", "21": "W", "28": "N", "13": "N"}, {"28": "N", "21": "E", "13": "S", "24": "W", "37": "S", "34": "W"}, {"37": "W", "10": "S", "28": "E", "34": "E", "21": "N", "24": "S"}, {"24": "N", "34": "W", "37": "E", "10": "N", "28": "E"}, {"37": "N", "21": "E", "34": "E", "24": "E"}, {"34": "W", "37": "S", "24": "W", "21": "W"}, {"21": "W", "13": "N", "34": "E", "10": "S", "24": "S", "37": "N"}, {"13": "S", "10": "N", "24": "N", "34": "W", "28": "E", "21": "S"}, {"13": "N", "34": "E", "24": "E", "28": "W", "37": "S", "21": "S"}, {"21": "S", "34": "W", "37": "N", "24": "W", "28": "S", "13": "S"}, {"28": "E", "20": "S", "34": "S", "24": "E", "37": "S"}, {"20": "N", "26": "W", "24": "W", "37": "S", "39": "W", "34": "N", "28": "S"}, {"37": "N", "26": "W", "24": "E", "34": "S", "21": "N", "39": "W"}, {"37": "S", "24": "W", "21": "S", "13": "S", "28": "W", "34": "E", "26": "W"}, {"34": "N", "21": "N", "24": "E", "28": "W", "37": "N", "26": "S"}, {"37": "S", "21": "S", "28": "S", "26": "E", "34": "W", "13": "E"}, {"26": "N", "28": "S", "13": "W", "34": "W", "37": "N", "21": "W"}, {"34": "E", "24": "W", "21": "N", "26": "S", "13": "E", "37": "S"}, {"26": "E", "34": "E", "37": "S", "13": "W", "24": "E", "21": "E"}, {"34": "W", "13": "N", "39": "W", "37": "N", "26": "W"}, {"24": "W", "21": "N", "26": "E", "37": "S", "28": "W", "34": "W"}, {"26": "N", "28": "E", "13": "S", "34": "E", "21": "E", "24": "E", "37": "N"}, {"37": "N", "34": "S", "21": "N", "24": "W"}, {"39": "W", "13": "E", "24": "E", "34": "E"}, {"28": "E", "34": "N", "13": "W", "37": "S", "21": "E", "39": "W"}, {"37": "N", "21": "E", "39": "N", "13": "E", "26": "E"}, {"28": "E", "21": "N", "37": "N", "34": "W", "26": "N"}, {"21": "S", "28": "N", "39": "W", "37": "E", "20": "S"}, {"20": "N", "21": "S", "26": "N", "28": "N", "24": "W"}, {"26": "E", "21": "S", "34": "E", "24": "E"}, {"34": "W", "21": "E", "24": "W"}, {"10": "S", "28": "N", "26": "E", "21": "W", "20": "S", "34": "S", "24": "S"}, {"20": "E", "28": "S", "26": "N", "24": "N", "34": "N", "10": "N", "21": "N"}, {"28": "N", "26": "E", "21": "N", "34": "E", "10": "S", "24": "S"}, {"24": "N", "21": "E", "26": "S", "34": "N", "10": "N", "28": "W"}, {"24": "E", "21": "N", "28": "W", "20": "S"}, {"20": "N", "26": "S", "28": "W", "21": "N"}, {"24": "W", "26": "E", "21": "W", "28": "S"}, {"28": "W", "24": "E", "26": "E", "21": "W"}, {"24": "W", "21": "E", "26": "W"}, {"10": "S", "21": "E", "28": "N", "24": "S"}, {"21": "W", "10": "N", "28": "W", "20": "W", "26": "E", "24": "N"}, {"24": "S", "20": "E", "21": "W", "28": "W"}, {"26": "N", "24": "N", "28": "W"}, {"26": "N", "28": "E", "24": "E"}, {"28": "W", "20": "S", "21": "N"}, {"28": "E", "26": "E", "20": "N"}, {"21": "S", "28": "W", "24": "W", "26": "E"}, {"20": "S", "28": "E", "24": "E", "26": "S"}, {"26": "W", "28": "W", "21": "E", "20": "N"}, {"20": "S"}, {"20": "N", "21": "S", "24": "W"}]}