{"instance": "small_free_001_10x10_40_40", "steps": [{"0": "W", "1": "N", "3": "W", "15": "E", "26": "W", "28": "E", "4": "W", "5": "N", "6": "N", "7": "N", "9": "S", "10": "E", "11": "N", "12": "W", "13": "E", "16": "S", "17": "W", "18": "E", "20": "W", "22": "S", "23": "N", "24": "S", "25": "N", "27": "S", "29": "S", "30": "W", "31": "E", "32": "S", "33": "S", "34": "E", "36": "S", "38": "N", "39": "S"}, {"0": "N", "1": "E", "15": "E", "26": "S", "28": "S", "5": "N", "7": "N", "9": "E", "16": "E", "18": "N", "19": "S", "23": "W", "25": "E", "29": "E", "34": "S", "39": "W"}, {"0": "N", "15": "E", "26": "S", "2": "E", "5": "W", "6": "N", "7": "W", "8": "N", "9": "S", "11": "E", "16": "N", "17": "W", "18": "N", "19": "W", "23": "S", "25": "N", "27": "S", "29": "E", "31": "S", "34": "W", "37": "S", "39": "W"}, {"0": "N", "26": "S", "2": "E", "4": "W", "5": "N", "7": "N", "8": "N", "9": "S", "10": "E", "11": "E", "16": "N", "17": "S", "18": "N", "19": "S", "22": "W", "23": "W", "27": "S", "29": "E", "31": "E", "32": "E", "34": "S", "37": "S", "38": "E", "39": "W"}, {"0": "E", "15": "S", "26": "W", "2": "N", "4": "N", "5": "N", "7": "N", "9": "S", "11": "N", "12": "N", "16": "N", "17": "S", "18": "W", "19": "W", "22": "W", "27": "S", "29": "N", "30": "W", "31": "E", "34": "S", "37": "E", "39": "S"}, {"0": "S", "2": "E", "6": "W", "7": "E", "9": "S", "10": "N", "11": "E", "12": "N", "16": "E", "17": "S", "19": "W", "22": "W", "24": "W", "27": "S", "29": "N", "30": "N", "31": "E", "34": "E", "37": "E", "38": "N"}, {"3": "N", "2": "N", "4": "W", "6": "N", "7": "E", "9": "S", "10": "N", "11": "N", "12": "N", "16": "N", "17": "E", "22": "N", "23": "W", "27": "S", "29": "N", "30": "W", "34": "S", "37": "S"}, {"0": "E", "3": "N", "15": "S", "6": "W", "7": "E", "9": "S", "10": "N", "12": "N", "16": "W", "17": "S", "25": "N", "27": "S", "29": "N", "34": "S", "37": "S"}, {"0": "E", "1": "E", "3": "W", "15": "S", "4": "W", "6": "W", "7": "N", "9": "S", "10": "E", "24": "N", "25": "N", "27": "E", "29": "W", "31": "E", "34": "W", "37": "W"}, {"1": "N", "3": "S", "2": "E", "4": "W", "6": "W", "7": "E", "9": "E", "12": "N", "22": "N", "24": "E", "25": "E", "29": "N", "31": "E"}, {"1": "N", "26": "N", "5": "E", "6": "N", "7": "E", "9": "E", "12": "E", "13": "E", "16": "S", "17": "S", "20": "S", "25": "S", "27": "E", "31": "E", "33": "E", "37": "S", "38": "S", "39": "S"}, {"26": "E", "5": "N", "7": "E", "9": "E", "10": "N", "12": "E", "13": "N", "18": "N", "20": "S", "23": "S", "25": "E", "31": "S", "37": "E", "39": "W"}, {"10": "N"}, {"10": "N"}, {"10": "W"}, {"10": "N"}, {"10": "E"}, {"21": "E"}, {"21": "N"}, {"21": "N"}, {"21": "N"}, {"21": "N"}, {"21": "N"}, {"32": "S"}, {"32": "W"}, {"32": "S"}, {"32": "S"}, {"32": "S"}, {"32": "S"}, {"32": "E"}, {"26": "E"}, {"26": "S"}, {"26": "E"}, {"26": "E"}, {"26": "E"}, {"26": "E"}, {"26": "E"}, {"26": "E"}, {"26": "N"}, {"26": "E"}, {"26": "E"}, {"35": "W"}, {"25": "E"}, {"25": "S"}, {"25": "S"}, {"25": "S"}, {"25": "S"}, {"25": "S"}, {"25": "W"}, {"20": "E"}, {"20": "E"}, {"20": "E"}, {"20": "E"}, {"20": "E"}, {"20": "E"}, {"20": "E"}, {"20": "E"}, {"20": "E"}, {"20": "E"}, {"20": "N"}, {"16": "S"}, {"16": "S"}, {"16": "W"}, {"16": "S"}, {"16": "W"}, {"16": "S"}, {"16": "S"}, {"16": "E"}, {"16": "S"}, {"38": "S"}, {"38": "S"}, {"38": "S"}, {"38": "S"}, {"38": "S"}, {"38": "S"}, {"38": "S"}, {"38": "S"}, {"38": "S"}, {"33": "N"}, {"33": "N"}, {"33": "N"}, {"33": "W"}, {"33": "W"}, {"33": "W"}, {"33": "W"}, {"33": "N"}, {"33": "N"}, {"33": "W"}, {"33": "W"}, {"33": "N"}, {"33": "N"}, {"33": "N"}, {"33": "N"}, {"28": "N"}, {"28": "N"}, {"28": "N"}, {"28": "W"}, {"28": "W"}, {"28": "W"}, {"28": "W"}, {"28": "W"}, {"28": "W"}, {"28": "W"}, {"28": "W"}, {"22": "N"}, {"18": "W"}, {"18": "W"}, {"18": "W"}, {"18": "N"}, {"18": "W"}, {"13": "W"}, {"13": "N"}, {"13": "W"}, {"13": "W"}, {"13": "N"}, {"13": "W"}, {"13": "W"}, {"13": "W"}, {"13": "W"}, {"14": "E"}, {"14": "E"}, {"14": "E"}, {"14": "E"}, {"14": "S"}, {"14": "E"}, {"14": "S"}, {"14": "S"}, {"14": "S"}, {"14": "E"}, {"14": "E"}, {"14": "S"}, {"14": "E"}, {"0": "S"}, {"0": "S"}, {"0": "S"}, {"0": "S"}, {"0": "S"}, {"0": "E"}, {"39": "N"}, {"39": "N"}, {"39": "N"}, {"39": "W"}, {"37": "N"}, {"37": "N"}, {"37": "E"}, {"37": "E"}, {"37": "E"}, {"37": "N"}, {"37": "E"}, {"36": "N"}, {"36": "N"}, {"36": "N"}, {"36": "N"}, {"36": "N"}, {"36": "N"}, {"24": "E"}, {"24": "E"}, {"24": "N"}, {"24": "E"}, {"24": "N"}, {"24": "N"}, {"24": "N"}, {"24": "E"}, {"24": "N"}, {"3": "N"}, {"3": "N"}, {"3": "N"}, {"15": "W"}, {"15": "W"}, {"15": "N"}, {"15": "W"}, {"15": "N"}, {"15": "N"}, {"15": "W"}, {"15": "W"}, {"15": "N"}, {"15": "W"}, {"15": "N"}, {"15": "N"}, {"15": "N"}, {"34": "N"}, {"34": "W"}, {"34": "N"}, {"34": "N"}, {"34": "W"}, {"34": "N"}, {"31": "S"}, {"31": "W"}, {"31": "W"}, {"31": "W"}, {"31": "W"}, {"19": "E"}, {"19": "E"}, {"30": "E"}, {"30": "E"}, {"29": "S"}, {"29": "W"}, {"29": "W"}, {"29": "W"}, {"29": "W"}, {"29": "W"}, {"29": "W"}, {"23": "S"}, {"23": "E"}, {"23": "S"}, {"23": "S"}, {"23": "E"}, {"23": "E"}, {"23": "E"}, {"23": "E"}, {"23": "S"}, {"23": "E"}, {"23": "E"}, {"23": "E"}, {"23": "E"}, {"23": "E"}, {"27": "N"}, {"27": "E"}, {"27": "E"}, {"27": "N"}, {"27": "N"}, {"17": "N"}, {"17": "E"}, {"17": "E"}, {"17": "E"}, {"17": "E"}, {"17": "N"}, {"17": "E"}, {"12": "S"}, {"12": "E"}, {"12": "E"}, {"12": "S"}, {"12": "E"}, {"12": "E"}, {"12": "S"}, {"12": "S"}, {"12": "S"}, {"12": "S"}, {"9": "N"}, {"9": "N"}, {"9": "E"}, {"9": "N"}, {"9": "N"}, {"7": "E"}, {"7": "S"}, {"7": "S"}, {"7": "E"}, {"7": "E"}, {"7": "S"}, {"7": "S"}, {"6": "S"}, {"6": "S"}, {"6": "S"}, {"6": "S"}, {"5": "E"}, {"5": "E"}, {"5": "S"}, {"5": "S"}, {"4": "E"}, {"4": "E"}, {"1": "W"}, {"1": "W"}, {"1": "S"}, {"1": "W"}, {"1": "S"}, {"1": "S"}, {"1": "S"}, {"1": "S"}, {"1": "W"}, {"2": "W"}, {"2": "S"}, {"2": "S"}, {"2": "S"}]}