{"instance": "galaxy_cluster_00000_20x20_20_80", "steps": [{"18": "N", "0": "N", "1": "E", "2": "N", "3": "W", "4": "S", "5": "E", "6": "S", "7": "N", "8": "E", "10": "E", "12": "S", "13": "N", "14": "S", "15": "W", "16": "S", "20": "S", "21": "E", "22": "S", "24": "E", "25": "W", "26": "E", "27": "W", "28": "E", "29": "E", "30": "S", "31": "E", "32": "S", "33": "S", "34": "E", "36": "N", "37": "W", "38": "S", "40": "N", "41": "S", "42": "E", "43": "W", "44": "W", "45": "S", "46": "E", "47": "E", "48": "W", "50": "S", "51": "S", "52": "N", "53": "S", "54": "N", "55": "S", "58": "S", "59": "N", "60": "W", "62": "E", "63": "N", "64": "W", "66": "E", "67": "N", "68": "S", "69": "E", "71": "N", "72": "W", "74": "W", "75": "E", "76": "N", "77": "E", "78": "W", "79": "W"}, {"18": "N", "1": "E", "2": "W", "3": "W", "4": "S", "6": "S", "7": "N", "8": "E", "9": "W", "10": "E", "11": "N", "13": "W", "14": "W", "16": "S", "17": "W", "20": "S", "21": "N", "22": "E", "23": "N", "24": "S", "25": "W", "30": "E", "32": "S", "33": "W", "34": "E", "35": "W", "36": "N", "37": "W", "38": "S", "40": "N", "41": "S", "42": "N", "43": "W", "44": "W", "45": "W", "46": "E", "47": "E", "49": "W", "50": "S", "52": "E", "55": "S", "56": "W", "58": "S", "61": "W", "62": "S", "63": "E", "64": "W", "65": "W", "66": "S", "69": "N", "70": "S", "72": "W", "74": "W", "75": "E", "76": "W", "77": "E", "78": "W", "79": "S"}, {"18": "N", "19": "S", "1": "E", "2": "N", "5": "N", "6": "S", "7": "W", "8": "E", "11": "N", "13": "N", "14": "S", "15": "N", "16": "E", "17": "S", "20": "E", "21": "W", "23": "N", "24": "W", "25": "S", "26": "S", "28": "E", "29": "N", "30": "S", "34": "E", "35": "S", "36": "N", "37": "N", "38": "S", "42": "E", "43": "N", "44": "W", "45": "W", "46": "N", "47": "S", "48": "W", "49": "N", "50": "S", "51": "S", "52": "N", "58": "S", "60": "W", "61": "S", "62": "S", "64": "S", "65": "N", "66": "S", "67": "E", "69": "E", "70": "W", "71": "N", "72": "W", "73": "E", "74": "S", "76": "N", "79": "S"}, {"18": "N", "19": "S", "0": "N", "1": "E", "2": "N", "5": "N", "6": "W", "7": "W", "8": "E", "10": "S", "11": "N", "12": "S", "13": "N", "15": "N", "16": "E", "21": "N", "22": "S", "23": "W", "25": "S", "26": "E", "28": "E", "29": "N", "30": "S", "32": "S", "35": "S", "37": "N", "38": "S", "40": "N", "41": "W", "42": "E", "43": "N", "44": "W", "45": "W", "47": "S", "48": "W", "49": "N", "50": "W", "51": "S", "52": "N", "54": "N", "56": "S", "57": "S", "58": "S", "59": "N", "60": "N", "61": "S", "63": "N", "64": "W", "66": "S", "67": "N", "69": "N", "70": "S", "71": "W", "73": "S", "74": "S", "75": "N", "79": "S"}, {"18": "N", "0": "N", "1": "E", "2": "W", "5": "W", "6": "S", "9": "N", "10": "E", "11": "E", "12": "S", "13": "W", "14": "W", "15": "W", "16": "E", "20": "S", "21": "W", "22": "S", "23": "N", "24": "W", "25": "E", "26": "S", "28": "N", "32": "E", "33": "N", "35": "S", "38": "E", "40": "N", "41": "W", "42": "E", "43": "N", "45": "S", "47": "S", "48": "W", "50": "N", "51": "E", "52": "N", "55": "S", "56": "W", "57": "E", "58": "S", "59": "N", "60": "N", "61": "W", "63": "E", "64": "W", "66": "E", "67": "E", "70": "S", "72": "S", "73": "E", "74": "S", "75": "E", "77": "N", "79": "S"}, {"19": "S", "1": "N", "2": "N", "3": "N", "4": "W", "5": "W", "6": "S", "7": "N", "9": "N", "10": "E", "11": "N", "12": "E", "13": "N", "14": "S", "15": "W", "16": "S", "20": "S", "22": "S", "23": "N", "24": "W", "25": "S", "26": "E", "28": "E", "29": "E", "30": "W", "32": "N", "33": "N", "34": "S", "35": "E", "36": "W", "38": "S", "41": "S", "42": "N", "43": "E", "44": "S", "45": "S", "47": "E", "48": "W", "50": "W", "52": "E", "53": "N", "54": "N", "55": "S", "56": "S", "57": "S", "59": "W", "60": "N", "61": "S", "62": "E", "63": "N", "64": "S", "67": "E", "69": "N", "70": "E", "71": "N", "74": "S", "75": "N", "76": "N", "77": "E", "78": "S", "79": "S"}, {"17": "W"}, {"17": "S"}, {"17": "S"}, {"17": "W"}, {"21": "W"}, {"21": "S"}, {"21": "S"}, {"21": "W"}, {"5": "E"}, {"5": "E"}, {"5": "N"}, {"39": "S"}, {"39": "S"}, {"39": "S"}, {"39": "S"}, {"39": "S"}, {"39": "S"}, {"39": "S"}, {"39": "S"}, {"39": "E"}, {"9": "W"}, {"9": "S"}, {"9": "W"}, {"9": "S"}, {"9": "S"}, {"9": "S"}, {"9": "E"}, {"50": "W"}, {"50": "N"}, {"50": "N"}, {"50": "W"}, {"50": "W"}, {"50": "N"}, {"50": "N"}, {"50": "N"}, {"50": "N"}, {"50": "N"}, {"50": "N"}, {"50": "W"}, {"50": "N"}, {"50": "N"}, {"50": "W"}, {"50": "N"}, {"50": "N"}, {"50": "W"}, {"50": "W"}, {"37": "N"}]}