{"instance": "galaxy_cluster_00000_20x20_20_80", "steps": [{"18": "N", "0": "N", "1": "E", "2": "N", "3": "N", "4": "S", "6": "S", "7": "W", "8": "E", "10": "E", "12": "S", "13": "W", "15": "W", "16": "S", "20": "S", "21": "W", "22": "S", "24": "S", "25": "W", "27": "S", "28": "E", "29": "E", "30": "S", "31": "E", "32": "S", "33": "W", "34": "S", "35": "W", "36": "N", "38": "S", "40": "N", "41": "S", "43": "N", "44": "W", "45": "E", "46": "E", "48": "S", "49": "N", "50": "W", "51": "S", "53": "N", "55": "S", "56": "W", "57": "E", "58": "S", "59": "W", "60": "W", "62": "E", "63": "N", "64": "W", "66": "S", "67": "E", "68": "S", "69": "N", "70": "W", "71": "W", "72": "W", "74": "W", "75": "E", "77": "E", "78": "E", "79": "W"}, {"18": "N", "0": "N", "1": "S", "3": "W", "4": "S", "5": "W", "6": "S", "7": "W", "8": "S", "10": "E", "12": "S", "13": "W", "14": "S", "15": "W", "16": "E", "20": "S", "21": "W", "22": "E", "23": "W", "24": "E", "25": "S", "26": "N", "27": "W", "28": "N", "29": "N", "30": "E", "32": "S", "33": "W", "34": "E", "35": "S", "36": "N", "38": "E", "40": "N", "41": "W", "43": "N", "44": "W", "46": "E", "48": "W", "49": "N", "50": "S", "51": "E", "52": "N", "54": "N", "55": "S", "57": "E", "58": "S", "60": "W", "61": "S", "62": "S", "63": "N", "64": "S", "65": "E", "66": "E", "67": "E", "69": "N", "70": "W", "72": "W", "74": "S", "75": "N", "76": "N", "77": "N", "78": "S", "79": "S"}, {"18": "N", "19": "S", "0": "W", "1": "S", "2": "N", "3": "W", "4": "W", "7": "N", "9": "E", "10": "S", "11": "N", "12": "S", "13": "W", "14": "E", "15": "W", "16": "S", "17": "W", "20": "E", "22": "S", "23": "W", "25": "S", "26": "E", "27": "S", "28": "N", "29": "N", "30": "S", "34": "S", "35": "S", "36": "N", "37": "N", "38": "S", "41": "S", "42": "E", "43": "W", "44": "W", "45": "E", "46": "S", "47": "E", "48": "S", "49": "N", "50": "W", "52": "N", "53": "N", "57": "E", "58": "E", "61": "W", "62": "E", "63": "E", "64": "W", "66": "S", "69": "E", "70": "S", "71": "N", "72": "S", "74": "S", "77": "N", "78": "W"}, {"18": "N", "19": "S", "0": "N", "1": "E", "2": "N", "5": "W", "6": "S", "7": "N", "8": "S", "9": "N", "10": "S", "12": "S", "13": "N", "14": "S", "15": "W", "16": "E", "17": "N", "22": "S", "23": "N", "25": "S", "26": "N", "28": "E", "29": "N", "30": "S", "34": "S", "38": "E", "40": "E", "41": "S", "43": "N", "44": "W", "45": "E", "47": "S", "49": "N", "50": "S", "51": "E", "52": "N", "53": "W", "55": "E", "56": "W", "57": "E", "58": "E", "61": "S", "62": "S", "63": "N", "64": "S", "65": "N", "68": "E", "69": "E", "70": "W", "72": "W", "73": "S", "74": "S", "75": "E", "76": "W", "77": "N", "78": "S"}, {"19": "S", "1": "E", "2": "N", "3": "S", "8": "S", "9": "W", "10": "S", "11": "N", "12": "S", "13": "W", "16": "N", "17": "N", "20": "E", "21": "W", "22": "S", "24": "S", "27": "S", "29": "E", "30": "E", "34": "E", "35": "S", "38": "S", "40": "N", "41": "S", "42": "N", "43": "W", "44": "S", "45": "E", "47": "E", "48": "S", "49": "W", "50": "W", "52": "W", "53": "N", "54": "N", "55": "E", "56": "W", "57": "S", "58": "E", "60": "S", "61": "S", "62": "E", "63": "N", "64": "W", "65": "N", "66": "S", "68": "E", "69": "N", "72": "S", "73": "E", "75": "N", "79": "S"}, {"18": "N", "1": "E", "5": "N", "6": "W", "7": "W", "8": "S", "10": "S", "11": "N", "12": "S", "13": "W", "14": "S", "16": "E", "17": "N", "22": "S", "23": "W", "26": "E", "27": "W", "29": "E", "34": "E", "36": "W", "38": "S", "40": "E", "41": "W", "42": "N", "43": "S", "45": "E", "48": "S", "51": "E", "52": "W", "55": "E", "57": "E", "61": "S", "62": "S", "63": "E", "64": "S", "65": "W", "69": "E", "70": "W", "72": "W", "73": "S", "77": "E", "78": "S", "79": "S"}, {"0": "N", "6": "S", "7": "N", "9": "W", "11": "E", "14": "S", "15": "N", "16": "E", "17": "W", "25": "W", "26": "E", "27": "W", "28": "N", "29": "E", "34": "E", "38": "E", "40": "E", "41": "W", "43": "S", "45": "E", "48": "S", "49": "N", "50": "S", "51": "E", "52": "W", "53": "W", "54": "N", "56": "S", "62": "S", "63": "N", "64": "W", "65": "W", "68": "E", "70": "W", "71": "W", "72": "W", "73": "S", "75": "N", "76": "W", "77": "E", "78": "W", "79": "S"}, {"0": "W", "3": "W", "4": "S", "9": "W", "11": "E", "13": "W", "14": "S", "15": "W", "16": "S", "17": "W", "20": "S", "22": "S", "23": "W", "25": "S", "26": "N", "27": "W", "28": "N", "29": "E", "34": "N", "35": "W", "38": "E", "40": "E", "41": "W", "42": "E", "44": "W", "45": "S", "48": "S", "50": "S", "51": "E", "53": "N", "56": "W", "58": "S", "62": "E", "63": "E", "64": "W", "65": "W", "66": "W", "68": "S", "69": "E", "70": "W", "72": "W", "73": "E", "75": "N", "77": "E", "78": "W", "79": "W"}, {"0": "W", "3": "N", "7": "N", "9": "N", "12": "E", "13": "W", "14": "E", "15": "N", "16": "S", "17": "N", "22": "S", "23": "N", "26": "N", "27": "W", "33": "S", "34": "E", "35": "W", "38": "E", "42": "N", "44": "W", "48": "W", "50": "W", "51": "S", "52": "N", "53": "W", "54": "N", "55": "N", "56": "W", "58": "E", "62": "S", "64": "W", "65": "W", "68": "S", "70": "S", "73": "S", "75": "N", "77": "E", "79": "S"}, {"0": "W", "1": "N", "3": "N", "5": "N", "10": "W", "12": "S", "13": "W", "14": "S", "15": "W", "16": "S", "22": "W", "23": "W", "26": "N", "27": "N", "30": "S", "33": "S", "35": "S", "38": "S", "40": "N", "42": "N", "43": "S", "45": "E", "47": "S", "48": "N", "49": "W", "50": "S", "51": "E", "52": "N", "54": "N", "56": "W", "57": "S", "58": "S", "60": "E", "61": "W", "62": "E", "63": "N", "64": "S", "66": "W", "68": "S", "69": "E", "70": "W", "72": "S", "74": "S", "77": "E", "79": "S"}, {"0": "W", "4": "W", "9": "W", "10": "W", "13": "W", "15": "W", "17": "N", "20": "E", "22": "W", "23": "W", "24": "S", "25": "S", "27": "N", "29": "N", "30": "S", "31": "E", "33": "S", "34": "N", "37": "N", "40": "N", "42": "N", "43": "S", "44": "S", "45": "S", "47": "E", "51": "N", "52": "E", "54": "N", "56": "W", "57": "S", "58": "S", "63": "N", "64": "S", "65": "W", "66": "W", "68": "S", "70": "W", "71": "W", "73": "E", "74": "W", "77": "E", "79": "W"}, {"9": "N", "10": "W", "12": "S", "13": "S", "15": "W", "17": "W", "20": "E", "23": "W", "24": "W", "26": "E", "27": "W", "29": "N", "30": "S", "33": "S", "34": "E", "35": "W", "40": "N", "41": "N", "44": "W", "45": "E", "47": "S", "48": "W", "49": "N", "50": "W", "51": "E", "52": "N", "54": "W", "56": "W", "57": "S", "58": "S", "62": "S", "63": "N", "65": "S", "71": "N", "72": "W", "73": "E", "74": "W", "75": "N", "76": "W", "78": "W", "79": "S"}, {"0": "W", "3": "S", "5": "N", "6": "W", "9": "N", "11": "N", "12": "W", "13": "S", "14": "E", "16": "E", "17": "N", "20": "E", "23": "W", "24": "W", "26": "N", "27": "W", "30": "S", "31": "S", "33": "S", "34": "N", "35": "W", "36": "W", "37": "N", "40": "E", "41": "W", "42": "N", "44": "S", "45": "S", "47": "E", "49": "W", "50": "W", "51": "N", "52": "E", "54": "N", "56": "W", "58": "E", "61": "S", "62": "E", "63": "N", "64": "S", "65": "S", "66": "S", "68": "E", "69": "E", "70": "N", "71": "N", "72": "W", "74": "W", "75": "E", "76": "N", "78": "N", "79": "S"}, {"0": "S", "4": "N", "5": "N", "6": "W", "7": "E", "8": "W", "9": "W", "11": "W", "12": "S", "13": "S", "14": "E", "16": "S", "22": "E", "25": "S", "26": "E", "27": "W", "32": "E", "34": "E", "36": "N", "37": "N", "41": "W", "42": "W", "44": "S", "45": "E", "46": "S", "47": "E", "50": "W", "51": "E", "52": "N", "53": "W", "54": "W", "55": "N", "58": "S", "61": "S", "63": "N", "64": "W", "66": "W", "70": "N", "75": "E", "76": "N", "77": "S", "78": "W", "79": "W"}, {"0": "W", "4": "W", "5": "N", "6": "S", "7": "E", "11": "S", "12": "W", "13": "S", "14": "S", "16": "W", "17": "N", "22": "S", "25": "W", "26": "E", "32": "S", "34": "N", "35": "W", "36": "N", "37": "W", "42": "N", "44": "S", "45": "S", "46": "E", "47": "S", "49": "N", "50": "W", "51": "N", "52": "N", "53": "N", "54": "N", "55": "E", "56": "S", "58": "E", "60": "W", "61": "S", "63": "W", "64": "W", "66": "W", "69": "N", "70": "W", "73": "S", "74": "S", "75": "N", "76": "N", "77": "W", "78": "W", "79": "S"}, {"0": "S", "1": "N", "3": "S", "8": "W", "12": "S", "13": "W", "14": "E", "16": "W", "20": "E", "22": "W", "23": "S", "24": "W", "25": "W", "27": "N", "29": "E", "30": "E", "33": "W", "34": "E", "35": "S", "36": "W", "37": "N", "42": "W", "44": "W", "45": "E", "47": "S", "50": "W", "51": "E", "52": "N", "56": "S", "57": "E", "60": "N", "62": "E", "63": "W", "65": "S", "66": "W", "69": "E", "71": "N", "72": "W", "73": "E", "74": "S", "75": "N", "76": "E"}, {"0": "S", "3": "W", "7": "N", "8": "S", "9": "W", "12": "W", "13": "N", "14": "E", "20": "N", "22": "W", "24": "S", "25": "W", "30": "S", "33": "S", "34": "S", "36": "N", "37": "N", "42": "S", "45": "E", "46": "E", "47": "S", "50": "S", "51": "N", "52": "N", "53": "N", "56": "W", "57": "S", "61": "S", "65": "S", "66": "W", "69": "E", "71": "W", "73": "S", "74": "W", "76": "N"}, {"0": "W", "6": "S", "9": "W", "12": "S", "13": "W", "16": "S", "20": "W", "22": "S", "24": "W", "25": "W", "29": "N", "32": "S", "34": "E", "36": "E", "40": "E", "43": "S", "45": "N", "46": "N", "47": "S", "48": "N", "49": "N", "50": "S", "52": "N", "55": "N", "57": "E", "64": "W", "65": "S", "66": "W", "71": "N", "73": "S", "74": "W", "76": "W"}, {"0": "S", "5": "W", "11": "W", "12": "W", "13": "S", "17": "N", "20": "S", "22": "W", "23": "W", "24": "W", "25": "W", "32": "S", "34": "E", "36": "N", "38": "W", "40": "N", "41": "W", "45": "E", "46": "E", "47": "E", "48": "W", "49": "N", "50": "S", "51": "N", "52": "N", "53": "W", "55": "N", "57": "S", "62": "S", "64": "W", "66": "W", "72": "S", "73": "E", "75": "E", "76": "W", "78": "N"}, {"0": "W", "3": "N", "6": "W", "7": "N", "9": "S", "17": "W", "23": "S", "26": "E", "30": "E", "31": "S", "32": "W", "33": "S", "36": "E", "37": "E", "40": "E", "42": "W", "44": "W", "46": "N", "47": "E", "48": "S", "50": "W", "51": "E", "53": "S", "55": "E", "60": "N", "61": "W", "62": "S", "66": "W", "69": "N", "71": "N", "73": "S", "75": "E", "76": "W"}, {"1": "N", "3": "W", "5": "N", "6": "S", "7": "W", "14": "S", "16": "S", "24": "W", "26": "N", "29": "E", "30": "S", "33": "E", "36": "N", "37": "E", "38": "N", "40": "E", "41": "W", "42": "W", "44": "W", "45": "N", "46": "N", "47": "S", "48": "W", "50": "W", "51": "S", "53": "W", "54": "E", "55": "E", "58": "N", "60": "W", "61": "S", "62": "S", "66": "S", "68": "S", "71": "E", "73": "E", "75": "S", "76": "W", "79": "W"}, {"4": "W", "12": "S", "14": "S", "16": "E", "17": "W", "20": "S", "24": "W", "26": "N", "29": "N", "30": "E", "33": "S", "36": "E", "37": "N", "41": "N", "42": "S", "45": "E", "46": "N", "47": "E", "53": "W", "54": "N", "55": "E", "56": "W", "57": "S", "60": "W", "61": "E", "62": "S", "66": "W", "71": "E", "72": "W", "73": "S", "74": "W", "75": "E", "78": "W"}, {"0": "W", "6": "S", "7": "N", "14": "S", "16": "S", "17": "S", "20": "S", "22": "S", "24": "N", "26": "N", "27": "N", "29": "N", "30": "N", "33": "S", "34": "N", "36": "E", "37": "E", "40": "N", "41": "N", "42": "W", "45": "N", "46": "N", "50": "N", "53": "W", "54": "W", "55": "N", "57": "W", "58": "N", "60": "N", "61": "E", "66": "W", "69": "E", "70": "S", "71": "E", "72": "W", "75": "S", "76": "N", "78": "N", "79": "S"}, {"0": "W", "4": "S", "6": "S", "12": "S", "14": "S", "16": "S", "17": "S", "23": "S", "24": "W", "26": "E", "29": "N", "33": "W", "36": "N", "37": "N", "41": "W", "44": "N", "45": "E", "46": "W", "49": "S", "50": "N", "53": "W", "54": "N", "55": "E", "57": "S", "60": "E", "61": "E", "62": "S", "68": "S", "69": "S", "71": "E", "72": "N", "75": "S", "76": "N", "79": "S"}, {"0": "W", "4": "W", "9": "W", "12": "S", "14": "S", "16": "W", "17": "W", "20": "E", "23": "W", "24": "N", "26": "N", "29": "E", "31": "S", "33": "S", "36": "N", "37": "N", "41": "W", "46": "N", "47": "N", "49": "E", "50": "W", "53": "S", "54": "W", "55": "E", "56": "W", "57": "S", "60": "E", "61": "E", "62": "E", "66": "W", "68": "S", "69": "S", "71": "N", "72": "N", "74": "S", "75": "E", "76": "W", "77": "N", "79": "W"}, {"3": "W", "4": "W", "7": "N", "11": "N", "12": "S", "14": "W", "16": "S", "17": "W", "20": "E", "23": "S", "26": "W", "27": "N", "30": "N", "31": "S", "33": "W", "34": "N", "37": "N", "42": "W", "44": "N", "50": "W", "53": "W", "54": "S", "57": "E", "60": "N", "61": "E", "62": "S", "66": "W", "68": "S", "70": "S", "72": "W", "74": "S", "75": "E"}, {"3": "W", "5": "N", "7": "N", "11": "W", "12": "W", "14": "W", "16": "E", "20": "E", "27": "W", "30": "E", "33": "S", "34": "N", "35": "S", "37": "E", "43": "W", "44": "W", "50": "S", "51": "E", "53": "W", "55": "N", "57": "S", "60": "E", "61": "N", "68": "E", "76": "N"}, {"0": "W", "3": "W", "5": "N", "9": "W", "11": "W", "14": "S", "16": "S", "17": "W", "27": "N", "30": "N", "33": "E", "34": "W", "35": "S", "37": "N", "40": "E", "41": "W", "43": "W", "44": "N", "45": "E", "50": "W", "53": "W", "54": "S", "55": "N", "57": "S", "60": "N", "61": "N", "69": "E", "71": "E", "78": "N", "79": "S"}, {"3": "S", "6": "W", "8": "W", "11": "W", "14": "S", "15": "N", "16": "S", "17": "W", "23": "W", "27": "N", "30": "E", "33": "S", "34": "N", "37": "E", "40": "S", "41": "W", "50": "W", "53": "S", "54": "W", "57": "W", "61": "N", "62": "N", "66": "W", "69": "S", "71": "N", "72": "N", "78": "E", "79": "E"}, {"1": "E", "8": "W", "14": "W", "15": "W", "16": "E", "17": "S", "23": "W", "26": "N", "33": "S", "35": "S", "37": "S", "40": "E", "48": "W", "50": "N", "53": "E", "57": "W", "60": "N", "61": "E", "62": "N", "69": "S", "71": "E", "78": "N", "79": "S"}, {"9": "W", "14": "W", "16": "S", "17": "W", "23": "W", "26": "N", "31": "S", "33": "S", "37": "S", "40": "E", "41": "W", "48": "W", "49": "E", "50": "W", "54": "W", "57": "S", "60": "N", "62": "N", "68": "W", "71": "N", "72": "E", "78": "E"}, {"6": "S", "7": "N", "9": "W", "14": "W", "16": "S", "17": "W", "23": "W", "26": "N", "30": "N", "31": "S", "33": "E", "35": "S", "37": "S", "38": "N", "40": "E", "41": "N", "46": "N", "49": "N", "50": "N", "54": "W", "57": "W", "58": "E", "60": "W", "68": "W"}, {"0": "W", "6": "W", "7": "E", "9": "S", "16": "S", "26": "W", "28": "E", "30": "E", "31": "S", "33": "E", "35": "S", "37": "S", "38": "N", "40": "E", "41": "W", "46": "N", "49": "E", "50": "N", "53": "S", "58": "E", "68": "S", "78": "E"}, {"6": "W", "7": "N", "9": "W", "12": "N", "14": "S", "16": "W", "26": "W", "33": "E", "35": "S", "38": "N", "40": "S", "41": "N", "46": "W", "50": "W", "57": "S", "62": "E", "68": "S", "71": "N", "72": "N", "78": "N", "79": "E"}, {"7": "W", "9": "W", "12": "W", "14": "W", "38": "N", "40": "E", "41": "W", "44": "N", "50": "W", "53": "W", "54": "S", "55": "N", "57": "S", "61": "E", "62": "N", "64": "N", "68": "S", "71": "N", "72": "N", "78": "N"}, {"12": "W", "14": "W", "20": "E", "25": "S", "31": "W", "38": "E", "40": "E", "41": "W", "44": "N", "57": "W", "61": "E", "62": "E", "68": "W", "71": "E", "72": "E", "79": "E"}, {"14": "W", "16": "W", "20": "N", "23": "W", "26": "W", "31": "S", "40": "S", "41": "W", "48": "W", "54": "W", "57": "N", "60": "N", "61": "E", "68": "W", "72": "N"}, {"14": "W", "16": "W", "28": "E", "31": "E", "38": "E", "48": "W", "57": "N", "60": "W", "61": "N", "73": "W", "79": "E"}, {"16": "W", "20": "E", "26": "N", "29": "E", "31": "S", "33": "S", "35": "E", "38": "S", "40": "S", "44": "N", "47": "E", "54": "W", "57": "W", "61": "E", "64": "S"}, {"0": "S", "3": "W", "7": "W", "9": "S", "16": "W", "20": "E", "25": "W", "26": "W", "29": "S", "33": "E", "35": "S", "38": "S", "41": "N", "54": "W", "57": "W", "61": "E", "68": "W", "72": "W", "79": "N"}, {"0": "E", "14": "W", "16": "N", "23": "W", "26": "W", "29": "E", "33": "S", "38": "S", "41": "N", "50": "N", "53": "S", "54": "S", "57": "S", "60": "N", "68": "S", "72": "N", "73": "W", "78": "N"}, {"0": "E", "11": "W", "12": "S", "14": "N", "16": "W", "25": "S", "26": "N", "31": "W", "33": "S", "41": "N", "47": "N", "50": "N", "54": "W", "57": "W", "60": "W", "64": "E", "68": "W", "78": "E"}, {"11": "S", "12": "S", "15": "N", "16": "S", "20": "E", "33": "E", "38": "W", "42": "W", "43": "S", "44": "N", "50": "E", "54": "S", "55": "N", "57": "W", "60": "N", "61": "S", "68": "S"}, {"11": "S", "12": "W", "14": "W", "16": "S", "20": "N", "27": "N", "31": "W", "33": "N", "37": "E", "38": "S", "40": "S", "42": "W", "43": "E", "44": "N", "50": "N", "54": "S", "55": "N", "57": "N", "61": "S", "62": "N", "72": "E"}, {"3": "N", "8": "W", "14": "W", "16": "W", "20": "E", "27": "E", "31": "W", "40": "W", "43": "S", "44": "N", "47": "N", "57": "W", "61": "E", "62": "N", "72": "N"}, {"3": "W", "5": "W", "8": "W", "9": "S", "15": "N", "16": "W", "20": "N", "27": "S", "30": "N", "31": "S", "33": "E", "34": "E", "38": "E", "43": "W", "44": "E", "47": "W", "57": "N", "61": "E", "62": "E", "65": "W", "68": "W", "72": "N"}, {"3": "N", "9": "S", "12": "W", "15": "N", "16": "N", "20": "E", "29": "E", "30": "E", "31": "W", "33": "E", "38": "S", "40": "W", "43": "S", "47": "N", "54": "W", "55": "W", "58": "W", "61": "E", "68": "W", "72": "W", "73": "S", "78": "N"}, {"15": "N", "16": "W", "20": "E", "29": "E", "30": "S", "31": "S", "33": "N", "35": "E", "38": "S", "40": "S", "43": "E", "44": "N", "47": "E", "54": "S", "55": "N", "60": "N", "61": "E", "62": "S", "68": "W", "72": "W", "73": "S"}, {"0": "N", "11": "W", "16": "W", "17": "S", "20": "N", "24": "E", "29": "S", "30": "E", "33": "E", "35": "E", "38": "S", "40": "S", "41": "N", "44": "W", "47": "N", "57": "N", "60": "E", "61": "E", "62": "E", "68": "N", "69": "S", "72": "N", "73": "S"}, {"5": "N", "9": "W", "11": "W", "29": "E", "30": "E", "33": "S", "35": "S", "41": "N", "44": "N", "47": "W", "48": "W", "53": "W", "57": "W", "61": "N", "62": "E", "68": "W", "69": "S", "72": "E", "73": "W"}, {"5": "N", "9": "S", "11": "W", "29": "E", "30": "N", "31": "W", "33": "E", "34": "N", "35": "E", "38": "W", "41": "W", "44": "N", "48": "N", "49": "E", "50": "N", "53": "S", "54": "W", "57": "W", "58": "W", "62": "E", "69": "S", "72": "N"}, {"5": "N", "15": "N", "17": "S", "20": "N", "24": "N", "29": "S", "30": "N", "31": "S", "32": "N", "33": "E", "35": "S", "38": "S", "40": "S", "41": "N", "44": "W", "47": "N", "48": "W", "50": "E", "53": "S", "54": "S", "56": "S", "57": "W", "62": "N", "69": "S", "70": "N", "72": "N"}, {"5": "E", "12": "W", "15": "N", "20": "N", "23": "S", "29": "S", "30": "N", "31": "W", "32": "N", "35": "E", "38": "W", "40": "S", "41": "N", "44": "N", "47": "N", "50": "N", "53": "S", "56": "E", "61": "E", "62": "E", "63": "N", "69": "S", "70": "E", "72": "N", "78": "N"}, {"5": "N", "11": "W", "15": "N", "16": "W", "20": "N", "23": "W", "29": "E", "31": "S", "32": "N", "33": "S", "35": "E", "38": "S", "40": "S", "41": "W", "43": "S", "44": "W", "50": "E", "53": "E", "56": "E", "61": "E", "62": "N", "63": "W", "72": "N", "78": "N"}, {"5": "E", "11": "S", "15": "E", "16": "S", "17": "W", "25": "S", "29": "E", "31": "W", "33": "E", "50": "N", "54": "S", "57": "W", "61": "N", "63": "W", "64": "E", "70": "S", "78": "W", "79": "E"}, {"5": "N", "8": "W", "11": "S", "15": "E", "17": "S", "29": "S", "30": "E", "31": "S", "33": "E", "50": "N", "54": "S", "57": "N", "60": "N", "61": "E", "62": "N", "63": "W", "64": "E", "70": "S", "79": "N"}, {"1": "S", "5": "E", "10": "W", "11": "S", "15": "E", "17": "W", "23": "W", "29": "E", "30": "E", "35": "E", "38": "S", "48": "N", "50": "W", "53": "S", "54": "W", "57": "W", "61": "N", "62": "N", "64": "S", "70": "E", "73": "N", "74": "S", "78": "N"}, {"4": "N", "5": "E", "11": "W", "15": "E", "17": "W", "23": "N", "30": "E", "33": "N", "35": "E", "36": "E", "44": "N", "48": "W", "53": "W", "54": "W", "57": "N", "62": "N", "64": "S", "73": "W", "78": "N"}, {"15": "E", "17": "W", "20": "N", "23": "E", "25": "S", "30": "N", "35": "E", "44": "E", "48": "N", "49": "N", "53": "S", "57": "W", "60": "W", "61": "E", "62": "W", "66": "W", "73": "W", "78": "N"}, {"15": "N", "17": "S", "20": "N", "25": "S", "29": "S", "30": "N", "38": "S", "44": "E", "48": "N", "49": "E", "50": "N", "60": "N", "62": "N", "66": "W", "74": "E"}, {"5": "N", "15": "E", "17": "E", "25": "S", "29": "W", "30": "E", "33": "E", "38": "W", "44": "N", "48": "N", "49": "E", "54": "W", "60": "E", "61": "N", "64": "E", "66": "N", "74": "E", "79": "N"}, {"5": "E", "15": "N", "17": "E", "25": "S", "29": "S", "30": "N", "33": "E", "35": "N", "44": "W", "48": "N", "49": "E", "54": "W", "60": "E", "64": "E", "66": "N", "79": "E"}, {"8": "N", "11": "S", "17": "S", "25": "S", "29": "S", "30": "N", "31": "W", "33": "E", "35": "E", "48": "W", "49": "N", "50": "N", "54": "S", "60": "E", "61": "E", "64": "N", "66": "N", "79": "E"}, {"7": "N", "9": "S", "17": "S", "20": "E", "25": "S", "29": "E", "30": "N", "33": "N", "35": "E", "38": "S", "48": "W", "50": "E", "53": "E", "54": "W", "61": "N", "64": "E", "66": "W", "73": "N", "78": "N"}, {"17": "E", "25": "S", "29": "S", "35": "S", "44": "N", "48": "W", "50": "E", "53": "S", "56": "E", "57": "W", "60": "N", "61": "N", "63": "W", "66": "W", "73": "W", "78": "N"}, {"3": "S", "7": "E", "8": "E", "17": "E", "25": "S", "29": "S", "30": "N", "38": "S", "48": "N", "50": "N", "54": "W", "57": "W", "60": "N", "63": "W", "66": "N", "73": "W", "78": "N"}, {"9": "N", "10": "S", "11": "S", "15": "E", "17": "E", "25": "E", "29": "S", "30": "E", "33": "E", "38": "W", "48": "W", "50": "N", "53": "S", "54": "S", "61": "N", "63": "W", "66": "W", "74": "S", "78": "N"}, {"8": "E", "10": "W", "15": "E", "17": "S", "30": "E", "31": "N", "38": "S", "44": "E", "50": "W", "53": "S", "54": "E", "61": "N", "63": "W", "73": "N", "78": "N", "79": "E"}, {"10": "S", "12": "N", "17": "W", "25": "E", "27": "W", "36": "E", "38": "S", "44": "N", "49": "E", "50": "N", "60": "E", "61": "N", "63": "S", "66": "N", "78": "E", "79": "E"}, {"0": "E", "9": "E", "17": "W", "25": "S", "27": "W", "29": "S", "38": "W", "44": "N", "49": "S", "50": "W", "54": "E", "61": "E", "63": "W", "66": "W", "78": "N"}, {"12": "E", "17": "S", "24": "W", "27": "W", "38": "S", "44": "N", "49": "S", "50": "N", "53": "E", "54": "S", "57": "S", "63": "S", "66": "W"}, {"17": "W", "24": "S", "30": "S", "33": "E", "35": "E", "37": "E", "38": "S", "41": "E", "44": "N", "48": "W", "49": "E", "50": "W", "54": "E", "66": "N", "74": "W"}, {"0": "N", "30": "S", "38": "S", "41": "E", "54": "N", "57": "S", "63": "W", "76": "E", "78": "E"}, {"0": "W", "6": "N", "8": "S", "24": "W", "41": "N", "44": "E", "49": "N", "57": "S", "73": "W", "78": "N"}, {"8": "W", "9": "W", "10": "W", "15": "N", "24": "W", "25": "E", "41": "N", "44": "N", "48": "N", "57": "S", "60": "E", "61": "W", "74": "W"}, {"24": "W", "25": "E", "33": "E", "41": "N", "48": "N", "54": "N", "57": "W", "61": "N"}, {"5": "N", "13": "W", "15": "E", "25": "E", "29": "E", "31": "N", "33": "E", "48": "E", "49": "E", "54": "E", "57": "N", "61": "W", "69": "S", "79": "E"}, {"10": "W", "11": "E", "13": "W", "15": "N", "24": "W", "25": "E", "29": "S", "33": "S", "47": "E", "48": "E", "49": "E", "54": "E", "69": "S", "74": "W", "78": "W", "79": "N"}, {"10": "W", "15": "W", "24": "W", "29": "S", "30": "N", "31": "W", "33": "W", "47": "N", "49": "E", "54": "S", "55": "E", "60": "E", "63": "W", "69": "S", "73": "S", "74": "S", "78": "N", "79": "E"}, {"8": "W", "10": "N", "24": "W", "30": "N", "31": "W", "38": "W", "44": "E", "47": "N", "49": "S", "54": "S", "60": "E", "69": "S", "73": "S", "74": "W", "78": "N", "79": "E"}, {"8": "W", "10": "W", "24": "S", "27": "S", "30": "N", "31": "S", "37": "S", "54": "S", "69": "W", "73": "E", "74": "S", "75": "W", "77": "N", "78": "E"}, {"8": "N", "15": "N", "20": "S", "24": "W", "30": "N", "31": "W", "41": "E", "43": "S", "44": "N", "54": "S", "69": "S", "73": "N", "77": "E", "78": "E"}, {"8": "E", "9": "S", "15": "W", "24": "W", "38": "N", "41": "N", "43": "S", "44": "N", "49": "E", "54": "S", "60": "N", "67": "N", "69": "S", "73": "W", "76": "N", "77": "E"}, {"10": "N", "15": "N", "24": "S", "33": "E", "38": "W", "41": "N", "44": "N", "47": "W", "49": "S", "55": "E", "60": "N", "69": "W", "73": "W", "77": "S", "78": "N", "79": "E"}, {"15": "W", "30": "N", "31": "W", "33": "E", "38": "W", "44": "E", "46": "N", "50": "N", "55": "E", "68": "S", "69": "S", "70": "E", "73": "W", "77": "W", "79": "E"}, {"1": "N", "3": "S", "15": "W", "24": "W", "27": "E", "29": "W", "31": "S", "33": "S", "36": "E", "44": "N", "46": "N", "54": "S", "61": "W", "67": "N", "68": "S", "70": "S", "73": "W", "74": "W", "77": "S", "79": "E"}, {"1": "W", "10": "S", "20": "N", "24": "N", "27": "E", "33": "E", "34": "W", "40": "W", "44": "E", "46": "W", "49": "S", "54": "S", "61": "N", "68": "W", "70": "E", "73": "N", "76": "S", "77": "S", "79": "E"}, {"10": "W", "24": "W", "28": "N", "36": "E", "38": "W", "48": "N", "54": "E", "60": "E", "61": "N", "65": "N", "68": "W", "69": "S", "73": "E", "74": "W", "78": "E"}, {"24": "W", "27": "S", "28": "N", "38": "S", "48": "N", "60": "E", "65": "N", "69": "S", "75": "N", "78": "N"}, {"4": "E", "24": "N", "27": "E", "28": "E", "35": "S", "38": "E", "40": "W", "43": "S", "48": "E", "50": "E", "60": "E", "65": "E", "69": "S", "78": "E"}, {"3": "E", "27": "N", "43": "S", "48": "N", "50": "E", "60": "N", "61": "N", "68": "N", "69": "W", "71": "N", "74": "W", "79": "E"}, {"3": "E", "7": "N", "10": "N", "11": "E", "27": "N", "35": "E", "43": "E", "44": "N", "50": "E", "51": "E", "60": "W", "61": "N", "64": "E", "68": "N", "71": "N", "74": "W", "77": "W", "79": "E"}, {"3": "N", "4": "S", "5": "S", "7": "W", "11": "E", "14": "N", "15": "N", "25": "E", "31": "N", "35": "S", "36": "E", "40": "S", "43": "N", "44": "N", "50": "E", "51": "N", "58": "N", "60": "N", "64": "E", "65": "S", "66": "N", "67": "E", "68": "E", "71": "E", "74": "N", "78": "E"}, {"46": "W"}, {"20": "N", "46": "W", "61": "W"}, {"65": "E", "20": "W", "61": "W"}, {"32": "N", "65": "E", "20": "S", "46": "W"}, {"32": "N", "20": "W", "46": "W"}, {"65": "N", "20": "W", "46": "W", "61": "W"}, {"65": "E", "20": "W", "46": "N", "61": "W"}, {"32": "N", "65": "N", "46": "W"}, {"65": "E", "20": "W", "46": "S"}, {"32": "N", "20": "W", "46": "W", "61": "S"}, {"32": "N", "20": "W", "61": "W"}, {"32": "N", "65": "E", "61": "W"}, {"32": "N", "65": "E"}, {"32": "N", "65": "E"}, {"32": "N", "65": "E", "61": "N"}, {"32": "N", "65": "E", "46": "W", "61": "W"}, {"65": "E", "46": "W", "61": "W"}, {"46": "W", "61": "W"}, {"32": "N", "46": "W", "61": "W"}, {"32": "N", "65": "E", "46": "W", "61": "W"}, {"32": "N", "65": "E", "46": "S", "61": "W"}, {"32": "N", "65": "E", "46": "W", "61": "W"}, {"32": "N", "65": "E", "20": "N", "46": "W"}, {"32": "N", "65": "E", "20": "W", "46": "N"}, {"32": "N", "65": "E", "20": "W", "61": "W"}, {"32": "N", "65": "E", "20": "W"}, {"27": "E", "32": "N", "65": "E", "20": "S", "46": "W"}, {"27": "E", "32": "E", "65": "E", "20": "W", "46": "S"}, {"27": "E", "20": "W", "46": "S"}, {"27": "E", "20": "W", "46": "W"}, {"9": "E", "16": "E", "27": "E", "20": "W", "46": "W"}, {"16": "N", "27": "E", "46": "N"}, {"16": "N", "27": "E"}, {"9": "N", "16": "W", "27": "E", "20": "W", "46": "W"}, {"9": "E", "16": "N", "27": "S", "20": "W", "46": "W"}, {"9": "E", "16": "N", "27": "E"}, {"1": "N", "9": "S", "27": "E"}, {"79": "N", "1": "W", "9": "E", "16": "N", "27": "N"}, {"79": "W", "1": "W", "9": "E", "27": "E"}, {"79": "N", "9": "E", "27": "S"}, {"79": "N", "27": "E"}, {"79": "N", "1": "W", "9": "N", "27": "E"}, {"9": "E", "27": "E"}, {"78": "S", "9": "E", "27": "N"}, {"1": "W", "9": "E", "27": "E"}, {"78": "S", "1": "W", "9": "E", "16": "N", "27": "E"}, {"78": "S", "1": "W", "9": "E", "16": "E"}, {"78": "E", "1": "W", "16": "N"}, {"58": "N", "63": "S", "16": "N"}, {"58": "W", "63": "W"}, {"58": "W", "63": "S", "78": "E", "1": "W"}, {"58": "W", "63": "S", "78": "E", "1": "W", "16": "W"}, {"58": "W", "63": "W", "78": "E", "1": "W"}, {"58": "W", "63": "S", "78": "S", "1": "S"}, {"58": "W", "63": "S", "78": "E", "1": "W", "16": "N"}, {"63": "S", "78": "E", "1": "W", "16": "N"}, {"63": "S", "78": "E", "16": "N"}, {"58": "W", "63": "S", "78": "S", "16": "N"}, {"58": "W", "78": "S", "1": "W"}, {"54": "E", "58": "W", "78": "S", "1": "W"}, {"58": "S", "78": "S", "16": "N"}, {"58": "W", "78": "S", "16": "N"}, {"58": "N", "16": "E"}, {"41": "E", "54": "E", "58": "W", "16": "E"}, {"41": "N", "54": "E", "58": "N", "16": "N"}, {"41": "E", "54": "E", "58": "W", "78": "E", "16": "W"}, {"41": "E", "54": "E", "78": "S", "16": "N"}, {"41": "S", "58": "W", "78": "S", "16": "N"}, {"54": "E", "58": "W", "78": "S"}, {"54": "E", "58": "W", "78": "S"}, {"41": "E", "58": "W", "16": "W"}, {"41": "E", "58": "W", "16": "W"}, {"41": "E", "58": "N"}, {"77": "W", "41": "E", "58": "W"}, {"77": "W", "41": "E", "54": "E", "58": "W"}, {"77": "W", "41": "E", "54": "E"}, {"76": "W", "41": "E", "54": "S"}, {"76": "S", "77": "S", "41": "E", "54": "S"}, {"76": "S", "77": "W", "54": "E"}, {"76": "S", "77": "W", "54": "E"}, {"77": "W", "41": "E"}, {"77": "W", "41": "E"}, {"76": "S", "54": "N"}, {"76": "S", "54": "N"}, {"76": "S"}, {"74": "N"}, {"74": "E", "77": "W"}, {"74": "E"}, {"74": "E"}, {"76": "S", "77": "W", "13": "E"}, {"75": "W", "76": "W", "77": "W", "13": "E"}, {"75": "W", "76": "S", "77": "W", "13": "E"}, {"75": "W", "76": "E", "77": "S", "13": "E"}, {"74": "N", "75": "S", "76": "S", "77": "W", "13": "E"}, {"74": "N", "75": "W", "76": "S"}, {"74": "N", "76": "S", "77": "W"}, {"77": "W"}, {"74": "N", "77": "W"}, {"74": "N", "77": "W"}, {"74": "N", "75": "W", "77": "W"}, {"75": "W", "76": "E", "77": "W"}, {"77": "W", "13": "E"}, {"73": "N", "75": "S", "77": "S"}, {"73": "N", "75": "W", "77": "W"}, {"73": "N", "74": "N", "75": "N", "13": "N"}, {"62": "S", "73": "W"}, {"62": "W", "73": "W", "74": "N"}, {"62": "N", "73": "N", "74": "N", "75": "W"}, {"62": "W", "73": "W", "75": "W"}, {"62": "W", "73": "W", "75": "W", "13": "E"}, {"62": "W", "73": "N", "75": "S", "13": "N"}, {"62": "S", "75": "W", "13": "N"}, {"62": "W", "73": "W", "75": "N", "13": "E"}, {"62": "W", "73": "S", "13": "E"}, {"62": "W", "73": "W", "75": "W", "13": "E"}, {"62": "W", "73": "N", "75": "W", "13": "S"}, {"62": "N", "73": "N", "75": "W", "13": "S"}, {"62": "N", "73": "N", "13": "E"}, {"43": "E", "62": "N", "73": "N", "13": "S"}, {"43": "S", "62": "W", "74": "N"}, {"29": "W", "43": "S", "62": "W", "74": "N"}, {"29": "W", "43": "S", "74": "N", "13": "E"}, {"29": "W", "43": "E", "74": "W", "13": "S"}, {"43": "E", "62": "S", "13": "E"}, {"43": "E", "62": "W", "13": "N"}, {"29": "W"}, {"29": "W"}, {"11": "E", "12": "E", "43": "E"}, {"11": "E"}, {"11": "E", "29": "W"}, {"11": "E", "29": "W", "43": "E"}, {"11": "E", "12": "N", "43": "E"}, {"11": "E", "43": "E", "74": "N"}, {"11": "E", "29": "W", "74": "N"}, {"11": "E", "12": "W", "29": "W"}, {"12": "N", "29": "W", "74": "E"}, {"12": "N", "29": "W", "74": "E"}, {"12": "N", "29": "W", "43": "E", "74": "E"}, {"72": "E", "12": "N", "29": "W", "43": "E", "74": "N"}, {"72": "E", "12": "N", "74": "W"}, {"72": "E", "12": "E", "74": "N"}, {"70": "E", "72": "E", "12": "N", "74": "E"}, {"70": "E", "72": "E", "12": "N", "74": "E"}, {"70": "N", "72": "E", "12": "N"}, {"69": "W", "70": "N", "71": "S", "12": "N"}, {"68": "N", "69": "N", "70": "E", "12": "N"}, {"68": "W", "69": "W", "70": "N", "12": "N"}, {"68": "N", "69": "W", "70": "N", "71": "S", "12": "N"}, {"68": "W", "69": "W", "70": "N", "71": "E", "12": "N"}, {"68": "W", "69": "W", "70": "N", "71": "S"}, {"67": "S", "69": "N", "70": "E", "71": "S"}, {"67": "W", "69": "N", "71": "S"}, {"67": "W", "68": "N", "69": "W"}, {"67": "S", "68": "E", "69": "N", "71": "S"}, {"67": "W", "68": "E", "69": "N", "71": "S"}, {"67": "S", "68": "N", "69": "W", "70": "E", "71": "S"}, {"67": "W", "68": "N", "69": "N", "70": "E", "71": "S"}, {"67": "S", "69": "W", "71": "E"}, {"67": "S", "69": "N", "70": "S", "71": "S"}, {"67": "W", "68": "N", "69": "W", "71": "W"}, {"67": "S", "68": "W", "69": "N", "71": "S"}, {"67": "S", "68": "N", "69": "N", "70": "E", "71": "S"}, {"67": "S", "68": "N", "69": "N", "70": "E"}, {"67": "W", "68": "N", "69": "W", "70": "N"}, {"66": "N", "67": "W", "69": "N"}, {"66": "N", "67": "S", "69": "N", "70": "E"}, {"66": "N", "67": "E", "68": "N", "70": "E"}, {"64": "N", "66": "E", "67": "S", "70": "N"}, {"64": "E", "66": "N", "67": "W", "70": "E"}, {"64": "E", "66": "E", "67": "S", "68": "N", "70": "E"}, {"64": "E", "66": "N", "68": "N", "70": "S"}, {"64": "E", "66": "N"}, {"60": "E", "64": "N", "66": "E", "67": "W"}, {"60": "E", "64": "E", "66": "N", "67": "W", "70": "E"}, {"60": "E", "64": "E", "66": "E", "67": "W", "70": "N"}, {"60": "E", "64": "E", "66": "E", "67": "W", "70": "E"}, {"60": "S", "64": "N", "66": "N", "67": "W", "70": "E"}, {"60": "W", "64": "E", "67": "W", "70": "E"}, {"60": "S", "64": "N", "67": "W", "70": "E"}, {"60": "S", "64": "E", "66": "N"}, {"60": "S", "66": "N"}, {"66": "E"}, {"57": "N", "64": "N"}, {"57": "N", "60": "S", "64": "N"}, {"57": "N", "60": "E", "64": "N"}, {"60": "S", "64": "W"}, {"56": "N", "57": "N", "60": "S"}, {"56": "E", "57": "W", "60": "E"}, {"56": "E", "57": "N"}, {"56": "E", "57": "E"}, {"56": "E", "57": "N"}, {"56": "E", "60": "E"}, {"56": "E", "60": "E"}, {"57": "N"}, {"53": "E", "55": "W", "56": "E", "64": "N"}, {"53": "E", "55": "N", "64": "E"}, {"52": "S", "53": "E", "55": "W", "64": "N"}, {"52": "S", "53": "E", "55": "W", "64": "N"}, {"52": "S", "53": "S", "55": "S"}, {"51": "S", "53": "E", "55": "W"}, {"51": "W", "52": "S", "53": "E", "55": "W"}, {"52": "S", "53": "E", "55": "W"}, {"52": "S", "53": "N", "55": "W"}, {"51": "N", "53": "E", "55": "W"}, {"51": "W"}, {"51": "W"}, {"53": "E"}, {"53": "E"}, {"51": "W", "53": "E"}, {"51": "S", "52": "S"}, {"50": "E", "51": "W", "52": "S", "55": "N", "59": "N"}, {"50": "E", "51": "N", "52": "S", "55": "W", "59": "E"}, {"51": "W", "55": "W", "59": "S"}, {"47": "W", "51": "W", "55": "W", "59": "E"}, {"47": "S", "51": "S"}, {"47": "W", "55": "W"}, {"47": "W", "51": "W", "55": "W"}, {"51": "W"}, {"47": "N"}, {"47": "N", "55": "S"}, {"47": "W", "50": "E"}, {"30": "W", "47": "W", "50": "E"}, {"30": "W", "47": "W"}, {"49": "W", "30": "W", "47": "W"}, {"49": "S", "30": "W", "47": "W"}, {"49": "S", "30": "W", "47": "N"}, {"49": "W", "30": "W", "47": "W"}, {"49": "S", "30": "W", "47": "W", "59": "S"}, {"30": "W", "39": "S", "47": "W", "59": "S"}, {"30": "W", "47": "W"}, {"47": "W"}, {"49": "S", "59": "E"}, {"49": "S", "30": "W", "59": "E"}, {"49": "E"}, {"49": "S", "39": "S"}, {"49": "W", "47": "W", "59": "S"}, {"49": "S", "47": "W", "59": "E"}, {"49": "S", "39": "S", "47": "N", "59": "N"}, {"49": "S", "39": "W", "47": "W", "59": "E"}, {"49": "S", "39": "S", "59": "E"}, {"49": "S", "39": "E", "59": "E"}, {"49": "W", "39": "S", "59": "S"}, {"48": "E"}, {"48": "N", "30": "W"}, {"48": "E", "30": "W"}, {"48": "E", "30": "W"}, {"44": "E", "48": "S", "30": "S"}, {"44": "S", "48": "E"}, {"44": "S", "45": "S"}, {"42": "E", "44": "S"}, {"42": "S", "44": "S", "48": "E", "39": "S"}, {"42": "S", "44": "S", "48": "E", "39": "S"}, {"42": "S", "44": "S", "48": "E", "39": "S"}, {"42": "E", "45": "W", "48": "E", "39": "E"}, {"42": "S", "45": "W", "48": "E"}, {"40": "W", "42": "S", "44": "S", "45": "W", "48": "N"}, {"40": "W", "42": "S", "44": "S", "45": "S"}, {"40": "W", "42": "E", "45": "W"}, {"37": "E", "38": "W", "40": "W", "42": "S", "45": "N"}, {"37": "S", "38": "N"}, {"37": "S", "38": "N"}, {"37": "E", "38": "W", "40": "N", "42": "S", "45": "W"}, {"37": "S", "40": "W", "42": "S", "45": "W"}, {"37": "E", "38": "N", "40": "W", "45": "N"}, {"37": "S", "38": "N", "40": "W", "45": "W"}, {"37": "S", "38": "W", "40": "W", "42": "S"}, {"36": "S", "37": "S", "38": "N", "40": "W"}, {"37": "S", "38": "N"}, {"8": "N", "36": "S", "37": "S", "38": "W", "42": "S"}, {"8": "N", "36": "W", "37": "E", "38": "N"}, {"8": "N", "36": "S", "37": "S", "38": "N"}, {"8": "W", "36": "W", "37": "S"}, {"35": "N", "8": "N", "36": "S"}, {"34": "W", "35": "N", "8": "W", "36": "S"}, {"34": "W", "35": "N", "8": "W", "36": "S"}, {"34": "W", "35": "N", "36": "S", "38": "N"}, {"34": "W", "35": "N", "36": "S", "38": "N"}, {"34": "W", "35": "N", "8": "N", "36": "S"}, {"34": "W", "35": "N", "8": "W"}, {"34": "W", "35": "N", "38": "N"}, {"35": "N", "36": "S", "38": "N"}, {"33": "N", "35": "N", "8": "N", "36": "S", "38": "E"}, {"33": "N", "35": "N", "8": "N"}, {"31": "N", "33": "N", "35": "E", "8": "N"}, {"31": "N", "33": "N", "35": "N", "8": "N", "38": "N"}, {"31": "N", "33": "N", "35": "W", "8": "N", "38": "W"}, {"33": "N", "8": "W", "38": "N"}, {"33": "N", "8": "N", "38": "N"}, {"33": "N", "8": "N", "38": "W"}, {"31": "N", "33": "N", "38": "W"}, {"31": "N", "33": "N", "35": "N", "38": "N"}, {"28": "N", "31": "N"}, {"31": "N"}, {"25": "E", "28": "W", "31": "N"}, {"25": "E", "26": "S", "28": "W"}, {"26": "S", "28": "S", "35": "N"}, {"25": "N", "26": "S", "28": "S", "31": "N", "35": "N"}, {"26": "S", "28": "S"}, {"26": "S", "28": "W"}, {"24": "N", "25": "E", "26": "S", "28": "W", "31": "N"}, {"24": "E", "25": "E", "28": "W"}, {"24": "E", "25": "N", "28": "W"}, {"22": "N", "24": "N", "25": "E", "28": "W", "31": "N"}, {"22": "N", "24": "E", "25": "E", "28": "W", "31": "N"}, {"22": "N", "24": "N", "25": "E", "28": "W"}, {"15": "E", "22": "N", "24": "N"}, {"15": "S", "24": "N", "25": "N"}, {"23": "E", "15": "S", "24": "N", "25": "E"}, {"23": "E", "15": "S", "22": "N", "24": "E", "25": "N"}, {"23": "E", "15": "S", "22": "N", "24": "E", "25": "N"}, {"23": "E", "15": "E", "22": "N", "24": "N", "25": "E"}, {"23": "E", "15": "S", "22": "N", "24": "E", "25": "N"}, {"23": "E", "15": "E", "24": "S"}, {"23": "E", "15": "S", "22": "N", "24": "E"}, {"15": "S", "22": "N", "24": "E", "25": "N"}, {"15": "S", "22": "N", "24": "N", "25": "N"}, {"23": "E", "24": "E", "25": "N"}, {"23": "E", "25": "N"}, {"17": "E", "25": "N"}, {"17": "E", "24": "N"}, {"14": "N", "17": "E", "15": "S", "24": "E"}, {"14": "N", "24": "E"}, {"14": "N", "17": "E", "24": "N"}, {"14": "N", "17": "E", "24": "N"}, {"14": "E", "23": "E"}, {"10": "W", "14": "N", "23": "E"}, {"14": "W", "17": "E", "15": "S"}, {"7": "S", "14": "N", "17": "E", "15": "S"}, {"7": "S", "10": "W", "14": "E", "17": "E", "15": "S"}, {"7": "E", "10": "N", "14": "N", "15": "E"}, {"10": "N", "14": "E", "17": "E", "15": "S"}, {"7": "S", "10": "W", "14": "N", "15": "S"}, {"7": "S", "10": "N", "14": "W", "15": "W"}, {"7": "S", "10": "N", "14": "W", "17": "E"}, {"6": "N", "10": "N", "14": "N", "17": "E"}, {"6": "N", "7": "S", "10": "N"}, {"5": "S", "7": "S", "10": "N"}, {"4": "N", "5": "S", "6": "N", "7": "S", "10": "N"}, {"4": "N", "5": "S", "6": "E", "7": "S", "10": "N"}, {"4": "N", "5": "S", "6": "N"}, {"3": "E", "6": "N"}, {"3": "E", "5": "S", "6": "N", "7": "S"}, {"3": "N", "4": "N", "5": "S", "6": "N"}, {"3": "E", "4": "N", "5": "S", "6": "N"}, {"3": "S", "4": "N", "6": "W"}, {"3": "E", "7": "S"}, {"3": "E", "7": "S"}, {"3": "N", "5": "S", "6": "N", "7": "S"}, {"3": "E"}, {"3": "E"}, {"3": "S", "6": "N"}, {"0": "S", "6": "E"}, {"0": "E", "3": "E", "6": "N"}, {"0": "E", "3": "S", "6": "N"}, {"0": "E", "6": "W"}, {"0": "N", "4": "N"}, {"0": "E", "3": "E", "4": "N", "5": "S"}, {"0": "E", "4": "N", "5": "S"}, {"0": "E", "4": "N"}, {"0": "E", "4": "N", "5": "S"}, {"4": "N"}, {"4": "N"}, {"0": "E"}, {"0": "E"}, {"0": "E"}, {"0": "E"}, {"0": "S"}, {"0": "E"}]}