{"instance": "small_free_001_10x10_40_40", "steps": [{"20": "W", "38": "E", "1": "S", "16": "S", "15": "N", "27": "E", "17": "W", "31": "E", "25": "S", "4": "W", "33": "W", "7": "E", "14": "E", "5": "E", "28": "W", "23": "E", "26": "S", "21": "N", "18": "W", "10": "E", "11": "E", "13": "N", "8": "W", "3": "N", "6": "N", "35": "E", "9": "E", "39": "W", "12": "E", "29": "W", "24": "E", "36": "N"}, {"21": "E", "9": "S", "26": "S", "16": "N", "39": "W", "4": "S", "24": "E", "23": "S", "35": "W", "25": "S", "33": "W", "0": "N", "18": "W", "36": "S", "17": "E", "12": "W", "2": "E", "6": "W", "38": "N", "13": "N", "3": "W", "8": "E", "15": "N", "1": "W", "20": "E", "10": "E", "22": "W", "27": "S", "11": "N", "14": "E", "29": "W"}, {"34": "W", "13": "N", "18": "W", "32": "E", "37": "E", "15": "N", "17": "E", "24": "E", "30": "W", "12": "E", "33": "W", "25": "E", "26": "E", "16": "N", "11": "E", "6": "W", "9": "S", "20": "S", "38": "S", "1": "E", "7": "E", "0": "N", "21": "E", "28": "W", "19": "W", "5": "E"}, {"38": "S", "25": "N", "7": "N", "2": "E", "10": "E", "18": "N", "14": "S", "35": "E", "36": "S", "9": "E", "0": "E", "30": "S", "22": "N", "26": "E", "3": "E", "8": "W", "33": "W", "31": "E", "15": "W", "24": "E", "12": "W", "23": "E", "1": "S", "13": "W", "21": "S", "4": "W", "16": "E", "6": "S", "5": "N", "20": "E", "37": "S", "11": "N"}, {"33": "N", "30": "N", "14": "E", "12": "S", "22": "W", "16": "W", "8": "E", "35": "E", "39": "W", "19": "S", "13": "E", "34": "W", "9": "E", "4": "N", "6": "W", "31": "E", "26": "E", "1": "W", "36": "N", "11": "E", "18": "W", "3": "E", "0": "E", "28": "N", "7": "N", "21": "N", "20": "E", "25": "S"}, {"13": "W", "33": "W", "26": "E", "14": "S", "32": "S", "36": "N", "16": "N", "37": "S", "29": "N", "34": "S", "15": "N", "39": "W", "20": "W", "21": "N", "3": "N", "30": "N", "18": "E", "1": "W", "2": "E", "12": "N", "6": "W", "7": "E", "9": "S", "11": "N", "0": "S", "17": "E"}, {"18": "W", "26": "E", "24": "N", "0": "E", "32": "S", "17": "N", "20": "E", "7": "N", "27": "S", "2": "S", "9": "S", "10": "N", "31": "S", "12": "S", "3": "W", "13": "N", "8": "N", "22": "S", "37": "E", "21": "S", "33": "N"}, {"21": "W", "7": "E", "33": "N", "26": "S", "10": "E", "27": "S", "38": "E", "31": "S", "36": "N", "23": "E", "16": "E", "18": "S", "17": "E", "8": "N", "9": "E", "14": "W", "39": "W", "12": "W", "13": "S", "0": "E", "35": "W"}, {"23": "E", "5": "N", "36": "N", "14": "E", "10": "E", "16": "E", "31": "S", "21": "N", "33": "S", "38": "S", "9": "E", "28": "E", "27": "S", "13": "E", "18": "N", "0": "W", "12": "E", "35": "N", "26": "N", "7": "E"}, {"12": "E", "7": "S", "33": "W", "38": "W", "28": "W", "13": "W", "22": "N", "10": "N", "5": "N", "4": "N", "21": "S", "36": "N", "37": "E", "26": "S", "35": "W", "0": "S", "27": "S", "17": "W"}, {"20": "E", "7": "E", "18": "N", "33": "N", "14": "W", "12": "W", "35": "S", "17": "E", "36": "W", "13": "E", "38": "N", "21": "N", "27": "N", "3": "S", "32": "W", "10": "S", "37": "E", "26": "S", "29": "W"}, {"38": "S", "17": "S", "33": "W", "27": "E", "12": "E", "32": "S", "7": "W", "20": "S", "21": "S", "36": "E", "15": "W", "35": "E", "14": "N", "16": "E", "3": "N", "26": "E", "28": "E", "19": "S", "10": "N"}, {"36": "W", "28": "W", "23": "N", "13": "W", "33": "E", "26": "S", "37": "E", "20": "N", "12": "E", "16": "S", "21": "E", "18": "N", "0": "E", "10": "S", "7": "E", "29": "N", "32": "S", "35": "W", "4": "W", "14": "E"}, {"3": "N", "38": "N", "16": "S", "23": "N", "21": "N", "37": "S", "29": "N", "0": "W", "20": "E", "27": "W", "36": "E", "22": "N", "17": "S", "33": "N", "15": "W", "12": "N", "26": "N", "7": "E", "32": "E"}, {"18": "N", "10": "N", "21": "N", "16": "W", "12": "S", "0": "N", "26": "S", "7": "E", "13": "E", "36": "N", "3": "W", "35": "E", "37": "N", "33": "N", "22": "W", "17": "E", "29": "W", "32": "S", "20": "S"}, {"37": "E", "13": "S", "27": "W", "18": "N", "17": "S", "26": "E", "7": "S", "32": "S", "33": "N", "23": "E", "16": "S", "21": "N"}, {"26": "E", "38": "E", "16": "S", "27": "E", "0": "E", "12": "N", "23": "E", "33": "W", "14": "E", "21": "S", "17": "W"}, {"27": "E", "0": "W", "21": "N", "26": "E", "23": "E", "16": "S", "24": "S", "17": "S", "35": "N", "33": "N", "12": "E", "38": "S", "10": "S", "20": "S"}, {"27": "E", "35": "W", "16": "S", "14": "E", "13": "E", "24": "N", "33": "N", "38": "S", "10": "S", "26": "W", "12": "E", "0": "S", "17": "E"}, {"14": "S", "10": "N", "33": "N", "21": "S", "26": "N", "16": "N", "27": "E", "20": "E", "35": "S", "23": "S", "12": "W"}, {"24": "S", "26": "N", "10": "N", "16": "W", "0": "N", "35": "E", "13": "W", "20": "S", "33": "E"}, {"28": "E", "12": "E", "35": "E", "10": "N", "24": "N", "33": "E", "26": "S", "25": "E", "20": "E", "14": "N", "23": "N", "0": "S", "38": "W", "13": "N"}, {"3": "N", "33": "S", "14": "S", "24": "N", "23": "S", "20": "N", "21": "E", "26": "N", "38": "S", "13": "N"}, {"35": "S", "24": "S", "10": "E", "20": "S", "16": "S", "21": "E", "0": "N", "38": "W", "12": "E", "14": "S", "26": "S"}, {"23": "N", "21": "W", "12": "S", "20": "N", "35": "N", "28": "S", "26": "N", "25": "S", "24": "N", "0": "S", "38": "S"}, {"0": "N", "10": "E", "23": "S", "16": "W", "20": "W", "26": "N", "38": "S", "35": "E", "13": "W", "25": "N", "21": "W"}, {"21": "N", "10": "N", "0": "S", "35": "N", "38": "E", "23": "E", "20": "E", "13": "E"}, {"13": "W", "28": "E", "23": "E", "10": "W", "35": "S", "21": "E"}, {"35": "W", "38": "S", "24": "E", "23": "W", "28": "E"}, {"24": "S", "21": "E", "20": "S", "23": "N", "35": "E", "38": "S", "28": "S"}, {"24": "E", "21": "W", "10": "N", "35": "W", "28": "E", "0": "N", "20": "N"}, {"21": "W", "10": "W", "35": "W", "0": "S", "3": "S"}, {"21": "E", "23": "E", "35": "E", "10": "N", "13": "E", "3": "N", "14": "W", "25": "E"}, {"10": "W", "35": "S", "20": "S", "21": "W", "23": "S", "0": "N", "13": "N", "3": "W", "28": "E"}, {"20": "N", "21": "E", "23": "S", "24": "E", "13": "S", "0": "S", "35": "W", "10": "N"}, {"35": "E", "14": "S", "20": "S", "0": "N", "23": "E", "21": "W"}, {"35": "W", "24": "E", "0": "S", "14": "W", "20": "N", "21": "W", "13": "E", "10": "N", "23": "S"}, {"21": "N", "20": "W", "0": "N", "14": "E", "35": "W", "10": "W", "13": "W", "28": "S", "23": "S", "24": "W"}, {"35": "S", "0": "S", "10": "S", "28": "E", "23": "E", "24": "N", "20": "E"}, {"28": "S", "35": "N", "0": "E"}, {"28": "E", "23": "S", "35": "W", "24": "E", "14": "W", "13": "E"}, {"20": "W", "24": "W", "35": "N", "13": "W", "0": "W", "14": "E", "23": "S"}, {"23": "W", "24": "E", "14": "W", "20": "E", "0": "E"}, {"13": "S", "23": "W", "28": "N", "0": "E", "24": "N", "14": "E"}, {"13": "W", "23": "W", "24": "W", "0": "S"}, {"24": "N", "13": "S", "28": "S", "20": "W", "23": "W", "14": "W"}, {"28": "W", "20": "E", "13": "W", "24": "N"}, {"14": "E", "24": "W", "0": "E", "28": "E"}, {"0": "S", "13": "E", "28": "W", "24": "W"}, {"0": "S", "28": "E", "24": "W", "13": "W"}, {"28": "S"}, {"0": "W", "14": "W", "13": "E", "28": "N"}, {"13": "W", "20": "S", "14": "E", "0": "W", "28": "W"}, {"20": "N", "14": "W", "28": "N", "0": "W"}, {"14": "E", "28": "N", "13": "E", "20": "S"}, {"28": "W", "13": "W", "20": "N"}, {"13": "E", "28": "W", "14": "N"}, {"13": "W", "28": "S", "14": "S"}, {"28": "S", "14": "W"}, {"20": "S", "14": "S", "28": "S", "13": "E"}, {"14": "S", "13": "W", "28": "N", "20": "N"}, {"28": "E"}, {"14": "E", "28": "N", "20": "W", "13": "E"}, {"13": "W", "20": "E", "14": "E", "28": "S"}, {"28": "E", "14": "S"}, {"14": "N", "28": "N"}, {"28": "S", "20": "S", "13": "E", "14": "W"}, {"13": "W", "20": "N", "28": "W"}, {"13": "E", "14": "E", "28": "E"}, {"13": "W", "14": "W", "28": "N", "20": "S"}, {"14": "E", "20": "N"}, {"28": "W", "13": "E"}, {"28": "S", "14": "W", "13": "W"}, {"14": "E", "20": "S"}, {"28": "E", "13": "E", "14": "E", "20": "S"}, {"28": "N", "13": "W", "14": "W", "20": "N"}, {"20": "N", "28": "N"}, {"28": "E", "14": "W", "20": "S", "13": "E"}, {"20": "N", "13": "E", "14": "E", "28": "W"}, {"13": "W", "14": "W", "28": "S"}, {"14": "E", "13": "W"}, {"20": "S", "14": "W", "28": "N"}, {"13": "N", "14": "E", "20": "N", "28": "W"}, {"13": "S", "20": "S", "28": "S"}, {"14": "E", "13": "E", "20": "S"}, {"14": "W", "20": "N", "28": "E", "13": "W"}, {"13": "E", "28": "W", "20": "N", "14": "W"}, {"28": "E", "20": "S", "13": "W", "14": "E"}, {"14": "E", "13": "E", "20": "S"}, {"13": "W", "28": "S", "20": "N", "14": "W"}, {"13": "E", "20": "N", "28": "S"}, {"13": "W", "14": "W"}, {"13": "E", "28": "W", "14": "E"}, {"13": "W"}, {"28": "W", "20": "S"}, {"14": "E", "13": "E", "20": "S", "28": "E"}, {"28": "E", "13": "W", "20": "N"}, {"14": "W", "28": "S"}, {"14": "E", "13": "E", "20": "S", "28": "N"}, {"13": "W", "20": "N", "14": "W", "28": "W"}]}