{"instance": "small_free_001_10x10_40_40", "steps": [{"10": "W", "24": "W", "30": "W", "36": "W", "0": "N", "2": "N", "5": "N", "7": "N", "8": "N", "9": "N", "12": "N", "14": "N", "17": "N", "19": "N", "20": "N", "23": "N", "26": "N", "27": "N", "32": "N", "37": "N", "38": "N", "3": "S", "13": "S", "15": "S", "18": "S", "21": "S", "29": "S", "33": "S", "39": "S", "1": "E", "4": "E", "6": "E", "11": "E", "16": "E", "22": "E", "25": "E", "28": "E", "31": "E", "34": "E", "35": "E"}, {"10": "W", "24": "W", "30": "W", "36": "W", "0": "N", "2": "N", "5": "N", "7": "N", "8": "N", "9": "N", "12": "N", "14": "N", "17": "N", "19": "N", "20": "N", "23": "N", "26": "N", "27": "N", "32": "N", "37": "N", "38": "N", "3": "S", "13": "S", "15": "S", "18": "S", "21": "S", "29": "S", "33": "S", "39": "S", "1": "E", "4": "E", "6": "E", "11": "E", "16": "E", "22": "E", "25": "E", "28": "E", "31": "E", "34": "E", "35": "E"}, {"10": "W", "24": "W", "30": "W", "36": "W", "0": "N", "2": "N", "5": "N", "7": "N", "8": "N", "9": "N", "12": "N", "14": "N", "17": "N", "19": "N", "20": "N", "23": "N", "26": "N", "27": "N", "32": "N", "37": "N", "38": "N", "3": "S", "13": "S", "15": "S", "18": "S", "21": "S", "29": "S", "33": "S", "39": "S", "1": "E", "4": "E", "6": "E", "11": "E", "16": "E", "22": "E", "25": "E", "28": "E", "31": "E", "34": "E", "35": "E"}, {"10": "W", "24": "W", "30": "W", "36": "W", "0": "N", "2": "N", "5": "N", "7": "N", "8": "N", "9": "N", "12": "N", "14": "N", "17": "N", "19": "N", "20": "N", "23": "N", "26": "N", "27": "N", "32": "N", "37": "N", "38": "N", "3": "S", "13": "S", "15": "S", "18": "S", "21": "S", "29": "S", "33": "S", "39": "S", "1": "E", "4": "E", "6": "E", "11": "E", "16": "E", "22": "E", "25": "E", "28": "E", "31": "E", "34": "E", "35": "E"}, {"10": "W", "24": "W", "30": "W", "36": "W", "0": "N", "2": "N", "5": "N", "7": "N", "8": "N", "9": "N", "12": "N", "14": "N", "17": "N", "19": "N", "20": "N", "23": "N", "26": "N", "27": "N", "32": "N", "37": "N", "38": "N", "3": "S", "13": "S", "15": "S", "18": "S", "21": "S", "29": "S", "33": "S", "39": "S", "1": "E", "4": "E", "6": "E", "11": "E", "16": "E", "22": "E", "25": "E", "28": "E", "31": "E", "34": "E", "35": "E"}, {"30": "W", "36": "W", "10": "N", "24": "N", "8": "S", "20": "S", "26": "S", "37": "S", "7": "W", "12": "W", "14": "W", "17": "W", "23": "W", "5": "E", "9": "E", "27": "E", "0": "N", "2": "N", "19": "N", "32": "N", "38": "N", "21": "S", "15": "E", "18": "E", "33": "E", "3": "N", "13": "N", "29": "N", "39": "N", "4": "S", "11": "S", "22": "S", "31": "S", "16": "W", "25": "W", "28": "E", "34": "E", "35": "E", "1": "N", "6": "N"}, {"30": "W", "36": "W", "10": "N", "24": "N", "8": "S", "20": "S", "26": "S", "37": "S", "7": "W", "12": "W", "14": "W", "17": "W", "23": "W", "5": "E", "9": "E", "27": "E", "0": "N", "2": "N", "19": "N", "32": "N", "38": "N", "21": "S", "15": "E", "18": "E", "33": "E", "3": "N", "13": "N", "29": "N", "39": "N", "4": "S", "11": "S", "22": "S", "31": "S", "16": "W", "25": "W", "28": "E", "34": "E", "35": "E", "1": "N", "6": "N"}, {"30": "W", "36": "W", "10": "N", "24": "N", "7": "W", "12": "W", "14": "W", "17": "W", "23": "W", "5": "E", "9": "E", "27": "E", "0": "N", "2": "N", "19": "N", "32": "N", "38": "N", "15": "E", "18": "E", "33": "E", "3": "N", "13": "N", "29": "N", "39": "N", "16": "W", "25": "W", "28": "E", "34": "E", "35": "E", "1": "N", "6": "N"}, {"36": "S", "30": "E", "24": "N", "10": "S", "26": "W", "20": "N", "37": "S", "8": "E", "17": "W", "12": "N", "14": "N", "23": "S", "7": "E", "9": "W", "5": "N", "27": "E", "19": "S", "32": "S", "0": "E", "2": "E", "38": "E", "21": "N", "33": "W", "18": "N", "15": "E", "3": "W", "39": "N", "13": "S", "29": "E", "4": "W", "11": "N", "22": "S", "31": "E", "25": "N", "16": "E", "34": "W", "28": "S", "35": "E", "6": "N", "1": "E"}, {"30": "E", "24": "N", "10": "S", "12": "N", "14": "N", "7": "E", "27": "E", "19": "S", "32": "S", "0": "E", "2": "E", "38": "E", "15": "E", "39": "N", "13": "S", "29": "E", "25": "N", "16": "E", "28": "S", "35": "E", "6": "N", "1": "E"}, {"0": "S", "38": "W", "2": "E", "29": "W", "1": "W"}]}