{"instance": "small_000_10x10_20_10", "steps": [{"2": "S", "3": "E", "4": "W", "5": "W", "6": "N", "7": "S", "8": "W", "9": "N"}, {"0": "W", "1": "N", "2": "S", "3": "N", "4": "W", "5": "W", "6": "E", "7": "S", "8": "W", "9": "E"}, {"0": "W", "6": "N", "8": "W"}, {"0": "W", "5": "S", "7": "S", "8": "N"}, {"0": "S", "3": "N", "5": "W", "6": "E", "9": "N"}, {"0": "W", "2": "S", "3": "N", "5": "W", "6": "E", "8": "N", "9": "N"}, {"0": "N", "2": "E", "3": "N", "6": "E", "8": "N", "9": "N"}, {"0": "E", "2": "S", "3": "N", "6": "E", "8": "N", "9": "E"}, {"0": "N", "2": "E", "3": "W", "6": "S", "8": "N", "9": "E"}, {"0": "N", "2": "E", "6": "E", "8": "E", "9": "E"}, {"0": "E", "2": "E", "6": "E", "8": "E", "9": "E"}, {"0": "N", "2": "E", "5": "W", "6": "S", "9": "E"}, {"0": "N", "2": "E", "5": "S", "6": "S", "8": "N", "9": "S"}, {"2": "E", "5": "S", "9": "E"}, {"0": "N", "2": "E", "5": "E", "8": "N", "9": "E"}, {"0": "N", "2": "E", "5": "S", "8": "E", "9": "E"}, {"0": "E", "2": "E", "5": "E", "8": "N", "9": "S"}, {"5": "S", "8": "N", "9": "S"}, {"2": "N", "5": "S", "8": "E", "9": "S"}, {"2": "N", "9": "W"}, {"2": "N", "8": "E", "9": "S"}, {"8": "E", "9": "S"}, {"8": "E"}, {"2": "W", "8": "E"}, {"8": "S"}]}