{"instance": "small_free_001_10x10_40_40", "steps": [{"12": "W", "7": "E", "5": "N", "39": "W", "3": "N", "15": "N", "35": "W", "36": "W", "34": "E", "28": "N", "1": "S", "14": "E", "17": "W", "4": "W", "6": "W", "18": "W", "10": "E", "33": "S", "9": "E", "30": "W", "37": "E", "13": "N", "24": "E", "31": "N", "20": "W", "11": "N", "32": "S", "29": "W", "21": "N", "26": "E", "22": "W"}, {"8": "W", "38": "E", "6": "W", "37": "S", "34": "S", "30": "N", "9": "S", "36": "E", "7": "N", "28": "N", "29": "N", "26": "S", "20": "S", "23": "N", "5": "N", "3": "W", "22": "N", "14": "W", "12": "E", "31": "E", "2": "S", "24": "E", "27": "S", "17": "S", "13": "N", "21": "N", "1": "S", "33": "N", "15": "N", "18": "W"}, {"27": "W", "8": "N", "14": "E", "26": "S", "5": "S", "38": "S", "6": "N", "20": "W", "12": "W", "15": "W", "7": "E", "22": "S", "29": "W", "18": "W", "4": "W", "3": "S", "10": "E", "13": "E", "9": "S", "37": "S", "11": "E", "24": "N", "19": "S", "25": "N", "0": "S", "21": "N", "36": "W", "34": "W"}, {"33": "W", "13": "W", "7": "E", "10": "N", "19": "W", "12": "E", "23": "E", "36": "N", "29": "N", "3": "N", "6": "W", "18": "N", "15": "E", "24": "N", "4": "S", "14": "E", "32": "E", "31": "N", "9": "E", "27": "S", "1": "S", "2": "E", "20": "E", "37": "E", "17": "E", "8": "E", "25": "S", "39": "N", "34": "E"}, {"4": "N", "0": "E", "39": "S", "23": "E", "17": "E", "5": "E", "36": "N", "9": "N", "37": "W", "33": "W", "8": "N", "14": "E", "1": "N", "15": "W", "7": "E", "12": "S", "11": "E", "20": "S", "31": "E", "19": "S", "13": "N", "18": "W", "24": "N", "34": "W", "10": "S", "3": "S", "6": "N", "28": "N", "16": "N"}, {"31": "N", "24": "W", "17": "S", "23": "W", "27": "E", "37": "E", "14": "E", "36": "E", "1": "E", "25": "E", "7": "N", "15": "W", "13": "W", "6": "S", "29": "N", "12": "E", "34": "N", "11": "N", "10": "N", "9": "S", "20": "E", "33": "N"}, {"27": "E", "11": "N", "12": "E", "6": "W", "24": "E", "14": "E", "10": "S", "23": "E", "7": "E", "17": "N", "15": "E", "1": "W", "22": "W", "34": "W", "26": "E", "20": "W", "9": "S", "33": "W", "31": "E", "39": "E", "36": "N", "21": "E", "28": "W"}, {"10": "N", "17": "E", "13": "E", "34": "W", "18": "S", "11": "E", "36": "S", "28": "W", "31": "S", "21": "S", "14": "S", "26": "S", "23": "N", "37": "E", "1": "W", "4": "N", "6": "W", "27": "E", "7": "E", "20": "E", "15": "E", "3": "S"}, {"13": "W", "12": "W", "23": "S", "3": "N", "9": "E", "39": "W", "28": "E", "38": "N", "18": "N", "6": "E", "36": "N", "15": "W", "26": "N", "16": "W", "7": "E", "31": "S"}, {"23": "E", "29": "S", "38": "N", "33": "W", "28": "W", "22": "W", "15": "N", "18": "N", "31": "E", "6": "S", "13": "S", "12": "E", "37": "S", "7": "E", "16": "E", "25": "S", "20": "E", "17": "W", "9": "S"}, {"16": "S", "20": "E", "24": "S", "17": "E", "0": "S", "34": "E", "18": "N", "7": "S", "38": "S", "9": "E", "1": "E", "25": "E", "31": "S", "33": "W", "3": "W", "37": "N", "13": "N", "23": "S", "5": "N", "28": "N", "15": "N"}, {"32": "S", "16": "S", "5": "E", "1": "E", "39": "E", "21": "E", "28": "S", "25": "E", "10": "E", "26": "E", "9": "E", "12": "E", "33": "W", "31": "W", "13": "S", "37": "E"}, {"39": "W", "15": "E", "26": "E", "3": "S", "1": "E", "16": "N", "25": "S", "31": "S", "29": "W", "38": "N", "36": "N", "13": "W", "10": "S", "33": "N", "20": "S", "28": "S", "17": "N", "21": "E"}, {"37": "E", "13": "N", "16": "N", "1": "W", "21": "N", "28": "W", "12": "N", "5": "N", "38": "N", "24": "S", "36": "N", "31": "S", "26": "E", "4": "W", "20": "N", "17": "N", "10": "E"}, {"21": "W", "10": "W", "28": "N", "17": "S", "24": "N", "22": "N", "38": "S", "18": "N", "16": "N", "15": "E", "20": "S", "3": "S"}, {"37": "E", "10": "S", "27": "W", "23": "N", "15": "W", "20": "E", "31": "S", "16": "S", "12": "S", "39": "W", "1": "W", "28": "S", "3": "N", "26": "E", "38": "E", "29": "E", "33": "E", "21": "W"}, {"33": "N", "23": "S", "10": "N", "16": "S", "27": "S", "29": "W", "20": "N", "38": "S", "21": "E", "1": "W", "15": "E", "12": "N", "3": "N"}, {"3": "N", "13": "E", "38": "N", "15": "E", "26": "N", "27": "S", "39": "W", "12": "S", "33": "N", "20": "S", "17": "N"}, {"17": "S", "21": "N", "20": "E", "39": "W", "10": "N", "3": "N", "27": "E", "38": "S", "33": "W", "15": "W"}, {"21": "S", "12": "N", "22": "N", "39": "W", "24": "S", "20": "E", "33": "S", "27": "S", "34": "N", "10": "S", "18": "N", "16": "N"}, {"20": "E", "38": "N", "0": "S", "33": "N", "13": "W", "14": "E", "27": "E", "26": "N", "1": "E", "24": "S", "12": "E", "10": "E", "15": "W", "16": "N"}, {"29": "W", "26": "S", "12": "E", "1": "W", "10": "W", "38": "S", "34": "W", "33": "N", "16": "S", "20": "W", "24": "N", "0": "W", "17": "N"}, {"28": "S", "20": "E", "38": "N", "24": "N", "26": "N", "23": "N", "33": "N", "29": "N", "14": "S", "0": "S", "10": "W", "27": "W", "15": "E", "12": "N", "17": "E"}, {"0": "N", "20": "N", "24": "N", "17": "W", "1": "N", "15": "W", "12": "S", "33": "W", "27": "E", "10": "E", "16": "S"}, {"15": "E", "33": "N", "17": "E", "10": "W", "3": "W", "38": "S", "0": "E", "14": "E", "13": "E"}, {"16": "S", "21": "N", "10": "E", "3": "E", "33": "N", "38": "N", "15": "E", "14": "E", "13": "E"}, {"1": "W", "38": "S", "3": "S", "15": "N", "33": "N", "14": "E", "20": "E", "13": "W", "10": "N"}, {"17": "W", "15": "S", "10": "N", "0": "W", "33": "E", "38": "E", "32": "S", "3": "S", "20": "E", "27": "N", "13": "E"}, {"14": "S", "0": "E", "16": "E", "15": "S", "32": "S", "38": "W", "27": "E", "33": "E", "17": "E", "3": "S", "2": "E", "34": "S", "1": "E", "13": "W", "20": "E"}, {"14": "S", "12": "S", "3": "N", "1": "W", "34": "S", "33": "S", "24": "E", "32": "W", "38": "S", "16": "E", "15": "N", "2": "E"}, {"21": "S", "38": "N", "16": "E", "0": "E", "3": "N", "28": "N", "1": "N", "32": "S"}, {"1": "S", "16": "S", "26": "E", "23": "E", "3": "W", "0": "E", "17": "E", "24": "E", "38": "N", "20": "E", "10": "S", "32": "E"}, {"1": "N", "14": "S", "10": "N", "28": "N", "32": "S", "24": "N", "23": "N", "20": "E", "16": "S", "13": "S", "38": "E", "3": "N"}, {"23": "S", "26": "E", "20": "N", "13": "S", "38": "N", "15": "N", "10": "S", "3": "N", "16": "N"}, {"38": "S", "21": "W", "26": "S", "16": "S", "15": "N", "3": "E", "20": "W", "10": "W", "13": "S"}, {"3": "N", "28": "E", "15": "N", "21": "S", "23": "E", "26": "S", "10": "W", "16": "W", "13": "S"}, {"16": "W", "10": "N", "14": "W", "21": "W", "20": "W", "15": "W", "17": "E", "38": "E", "13": "S"}, {"21": "E", "10": "S", "13": "S", "1": "W", "28": "E", "38": "S", "16": "S", "23": "E"}, {"15": "S", "16": "W", "13": "W", "10": "W", "28": "S", "24": "N", "1": "E", "38": "N", "21": "S"}, {"17": "N", "38": "E", "15": "E", "21": "S", "28": "E", "23": "E"}, {"17": "N", "15": "S", "38": "E", "23": "S", "1": "N", "28": "N", "21": "S", "13": "N"}, {"28": "W", "17": "W", "13": "E", "1": "E", "38": "E", "23": "E", "21": "S", "15": "S", "10": "S"}, {"23": "S", "38": "S", "28": "W", "17": "W", "15": "S", "13": "W", "1": "W", "21": "W", "10": "N"}, {"15": "S", "23": "E", "21": "S", "10": "W", "13": "W", "1": "N", "17": "W", "38": "S"}, {"15": "S", "10": "W", "38": "S", "17": "W", "23": "S", "13": "N"}, {"15": "W", "28": "N", "13": "N", "17": "W", "10": "N", "23": "S", "21": "N", "38": "S"}, {"38": "S", "17": "S", "1": "N", "21": "S", "13": "N", "23": "S", "15": "W"}, {"15": "S", "21": "W", "28": "N", "23": "S", "13": "W", "1": "W", "17": "N", "38": "S"}, {"13": "W", "21": "E", "17": "S", "10": "N", "28": "N", "23": "W", "15": "S", "1": "N"}, {"23": "W", "10": "N", "1": "W", "17": "S", "15": "W", "28": "S", "38": "S", "21": "N", "13": "N"}, {"10": "W", "15": "W", "21": "W", "13": "S", "28": "N"}, {"38": "S", "15": "W", "21": "S", "13": "S", "10": "N", "1": "W", "17": "N"}, {"21": "W", "10": "N", "15": "W", "38": "S", "13": "N", "17": "W", "28": "W"}, {"38": "S", "21": "W", "13": "W", "15": "N", "17": "E", "1": "E", "28": "E"}, {"38": "W", "15": "N", "28": "N", "13": "N", "1": "N"}, {"10": "S", "13": "N", "15": "N", "38": "W", "17": "S", "21": "S", "28": "N", "1": "W"}, {"21": "S", "1": "S", "28": "E", "13": "E", "17": "W"}, {"38": "W", "1": "E", "15": "W", "21": "W", "17": "E", "10": "W"}, {"38": "W", "28": "W", "10": "N", "1": "S", "17": "S"}, {"28": "S", "10": "E", "1": "W", "38": "W", "21": "N", "17": "S"}, {"28": "N", "21": "E", "38": "W", "17": "E", "10": "N", "1": "W"}, {"38": "N", "1": "N", "21": "W", "28": "S", "10": "N", "17": "S"}, {"10": "E", "21": "W", "1": "S", "28": "N", "17": "S"}, {"10": "E", "1": "N", "21": "N", "28": "N", "17": "W"}, {"21": "E", "28": "E", "15": "S", "10": "E", "17": "S"}, {"15": "N", "21": "S", "28": "E", "17": "E", "1": "W"}, {"28": "W", "15": "N", "10": "E", "17": "E"}, {"1": "W", "10": "E", "28": "W", "21": "N", "17": "E"}, {"10": "S", "17": "E", "21": "E"}, {"28": "E", "10": "E", "17": "N", "1": "S", "15": "S", "21": "N"}, {"1": "S", "15": "E"}, {"28": "S", "15": "W", "1": "N", "21": "N"}, {"1": "W", "15": "S"}, {"15": "N", "21": "S", "1": "W", "28": "E"}, {"1": "W", "15": "W"}, {"15": "W", "28": "S", "21": "N", "1": "N"}, {"28": "W", "21": "W", "1": "N"}, {"21": "W", "15": "W", "1": "S", "28": "E"}, {"21": "S", "15": "W"}, {"15": "W", "21": "W", "1": "S"}, {"15": "N", "28": "N", "1": "N"}, {"1": "N", "28": "W", "21": "E", "15": "N"}, {"15": "W", "1": "S"}, {"1": "E", "28": "N", "15": "W"}, {"21": "E", "28": "E", "1": "E"}, {"28": "E", "15": "N", "21": "E"}, {"21": "N", "28": "W", "15": "E"}, {"21": "S", "15": "E", "1": "S", "28": "W"}, {"21": "S", "15": "N", "1": "N"}, {"1": "S", "15": "W"}, {"1": "E", "28": "E", "15": "W"}, {"1": "S", "28": "W", "21": "S", "15": "N"}, {"15": "E", "1": "N", "21": "N", "28": "S"}, {"1": "N", "21": "E", "28": "W", "15": "W"}, {"21": "S", "15": "E", "28": "W"}, {"1": "N", "15": "N", "28": "W"}, {"1": "E", "21": "W", "28": "N"}, {"1": "S", "21": "N"}, {"1": "S", "28": "W", "21": "N", "15": "N"}, {"1": "E", "21": "E", "15": "E"}]}