{"instance": "small_free_001_10x10_40_40", "steps": [{"0": "W", "1": "N", "3": "E", "26": "W", "28": "E", "2": "N", "4": "W", "5": "N", "6": "N", "7": "N", "11": "N", "12": "W", "13": "E", "14": "W", "16": "N", "17": "W", "20": "W", "23": "W", "24": "W", "25": "N", "27": "S", "29": "S", "30": "W", "31": "E", "33": "S", "34": "E", "36": "S", "37": "W", "38": "N", "39": "S"}, {"1": "N", "15": "E", "28": "S", "2": "N", "4": "S", "5": "W", "7": "N", "8": "W", "9": "W", "11": "N", "13": "E", "14": "N", "17": "W", "18": "S", "19": "N", "20": "W", "22": "S", "23": "W", "24": "S", "25": "N", "27": "S", "29": "E", "30": "W", "31": "N", "33": "E", "34": "S", "36": "S", "38": "N", "39": "E"}, {"1": "N", "3": "S", "2": "N", "6": "N", "8": "W", "9": "S", "10": "W", "11": "E", "12": "W", "13": "E", "16": "E", "18": "S", "19": "N", "20": "S", "22": "S", "27": "W", "29": "E", "30": "S", "31": "E", "32": "N", "34": "E", "36": "S", "38": "N", "39": "E"}, {"3": "S", "15": "E", "28": "E", "2": "N", "7": "N", "8": "W", "9": "S", "10": "S", "11": "N", "12": "W", "16": "N", "17": "W", "18": "W", "19": "N", "22": "S", "24": "S", "25": "W", "29": "S", "30": "W", "31": "N", "33": "W", "34": "E", "36": "W", "39": "S"}, {"1": "W", "3": "S", "26": "S", "28": "N", "4": "S", "5": "N", "6": "E", "7": "N", "9": "W", "11": "E", "12": "N", "16": "E", "22": "E", "24": "S", "25": "N", "27": "W", "29": "E", "30": "S", "31": "E", "32": "N", "33": "S", "37": "N", "39": "E"}, {"3": "W", "28": "E", "4": "S", "5": "W", "6": "N", "9": "S", "11": "N", "12": "W", "23": "W", "24": "S", "25": "E", "29": "S", "30": "S", "32": "N", "33": "E", "37": "W", "39": "N"}, {"3": "S", "15": "N", "28": "N", "5": "W", "6": "N", "9": "W", "11": "W", "17": "W", "20": "S", "22": "E", "23": "W", "24": "S", "25": "E", "27": "S", "30": "W", "31": "E", "33": "E", "37": "S"}, {"1": "S", "3": "W", "26": "S", "4": "S", "6": "N", "9": "S", "16": "E", "17": "W", "18": "E", "20": "W", "22": "N", "24": "S", "25": "N", "27": "W", "37": "S", "39": "E"}, {"1": "W", "6": "W", "9": "W", "11": "W", "18": "S", "20": "W", "24": "W", "27": "S", "30": "W"}, {"1": "S", "4": "S", "9": "S", "18": "S", "19": "N", "24": "S", "29": "E", "30": "S"}, {"4": "S", "11": "N", "16": "N", "18": "S", "19": "W", "29": "S"}, {"11": "N", "19": "W", "23": "S", "25": "N", "33": "S"}, {"21": "E", "4": "W", "22": "E", "37": "W"}, {"21": "N", "15": "N", "12": "N", "16": "E", "18": "S", "22": "S", "24": "W", "25": "E", "38": "S"}, {"11": "N", "18": "W", "19": "W", "22": "E", "33": "E"}, {"21": "N"}, {"21": "N"}, {"21": "N"}, {"21": "N"}, {"1": "S", "26": "E", "3": "N", "28": "W"}, {"1": "S", "3": "W", "28": "N"}, {"1": "S", "26": "E", "3": "W", "28": "W"}, {"26": "E", "0": "E", "3": "N", "28": "W"}, {"15": "W", "26": "E", "0": "E", "3": "N", "28": "W"}, {"15": "N", "26": "E", "0": "S", "28": "W"}, {"15": "W", "28": "N"}, {"15": "W", "28": "W"}, {"15": "W", "26": "E"}, {"26": "E", "3": "N"}, {"15": "W", "26": "S", "3": "N"}, {"15": "N", "26": "E", "28": "W"}, {"0": "S", "3": "N", "28": "S"}, {"26": "E", "3": "N", "28": "W"}, {"26": "N", "3": "W", "28": "W"}, {"0": "S", "3": "N"}, {"0": "S", "3": "E"}, {"35": "W", "3": "E"}, {"0": "E", "28": "W"}, {"0": "E"}, {"0": "N"}, {"6": "W", "11": "E", "18": "W", "19": "S", "25": "S", "37": "S", "24": "N", "29": "W"}, {"6": "W", "18": "W", "19": "S", "25": "S", "36": "N", "37": "E", "4": "W", "17": "S", "22": "N", "29": "W", "38": "W", "16": "S", "32": "W", "34": "W"}, {"2": "E", "7": "E", "18": "N", "19": "S", "25": "S", "37": "E", "4": "N", "5": "N", "17": "S", "23": "S", "24": "N", "22": "N", "38": "W", "32": "W", "39": "S"}, {"2": "E", "7": "S", "11": "E", "18": "W", "25": "S", "27": "E", "31": "S", "37": "E", "4": "W", "5": "E", "17": "S", "23": "E", "24": "N", "22": "N", "38": "S", "13": "S", "20": "S"}, {"2": "S", "7": "E", "11": "E", "12": "E", "18": "N", "19": "S", "25": "S", "27": "E", "31": "S", "36": "N", "37": "E", "5": "N", "17": "S", "24": "W", "33": "N", "29": "N", "38": "S", "16": "S", "13": "S", "20": "S"}, {"2": "S", "7": "E", "9": "E", "11": "S", "12": "N", "18": "N", "19": "S", "27": "E", "36": "N", "17": "E", "33": "N", "22": "E", "29": "N", "38": "W", "16": "S", "13": "W", "20": "S"}, {"2": "E", "6": "S", "7": "S", "9": "E", "11": "S", "12": "E", "18": "N", "19": "E", "25": "E", "27": "E", "31": "S", "36": "N", "37": "E", "4": "N", "5": "E", "17": "E", "23": "E", "24": "N", "33": "W", "22": "N", "38": "S", "34": "E", "13": "W", "20": "E"}, {"2": "S", "6": "W", "7": "E", "9": "E", "11": "S", "18": "N", "19": "S", "25": "S", "27": "E", "36": "N", "37": "E", "4": "N", "17": "E", "23": "S", "24": "E", "33": "N", "22": "W", "38": "S", "32": "N", "34": "S", "20": "E"}, {"2": "S", "6": "S", "7": "E", "8": "E", "9": "E", "11": "S", "18": "N", "19": "E", "30": "N", "36": "E", "37": "E", "4": "N", "17": "E", "24": "N", "33": "W", "14": "E", "20": "S"}, {"6": "W", "7": "E", "18": "N", "27": "E", "31": "S", "36": "N", "37": "E", "5": "E", "17": "E", "33": "W", "29": "W", "39": "W", "13": "W", "20": "E"}, {"6": "S", "7": "E", "12": "S", "25": "S", "31": "W", "37": "E", "23": "S", "33": "W", "22": "N", "34": "E", "39": "S", "13": "W", "20": "E"}, {"2": "S", "6": "E", "12": "E", "30": "N", "36": "N", "23": "W", "14": "E", "22": "W", "29": "E", "16": "E", "34": "S", "39": "S", "13": "W", "20": "E"}, {"7": "E", "8": "E", "12": "E", "30": "E", "31": "S", "36": "N", "23": "S", "29": "N", "38": "W", "39": "W", "20": "S"}, {"6": "S", "7": "S", "27": "E", "30": "N", "23": "E", "33": "N", "14": "N", "29": "N", "39": "W", "20": "E"}, {"12": "E", "18": "E", "33": "N", "22": "W", "34": "S", "13": "W", "20": "E"}, {"18": "N", "30": "E", "5": "E", "33": "W", "22": "N", "29": "N", "34": "S", "13": "W", "20": "E"}, {"18": "W", "5": "N", "23": "E", "33": "N", "22": "W", "29": "N", "16": "S", "34": "W", "39": "W", "13": "W", "20": "E"}, {"6": "W", "8": "N", "12": "E", "5": "E", "10": "W", "23": "S", "22": "N", "29": "N", "16": "S", "34": "W"}, {"6": "S", "8": "N", "9": "E", "18": "N", "4": "N", "5": "S", "10": "N", "23": "S", "33": "W", "22": "N", "29": "W", "16": "W", "34": "W", "39": "W"}, {"9": "N", "12": "E", "18": "N", "4": "N", "5": "S", "10": "N", "23": "E", "33": "W", "14": "S", "29": "N", "16": "S", "32": "N", "34": "W", "39": "N"}, {"8": "E", "12": "E", "18": "N", "30": "N", "4": "N", "10": "N", "24": "N", "14": "E", "22": "W", "29": "W", "16": "S", "32": "W", "34": "W", "39": "N", "13": "W", "20": "S"}, {"14": "N", "22": "W", "29": "W", "38": "S", "16": "S", "39": "N", "13": "S", "20": "E"}, {"9": "S", "17": "E", "23": "E", "33": "W", "14": "E", "22": "S", "29": "N", "38": "S", "16": "S", "32": "W", "39": "W", "20": "E"}, {"12": "E", "4": "E", "24": "E", "29": "N", "32": "S", "34": "N", "39": "W", "20": "E"}, {"30": "N", "24": "N", "29": "W", "38": "S", "32": "S", "34": "N", "39": "W"}, {"9": "E", "10": "N", "24": "N", "33": "S", "14": "E", "38": "W", "16": "W", "34": "W"}, {"30": "E", "17": "E", "10": "N", "24": "E", "22": "S", "38": "S", "16": "S", "34": "N", "20": "N"}, {"30": "E", "10": "W", "23": "E", "22": "W", "38": "S", "16": "W", "34": "N", "39": "N"}, {"9": "E", "12": "S", "23": "E", "24": "N", "33": "W", "22": "W", "38": "E", "16": "S", "32": "S"}, {"9": "E", "12": "S", "17": "E", "23": "E", "24": "N", "33": "N", "22": "S", "29": "W", "38": "S", "32": "S"}, {"9": "N", "12": "S", "17": "E", "10": "N", "33": "N", "32": "W", "20": "E"}, {"9": "E", "10": "N", "24": "W", "14": "E", "29": "S", "38": "E", "32": "S", "39": "W", "13": "N", "20": "E"}, {"10": "N", "24": "N", "14": "E", "29": "S", "38": "E", "32": "S"}, {"17": "N", "10": "N", "23": "E", "24": "N", "14": "E", "38": "E", "13": "N"}, {"24": "N", "33": "N", "14": "E", "13": "N", "20": "N"}, {"33": "N", "14": "S", "29": "W", "13": "N", "20": "E"}, {"23": "E", "14": "E", "29": "S", "16": "S", "13": "N"}, {"10": "E", "23": "E", "24": "E", "33": "W", "14": "E", "16": "W", "32": "S", "13": "N"}, {"10": "E", "33": "N", "14": "S", "38": "E", "16": "W", "32": "S", "13": "E", "20": "N"}, {"33": "N", "14": "S", "38": "E", "16": "N"}, {"33": "N", "14": "S", "20": "N"}, {"14": "S", "16": "N", "32": "S", "20": "N"}, {"10": "E", "23": "N", "16": "N", "32": "S", "20": "N"}, {"10": "E", "32": "E", "20": "N"}, {"10": "E", "23": "N", "24": "N", "20": "W"}, {"10": "E", "16": "N", "20": "W"}, {"24": "E", "16": "N", "32": "E"}, {"14": "S"}, {"24": "E", "33": "E", "14": "S"}, {"10": "S", "24": "N", "14": "W"}, {"33": "E", "14": "W", "32": "S"}, {"24": "E", "33": "S"}, {"32": "S"}, {"24": "E"}, {"24": "S"}, {"24": "S"}, {"24": "S"}, {"24": "E"}, {"32": "E"}, {"32": "E"}, {"32": "E"}, {"32": "E"}, {"32": "N"}]}