{"instance": "galaxy_cluster_00000_20x20_20_80", "steps": [{"18": "N", "0": "W", "1": "E", "3": "N", "4": "S", "6": "S", "7": "W", "8": "S", "9": "W", "10": "E", "11": "N", "12": "S", "13": "W", "14": "S", "15": "W", "16": "S", "21": "W", "22": "S", "24": "S", "25": "S", "27": "S", "28": "E", "29": "E", "30": "W", "31": "E", "32": "W", "34": "E", "36": "N", "37": "W", "38": "N", "39": "W", "41": "S", "42": "N", "43": "W", "44": "W", "45": "S", "46": "E", "47": "E", "48": "S", "51": "S", "52": "W", "55": "S", "56": "S", "57": "E", "58": "S", "59": "W", "60": "W", "62": "S", "63": "N", "64": "W", "65": "W", "66": "S", "67": "E", "68": "S", "69": "E", "70": "S", "71": "W", "72": "W", "73": "S", "74": "W", "75": "E", "76": "N", "77": "E", "78": "S", "79": "W"}, {"18": "N", "19": "S", "1": "E", "3": "N", "4": "S", "5": "W", "6": "S", "7": "N", "8": "E", "9": "N", "11": "W", "12": "S", "13": "W", "14": "S", "15": "W", "16": "S", "17": "N", "20": "E", "22": "S", "23": "N", "26": "N", "27": "W", "29": "E", "30": "S", "31": "S", "32": "W", "33": "W", "34": "N", "35": "S", "36": "E", "37": "N", "38": "N", "39": "W", "40": "E", "41": "W", "42": "N", "43": "W", "44": "W", "46": "E", "47": "S", "48": "S", "49": "N", "50": "S", "51": "E", "52": "N", "55": "E", "56": "W", "57": "E", "58": "E", "59": "N", "61": "S", "62": "E", "63": "E", "64": "S", "65": "N", "66": "E", "67": "N", "68": "E", "69": "S", "71": "N", "72": "S", "73": "E", "74": "S", "76": "W", "77": "N", "78": "S", "79": "S"}, {"18": "N", "0": "W", "1": "S", "2": "N", "3": "N", "4": "W", "6": "W", "7": "W", "8": "E", "9": "W", "10": "S", "11": "N", "12": "E", "13": "W", "15": "N", "16": "S", "17": "N", "20": "E", "21": "N", "22": "S", "26": "E", "27": "N", "29": "E", "30": "S", "32": "S", "33": "N", "35": "S", "36": "N", "37": "N", "38": "N", "39": "N", "40": "E", "41": "S", "42": "E", "47": "E", "49": "N", "50": "W", "51": "S", "54": "N", "55": "E", "56": "W", "57": "S", "58": "S", "59": "N", "60": "N", "61": "S", "62": "E", "63": "N", "64": "W", "65": "N", "66": "E", "67": "E", "68": "S", "69": "W", "70": "S", "71": "W", "73": "S", "76": "W", "77": "N", "78": "W", "79": "S"}, {"18": "N", "19": "S", "0": "W", "1": "S", "3": "W", "4": "W", "8": "E", "9": "N", "10": "S", "11": "N", "12": "S", "15": "N", "16": "S", "17": "W", "21": "N", "22": "W", "23": "N", "26": "N", "29": "E", "32": "S", "33": "W", "34": "E", "35": "W", "36": "E", "37": "N", "38": "N", "39": "N", "42": "N", "43": "S", "46": "N", "47": "E", "49": "N", "50": "W", "51": "E", "52": "N", "54": "N", "56": "W", "57": "S", "58": "S", "59": "W", "60": "N", "61": "E", "63": "N", "64": "W", "65": "N", "66": "E", "67": "N", "68": "S", "69": "S", "70": "S", "71": "N", "72": "W", "73": "S", "75": "E", "77": "N", "78": "W", "79": "S"}, {"18": "N", "0": "W", "2": "W", "3": "W", "6": "S", "7": "N", "9": "W", "10": "E", "11": "W", "12": "E", "15": "N", "16": "S", "17": "W", "21": "N", "22": "S", "23": "N", "24": "S", "25": "E", "26": "E", "27": "N", "28": "N", "29": "E", "33": "S", "34": "E", "35": "S", "36": "E", "37": "N", "38": "E", "39": "N", "42": "E", "43": "S", "47": "E", "49": "W", "51": "S", "52": "N", "54": "N", "56": "N", "57": "W", "58": "E", "59": "W", "61": "E", "62": "N", "63": "N", "64": "W", "65": "N", "66": "E", "68": "W", "69": "S", "71": "W", "72": "S", "74": "W", "75": "E", "77": "E", "78": "W", "79": "W"}, {"19": "S", "2": "W", "3": "N", "6": "S", "7": "N", "9": "N", "10": "S", "12": "E", "13": "N", "14": "S", "15": "E", "17": "N", "20": "N", "22": "E", "23": "W", "25": "E", "26": "N", "29": "S", "33": "S", "34": "S", "36": "N", "37": "N", "38": "E", "39": "W", "40": "S", "41": "E", "42": "E", "44": "W", "45": "S", "48": "W", "49": "N", "50": "W", "51": "S", "52": "N", "54": "N", "56": "N", "57": "S", "58": "N", "59": "W", "63": "W", "64": "S", "65": "W", "66": "S", "67": "E", "68": "W", "69": "S", "71": "N", "72": "S", "74": "W", "75": "E", "77": "N", "78": "N"}]}