{"instance": "small_free_001_10x10_40_40", "steps": [{"1": "N", "3": "W", "26": "W", "28": "E", "35": "N", "2": "N", "4": "W", "6": "N", "7": "N", "9": "S", "10": "E", "12": "W", "13": "N", "14": "N", "16": "S", "17": "W", "18": "W", "19": "W", "20": "W", "22": "S", "23": "W", "24": "S", "25": "N", "27": "S", "29": "E", "30": "W", "32": "N", "33": "S", "34": "E", "37": "W", "39": "E"}, {"1": "N", "3": "N", "15": "S", "26": "S", "2": "N", "7": "N", "8": "W", "9": "S", "10": "N", "13": "E", "14": "N", "17": "W", "18": "N", "19": "N", "20": "S", "22": "W", "23": "W", "24": "E", "25": "N", "27": "S", "29": "E", "30": "S", "37": "S", "39": "E"}, {"1": "W", "3": "E", "15": "W", "26": "S", "35": "E", "8": "W", "10": "N", "11": "N", "12": "N", "14": "E", "17": "S", "18": "W", "19": "W", "20": "S", "22": "N", "29": "E", "30": "S", "31": "E", "36": "S", "37": "S"}, {"1": "W", "3": "N", "26": "S", "28": "N", "35": "E", "2": "N", "10": "E", "11": "W", "12": "W", "14": "E", "17": "S", "18": "N", "19": "W", "20": "S", "22": "N", "31": "S", "32": "E", "33": "W", "34": "S", "36": "W", "37": "E"}, {"0": "E", "1": "N", "3": "W", "26": "W", "28": "E", "35": "N", "2": "E", "7": "N", "10": "N", "11": "W", "14": "S", "17": "S", "18": "W", "19": "W", "22": "N", "27": "S", "30": "W", "32": "N", "33": "S", "34": "W", "36": "W", "37": "S"}, {"0": "S", "1": "E", "3": "N", "15": "S", "35": "E", "2": "E", "7": "E", "9": "W", "10": "N", "11": "N", "12": "N", "13": "N", "18": "N", "19": "W", "22": "N", "25": "E", "27": "W", "29": "N", "33": "W", "34": "S", "37": "S"}, {"0": "E", "1": "E", "3": "W", "15": "S", "28": "N", "35": "E", "2": "E", "4": "W", "5": "N", "6": "E", "7": "N", "9": "S", "10": "E", "12": "N", "13": "E", "18": "W", "19": "W", "22": "W", "25": "E", "27": "S", "29": "N", "33": "W", "34": "S", "36": "S", "37": "S"}, {"15": "S", "26": "N", "28": "W", "35": "S", "5": "W", "6": "N", "7": "N", "8": "W", "12": "E", "13": "N", "16": "E", "17": "E", "18": "W", "22": "N", "24": "N", "27": "S", "29": "W", "32": "N", "36": "W", "37": "S"}, {"1": "N", "15": "W", "26": "W", "35": "E", "4": "W", "5": "W", "6": "N", "7": "E", "8": "W", "10": "N", "12": "N", "13": "W", "16": "S", "18": "S", "20": "W", "22": "N", "24": "N", "27": "E", "31": "S", "36": "W"}, {"3": "N", "15": "W", "35": "S", "4": "W", "5": "N", "7": "E", "8": "N", "9": "S", "10": "N", "11": "E", "12": "N", "17": "S", "18": "W", "20": "N", "22": "N", "23": "S", "24": "E", "25": "E", "30": "W", "31": "S", "36": "W", "37": "E"}, {"28": "N", "4": "W", "5": "W", "9": "E", "10": "N", "11": "N", "12": "E", "17": "S", "20": "W", "22": "N", "24": "E", "25": "N", "27": "E", "29": "N", "30": "N", "31": "E", "36": "N"}, {"0": "E", "4": "W", "6": "W", "10": "N", "11": "N", "12": "E", "16": "W", "19": "N", "20": "N", "22": "W", "25": "E", "27": "S", "29": "E", "30": "N", "31": "S", "33": "W", "36": "E"}, {"26": "E", "4": "W", "6": "W", "9": "S", "11": "N", "12": "E", "16": "S", "18": "N", "25": "E", "27": "S", "29": "N", "30": "W", "31": "E", "36": "N"}, {"3": "N", "26": "E", "6": "N", "9": "W", "10": "N", "11": "E", "12": "E", "13": "N", "16": "S", "18": "W", "24": "N", "25": "S", "27": "E", "29": "N", "31": "N"}, {"0": "S", "3": "N", "4": "N", "6": "W", "7": "N", "9": "S", "10": "N", "16": "S", "19": "W", "24": "E", "25": "E", "27": "E", "29": "W", "32": "E"}, {"0": "E", "1": "W", "4": "W", "6": "W", "7": "E", "9": "S", "10": "N", "16": "S", "20": "E", "24": "S", "25": "E", "27": "E", "36": "N"}, {"0": "E", "1": "S", "15": "S", "28": "S", "35": "S", "2": "E", "7": "E", "9": "S", "10": "W", "11": "E", "20": "E", "25": "S", "30": "N", "36": "N"}, {"35": "W"}, {"35": "S"}, {"35": "W"}, {"35": "W"}, {"35": "N"}, {"35": "W"}, {"35": "W"}, {"35": "W"}, {"35": "N"}, {"33": "N"}, {"33": "N"}, {"33": "N"}, {"33": "W"}, {"33": "N"}, {"33": "N"}, {"33": "N"}, {"33": "N"}, {"33": "N"}, {"33": "N"}, {"33": "N"}, {"21": "N"}, {"21": "N"}, {"21": "N"}, {"21": "N"}, {"21": "N"}, {"21": "E"}, {"32": "S"}, {"32": "S"}, {"32": "S"}, {"32": "W"}, {"32": "S"}, {"32": "S"}, {"32": "S"}, {"32": "S"}, {"32": "S"}, {"32": "S"}, {"24": "W"}, {"24": "N"}, {"24": "N"}, {"24": "N"}, {"24": "E"}, {"24": "N"}, {"20": "E"}, {"20": "E"}, {"20": "E"}, {"20": "E"}, {"20": "E"}, {"20": "E"}, {"20": "E"}, {"20": "E"}, {"20": "E"}, {"20": "E"}, {"15": "W"}, {"15": "N"}, {"15": "N"}, {"15": "N"}, {"15": "N"}, {"15": "N"}, {"15": "N"}, {"15": "E"}, {"15": "N"}, {"15": "N"}, {"15": "N"}, {"13": "W"}, {"13": "N"}, {"13": "W"}, {"13": "W"}, {"13": "W"}, {"13": "W"}, {"13": "W"}, {"13": "S"}, {"13": "S"}, {"8": "E"}, {"8": "E"}, {"8": "E"}, {"8": "E"}, {"8": "N"}, {"39": "W"}, {"39": "W"}, {"39": "W"}, {"39": "W"}, {"39": "W"}, {"39": "W"}, {"39": "W"}, {"38": "S"}, {"38": "S"}, {"38": "S"}, {"38": "S"}, {"38": "S"}, {"38": "E"}, {"38": "S"}, {"38": "S"}, {"38": "S"}, {"14": "S"}, {"14": "E"}, {"14": "S"}, {"14": "S"}, {"14": "S"}, {"14": "S"}, {"14": "S"}, {"14": "E"}, {"14": "E"}, {"14": "E"}, {"14": "E"}, {"14": "E"}, {"34": "N"}, {"34": "W"}, {"34": "W"}, {"34": "N"}, {"26": "E"}, {"26": "E"}, {"26": "E"}, {"26": "E"}, {"26": "E"}, {"26": "E"}, {"26": "E"}, {"26": "E"}, {"26": "E"}, {"23": "E"}, {"23": "E"}, {"23": "S"}, {"23": "S"}, {"23": "S"}, {"23": "E"}, {"23": "E"}, {"23": "E"}, {"23": "E"}, {"23": "E"}, {"23": "E"}, {"23": "S"}, {"23": "E"}, {"37": "N"}, {"37": "N"}, {"37": "N"}, {"37": "N"}, {"37": "E"}, {"37": "E"}, {"37": "E"}, {"37": "E"}, {"37": "E"}, {"36": "E"}, {"36": "N"}, {"36": "N"}, {"36": "N"}, {"36": "E"}, {"36": "E"}, {"36": "E"}, {"30": "E"}, {"30": "E"}, {"30": "E"}, {"28": "W"}, {"28": "W"}, {"28": "W"}, {"28": "W"}, {"28": "W"}, {"28": "W"}, {"28": "W"}, {"28": "W"}, {"29": "W"}, {"29": "W"}, {"29": "S"}, {"29": "W"}, {"29": "S"}, {"29": "W"}, {"29": "W"}, {"29": "W"}, {"27": "N"}, {"27": "N"}, {"27": "N"}, {"0": "S"}, {"0": "W"}, {"0": "W"}, {"25": "S"}, {"25": "W"}, {"25": "S"}, {"25": "S"}, {"25": "W"}, {"25": "W"}, {"25": "W"}, {"22": "S"}, {"22": "S"}, {"22": "S"}, {"22": "S"}, {"22": "S"}, {"19": "S"}, {"19": "S"}, {"19": "E"}, {"19": "E"}, {"19": "S"}, {"19": "E"}, {"19": "E"}, {"19": "E"}, {"19": "E"}, {"19": "S"}, {"18": "E"}, {"18": "N"}, {"18": "N"}, {"18": "E"}, {"18": "E"}, {"17": "N"}, {"17": "E"}, {"17": "E"}, {"17": "E"}, {"17": "E"}, {"17": "N"}, {"17": "E"}, {"16": "N"}, {"16": "N"}, {"3": "S"}, {"3": "S"}, {"12": "S"}, {"12": "E"}, {"12": "S"}, {"12": "E"}, {"12": "S"}, {"12": "S"}, {"12": "S"}, {"12": "S"}, {"11": "E"}, {"11": "S"}, {"11": "E"}, {"11": "S"}, {"10": "S"}, {"10": "S"}, {"10": "E"}, {"10": "S"}, {"10": "S"}, {"9": "E"}, {"9": "N"}, {"9": "E"}, {"9": "E"}, {"9": "E"}, {"9": "N"}, {"9": "E"}, {"9": "N"}, {"9": "E"}, {"9": "N"}, {"7": "E"}, {"7": "E"}, {"7": "S"}, {"7": "E"}, {"7": "S"}, {"7": "S"}, {"7": "S"}, {"7": "S"}, {"5": "N"}, {"5": "E"}, {"5": "E"}, {"5": "E"}, {"5": "E"}, {"5": "E"}, {"6": "W"}, {"6": "S"}, {"6": "S"}, {"6": "S"}, {"6": "S"}, {"4": "E"}, {"4": "E"}, {"4": "E"}, {"4": "E"}, {"4": "E"}, {"1": "S"}, {"1": "S"}, {"1": "S"}, {"1": "S"}, {"1": "S"}, {"1": "W"}, {"2": "S"}, {"2": "W"}, {"2": "S"}, {"2": "S"}, {"2": "S"}]}