{"instance": "small_free_001_10x10_40_40", "steps": [{"0": "W", "1": "N", "3": "E", "15": "S", "26": "W", "28": "E", "35": "E", "4": "S", "5": "N", "6": "W", "9": "S", "10": "S", "11": "N", "12": "W", "13": "E", "14": "W", "16": "E", "17": "W", "20": "W", "22": "S", "23": "W", "24": "S", "25": "E", "27": "S", "29": "E", "30": "W", "31": "E", "32": "S", "33": "S", "34": "E", "36": "W", "37": "W", "38": "N", "39": "E"}, {"15": "S", "26": "W", "28": "E", "35": "E", "2": "N", "4": "W", "5": "W", "6": "N", "7": "N", "8": "W", "10": "S", "11": "W", "12": "W", "13": "E", "14": "N", "16": "E", "17": "W", "18": "S", "19": "W", "22": "W", "23": "N", "27": "S", "29": "E", "30": "W", "32": "E", "33": "W", "34": "E", "36": "W", "37": "W", "38": "N", "39": "S"}, {"15": "E", "28": "N", "35": "S", "2": "N", "4": "S", "5": "W", "7": "N", "9": "S", "10": "W", "11": "N", "12": "N", "13": "E", "14": "E", "16": "N", "17": "S", "18": "S", "19": "W", "20": "N", "22": "S", "23": "W", "24": "W", "27": "S", "31": "E", "32": "E", "33": "S", "34": "S", "38": "E"}, {"1": "N", "15": "S", "26": "W", "28": "N", "35": "E", "2": "W", "5": "N", "7": "N", "8": "W", "9": "W", "12": "N", "13": "N", "16": "N", "17": "W", "20": "W", "22": "S", "24": "W", "25": "N", "27": "S", "29": "E", "31": "E", "32": "E", "33": "W", "34": "E", "36": "N"}, {"0": "W", "1": "N", "15": "S", "26": "S", "28": "N", "35": "N", "5": "N", "7": "N", "9": "S", "10": "S", "11": "N", "12": "N", "13": "N", "14": "E", "17": "S", "19": "W", "20": "S", "22": "E", "23": "W", "24": "W", "25": "E", "30": "W", "31": "E", "32": "N", "33": "W", "34": "S"}, {"0": "W", "1": "N", "15": "W", "26": "S", "35": "E", "4": "W", "5": "N", "6": "W", "7": "E", "8": "N", "11": "N", "12": "N", "13": "N", "17": "W", "20": "S", "22": "E", "23": "S", "24": "S", "25": "N", "27": "S", "31": "N", "32": "E", "36": "S", "37": "N"}, {"1": "W", "2": "N", "4": "W", "6": "N", "10": "E", "12": "E", "13": "W", "17": "S", "22": "S", "23": "W", "24": "S", "27": "W", "31": "E", "37": "W", "38": "N"}, {"1": "W", "15": "W", "35": "N", "2": "E", "6": "N", "8": "S", "9": "S", "16": "N", "22": "E", "23": "W", "27": "S", "31": "S", "38": "W", "39": "E"}, {"15": "W", "26": "E", "2": "E", "5": "W", "6": "N", "8": "S", "9": "S", "10": "S", "11": "W", "13": "W", "14": "E", "16": "W", "19": "W", "22": "E", "23": "S", "25": "E", "27": "S", "31": "E", "33": "N", "38": "S", "39": "N"}, {"15": "N", "28": "W", "35": "W", "26": "E"}, {"15": "N", "28": "W", "35": "W", "0": "S", "26": "N"}, {"1": "S", "15": "N", "35": "W", "0": "E", "26": "E"}, {"1": "S", "15": "N", "35": "S", "32": "S", "0": "S", "26": "E"}, {"1": "S", "15": "N", "28": "W", "32": "S", "0": "S", "3": "W", "26": "E"}, {"1": "S", "15": "W", "28": "W", "32": "W", "0": "S", "3": "W", "26": "E"}, {"1": "S", "15": "N", "35": "W", "32": "S", "0": "E", "3": "N", "26": "E"}, {"1": "S", "15": "N", "35": "W", "32": "S", "0": "E", "26": "S"}, {"15": "N", "32": "S", "3": "N"}, {"32": "W", "3": "W"}, {"28": "W", "32": "W", "26": "E"}, {"28": "W", "26": "E"}, {"3": "W", "26": "E"}, {"3": "N", "26": "E"}, {"28": "W", "0": "E", "3": "N"}, {"28": "W", "0": "E"}, {"28": "S", "0": "E"}, {"28": "S", "0": "N", "3": "E"}, {"28": "W"}, {"28": "N"}, {"32": "S"}, {"32": "S"}, {"32": "S"}, {"32": "W"}, {"32": "W"}, {"32": "N"}, {"32": "N"}, {"32": "E"}]}