{"instance": "small_001_10x10_40_30", "steps": [{"21": "W", "14": "S", "6": "E", "2": "W", "13": "E", "11": "E", "22": "W", "0": "N", "16": "E", "15": "E", "20": "S", "19": "W", "10": "E", "28": "N", "8": "N", "24": "W", "25": "S", "3": "W", "12": "S", "7": "E", "29": "S", "17": "W", "4": "E", "5": "W", "1": "S"}, {"24": "W", "7": "E", "19": "S", "17": "W", "6": "E", "4": "S", "2": "W", "27": "E", "8": "N", "14": "S", "11": "S", "10": "S", "0": "S", "25": "S", "9": "S", "23": "S", "13": "N", "3": "S", "5": "W", "29": "N", "15": "E", "16": "N", "28": "N"}, {"9": "S", "10": "S", "22": "S", "2": "S", "5": "N", "14": "N", "13": "S", "6": "E", "25": "S", "21": "W", "27": "W", "7": "N", "12": "N", "29": "N", "20": "S", "15": "W", "4": "N", "11": "N", "0": "N", "24": "W", "1": "S", "23": "S", "3": "W"}, {"7": "S", "19": "S", "5": "W", "4": "W", "24": "S", "0": "S", "26": "N", "8": "S", "21": "W", "16": "E", "11": "S", "1": "S", "3": "N", "28": "E"}, {"25": "E", "28": "W", "20": "W", "22": "N", "18": "E", "5": "E", "11": "N", "4": "E", "6": "N", "0": "S", "29": "W", "2": "S", "19": "E", "8": "N", "7": "N"}, {"17": "E", "27": "S", "7": "S", "0": "E", "23": "S", "24": "S", "25": "S", "19": "E", "15": "E", "20": "W", "3": "W", "2": "W", "28": "E", "5": "W", "26": "E", "8": "S", "29": "E", "13": "S", "1": "W", "18": "E", "21": "W", "4": "E", "11": "N"}, {"15": "E", "21": "E", "18": "W", "28": "W", "0": "E", "5": "E", "13": "N", "16": "E", "25": "S", "29": "N", "8": "N", "7": "S", "26": "W", "11": "S", "20": "E", "3": "S", "1": "E", "6": "E", "19": "E", "27": "N", "2": "S"}, {"11": "S", "6": "S", "26": "N", "20": "W", "18": "E", "29": "E", "15": "S", "0": "S", "3": "W", "2": "W", "23": "W", "7": "E", "27": "S", "25": "S", "8": "S", "1": "W", "21": "N", "13": "E"}, {"29": "N", "26": "E", "27": "S", "19": "S", "0": "E", "3": "N", "23": "E", "16": "S", "11": "E", "28": "W", "1": "E", "6": "N", "7": "S", "15": "N", "25": "W", "18": "N", "21": "N", "24": "N", "20": "W", "2": "W"}, {"18": "E", "2": "S", "21": "E", "7": "E", "11": "W", "20": "S", "28": "E", "25": "E", "27": "S", "5": "W", "26": "W", "16": "E", "1": "N", "0": "S", "23": "N", "22": "N", "24": "W", "19": "S"}, {"16": "N", "17": "N", "1": "S", "0": "E", "14": "W", "20": "E", "21": "W", "8": "N", "24": "E", "19": "E", "23": "S", "2": "W", "7": "E", "5": "S", "18": "W", "25": "N", "28": "E"}, {"18": "E", "0": "S", "25": "E", "20": "S", "5": "N", "28": "W", "11": "E", "16": "E", "2": "E", "4": "E", "24": "S", "12": "N", "29": "S", "19": "E", "7": "E", "1": "N", "15": "E"}, {"16": "E", "18": "N", "21": "N", "24": "N", "22": "E", "1": "W", "29": "N", "20": "S", "2": "E", "28": "S", "13": "S", "11": "W", "19": "N", "5": "S", "25": "E", "6": "N", "0": "N", "7": "N", "8": "S"}, {"19": "S", "24": "S", "25": "S", "7": "N", "16": "N", "12": "N", "4": "E", "15": "E", "26": "W", "21": "N", "17": "N", "1": "S", "29": "S", "28": "N", "20": "S", "2": "N", "13": "S", "5": "S", "0": "N", "18": "E", "23": "S", "8": "S"}, {"13": "W", "7": "E", "25": "E", "5": "N", "23": "W", "12": "N", "11": "E", "16": "N", "14": "W", "28": "E", "19": "E", "20": "N", "4": "N", "21": "N", "26": "W", "24": "S", "22": "N", "0": "E"}, {"20": "E", "21": "E", "14": "S", "0": "E", "1": "N", "19": "N", "11": "W", "15": "E", "7": "E", "26": "E", "23": "S", "4": "N", "18": "E", "12": "E", "25": "E", "28": "W", "29": "E", "22": "N", "2": "N", "16": "N", "8": "N"}, {"20": "W", "0": "E", "7": "N", "8": "S", "1": "E", "12": "W", "21": "N", "16": "E", "14": "S", "19": "S", "29": "W", "4": "N", "26": "W", "2": "N", "5": "N", "22": "N", "15": "S", "25": "S", "28": "E", "18": "N", "11": "N"}, {"23": "S", "16": "W", "2": "N", "18": "E", "28": "W", "20": "S", "21": "W", "22": "S", "7": "N", "19": "E", "5": "W", "1": "S", "12": "E", "11": "S", "29": "E"}, {"11": "E", "2": "S", "13": "N", "1": "S", "23": "S", "24": "N", "16": "E", "29": "E", "19": "E", "28": "W", "15": "E", "20": "N", "8": "S", "7": "E", "26": "N", "12": "E"}, {"20": "E", "5": "W", "7": "W", "23": "E", "8": "N", "28": "S", "29": "N", "12": "N", "16": "N", "1": "N", "11": "W", "13": "N", "22": "E", "19": "E"}, {"24": "N", "15": "E", "11": "S", "5": "E", "16": "N", "28": "N", "14": "E", "23": "E", "19": "N", "22": "S", "20": "E", "2": "S", "12": "S", "29": "W", "7": "S"}, {"11": "S", "23": "E", "8": "N", "14": "W", "24": "S", "2": "N", "22": "S", "12": "W", "15": "S", "7": "N", "13": "S", "5": "W", "20": "E"}, {"5": "E", "1": "E", "12": "E", "22": "S", "14": "E", "23": "W", "7": "S", "20": "E", "11": "E", "24": "W", "2": "S", "15": "S", "13": "W", "16": "N"}, {"2": "N", "23": "E", "5": "E", "7": "N", "12": "W", "14": "E", "28": "W", "16": "W", "22": "S", "24": "S", "11": "E", "20": "E", "1": "S"}, {"7": "N", "1": "E", "5": "S", "13": "N", "8": "N", "11": "W", "16": "N", "2": "N", "23": "S", "29": "W", "15": "W"}, {"22": "E", "12": "W", "1": "E", "5": "S", "24": "N", "8": "E", "13": "N", "11": "S", "2": "S"}, {"22": "E", "1": "S", "7": "W", "29": "W", "24": "W", "12": "W", "8": "E", "23": "E", "2": "S", "5": "W"}, {"7": "N", "13": "N", "23": "S", "1": "S", "24": "S", "5": "E", "12": "S", "29": "N", "11": "W", "22": "S", "8": "S"}, {"8": "S", "5": "W", "24": "S", "13": "E", "1": "S", "22": "S", "2": "S", "7": "E", "29": "S"}, {"12": "W", "13": "N", "23": "S", "7": "N", "29": "N", "24": "S", "8": "S", "2": "W", "1": "E", "22": "S"}, {"13": "N", "1": "S", "5": "E", "8": "S", "12": "S", "7": "N", "23": "E", "24": "E", "22": "S", "2": "N", "29": "N"}, {"1": "S", "29": "E", "8": "W", "12": "S", "22": "W", "23": "S", "7": "E", "13": "E"}, {"22": "S", "23": "N", "5": "E", "8": "S", "12": "S", "24": "E", "29": "N", "1": "S", "13": "E", "7": "N"}, {"22": "S", "2": "E", "8": "S", "1": "E", "24": "S", "7": "N", "5": "W", "12": "E", "13": "E"}, {"24": "E", "8": "S", "1": "E", "7": "W", "12": "S", "5": "E"}, {"5": "W", "23": "S", "8": "W", "1": "E"}, {"8": "N", "1": "N", "12": "N", "22": "W", "5": "W", "2": "N", "23": "E"}, {"5": "W", "1": "S", "23": "N", "22": "E"}, {"12": "W", "22": "W", "5": "W", "23": "E", "1": "S", "8": "S"}, {"23": "E", "5": "W", "12": "E", "1": "N", "8": "S", "2": "S"}, {"2": "N", "1": "N", "5": "W", "12": "W", "8": "W", "23": "S"}, {"5": "W", "12": "E", "22": "W", "8": "W", "1": "N", "23": "E"}, {"5": "N", "8": "N", "2": "S", "22": "W", "12": "S", "23": "N"}, {"22": "W", "5": "N", "23": "N", "8": "W", "2": "W"}, {"5": "N", "8": "N", "2": "E", "1": "S", "22": "S"}, {"22": "W", "1": "E", "5": "N"}, {"1": "E", "8": "E", "22": "W", "2": "W", "12": "N", "5": "N"}, {"5": "N", "22": "N", "1": "E", "8": "W", "12": "S"}, {"5": "N", "2": "S", "22": "S", "1": "N"}, {"1": "N", "12": "S", "22": "S", "8": "E"}, {"12": "E", "22": "N", "2": "N", "8": "S", "1": "N"}, {"8": "W", "1": "N", "2": "E", "12": "E", "22": "S"}, {"22": "N", "12": "E", "1": "N", "8": "N", "2": "N"}, {"12": "E", "8": "W", "2": "N", "1": "W", "22": "S"}, {"8": "W", "12": "E", "2": "W", "1": "N", "22": "N"}, {"2": "N", "22": "N", "12": "E", "1": "N"}, {"22": "N"}, {"12": "N", "22": "S", "8": "W"}, {"22": "W", "12": "N", "8": "W"}, {"8": "W", "22": "W", "12": "N"}, {"8": "N", "12": "N", "22": "W"}, {"12": "N", "8": "N", "22": "W"}, {"12": "N", "8": "E", "22": "N"}, {"12": "N", "22": "N", "8": "N"}, {"8": "N", "22": "E", "12": "N"}, {"12": "W", "8": "N", "22": "N"}, {"8": "E", "22": "E"}, {"8": "E"}]}