{"instance": "galaxy_cluster_00000_20x20_20_80", "steps": [{"18": "N", "0": "N", "1": "E", "2": "N", "3": "N", "4": "E", "6": "S", "7": "N", "8": "S", "10": "E", "11": "S", "12": "E", "13": "N", "14": "E", "15": "W", "16": "S", "20": "S", "22": "S", "24": "S", "25": "W", "27": "W", "28": "E", "29": "W", "31": "E", "32": "W", "33": "W", "35": "S", "36": "E", "37": "W", "38": "S", "40": "N", "41": "S", "42": "N", "44": "W", "45": "S", "46": "S", "47": "E", "48": "W", "51": "S", "52": "W", "53": "N", "55": "E", "56": "S", "57": "E", "58": "S", "59": "W", "60": "W", "61": "S", "62": "E", "64": "E", "65": "W", "66": "E", "67": "E", "68": "S", "69": "N", "70": "W", "71": "N", "72": "W", "73": "S", "75": "E", "76": "N", "77": "E", "78": "S"}, {"19": "S", "0": "N", "1": "E", "2": "N", "3": "W", "4": "S", "5": "W", "6": "S", "7": "W", "8": "S", "9": "N", "10": "E", "11": "W", "12": "E", "13": "W", "14": "S", "16": "E", "17": "N", "20": "S", "22": "E", "23": "N", "24": "E", "25": "S", "26": "E", "28": "E", "29": "N", "30": "E", "33": "N", "36": "N", "37": "N", "38": "S", "39": "E", "40": "N", "42": "N", "43": "N", "44": "S", "46": "E", "47": "E", "49": "N", "50": "S", "52": "N", "53": "N", "54": "N", "55": "E", "56": "W", "57": "E", "58": "S", "59": "W", "60": "W", "62": "S", "63": "E", "64": "N", "65": "W", "66": "S", "67": "E", "70": "W", "71": "W", "72": "W", "73": "E", "74": "W", "77": "N", "78": "W"}, {"18": "N", "19": "S", "0": "W", "1": "S", "3": "W", "4": "S", "5": "W", "10": "S", "11": "N", "12": "S", "13": "N", "14": "E", "15": "N", "16": "E", "17": "W", "21": "N", "22": "S", "23": "N", "24": "E", "25": "S", "26": "S", "27": "S", "28": "E", "29": "W", "31": "N", "32": "W", "36": "E", "37": "N", "38": "S", "39": "N", "42": "E", "43": "W", "45": "S", "46": "E", "48": "W", "49": "W", "51": "S", "52": "N", "53": "W", "54": "N", "56": "W", "57": "S", "58": "S", "59": "N", "60": "N", "61": "S", "62": "S", "64": "E", "65": "W", "66": "W", "69": "N", "71": "N", "72": "W", "74": "S", "75": "E", "77": "E", "78": "W", "79": "W"}, {"18": "N", "19": "S", "1": "S", "2": "N", "4": "W", "5": "N", "7": "N", "8": "S", "10": "S", "11": "N", "12": "S", "15": "W", "20": "S", "21": "N", "22": "E", "23": "W", "25": "W", "26": "E", "27": "W", "28": "E", "29": "N", "30": "E", "31": "E", "32": "S", "34": "E", "35": "S", "39": "E", "40": "E", "41": "W", "43": "W", "45": "W", "48": "W", "49": "S", "51": "S", "52": "E", "54": "N", "55": "N", "56": "S", "58": "S", "59": "E", "63": "N", "64": "E", "65": "S", "66": "S", "68": "S", "69": "E", "70": "S", "71": "W", "72": "W", "74": "W", "75": "N", "77": "E"}, {"18": "N", "0": "W", "1": "S", "2": "W", "6": "S", "7": "W", "8": "S", "9": "N", "10": "S", "11": "W", "12": "S", "14": "E", "20": "E", "21": "W", "26": "N", "27": "W", "28": "N", "29": "W", "31": "E", "32": "S", "34": "E", "35": "W", "36": "N", "39": "N", "40": "N", "41": "S", "42": "E", "43": "S", "45": "W", "48": "N", "49": "W", "51": "E", "52": "N", "54": "W", "55": "N", "56": "W", "57": "E", "58": "E", "59": "N", "61": "W", "63": "E", "64": "E", "66": "S", "68": "S", "69": "N", "70": "W", "71": "N", "72": "W", "73": "S", "74": "W", "75": "E", "77": "E"}, {"18": "N", "1": "E", "6": "S", "7": "N", "8": "S", "10": "S", "11": "S", "12": "E", "13": "N", "14": "E", "15": "N", "17": "N", "20": "S", "21": "W", "22": "S", "26": "N", "27": "N", "28": "E", "29": "N", "31": "S", "32": "E", "33": "W", "34": "S", "35": "S", "36": "N", "37": "N", "38": "E", "40": "E", "41": "W", "42": "N", "43": "W", "45": "W", "46": "E", "48": "W", "49": "N", "50": "W", "51": "S", "52": "E", "53": "W", "57": "E", "58": "S", "59": "W", "60": "E", "61": "W", "62": "E", "63": "N", "64": "S", "69": "E", "70": "S", "72": "W", "75": "E", "77": "E", "78": "N"}, {"21": "N"}]}