{"instance": "small_free_001_10x10_40_40", "steps": [{"28": "N", "11": "N", "24": "N", "23": "E", "31": "E", "16": "S", "12": "W", "20": "W", "10": "N", "30": "W", "27": "E", "3": "N", "39": "W", "5": "E", "18": "W", "34": "E", "14": "E", "26": "W", "15": "N", "38": "E", "13": "N", "17": "E", "4": "W", "7": "E", "1": "S", "9": "E", "22": "W", "36": "N", "29": "W", "21": "N", "6": "W", "33": "W"}, {"12": "S", "10": "N", "29": "N", "7": "N", "20": "E", "0": "N", "26": "E", "39": "W", "38": "E", "13": "W", "25": "E", "37": "S", "23": "N", "21": "E", "3": "W", "17": "N", "33": "W", "28": "N", "22": "N", "36": "W", "4": "S", "24": "N", "16": "S", "34": "S", "6": "N", "27": "S", "1": "S", "30": "W", "14": "N", "15": "W", "18": "W"}, {"8": "N", "18": "N", "2": "E", "15": "N", "5": "E", "33": "N", "38": "W", "19": "W", "3": "N", "35": "S", "10": "S", "23": "E", "11": "E", "21": "N", "20": "W", "1": "W", "29": "W", "36": "E", "12": "E", "6": "S", "22": "S", "34": "W", "17": "E", "32": "E", "37": "E", "28": "W", "14": "S", "25": "E", "26": "S", "0": "N", "30": "N"}, {"39": "S", "20": "E", "22": "N", "38": "S", "2": "E", "26": "E", "35": "W", "8": "N", "18": "W", "0": "S", "13": "N", "10": "E", "30": "E", "25": "E", "9": "S", "37": "S", "7": "N", "23": "S", "33": "W", "21": "S", "5": "N", "6": "N", "24": "N", "14": "W", "15": "S"}, {"31": "E", "7": "E", "17": "E", "32": "N", "6": "W", "20": "E", "23": "S", "3": "W", "38": "N", "39": "S", "29": "W", "12": "E", "22": "W", "2": "E", "15": "N", "33": "W", "14": "S", "24": "S", "13": "N", "21": "N", "9": "S", "26": "E", "34": "W", "18": "W"}, {"34": "E", "10": "E", "36": "N", "38": "S", "37": "S", "5": "W", "24": "E", "26": "S", "29": "N", "16": "S", "35": "N", "9": "E", "25": "N", "7": "E", "20": "S", "6": "S", "0": "W", "31": "E", "17": "W", "4": "W", "15": "S", "39": "W", "28": "N", "19": "S", "3": "N", "32": "S", "14": "S", "13": "E", "2": "N"}, {"31": "E", "22": "N", "4": "W", "14": "S", "38": "N", "19": "S", "12": "E", "7": "E", "32": "N", "17": "E", "11": "N", "27": "S", "39": "S", "2": "N", "33": "W", "9": "S", "15": "W", "18": "N", "10": "N", "13": "W", "36": "S", "34": "W", "0": "E", "29": "N", "28": "S"}, {"23": "E", "21": "E", "15": "W", "27": "S", "3": "N", "10": "N", "37": "E", "39": "W", "1": "W", "32": "W", "17": "W", "28": "W", "33": "W", "2": "S", "14": "E", "7": "E", "18": "N", "13": "W", "11": "E", "36": "N", "0": "N", "38": "N"}, {"33": "N", "32": "E", "34": "W", "21": "N", "27": "E", "9": "S", "0": "S", "23": "S", "38": "S", "22": "S", "2": "N", "24": "N", "7": "S", "5": "N", "36": "W", "31": "S", "11": "N", "25": "S", "26": "E", "13": "E"}, {"27": "E", "4": "W", "12": "E", "39": "W", "28": "N", "23": "S", "14": "E", "29": "W", "9": "E", "26": "E", "2": "W", "38": "S", "7": "S", "21": "W", "15": "W", "11": "E", "33": "N", "6": "N", "13": "W", "25": "S", "31": "W", "37": "W"}, {"39": "W", "25": "S", "7": "N", "13": "S", "17": "S", "9": "E", "27": "E", "10": "W", "32": "S", "28": "E", "6": "S", "2": "E", "31": "S", "0": "E", "14": "W", "37": "N", "26": "E"}, {"17": "S", "9": "E", "10": "W", "6": "N", "16": "E", "18": "S", "13": "E", "26": "E", "15": "N", "38": "E", "37": "S", "0": "W", "27": "S", "2": "S", "5": "E", "7": "S", "36": "W", "14": "W"}, {"28": "W", "2": "N", "0": "S", "12": "W", "38": "N", "13": "N", "7": "N", "21": "N", "31": "S", "5": "N", "4": "W", "17": "W", "15": "S", "16": "S", "6": "E", "18": "N", "37": "N", "39": "E", "14": "W"}, {"14": "E", "16": "W", "2": "N", "28": "W", "26": "E", "12": "N", "24": "N", "0": "N", "21": "N", "4": "E", "32": "N", "33": "S", "39": "N", "7": "E", "17": "E", "38": "E", "6": "W", "10": "E", "37": "E", "23": "S", "13": "W"}, {"26": "E", "39": "N", "14": "E", "6": "N", "13": "W", "18": "N", "17": "E", "23": "E", "2": "S", "15": "S", "0": "S", "36": "N", "4": "W", "38": "W", "33": "N", "37": "E"}, {"15": "N", "36": "N", "4": "E", "17": "W", "7": "S", "2": "S", "22": "W", "0": "E", "13": "W", "38": "N", "39": "N", "32": "S", "12": "E", "37": "W", "33": "S", "23": "E", "14": "W", "28": "N"}, {"6": "W", "17": "N", "37": "E", "38": "S", "10": "N", "7": "E", "12": "N", "0": "E", "33": "N", "23": "S", "28": "S", "2": "N", "24": "N", "22": "N"}, {"12": "N", "38": "N", "14": "E", "37": "E", "2": "S", "23": "S", "24": "E", "17": "S", "6": "W", "13": "W", "0": "N", "36": "E"}, {"4": "W", "33": "S", "36": "N", "37": "W", "24": "W", "28": "E", "7": "E", "2": "N", "17": "E", "14": "E", "23": "W", "18": "S", "12": "E", "15": "S", "38": "N"}, {"15": "S", "33": "N", "0": "S", "38": "S", "7": "N", "2": "S", "4": "E", "20": "N", "18": "N", "6": "S", "37": "E", "23": "E", "28": "W", "36": "E", "24": "E"}, {"12": "N", "33": "S", "6": "S", "15": "W", "37": "E", "4": "N", "14": "N", "38": "S", "20": "W"}, {"20": "E", "12": "S", "23": "W", "4": "S", "28": "E", "15": "N", "2": "N", "33": "W", "14": "S"}, {"24": "W", "28": "W", "23": "E", "14": "N", "37": "E", "12": "E", "2": "S", "15": "N", "20": "W", "4": "N", "33": "N"}, {"14": "S", "2": "S", "28": "N", "24": "E", "4": "N", "15": "S", "33": "E", "18": "S", "17": "S"}, {"2": "S", "12": "N", "15": "E", "38": "N", "14": "E", "0": "E", "24": "E", "20": "W", "28": "E"}, {"33": "N", "4": "W", "23": "W", "28": "W", "18": "S", "15": "N", "38": "S"}, {"33": "N", "20": "S", "18": "N", "14": "W", "38": "N", "23": "E", "28": "N", "12": "W", "4": "E"}, {"28": "S", "12": "E", "20": "N", "24": "W", "23": "S", "0": "W", "15": "N", "38": "S", "18": "S", "33": "S", "14": "E"}, {"33": "N", "38": "N", "28": "S", "20": "E", "18": "N", "23": "E", "15": "S", "24": "W", "4": "E"}, {"18": "E", "38": "W", "24": "E", "33": "N", "20": "W", "23": "E", "15": "N"}, {"12": "S", "18": "W", "28": "N", "38": "N", "15": "S", "33": "S", "20": "E", "23": "N"}, {"38": "S", "12": "S", "23": "N", "0": "E", "15": "S", "33": "N", "20": "N", "24": "E"}, {"28": "N", "12": "N", "33": "S", "38": "N"}, {"28": "S", "38": "S", "15": "W", "12": "S", "20": "W"}, {"28": "N", "0": "N", "33": "N", "12": "N"}, {"24": "E", "33": "S", "28": "N", "12": "S", "15": "W", "0": "E", "18": "S", "17": "S"}, {"17": "E", "15": "W", "0": "W", "18": "E", "28": "W", "33": "S", "38": "W"}, {"18": "W", "38": "W", "32": "N", "33": "N", "0": "E", "12": "N", "28": "W", "20": "E"}, {"33": "S", "38": "S", "28": "S", "0": "W", "18": "N", "32": "S", "12": "S", "15": "E", "14": "S"}, {"15": "E", "12": "S", "10": "W", "28": "W", "0": "N", "38": "S", "20": "W"}, {"12": "N", "18": "S", "15": "N", "38": "E", "20": "E", "0": "S", "33": "S", "28": "W", "10": "E"}, {"18": "N", "15": "S", "20": "N", "14": "N", "0": "E", "33": "N", "12": "S", "28": "S"}, {"0": "N", "12": "N", "15": "W", "28": "N", "18": "N", "20": "S", "33": "S"}, {"15": "N", "18": "S", "12": "S", "0": "W", "20": "W", "28": "N", "33": "N", "38": "E"}, {"0": "S", "14": "S", "18": "S", "28": "S", "12": "N", "20": "E", "38": "W"}, {"12": "S", "10": "W", "38": "E", "0": "N", "33": "N", "14": "S"}, {"15": "S", "10": "E", "14": "N", "12": "N", "38": "W", "28": "S", "0": "S"}, {"14": "N", "12": "S", "0": "N", "38": "E", "18": "N", "15": "W", "33": "S", "28": "S"}, {"0": "S", "18": "N", "15": "E", "33": "N", "38": "W", "20": "W", "28": "S"}, {"12": "W", "33": "S", "15": "S", "0": "W", "20": "N"}, {"20": "E", "32": "N", "15": "W", "33": "N"}, {"20": "W", "18": "S", "32": "S"}, {"33": "S", "12": "E", "20": "E", "15": "E", "18": "N", "38": "W", "0": "E"}, {"15": "E", "33": "S", "20": "N", "38": "E", "0": "W"}, {"18": "S", "0": "N", "38": "E", "20": "E"}, {"15": "S", "33": "S", "20": "E", "18": "N", "38": "W", "0": "S"}, {"38": "W", "18": "S", "20": "N"}, {"0": "N", "12": "W", "38": "E", "15": "N", "20": "E", "33": "N", "18": "N"}, {"33": "S", "20": "E", "12": "E", "38": "W", "0": "S"}, {"18": "S", "38": "E", "20": "E", "15": "S"}, {"14": "S", "18": "S", "33": "S", "38": "W", "15": "N"}, {"20": "E", "18": "N", "14": "N", "38": "E"}, {"14": "S", "20": "S", "18": "S", "15": "W"}, {"18": "N", "14": "N", "20": "N", "15": "E", "38": "W"}, {"14": "S", "38": "E", "33": "N", "20": "E", "0": "N", "15": "E"}, {"14": "N", "0": "S", "20": "S", "15": "S", "18": "N", "33": "N", "38": "W"}, {"18": "S", "33": "S", "38": "E", "20": "S", "15": "W"}, {"12": "W", "38": "W", "33": "N", "20": "E", "18": "N"}, {"15": "S", "12": "E", "20": "S", "38": "E", "0": "N"}, {"0": "S", "15": "E", "38": "E", "20": "N"}, {"18": "S", "20": "S", "33": "N", "0": "E", "38": "W", "15": "W"}, {"38": "W", "33": "S", "12": "W", "18": "N", "20": "E", "15": "N", "0": "W"}, {"15": "E", "33": "N", "20": "S", "0": "S", "38": "E"}, {"15": "N", "18": "S", "20": "S", "38": "W", "33": "N"}, {"15": "W", "18": "N", "0": "N", "38": "E", "32": "N"}, {"33": "S", "15": "N", "18": "S", "0": "N", "32": "S"}, {"18": "N", "12": "E", "33": "N", "15": "S", "38": "E", "0": "S"}, {"18": "S", "38": "W", "0": "N", "15": "E", "12": "N"}, {"15": "W", "12": "S", "33": "S", "18": "N"}, {"12": "N", "15": "N", "33": "S", "38": "W"}, {"38": "E", "33": "S", "0": "N"}, {"0": "S", "15": "E", "12": "S", "33": "N"}, {"33": "N", "0": "S", "15": "W"}, {"0": "N", "15": "N"}, {"33": "S", "0": "S"}, {"0": "N", "33": "E", "12": "N"}, {"15": "S", "38": "W", "33": "E", "12": "S", "0": "S"}, {"33": "N", "15": "N", "38": "E"}, {"15": "E", "12": "W", "0": "N", "33": "S"}, {"0": "S", "15": "E", "33": "S", "18": "S", "12": "E"}, {"12": "W", "0": "E", "33": "N", "18": "N", "15": "W"}, {"15": "E", "33": "W", "0": "N", "12": "E"}, {"38": "E", "33": "W", "12": "N", "0": "S", "18": "S", "15": "W"}, {"38": "W", "12": "S", "0": "E", "18": "N", "15": "S", "33": "E"}, {"15": "N", "33": "W", "0": "W", "38": "W"}, {"18": "S", "38": "E", "15": "W", "0": "W", "33": "S"}, {"15": "E", "33": "N", "18": "N"}, {"38": "W", "18": "S", "0": "N", "33": "E", "15": "S"}, {"38": "E", "18": "N", "12": "N", "33": "E", "0": "E"}, {"15": "N", "33": "N", "0": "W"}, {"15": "S", "12": "S", "38": "W", "0": "S", "33": "S"}, {"38": "E", "18": "S", "14": "S", "33": "S", "15": "N"}, {"18": "S", "0": "N", "33": "S", "12": "N", "15": "E", "14": "N"}, {"38": "W", "18": "N", "32": "N", "33": "N", "0": "W", "15": "N"}, {"12": "N", "0": "N", "32": "S", "38": "E", "33": "N", "18": "N"}, {"15": "S", "0": "S", "12": "S", "33": "N", "38": "E"}, {"12": "S", "38": "W", "33": "S", "15": "N"}, {"18": "S", "0": "E", "12": "N", "38": "W", "33": "S"}, {"15": "S", "14": "S", "32": "N", "38": "E", "18": "S", "12": "E", "0": "N"}, {"12": "W", "33": "E", "14": "N", "0": "S", "32": "S", "15": "E", "18": "N"}, {"38": "W", "12": "S", "18": "N", "0": "S", "15": "W"}, {"18": "S", "15": "E", "38": "E", "33": "N"}, {"33": "W", "18": "N", "12": "W", "38": "W"}, {"0": "S", "38": "E", "33": "N"}, {"33": "S", "0": "N", "38": "W"}, {"38": "N", "33": "N", "15": "N", "12": "E"}, {"33": "S", "15": "W", "38": "S", "0": "N"}, {"0": "S", "12": "W", "38": "E", "15": "W", "33": "N"}, {"33": "S", "15": "S", "0": "S", "38": "W"}, {"33": "N", "15": "S", "0": "N", "38": "E"}, {"12": "E", "15": "W", "0": "N", "33": "S"}, {"12": "N", "33": "N", "0": "N", "15": "W"}, {"0": "S", "33": "S", "12": "S", "15": "W"}, {"33": "N", "15": "E", "0": "S"}, {"38": "W", "15": "E"}, {"33": "S", "38": "E", "15": "E"}, {"18": "S", "0": "N"}, {"14": "S", "33": "W", "0": "S"}, {"33": "E", "12": "W", "10": "W", "0": "E", "38": "W"}, {"0": "W", "12": "E", "38": "E", "10": "E", "15": "W"}, {"33": "E", "0": "E", "15": "E", "14": "N", "12": "W"}, {"18": "N", "15": "W", "12": "E", "0": "W", "33": "W"}, {"33": "N", "12": "W"}, {"32": "N", "33": "S", "0": "N"}, {"32": "S", "0": "S", "33": "N", "15": "S", "38": "W"}, {"0": "S", "38": "E", "15": "N", "33": "S"}, {"33": "N", "0": "N"}, {"0": "S", "15": "N", "33": "S", "38": "W"}, {"33": "N", "38": "E", "15": "E"}, {"0": "N", "15": "S"}, {"32": "N", "33": "S", "0": "N", "15": "S"}, {"15": "S", "0": "S", "33": "N", "38": "W", "32": "S", "12": "W"}, {"12": "E", "33": "S", "0": "N", "38": "E"}, {"12": "E", "33": "N", "0": "S"}, {"15": "W", "38": "W", "33": "S"}, {"38": "E", "33": "N"}, {"33": "S", "15": "E"}, {"33": "N", "0": "N", "38": "W"}, {"0": "W", "38": "E", "33": "S", "12": "N", "15": "W"}, {"0": "N", "33": "N", "15": "E", "12": "S"}, {"15": "S", "0": "E", "38": "W", "33": "S"}, {"38": "E", "33": "N", "0": "S", "12": "N"}, {"38": "W", "15": "W", "12": "S", "0": "S", "33": "S"}, {"33": "N", "38": "E", "15": "N"}, {"12": "W", "15": "S", "0": "N", "33": "S", "38": "W"}, {"12": "E", "33": "N", "0": "S", "38": "E", "15": "N"}, {"12": "W", "15": "N", "38": "W", "0": "N"}, {"33": "S", "38": "E", "0": "E", "15": "W", "12": "E"}, {"12": "N", "15": "E", "0": "W", "33": "N"}, {"33": "S", "18": "S", "14": "S", "12": "S"}, {"14": "N", "0": "S", "15": "S", "18": "N"}, {"15": "S", "0": "N", "33": "N"}, {"15": "N", "38": "E", "33": "S", "0": "S"}, {"33": "N", "15": "W", "38": "W"}, {"33": "S", "0": "N", "38": "E", "18": "S"}, {"15": "S", "38": "W", "18": "N", "33": "S"}, {"38": "E", "15": "E", "33": "N", "0": "S"}, {"38": "W", "33": "N", "0": "N", "15": "E"}, {"0": "S", "33": "S", "38": "W", "12": "W"}, {"0": "S", "33": "N", "15": "S", "38": "E"}, {"15": "S", "33": "S", "0": "N", "38": "W"}, {"0": "S", "15": "W", "38": "E", "18": "S"}, {"0": "N", "38": "W", "18": "N", "33": "N"}, {"0": "N", "12": "E", "33": "S", "15": "W", "38": "E"}, {"15": "N", "0": "S", "33": "N"}, {"15": "W", "0": "E", "33": "S"}, {"33": "N", "0": "W", "15": "W"}, {"33": "S", "15": "S"}, {"38": "W", "15": "S", "0": "N", "33": "N", "12": "N", "32": "N"}, {"38": "E", "15": "N", "33": "S", "32": "S"}, {"12": "S", "18": "S", "15": "N", "0": "S", "38": "W", "33": "W"}, {"18": "N", "33": "E", "0": "N", "38": "E", "15": "W"}, {"38": "W", "33": "N", "12": "W", "0": "S"}, {"33": "S", "0": "S", "15": "E", "38": "E"}, {"38": "W", "0": "N", "33": "S", "15": "E"}, {"38": "E", "18": "S", "15": "W", "12": "E", "33": "N", "0": "N"}, {"14": "S", "0": "S", "33": "E", "38": "W", "15": "W"}, {"18": "S", "38": "E", "15": "W", "14": "N"}, {"38": "W", "15": "W", "18": "N", "14": "S", "33": "S"}, {"33": "N", "0": "N", "38": "E", "14": "N", "18": "N"}, {"0": "S", "33": "W", "38": "E", "15": "E"}, {"33": "N", "38": "W", "0": "E"}, {"15": "E", "12": "N", "0": "N", "33": "S", "32": "N"}, {"33": "N", "38": "W", "32": "W", "0": "S"}, {"12": "S", "38": "E", "33": "S", "15": "W", "0": "N"}, {"33": "N", "12": "S", "38": "W", "0": "S", "32": "W", "15": "N"}, {"0": "W", "33": "S"}, {"15": "S", "33": "N", "0": "S"}, {"33": "S", "0": "W", "15": "N", "38": "N"}, {"38": "S", "33": "N", "15": "W"}]}