{"instance": "small_free_001_10x10_40_40", "steps": [{"0": "W", "1": "E", "3": "E", "15": "S", "26": "W", "28": "N", "35": "N", "2": "N", "4": "S", "5": "N", "6": "N", "7": "N", "9": "N", "10": "S", "11": "W", "12": "W", "13": "E", "14": "W", "16": "E", "17": "W", "20": "W", "22": "S", "23": "W", "25": "E", "27": "S", "29": "S", "30": "W", "31": "E", "32": "N", "33": "S", "34": "E", "36": "W", "37": "W", "38": "N", "39": "S"}, {"0": "N", "1": "N", "3": "E", "15": "S", "26": "S", "28": "E", "35": "N", "2": "N", "4": "W", "5": "N", "7": "N", "8": "W", "9": "W", "10": "S", "11": "N", "12": "W", "16": "N", "17": "W", "18": "S", "19": "N", "20": "W", "23": "W", "27": "W", "30": "S", "32": "E", "34": "N", "36": "W", "37": "S"}, {"1": "N", "15": "S", "26": "S", "35": "N", "4": "S", "5": "W", "6": "N", "7": "N", "8": "W", "9": "W", "10": "S", "11": "N", "14": "N", "16": "N", "17": "W", "18": "E", "19": "W", "20": "S", "24": "S", "27": "S", "30": "S", "32": "S", "33": "S", "34": "E", "36": "S", "37": "S", "39": "W"}, {"1": "N", "15": "S", "26": "W", "28": "N", "35": "N", "2": "N", "6": "W", "7": "W", "8": "W", "9": "W", "10": "S", "11": "E", "17": "S", "18": "S", "19": "S", "22": "E", "23": "W", "24": "S", "25": "E", "27": "S", "29": "S", "30": "W", "31": "E", "32": "E", "33": "W", "34": "N", "37": "W", "39": "S"}, {"1": "N", "35": "E", "2": "E", "6": "N", "7": "N", "11": "E", "12": "N", "13": "E", "17": "W", "18": "W", "19": "W", "22": "E", "23": "N", "24": "W", "27": "S", "29": "S", "30": "W", "31": "E", "34": "N", "39": "E"}, {"35": "N", "2": "E", "4": "W", "5": "N", "6": "W", "7": "E", "11": "N", "12": "W", "13": "E", "14": "N", "16": "N", "17": "S", "18": "S", "19": "N", "22": "E", "23": "W", "24": "W", "25": "E", "27": "S", "29": "S", "30": "S", "31": "N", "34": "N", "36": "N", "37": "N", "39": "S"}, {"28": "E", "4": "W", "5": "N", "6": "N", "7": "E", "13": "N", "14": "E", "19": "W", "22": "E", "23": "S", "24": "W", "25": "N", "29": "S", "30": "W", "31": "E", "32": "E", "33": "N", "34": "N"}, {"15": "W", "4": "N", "5": "N", "6": "W", "9": "N", "11": "N", "14": "N", "19": "W", "25": "E", "31": "N", "32": "E"}, {"15": "W", "2": "N", "8": "N", "11": "E", "14": "E", "18": "W", "27": "S", "29": "E", "31": "N", "32": "N", "39": "S"}, {"2": "N", "5": "W", "6": "N", "7": "E", "8": "N", "11": "E", "13": "E", "14": "N", "17": "E", "18": "W", "23": "S", "25": "S", "27": "E", "34": "E", "39": "E"}, {"2": "E", "5": "N", "7": "N", "8": "W", "9": "W", "12": "N", "14": "E", "17": "S", "18": "S", "25": "E", "27": "S", "30": "W", "31": "E", "33": "E", "37": "W", "39": "S"}, {"28": "W", "2": "S", "4": "N", "7": "E", "8": "W", "9": "S", "12": "W", "14": "S", "17": "W", "18": "W", "20": "E", "22": "N", "23": "W", "24": "W", "27": "E", "29": "E", "30": "S", "31": "S", "33": "S", "37": "W"}, {"26": "E", "4": "N", "28": "W"}, {"26": "E", "3": "N", "28": "W"}, {"15": "N", "26": "E", "3": "N", "28": "W"}, {"1": "W", "15": "N", "26": "E", "0": "E", "3": "W", "28": "N"}, {"1": "W", "15": "W", "26": "E", "0": "S", "3": "W", "28": "W"}, {"1": "W", "35": "S", "0": "S", "3": "W", "28": "W"}, {"1": "S", "35": "S", "0": "S", "3": "W", "28": "W"}, {"26": "E", "35": "W", "0": "E", "3": "W", "28": "W"}, {"26": "E", "35": "W", "0": "S", "3": "W", "28": "W"}, {"1": "S", "26": "E", "35": "S", "0": "S", "3": "N", "28": "S"}, {"1": "S", "26": "E", "35": "S", "0": "E", "3": "E"}, {"1": "S", "26": "E", "35": "S", "0": "E", "3": "N"}, {"1": "E", "0": "N", "3": "E"}, {"1": "S"}, {"1": "S"}, {"1": "W"}, {"15": "N"}, {"15": "E"}, {"15": "N"}]}