{"instance": "galaxy_cluster_00000_20x20_20_80", "steps": [{"0": "N", "1": "E", "2": "N", "3": "W", "4": "W", "7": "W", "8": "S", "10": "E", "11": "N", "13": "W", "14": "S", "16": "S", "18": "N", "20": "S", "21": "W", "24": "S", "25": "S", "26": "E", "27": "W", "28": "E", "29": "N", "31": "E", "33": "W", "34": "E", "35": "W", "36": "N", "37": "E", "38": "S", "39": "N", "40": "N", "41": "S", "44": "W", "45": "S", "46": "E", "48": "W", "51": "S", "53": "N", "56": "W", "57": "E", "58": "S", "59": "W", "62": "E", "63": "N", "64": "W", "65": "W", "67": "N", "68": "S", "70": "S", "71": "W", "72": "W", "73": "E", "74": "W", "75": "E", "76": "N", "77": "E", "78": "S", "79": "S"}, {"0": "N", "1": "E", "2": "N", "4": "W", "5": "W", "6": "W", "7": "N", "10": "E", "11": "W", "13": "W", "14": "E", "15": "W", "16": "S", "17": "W", "18": "N", "19": "S", "21": "W", "22": "E", "25": "S", "26": "S", "27": "W", "29": "E", "30": "S", "34": "S", "35": "S", "36": "E", "40": "N", "43": "N", "44": "S", "45": "S", "46": "E", "48": "W", "49": "W", "51": "E", "53": "N", "54": "W", "57": "E", "61": "S", "62": "S", "63": "E", "64": "N", "65": "N", "67": "W", "70": "S", "71": "N", "73": "S", "74": "S", "75": "N", "78": "W", "79": "S"}, {"0": "N", "1": "E", "2": "N", "4": "W", "5": "W", "6": "S", "7": "W", "9": "N", "13": "W", "14": "S", "17": "N", "18": "N", "21": "W", "22": "S", "23": "W", "25": "S", "27": "W", "28": "N", "29": "N", "30": "S", "31": "N", "34": "E", "35": "S", "36": "N", "38": "E", "40": "N", "42": "E", "43": "W", "44": "W", "45": "W", "46": "N", "47": "E", "48": "S", "49": "N", "52": "E", "53": "W", "56": "W", "57": "E", "58": "E", "59": "W", "61": "E", "62": "S", "64": "W", "65": "N", "67": "N", "68": "S", "73": "S", "75": "N", "79": "S"}, {"0": "W", "2": "W", "4": "W", "5": "N", "6": "S", "9": "W", "13": "S", "14": "S", "17": "W", "18": "N", "19": "S", "22": "S", "23": "N", "27": "N", "30": "S", "31": "E", "33": "S", "34": "E", "35": "W", "37": "N", "38": "S", "40": "E", "41": "S", "43": "W", "44": "S", "45": "W", "47": "S", "48": "W", "49": "W", "52": "N", "53": "N", "56": "S", "57": "S", "59": "N", "62": "S", "68": "S", "72": "W", "76": "E"}, {"0": "W", "5": "E", "6": "S", "9": "W", "14": "S", "17": "W", "18": "N", "22": "S", "23": "W", "25": "W", "27": "W", "29": "E", "30": "W", "31": "E", "37": "N", "38": "S", "40": "E", "41": "W", "42": "N", "43": "S", "44": "W", "45": "W", "47": "E", "48": "W", "49": "W", "50": "W", "52": "N", "53": "W", "56": "W", "59": "N", "62": "E", "66": "S", "67": "N", "68": "S", "72": "S", "74": "W", "76": "N", "79": "W"}, {"2": "N", "4": "W", "5": "N", "6": "W", "14": "S", "16": "S", "17": "W", "19": "S", "22": "S", "23": "S", "25": "W", "26": "E", "27": "N", "29": "E", "30": "S", "31": "S", "37": "W", "38": "S", "41": "N", "42": "N", "43": "W", "44": "W", "46": "E", "47": "S", "48": "W", "50": "N", "52": "N", "56": "W", "59": "N", "63": "N", "66": "S", "76": "N", "79": "W"}, {"0": "S", "5": "E", "6": "W", "14": "S", "16": "W", "17": "S", "23": "S", "25": "N", "26": "N", "27": "N", "28": "W", "29": "S", "30": "E", "31": "W", "37": "S", "38": "W", "41": "N", "42": "W", "43": "S", "44": "W", "46": "N", "47": "W", "48": "N", "50": "W", "52": "W", "56": "S", "59": "E", "66": "W", "74": "N", "75": "N", "76": "W", "79": "S"}, {"0": "S", "2": "E", "4": "N", "5": "N", "6": "W", "11": "S", "12": "W", "14": "W", "16": "N", "17": "S", "22": "W", "23": "S", "24": "W", "25": "E", "26": "N", "27": "N", "28": "W", "29": "S", "30": "E", "31": "S", "33": "E", "34": "N", "37": "S", "38": "W", "41": "N", "42": "S", "43": "S", "44": "W", "45": "N", "46": "N", "47": "W", "48": "N", "49": "E", "50": "N", "52": "W", "56": "S", "58": "W", "59": "E", "62": "E", "64": "N", "66": "W", "67": "W", "68": "W", "70": "N", "72": "W", "74": "N", "75": "N", "79": "S"}, {"1": "N", "6": "W", "9": "S", "10": "W", "11": "S", "12": "W", "13": "S", "14": "W", "16": "N", "17": "S", "22": "N", "23": "W", "24": "W", "27": "E", "28": "N", "29": "S", "30": "N", "31": "S", "33": "E", "34": "W", "35": "N", "37": "S", "38": "N", "41": "N", "42": "S", "43": "S", "44": "N", "46": "N", "47": "N", "48": "N", "49": "E", "50": "W", "54": "S", "56": "E", "57": "W", "58": "W", "59": "E", "60": "E", "62": "N", "63": "W", "64": "E", "66": "W", "67": "W", "68": "S", "69": "W", "71": "E", "72": "W", "74": "N", "75": "N", "78": "N", "79": "E"}, {"0": "E", "1": "W", "3": "E", "4": "N", "5": "E", "7": "S", "10": "N", "11": "E", "12": "W", "13": "E", "14": "W", "16": "N", "22": "N", "23": "W", "27": "E", "29": "S", "30": "N", "31": "W", "32": "N", "33": "E", "34": "N", "35": "N", "36": "E", "37": "E", "38": "N", "40": "S", "41": "W", "44": "N", "45": "E", "46": "W", "47": "W", "50": "N", "54": "S", "55": "W", "56": "E", "58": "W", "59": "S", "60": "E", "62": "N", "63": "W", "64": "E", "65": "E", "67": "S", "68": "W", "69": "S", "70": "E", "71": "E", "72": "N", "73": "W", "74": "W", "75": "W", "78": "N", "79": "E"}, {"0": "E", "1": "W", "3": "E", "6": "W", "9": "S", "10": "N", "11": "E", "13": "S", "14": "W", "17": "S", "20": "N", "22": "W", "23": "S", "24": "W", "25": "E", "26": "N", "27": "E", "29": "S", "31": "S", "32": "N", "33": "E", "34": "N", "35": "E", "36": "E", "37": "E", "38": "W", "40": "S", "41": "W", "42": "W", "43": "E", "45": "E", "46": "W", "47": "W", "48": "N", "49": "E", "50": "N", "54": "S", "55": "W", "57": "W", "58": "W", "59": "E", "61": "N", "64": "N", "65": "E", "68": "W", "69": "W", "70": "E", "71": "E", "72": "W", "74": "N", "75": "W", "78": "N", "79": "E"}, {"0": "S", "4": "N", "6": "W", "8": "W", "9": "S", "11": "S", "12": "N", "13": "E", "14": "W", "16": "W", "17": "E", "22": "N", "24": "W", "25": "E", "26": "N", "28": "W", "29": "E", "31": "W", "32": "E", "33": "E", "34": "N", "35": "E", "36": "E", "37": "E", "38": "W", "39": "S", "40": "S", "41": "N", "42": "S", "43": "E", "44": "N", "45": "E", "46": "W", "49": "S", "50": "N", "51": "N", "57": "W", "59": "S", "60": "N", "62": "N", "65": "S", "66": "N", "67": "W", "69": "W", "71": "E", "72": "N", "73": "W", "74": "W", "75": "W", "77": "S", "78": "E", "79": "E"}, {"1": "N", "4": "N", "8": "N", "10": "N", "11": "E", "13": "E", "16": "W", "20": "N", "22": "N", "24": "N", "25": "E", "26": "N", "27": "E", "28": "W", "29": "S", "31": "W", "32": "E", "33": "E", "34": "N", "35": "E", "36": "S", "37": "S", "39": "S", "40": "S", "41": "N", "42": "W", "43": "S", "44": "W", "46": "W", "47": "N", "48": "N", "50": "N", "51": "N", "55": "N", "57": "W", "59": "E", "60": "N", "63": "W", "64": "N", "65": "S", "66": "W", "67": "S", "68": "W", "71": "E", "72": "N", "73": "W", "74": "N", "75": "W", "78": "N", "79": "S"}, {"1": "W", "4": "N", "6": "N", "8": "N", "10": "W", "11": "S", "14": "N", "16": "W", "23": "S", "24": "N", "26": "N", "27": "S", "28": "N", "31": "W", "32": "N", "33": "E", "34": "N", "36": "S", "37": "S", "39": "S", "40": "S", "42": "W", "43": "S", "44": "N", "46": "S", "47": "N", "48": "N", "50": "N", "51": "N", "53": "S", "55": "N", "57": "W", "59": "S", "60": "N", "61": "N", "67": "S", "71": "E", "73": "W", "74": "N", "75": "W", "78": "N"}, {"1": "N", "4": "N", "6": "N", "8": "W", "10": "N", "14": "N", "22": "W", "24": "N", "26": "N", "28": "N", "31": "W", "32": "N", "33": "S", "35": "E", "37": "E", "41": "N", "42": "S", "43": "E", "44": "N", "46": "W", "47": "W", "50": "N", "51": "E", "53": "S", "57": "S", "59": "E", "61": "N", "67": "S", "73": "N", "74": "N", "75": "W", "78": "N"}, {"4": "N", "6": "N", "8": "N", "14": "W", "16": "W", "22": "W", "27": "E", "28": "W", "31": "W", "32": "N", "33": "E", "37": "E", "39": "S", "42": "S", "43": "S", "44": "N", "46": "W", "47": "W", "50": "W", "51": "E", "55": "N", "57": "W", "59": "S", "72": "N", "73": "W", "74": "W", "75": "W"}, {"4": "N", "8": "N", "10": "W", "14": "W", "22": "N", "24": "N", "31": "W", "32": "N", "33": "E", "37": "E", "39": "E", "41": "N", "43": "S", "46": "W", "47": "N", "50": "N", "53": "S", "55": "N", "61": "N", "63": "W", "72": "N", "73": "W"}, {"4": "N", "6": "N", "8": "W", "24": "N", "31": "W", "32": "N", "33": "S", "37": "E", "39": "E", "42": "S", "46": "W", "47": "W", "50": "N", "53": "S", "55": "N", "61": "W", "63": "W", "72": "N"}, {"4": "N", "8": "W", "24": "N", "32": "N", "33": "E", "37": "E", "39": "S", "42": "S", "46": "W", "47": "N", "50": "W", "55": "N", "61": "N", "63": "W", "70": "E", "72": "N", "73": "W"}, {"24": "N", "32": "E", "33": "S", "37": "E", "39": "S", "41": "N", "42": "S", "46": "W", "47": "N", "50": "W", "55": "N", "72": "N", "73": "W", "79": "S"}, {"8": "W", "24": "W", "32": "E", "33": "S", "37": "E", "41": "N", "46": "W", "50": "W", "53": "S", "55": "N", "72": "N", "73": "W"}, {"24": "W", "32": "N", "37": "S", "41": "N", "46": "W", "50": "W", "72": "N", "73": "W"}, {"24": "W", "32": "N", "41": "N", "50": "W", "72": "N"}, {"6": "N", "24": "N", "32": "N"}, {}, {"6": "N"}, {}, {}, {"33": "E"}, {}, {}, {}, {}, {}, {}, {}, {}, {}, {}, {}, {}, {}, {}, {}, {}, {}, {}, {}, {}, {}, {}, {}, {}, {}, {}, {}, {}, {}, {}, {}, {}, {}, {}, {}, {}, {}, {}, {}, {}, {}, {}, {}, {}, {}, {}]}