{"instance": "galaxy_cluster_00000_20x20_20_80", "steps": [{"18": "N", "0": "W", "1": "E", "3": "W", "4": "S", "6": "S", "7": "W", "8": "S", "9": "W", "10": "E", "11": "W", "13": "W", "14": "S", "15": "W", "16": "S", "22": "S", "24": "S", "25": "S", "26": "E", "27": "W", "28": "E", "29": "N", "31": "E", "32": "W", "33": "S", "34": "E", "35": "W", "36": "N", "37": "W", "38": "S", "39": "W", "40": "N", "41": "S", "43": "W", "44": "W", "45": "S", "46": "E", "47": "E", "48": "W", "49": "S", "50": "S", "51": "S", "52": "N", "55": "S", "56": "S", "57": "E", "58": "S", "59": "W", "60": "W", "61": "W", "62": "E", "63": "N", "64": "S", "65": "W", "66": "S", "67": "N", "68": "S", "69": "N", "70": "W", "71": "W", "72": "W", "73": "S", "74": "W", "75": "E", "76": "N", "77": "E", "78": "W", "79": "S"}, {"19": "S", "0": "N", "1": "E", "3": "W", "4": "S", "6": "S", "7": "W", "8": "E", "9": "N", "10": "S", "12": "S", "13": "S", "14": "S", "16": "E", "20": "S", "22": "S", "23": "W", "24": "W", "25": "W", "26": "S", "27": "S", "29": "E", "30": "S", "31": "S", "32": "S", "33": "W", "35": "S", "36": "N", "37": "N", "38": "S", "39": "N", "40": "N", "41": "W", "42": "E", "43": "N", "45": "W", "46": "E", "47": "E", "48": "S", "50": "S", "52": "E", "53": "N", "55": "S", "56": "S", "57": "S", "58": "S", "61": "S", "62": "S", "63": "N", "64": "S", "66": "E", "67": "N", "68": "E", "69": "N", "72": "W", "73": "E", "74": "S", "75": "N", "76": "W", "77": "E", "78": "S", "79": "S"}, {"18": "N", "19": "S", "0": "W", "1": "E", "2": "N", "7": "N", "9": "W", "10": "E", "13": "W", "14": "E", "16": "S", "17": "N", "20": "S", "22": "E", "23": "N", "25": "S", "26": "E", "29": "N", "30": "W", "32": "S", "33": "N", "34": "E", "36": "N", "38": "E", "40": "N", "43": "W", "44": "W", "47": "E", "48": "S", "49": "N", "50": "E", "51": "E", "53": "W", "54": "N", "55": "S", "56": "S", "58": "E", "59": "N", "61": "S", "62": "E", "63": "N", "64": "E", "65": "N", "66": "S", "67": "E", "69": "E", "70": "S", "71": "N", "74": "S", "75": "E", "77": "N", "78": "W", "79": "W"}, {"18": "N", "0": "W", "1": "E", "5": "N", "6": "E", "7": "N", "9": "N", "11": "W", "13": "W", "14": "S", "15": "W", "16": "S", "17": "N", "20": "S", "21": "W", "22": "S", "25": "W", "26": "E", "28": "E", "30": "S", "32": "S", "33": "N", "34": "E", "36": "W", "37": "N", "38": "S", "40": "N", "42": "E", "43": "N", "44": "S", "45": "S", "46": "N", "47": "E", "48": "S", "49": "E", "50": "E", "51": "S", "54": "N", "55": "E", "56": "S", "58": "N", "59": "N", "60": "W", "61": "S", "62": "N", "63": "E", "64": "S", "65": "W", "66": "S", "67": "E", "68": "S", "69": "E", "70": "S", "71": "N", "72": "W", "75": "E", "77": "N", "78": "S", "79": "S"}, {"18": "N", "19": "S", "1": "N", "3": "W", "4": "E", "6": "E", "7": "W", "8": "E", "9": "N", "10": "E", "11": "W", "12": "E", "14": "S", "15": "W", "16": "E", "17": "N", "20": "E", "22": "S", "23": "W", "25": "W", "26": "E", "27": "W", "28": "E", "29": "E", "30": "S", "32": "E", "33": "N", "34": "N", "35": "S", "36": "N", "37": "N", "38": "E", "39": "N", "40": "E", "41": "S", "42": "N", "44": "S", "45": "W", "48": "S", "49": "N", "50": "E", "52": "E", "53": "N", "54": "N", "55": "E", "57": "S", "58": "E", "59": "N", "61": "S", "62": "E", "63": "E", "64": "S", "65": "W", "67": "N", "69": "E", "70": "S", "71": "W", "74": "W", "76": "N", "77": "E", "79": "W"}, {"18": "N", "1": "N", "2": "W", "3": "N", "4": "S", "6": "S", "7": "W", "8": "E", "9": "W", "10": "S", "11": "W", "12": "E", "13": "W", "14": "W", "16": "E", "17": "W", "20": "S", "21": "W", "22": "E", "23": "W", "24": "W", "25": "W", "26": "S", "27": "W", "28": "E", "29": "E", "30": "E", "31": "E", "32": "N", "33": "W", "36": "N", "38": "E", "40": "E", "41": "W", "42": "N", "44": "S", "45": "S", "50": "E", "52": "N", "55": "N", "57": "S", "59": "N", "64": "S", "65": "S", "67": "N", "68": "W", "69": "N", "70": "S", "71": "W", "72": "W", "73": "E", "74": "W", "75": "E", "76": "N", "77": "N", "79": "S"}]}