{"instance": "galaxy_cluster_00000_20x20_20_80", "steps": [{"18": "N", "0": "W", "4": "W", "6": "S", "7": "N", "8": "S", "9": "W", "10": "E", "11": "W", "12": "S", "13": "S", "14": "S", "15": "W", "20": "S", "22": "S", "24": "S", "25": "S", "26": "E", "27": "W", "28": "E", "29": "E", "31": "S", "32": "W", "33": "W", "34": "S", "35": "W", "37": "W", "38": "N", "39": "E", "41": "S", "42": "E", "43": "W", "44": "W", "45": "S", "47": "E", "48": "W", "50": "S", "51": "E", "53": "S", "54": "N", "55": "S", "56": "W", "58": "E", "60": "E", "61": "W", "62": "S", "63": "N", "64": "E", "65": "W", "66": "E", "67": "E", "68": "E", "69": "E", "70": "W", "71": "N", "73": "S", "74": "S", "75": "E", "76": "N", "77": "N", "78": "W", "79": "S"}, {"19": "S", "0": "N", "2": "W", "3": "W", "4": "W", "6": "S", "7": "W", "8": "S", "9": "N", "10": "E", "12": "E", "15": "W", "17": "W", "20": "S", "23": "N", "25": "S", "26": "N", "29": "S", "31": "E", "32": "S", "34": "E", "36": "N", "37": "N", "38": "N", "39": "N", "40": "E", "41": "E", "42": "E", "43": "W", "44": "W", "45": "S", "47": "E", "48": "S", "49": "N", "50": "S", "51": "E", "52": "N", "53": "W", "55": "S", "56": "W", "57": "S", "58": "S", "59": "W", "60": "S", "61": "S", "62": "E", "63": "N", "64": "N", "66": "S", "67": "E", "68": "S", "69": "E", "70": "S", "71": "W", "72": "S", "73": "E", "74": "S", "75": "S", "76": "E", "77": "N", "78": "W", "79": "W"}, {"18": "N", "0": "W", "1": "E", "2": "N", "3": "W", "4": "W", "5": "W", "6": "S", "7": "W", "8": "E", "10": "S", "12": "S", "13": "W", "14": "E", "16": "S", "17": "N", "20": "S", "21": "N", "23": "N", "24": "S", "25": "E", "26": "N", "29": "S", "32": "S", "34": "E", "35": "W", "36": "E", "37": "W", "38": "E", "39": "N", "42": "E", "43": "W", "44": "W", "45": "S", "46": "N", "49": "W", "50": "S", "51": "S", "52": "E", "53": "W", "54": "W", "55": "E", "56": "S", "57": "W", "58": "E", "59": "N", "61": "E", "62": "E", "63": "N", "64": "E", "65": "N", "66": "S", "67": "E", "68": "S", "69": "N", "70": "W", "71": "W", "72": "W", "74": "W", "77": "N", "79": "S"}, {"18": "N", "19": "S", "1": "S", "4": "W", "8": "S", "10": "E", "12": "S", "16": "E", "20": "E", "23": "W", "24": "S", "29": "S", "30": "E", "32": "W", "34": "E", "35": "W", "37": "N", "39": "N", "42": "E", "44": "W", "45": "W", "46": "N", "48": "W", "50": "W", "51": "E", "52": "N", "54": "N", "56": "W", "57": "S", "58": "E", "59": "W", "63": "N", "64": "S", "65": "N", "66": "S", "67": "E", "68": "E", "69": "N", "71": "W", "74": "W", "76": "E", "77": "N", "78": "S", "79": "S"}, {"18": "N", "19": "S", "1": "E", "8": "S", "9": "N", "10": "S", "11": "W", "12": "E", "13": "N", "14": "S", "17": "N", "22": "E", "24": "W", "26": "N", "29": "E", "30": "S", "31": "E", "32": "W", "36": "E", "37": "E", "38": "N", "40": "N", "44": "S", "45": "W", "46": "E", "48": "W", "50": "W", "51": "E", "52": "E", "54": "N", "55": "E", "57": "E", "58": "E", "59": "W", "60": "W", "64": "S", "65": "N", "67": "S", "68": "E", "69": "N", "70": "W", "71": "N", "72": "S", "73": "E", "74": "S", "75": "E", "76": "N", "77": "N", "78": "W", "79": "W"}, {"18": "N", "1": "S", "3": "W", "4": "S", "5": "N", "6": "S", "8": "W", "9": "N", "10": "S", "12": "E", "13": "N", "14": "E", "15": "N", "17": "N", "22": "S", "23": "W", "24": "N", "26": "N", "27": "W", "28": "E", "29": "S", "30": "E", "31": "S", "32": "S", "33": "W", "36": "N", "37": "N", "38": "E", "40": "E", "41": "E", "42": "N", "43": "S", "44": "W", "46": "E", "48": "S", "50": "W", "51": "S", "52": "N", "54": "W", "55": "N", "57": "E", "58": "S", "60": "W", "63": "E", "65": "W", "66": "S", "67": "W", "68": "E", "69": "N", "72": "W", "73": "S", "74": "E", "75": "N", "76": "W", "77": "E", "78": "S", "79": "W"}, {"62": "E", "5": "E"}, {"11": "S", "47": "N", "62": "N", "70": "N", "5": "E", "16": "W"}, {"11": "E", "47": "W", "17": "E", "70": "E", "16": "W"}, {"47": "W", "17": "E", "70": "N", "49": "S", "5": "N"}, {"47": "W", "70": "E", "49": "E", "5": "N", "16": "N"}, {"21": "S", "16": "W"}, {"17": "E", "21": "E", "16": "W"}, {"47": "W", "21": "S", "49": "N"}, {"47": "N", "53": "S", "21": "W", "49": "E"}, {"47": "N", "70": "N", "49": "E"}, {"47": "N", "25": "E", "49": "E", "16": "W"}, {"53": "W", "49": "S", "16": "N"}, {"53": "S", "49": "S", "16": "W"}, {"47": "W", "53": "S", "49": "E"}, {"11": "E", "47": "W", "53": "S", "49": "S"}, {"11": "E", "47": "W", "53": "E", "21": "W", "49": "E"}, {"47": "N", "21": "S"}, {"47": "W", "21": "W"}, {"11": "S", "47": "S", "49": "S"}, {"11": "S", "25": "E", "49": "E"}, {"11": "E", "53": "N", "25": "S", "21": "S", "49": "S"}, {"25": "S", "21": "W"}, {"53": "E", "21": "N", "16": "S"}, {"53": "E"}, {"25": "S", "21": "N"}, {"53": "S", "25": "S", "21": "N", "49": "E"}, {"47": "W", "25": "E"}, {"47": "W", "25": "E"}, {"25": "E"}, {"17": "E"}, {"17": "S"}, {"9": "S"}, {"17": "S", "9": "W"}, {"17": "S"}, {"17": "S"}, {"17": "W"}, {"17": "S"}, {"53": "E", "17": "W"}, {"53": "S", "17": "W", "70": "E"}, {"53": "E", "17": "S", "70": "S"}, {"53": "S", "17": "W", "70": "E"}, {"53": "W"}, {"53": "W", "70": "E"}, {"70": "N"}, {"17": "W", "70": "E"}, {"17": "W", "9": "W"}, {"70": "N"}, {"25": "E"}, {"70": "E"}, {"70": "E"}, {"25": "N"}, {"25": "E"}, {"25": "N"}, {"25": "N", "70": "E"}, {"70": "E"}, {"70": "E"}, {"25": "E"}, {"25": "S", "70": "S"}, {"25": "S"}, {"70": "E"}, {"25": "S"}, {"25": "S"}, {"25": "W"}, {"9": "W"}, {"9": "S"}, {"70": "E"}, {"70": "N", "9": "W"}, {"70": "N", "9": "S"}, {"9": "S"}, {"9": "S"}]}