{"instance": "galaxy_cluster_00000_20x20_20_80", "steps": [{"0": "N", "1": "E", "2": "N", "3": "N", "4": "S", "6": "N", "7": "N", "8": "N", "10": "E", "11": "N", "12": "S", "13": "W", "16": "S", "19": "N", "20": "S", "21": "W", "23": "E", "24": "E", "25": "S", "26": "E", "27": "W", "28": "E", "29": "N", "30": "W", "31": "E", "32": "S", "33": "W", "34": "S", "36": "E", "37": "W", "38": "E", "39": "E", "40": "N", "41": "S", "43": "N", "44": "W", "45": "S", "46": "E", "48": "S", "50": "S", "51": "S", "52": "N", "53": "N", "54": "N", "55": "S", "58": "W", "59": "N", "60": "W", "62": "S", "63": "N", "64": "E", "65": "W", "66": "E", "67": "E", "68": "S", "69": "N", "70": "S", "71": "W", "72": "W", "73": "S", "74": "S", "75": "E", "76": "N", "77": "E", "78": "E", "79": "S"}, {"0": "N", "1": "E", "2": "N", "3": "N", "4": "S", "6": "N", "7": "N", "8": "N", "10": "E", "11": "N", "12": "S", "13": "W", "16": "S", "19": "N", "20": "S", "21": "W", "23": "E", "24": "E", "25": "S", "26": "E", "27": "W", "28": "E", "29": "N", "30": "W", "31": "E", "32": "S", "33": "W", "34": "S", "36": "E", "37": "W", "38": "E", "39": "E", "40": "N", "41": "S", "43": "N", "44": "W", "45": "S", "46": "E", "48": "S", "50": "S", "51": "S", "52": "N", "53": "N", "54": "N", "55": "S", "58": "W", "59": "N", "60": "W", "62": "S", "63": "N", "64": "E", "65": "W", "66": "E", "67": "E", "68": "S", "69": "N", "70": "S", "71": "W", "72": "W", "73": "S", "74": "S", "75": "E", "76": "N", "77": "E", "78": "E", "79": "S"}, {"0": "N", "1": "E", "2": "N", "3": "N", "4": "S", "6": "N", "7": "N", "8": "N", "10": "E", "11": "N", "12": "S", "13": "W", "16": "S", "19": "N", "20": "S", "21": "W", "23": "E", "24": "E", "25": "S", "26": "E", "27": "W", "28": "E", "29": "N", "30": "W", "31": "E", "32": "S", "33": "W", "34": "S", "36": "E", "37": "W", "38": "E", "39": "E", "40": "N", "41": "S", "43": "N", "44": "W", "45": "S", "46": "E", "48": "S", "50": "S", "51": "S", "52": "N", "53": "N", "54": "N", "55": "S", "58": "W", "59": "N", "60": "W", "62": "S", "63": "N", "64": "E", "65": "W", "66": "E", "67": "E", "68": "S", "69": "N", "70": "S", "71": "W", "72": "W", "73": "S", "74": "S", "75": "E", "76": "N", "77": "E", "78": "E", "79": "S"}, {"0": "N", "1": "E", "2": "N", "3": "N", "4": "S", "6": "N", "7": "N", "8": "N", "10": "E", "11": "N", "12": "S", "13": "W", "16": "S", "19": "N", "20": "S", "21": "W", "23": "E", "24": "E", "25": "S", "26": "E", "27": "W", "28": "E", "29": "N", "30": "W", "31": "E", "32": "S", "33": "W", "34": "S", "36": "E", "37": "W", "38": "E", "39": "E", "40": "N", "41": "S", "43": "N", "44": "W", "45": "S", "46": "E", "48": "S", "50": "S", "51": "S", "52": "N", "53": "N", "54": "N", "55": "S", "58": "W", "59": "N", "60": "W", "62": "S", "63": "N", "64": "E", "65": "W", "66": "E", "67": "E", "68": "S", "69": "N", "70": "S", "71": "W", "72": "W", "73": "S", "74": "S", "75": "E", "76": "N", "77": "E", "78": "E", "79": "S"}, {"0": "N", "1": "E", "2": "N", "3": "N", "4": "S", "6": "N", "7": "N", "8": "N", "10": "E", "11": "N", "12": "S", "13": "W", "16": "S", "19": "N", "20": "S", "21": "W", "23": "E", "24": "E", "25": "S", "26": "E", "27": "W", "28": "E", "29": "N", "30": "W", "31": "E", "32": "S", "33": "W", "34": "S", "36": "E", "37": "W", "38": "E", "39": "E", "40": "N", "41": "S", "43": "N", "44": "W", "45": "S", "46": "E", "48": "S", "50": "S", "51": "S", "52": "N", "53": "N", "54": "N", "55": "S", "58": "W", "59": "N", "60": "W", "62": "S", "63": "N", "64": "E", "65": "W", "66": "E", "67": "E", "68": "S", "69": "N", "70": "S", "71": "W", "72": "W", "73": "S", "74": "S", "75": "E", "76": "N", "77": "E", "78": "E", "79": "S"}, {"0": "N", "1": "E", "2": "N", "3": "N", "4": "S", "6": "N", "7": "N", "8": "N", "10": "E", "11": "N", "12": "S", "13": "W", "16": "S", "19": "N", "20": "S", "21": "W", "23": "E", "24": "E", "25": "S", "26": "E", "27": "W", "28": "E", "29": "N", "30": "W", "31": "E", "32": "S", "33": "W", "34": "S", "36": "E", "37": "W", "38": "E", "39": "E", "40": "N", "41": "S", "43": "N", "44": "W", "45": "S", "46": "E", "48": "S", "50": "S", "51": "S", "52": "N", "53": "N", "54": "N", "55": "S", "58": "W", "59": "N", "60": "W", "62": "S", "63": "N", "64": "E", "65": "W", "66": "E", "67": "E", "68": "S", "69": "N", "70": "S", "71": "W", "72": "W", "73": "S", "74": "S", "75": "E", "76": "N", "77": "E", "78": "E", "79": "S"}, {"0": "N", "1": "E", "2": "N", "3": "N", "4": "S", "6": "N", "7": "N", "8": "N", "10": "E", "11": "N", "12": "S", "13": "W", "16": "S", "19": "N", "20": "S", "21": "W", "23": "E", "24": "E", "25": "S", "26": "E", "27": "W", "28": "E", "29": "N", "30": "W", "31": "E", "32": "S", "33": "W", "34": "S", "36": "E", "37": "W", "38": "E", "39": "E", "40": "N", "41": "S", "43": "N", "44": "W", "45": "S", "46": "E", "48": "S", "50": "S", "51": "S", "52": "N", "53": "N", "54": "N", "55": "S", "58": "W", "59": "N", "60": "W", "62": "S", "63": "N", "64": "E", "65": "W", "66": "E", "67": "E", "68": "S", "69": "N", "70": "S", "71": "W", "72": "W", "73": "S", "74": "S", "75": "E", "76": "N", "77": "E", "78": "E", "79": "S"}, {"0": "N", "1": "E", "2": "N", "3": "N", "4": "S", "6": "N", "7": "N", "8": "N", "10": "E", "11": "N", "12": "S", "13": "W", "16": "S", "19": "N", "20": "S", "21": "W", "23": "E", "24": "E", "25": "S", "26": "E", "27": "W", "28": "E", "29": "N", "30": "W", "31": "E", "32": "S", "33": "W", "34": "S", "36": "E", "37": "W", "38": "E", "39": "E", "40": "N", "41": "S", "43": "N", "44": "W", "45": "S", "46": "E", "48": "S", "50": "S", "51": "S", "52": "N", "53": "N", "54": "N", "55": "S", "58": "W", "59": "N", "60": "W", "62": "S", "63": "N", "64": "E", "65": "W", "66": "E", "67": "E", "68": "S", "69": "N", "70": "S", "71": "W", "72": "W", "73": "S", "74": "S", "75": "E", "76": "N", "77": "E", "78": "E", "79": "S"}, {"0": "N", "1": "E", "2": "N", "3": "N", "4": "S", "6": "N", "7": "N", "8": "N", "10": "E", "11": "N", "12": "S", "13": "W", "16": "S", "19": "N", "20": "S", "21": "W", "23": "E", "24": "E", "25": "S", "26": "E", "27": "W", "28": "E", "29": "N", "30": "W", "31": "E", "32": "S", "33": "W", "34": "S", "36": "E", "37": "W", "38": "E", "39": "E", "40": "N", "41": "S", "43": "N", "44": "W", "45": "S", "46": "E", "48": "S", "50": "S", "51": "S", "52": "N", "53": "N", "54": "N", "55": "S", "58": "W", "59": "N", "60": "W", "62": "S", "63": "N", "64": "E", "65": "W", "66": "E", "67": "E", "68": "S", "69": "N", "70": "S", "71": "W", "72": "W", "73": "S", "74": "S", "75": "E", "76": "N", "77": "E", "78": "E", "79": "S"}, {"0": "N", "1": "E", "2": "N", "3": "N", "4": "S", "6": "N", "7": "N", "8": "N", "10": "E", "11": "N", "12": "S", "13": "W", "16": "S", "19": "N", "20": "S", "21": "W", "23": "E", "24": "E", "25": "S", "26": "E", "27": "W", "28": "E", "29": "N", "30": "W", "31": "E", "32": "S", "33": "W", "34": "S", "36": "E", "37": "W", "38": "E", "39": "E", "40": "N", "41": "S", "43": "N", "44": "W", "45": "S", "46": "E", "48": "S", "50": "S", "51": "S", "52": "N", "53": "N", "54": "N", "55": "S", "58": "W", "59": "N", "60": "W", "62": "S", "63": "N", "64": "E", "65": "W", "66": "E", "67": "E", "68": "S", "69": "N", "70": "S", "71": "W", "72": "W", "73": "S", "74": "S", "75": "E", "76": "N", "77": "E", "78": "E", "79": "S"}, {"0": "N", "1": "E", "2": "N", "3": "N", "4": "S", "6": "N", "7": "N", "8": "N", "10": "E", "11": "N", "12": "S", "13": "W", "16": "S", "19": "N", "20": "S", "21": "W", "23": "E", "24": "E", "25": "S", "26": "E", "27": "W", "28": "E", "29": "N", "30": "W", "31": "E", "32": "S", "33": "W", "34": "S", "36": "E", "37": "W", "38": "E", "39": "E", "40": "N", "41": "S", "43": "N", "44": "W", "45": "S", "46": "E", "48": "S", "50": "S", "51": "S", "52": "N", "53": "N", "54": "N", "55": "S", "58": "W", "59": "N", "60": "W", "62": "S", "63": "N", "64": "E", "65": "W", "66": "E", "67": "E", "68": "S", "69": "N", "70": "S", "71": "W", "72": "W", "73": "S", "74": "S", "75": "E", "76": "N", "77": "E", "78": "E", "79": "S"}, {"0": "N", "1": "E", "2": "N", "3": "N", "4": "S", "6": "N", "7": "N", "8": "N", "10": "E", "11": "N", "12": "S", "13": "W", "16": "S", "19": "N", "20": "S", "21": "W", "23": "E", "24": "E", "25": "S", "26": "E", "27": "W", "28": "E", "29": "N", "30": "W", "31": "E", "32": "S", "33": "W", "34": "S", "36": "E", "37": "W", "38": "E", "39": "E", "40": "N", "41": "S", "43": "N", "44": "W", "45": "S", "46": "E", "48": "S", "50": "S", "51": "S", "52": "N", "53": "N", "54": "N", "55": "S", "58": "W", "59": "N", "60": "W", "62": "S", "63": "N", "64": "E", "65": "W", "66": "E", "67": "E", "68": "S", "69": "N", "70": "S", "71": "W", "72": "W", "73": "S", "74": "S", "75": "E", "76": "N", "77": "E", "78": "E", "79": "S"}, {"0": "N", "1": "E", "2": "N", "3": "N", "4": "S", "6": "N", "7": "N", "8": "N", "10": "E", "11": "N", "12": "S", "13": "W", "16": "S", "19": "N", "20": "S", "21": "W", "23": "E", "24": "E", "25": "S", "26": "E", "27": "W", "28": "E", "29": "N", "30": "W", "31": "E", "32": "S", "33": "W", "34": "S", "36": "E", "37": "W", "38": "E", "39": "E", "40": "N", "41": "S", "43": "N", "44": "W", "45": "S", "46": "E", "48": "S", "50": "S", "51": "S", "52": "N", "53": "N", "54": "N", "55": "S", "58": "W", "59": "N", "60": "W", "62": "S", "63": "N", "64": "E", "65": "W", "66": "E", "67": "E", "68": "S", "69": "N", "70": "S", "71": "W", "72": "W", "73": "S", "74": "S", "75": "E", "76": "N", "77": "E", "78": "E", "79": "S"}, {"0": "N", "1": "E", "2": "N", "3": "N", "4": "S", "6": "N", "7": "N", "8": "N", "10": "E", "11": "N", "12": "S", "13": "W", "16": "S", "19": "N", "20": "S", "21": "W", "23": "E", "24": "E", "25": "S", "26": "E", "27": "W", "28": "E", "29": "N", "30": "W", "31": "E", "32": "S", "33": "W", "34": "S", "36": "E", "37": "W", "38": "E", "39": "E", "40": "N", "41": "S", "43": "N", "44": "W", "45": "S", "46": "E", "48": "S", "50": "S", "51": "S", "52": "N", "53": "N", "54": "N", "55": "S", "58": "W", "59": "N", "60": "W", "62": "S", "63": "N", "64": "E", "65": "W", "66": "E", "67": "E", "68": "S", "69": "N", "70": "S", "71": "W", "72": "W", "73": "S", "74": "S", "75": "E", "76": "N", "77": "E", "78": "E", "79": "S"}, {"0": "N", "1": "E", "2": "N", "3": "N", "4": "S", "6": "N", "7": "N", "8": "N", "10": "E", "11": "N", "12": "S", "13": "W", "16": "S", "19": "N", "20": "S", "21": "W", "23": "E", "24": "E", "25": "S", "26": "E", "27": "W", "28": "E", "29": "N", "30": "W", "31": "E", "32": "S", "33": "W", "34": "S", "36": "E", "37": "W", "38": "E", "39": "E", "40": "N", "41": "S", "43": "N", "44": "W", "45": "S", "46": "E", "48": "S", "50": "S", "51": "S", "52": "N", "53": "N", "54": "N", "55": "S", "58": "W", "59": "N", "60": "W", "62": "S", "63": "N", "64": "E", "65": "W", "66": "E", "67": "E", "68": "S", "69": "N", "70": "S", "71": "W", "72": "W", "73": "S", "74": "S", "75": "E", "76": "N", "77": "E", "78": "E", "79": "S"}, {"0": "N", "1": "E", "2": "N", "3": "N", "4": "S", "6": "N", "7": "N", "8": "N", "10": "E", "11": "N", "12": "S", "13": "W", "16": "S", "19": "N", "20": "S", "21": "W", "23": "E", "24": "E", "25": "S", "26": "E", "27": "W", "28": "E", "29": "N", "30": "W", "31": "E", "32": "S", "33": "W", "34": "S", "36": "E", "37": "W", "38": "E", "39": "E", "40": "N", "41": "S", "43": "N", "44": "W", "45": "S", "46": "E", "48": "S", "50": "S", "51": "S", "52": "N", "53": "N", "54": "N", "55": "S", "58": "W", "59": "N", "60": "W", "62": "S", "63": "N", "64": "E", "65": "W", "66": "E", "67": "E", "68": "S", "69": "N", "70": "S", "71": "W", "72": "W", "73": "S", "74": "S", "75": "E", "76": "N", "77": "E", "78": "E", "79": "S"}, {"0": "N", "1": "E", "2": "N", "3": "N", "4": "S", "6": "N", "7": "N", "8": "N", "10": "E", "11": "N", "12": "S", "13": "W", "16": "S", "19": "N", "20": "S", "21": "W", "23": "E", "24": "E", "25": "S", "26": "E", "27": "W", "28": "E", "29": "N", "30": "W", "31": "E", "32": "S", "33": "W", "34": "S", "36": "E", "37": "W", "38": "E", "39": "E", "40": "N", "41": "S", "43": "N", "44": "W", "45": "S", "46": "E", "48": "S", "50": "S", "51": "S", "52": "N", "53": "N", "54": "N", "55": "S", "58": "W", "59": "N", "60": "W", "62": "S", "63": "N", "64": "E", "65": "W", "66": "E", "67": "E", "68": "S", "69": "N", "70": "S", "71": "W", "72": "W", "73": "S", "74": "S", "75": "E", "76": "N", "77": "E", "78": "E", "79": "S"}, {"0": "N", "1": "E", "2": "N", "3": "N", "4": "S", "6": "N", "7": "N", "8": "N", "10": "E", "11": "N", "12": "S", "13": "W", "16": "S", "19": "N", "20": "S", "21": "W", "23": "E", "24": "E", "25": "S", "26": "E", "27": "W", "28": "E", "29": "N", "30": "W", "31": "E", "32": "S", "33": "W", "34": "S", "36": "E", "37": "W", "38": "E", "39": "E", "40": "N", "41": "S", "43": "N", "44": "W", "45": "S", "46": "E", "48": "S", "50": "S", "51": "S", "52": "N", "53": "N", "54": "N", "55": "S", "58": "W", "59": "N", "60": "W", "62": "S", "63": "N", "64": "E", "65": "W", "66": "E", "67": "E", "68": "S", "69": "N", "70": "S", "71": "W", "72": "W", "73": "S", "74": "S", "75": "E", "76": "N", "77": "E", "78": "E", "79": "S"}, {"0": "N", "1": "E", "2": "N", "3": "N", "4": "S", "6": "N", "7": "N", "8": "N", "10": "E", "11": "N", "12": "S", "13": "W", "16": "S", "19": "N", "20": "S", "21": "W", "23": "E", "24": "E", "25": "S", "26": "E", "27": "W", "28": "E", "29": "N", "30": "W", "31": "E", "32": "S", "33": "W", "34": "S", "36": "E", "37": "W", "38": "E", "39": "E", "40": "N", "41": "S", "43": "N", "44": "W", "45": "S", "46": "E", "48": "S", "50": "S", "51": "S", "52": "N", "53": "N", "54": "N", "55": "S", "58": "W", "59": "N", "60": "W", "62": "S", "63": "N", "64": "E", "65": "W", "66": "E", "67": "E", "68": "S", "69": "N", "70": "S", "71": "W", "72": "W", "73": "S", "74": "S", "75": "E", "76": "N", "77": "E", "78": "E", "79": "S"}, {"0": "N", "1": "E", "2": "N", "3": "N", "4": "S", "6": "N", "7": "N", "8": "N", "10": "E", "11": "N", "12": "S", "13": "W", "16": "S", "19": "N", "20": "S", "21": "W", "23": "E", "24": "E", "25": "S", "26": "E", "27": "W", "28": "E", "29": "N", "30": "W", "31": "E", "32": "S", "33": "W", "34": "S", "36": "E", "37": "W", "38": "E", "39": "E", "40": "N", "41": "S", "43": "N", "44": "W", "45": "S", "46": "E", "48": "S", "50": "S", "51": "S", "52": "N", "53": "N", "54": "N", "55": "S", "58": "W", "59": "N", "60": "W", "62": "S", "63": "N", "64": "E", "65": "W", "66": "E", "67": "E", "68": "S", "69": "N", "70": "S", "71": "W", "72": "W", "73": "S", "74": "S", "75": "E", "76": "N", "77": "E", "78": "E", "79": "S"}, {"0": "N", "1": "E", "2": "N", "3": "N", "4": "S", "6": "N", "7": "N", "8": "N", "10": "E", "11": "N", "12": "S", "13": "W", "16": "S", "19": "N", "20": "S", "21": "W", "23": "E", "24": "E", "25": "S", "26": "E", "27": "W", "28": "E", "29": "N", "30": "W", "31": "E", "32": "S", "33": "W", "34": "S", "36": "E", "37": "W", "38": "E", "39": "E", "40": "N", "41": "S", "43": "N", "44": "W", "45": "S", "46": "E", "48": "S", "50": "S", "51": "S", "52": "N", "53": "N", "54": "N", "55": "S", "58": "W", "59": "N", "60": "W", "62": "S", "63": "N", "64": "E", "65": "W", "66": "E", "67": "E", "68": "S", "69": "N", "70": "S", "71": "W", "72": "W", "73": "S", "74": "S", "75": "E", "76": "N", "77": "E", "78": "E", "79": "S"}, {"0": "N", "1": "E", "2": "N", "3": "N", "4": "S", "6": "N", "7": "N", "8": "N", "10": "E", "11": "N", "12": "S", "13": "W", "16": "S", "19": "N", "20": "S", "21": "W", "23": "E", "24": "E", "25": "S", "26": "E", "27": "W", "28": "E", "29": "N", "30": "W", "31": "E", "32": "S", "33": "W", "34": "S", "36": "E", "37": "W", "38": "E", "39": "E", "40": "N", "41": "S", "43": "N", "44": "W", "45": "S", "46": "E", "48": "S", "50": "S", "51": "S", "52": "N", "53": "N", "54": "N", "55": "S", "58": "W", "59": "N", "60": "W", "62": "S", "63": "N", "64": "E", "65": "W", "66": "E", "67": "E", "68": "S", "69": "N", "70": "S", "71": "W", "72": "W", "73": "S", "74": "S", "75": "E", "76": "N", "77": "E", "78": "E", "79": "S"}, {"0": "N", "1": "E", "2": "N", "3": "N", "4": "S", "6": "N", "7": "N", "8": "N", "10": "E", "11": "N", "12": "S", "13": "W", "16": "S", "19": "N", "20": "S", "21": "W", "23": "E", "24": "E", "25": "S", "26": "E", "27": "W", "28": "E", "29": "N", "30": "W", "31": "E", "32": "S", "33": "W", "34": "S", "36": "E", "37": "W", "38": "E", "39": "E", "40": "N", "41": "S", "43": "N", "44": "W", "45": "S", "46": "E", "48": "S", "50": "S", "51": "S", "52": "N", "53": "N", "54": "N", "55": "S", "58": "W", "59": "N", "60": "W", "62": "S", "63": "N", "64": "E", "65": "W", "66": "E", "67": "E", "68": "S", "69": "N", "70": "S", "71": "W", "72": "W", "73": "S", "74": "S", "75": "E", "76": "N", "77": "E", "78": "E", "79": "S"}, {"0": "N", "1": "E", "2": "N", "3": "N", "4": "S", "6": "N", "7": "N", "8": "N", "10": "E", "11": "N", "12": "S", "13": "W", "16": "S", "19": "N", "20": "S", "21": "W", "23": "E", "24": "E", "25": "S", "26": "E", "27": "W", "28": "E", "29": "N", "30": "W", "31": "E", "32": "S", "33": "W", "34": "S", "36": "E", "37": "W", "38": "E", "39": "E", "40": "N", "41": "S", "43": "N", "44": "W", "45": "S", "46": "E", "48": "S", "50": "S", "51": "S", "52": "N", "53": "N", "54": "N", "55": "S", "58": "W", "59": "N", "60": "W", "62": "S", "63": "N", "64": "E", "65": "W", "66": "E", "67": "E", "68": "S", "69": "N", "70": "S", "71": "W", "72": "W", "73": "S", "74": "S", "75": "E", "76": "N", "77": "E", "78": "E", "79": "S"}, {"0": "N", "1": "E", "2": "N", "3": "N", "4": "S", "6": "N", "7": "N", "8": "N", "10": "E", "11": "N", "12": "S", "13": "W", "16": "S", "19": "N", "20": "S", "21": "W", "23": "E", "24": "E", "25": "S", "26": "E", "27": "W", "28": "E", "29": "N", "30": "W", "31": "E", "32": "S", "33": "W", "34": "S", "36": "E", "37": "W", "38": "E", "39": "E", "40": "N", "41": "S", "43": "N", "44": "W", "45": "S", "46": "E", "48": "S", "50": "S", "51": "S", "52": "N", "53": "N", "54": "N", "55": "S", "58": "W", "59": "N", "60": "W", "62": "S", "63": "N", "64": "E", "65": "W", "66": "E", "67": "E", "68": "S", "69": "N", "70": "S", "71": "W", "72": "W", "73": "S", "74": "S", "75": "E", "76": "N", "77": "E", "78": "E", "79": "S"}, {"0": "N", "1": "E", "2": "N", "3": "N", "4": "S", "6": "N", "7": "N", "8": "N", "10": "E", "11": "N", "12": "S", "13": "W", "16": "S", "19": "N", "20": "S", "21": "W", "23": "E", "24": "E", "25": "S", "26": "E", "27": "W", "28": "E", "29": "N", "30": "W", "31": "E", "32": "S", "33": "W", "34": "S", "36": "E", "37": "W", "38": "E", "39": "E", "40": "N", "41": "S", "43": "N", "44": "W", "45": "S", "46": "E", "48": "S", "50": "S", "51": "S", "52": "N", "53": "N", "54": "N", "55": "S", "58": "W", "59": "N", "60": "W", "62": "S", "63": "N", "64": "E", "65": "W", "66": "E", "67": "E", "68": "S", "69": "N", "70": "S", "71": "W", "72": "W", "73": "S", "74": "S", "75": "E", "76": "N", "77": "E", "78": "E", "79": "S"}, {"0": "N", "1": "E", "2": "N", "3": "N", "4": "S", "6": "N", "7": "N", "8": "N", "10": "E", "11": "N", "12": "S", "13": "W", "16": "S", "19": "N", "20": "S", "21": "W", "23": "E", "24": "E", "25": "S", "26": "E", "27": "W", "28": "E", "29": "N", "30": "W", "31": "E", "32": "S", "33": "W", "34": "S", "36": "E", "37": "W", "38": "E", "39": "E", "40": "N", "41": "S", "43": "N", "44": "W", "45": "S", "46": "E", "48": "S", "50": "S", "51": "S", "52": "N", "53": "N", "54": "N", "55": "S", "58": "W", "59": "N", "60": "W", "62": "S", "63": "N", "64": "E", "65": "W", "66": "E", "67": "E", "68": "S", "69": "N", "70": "S", "71": "W", "72": "W", "73": "S", "74": "S", "75": "E", "76": "N", "77": "E", "78": "E", "79": "S"}, {"0": "N", "1": "E", "2": "N", "3": "N", "4": "S", "6": "N", "7": "N", "8": "N", "10": "E", "11": "N", "12": "S", "13": "W", "16": "S", "19": "N", "20": "S", "21": "W", "23": "E", "24": "E", "25": "S", "26": "E", "27": "W", "28": "E", "29": "N", "30": "W", "31": "E", "32": "S", "33": "W", "34": "S", "36": "E", "37": "W", "38": "E", "39": "E", "40": "N", "41": "S", "43": "N", "44": "W", "45": "S", "46": "E", "48": "S", "50": "S", "51": "S", "52": "N", "53": "N", "54": "N", "55": "S", "58": "W", "59": "N", "60": "W", "62": "S", "63": "N", "64": "E", "65": "W", "66": "E", "67": "E", "68": "S", "69": "N", "70": "S", "71": "W", "72": "W", "73": "S", "74": "S", "75": "E", "76": "N", "77": "E", "78": "E", "79": "S"}, {"0": "N", "1": "E", "2": "N", "3": "N", "4": "S", "6": "N", "7": "N", "8": "N", "10": "E", "11": "N", "12": "S", "13": "W", "16": "S", "19": "N", "20": "S", "21": "W", "23": "E", "24": "E", "25": "S", "26": "E", "27": "W", "28": "E", "29": "N", "30": "W", "31": "E", "32": "S", "33": "W", "34": "S", "36": "E", "37": "W", "38": "E", "39": "E", "40": "N", "41": "S", "43": "N", "44": "W", "45": "S", "46": "E", "48": "S", "50": "S", "51": "S", "52": "N", "53": "N", "54": "N", "55": "S", "58": "W", "59": "N", "60": "W", "62": "S", "63": "N", "64": "E", "65": "W", "66": "E", "67": "E", "68": "S", "69": "N", "70": "S", "71": "W", "72": "W", "73": "S", "74": "S", "75": "E", "76": "N", "77": "E", "78": "E", "79": "S"}, {"0": "N", "1": "E", "2": "N", "3": "N", "4": "S", "6": "N", "7": "N", "8": "N", "10": "E", "11": "N", "12": "S", "13": "W", "16": "S", "19": "N", "20": "S", "21": "W", "23": "E", "24": "E", "25": "S", "26": "E", "27": "W", "28": "E", "29": "N", "30": "W", "31": "E", "32": "S", "33": "W", "34": "S", "36": "E", "37": "W", "38": "E", "39": "E", "40": "N", "41": "S", "43": "N", "44": "W", "45": "S", "46": "E", "48": "S", "50": "S", "51": "S", "52": "N", "53": "N", "54": "N", "55": "S", "58": "W", "59": "N", "60": "W", "62": "S", "63": "N", "64": "E", "65": "W", "66": "E", "67": "E", "68": "S", "69": "N", "70": "S", "71": "W", "72": "W", "73": "S", "74": "S", "75": "E", "76": "N", "77": "E", "78": "E", "79": "S"}, {"0": "N", "1": "E", "2": "N", "3": "N", "4": "S", "6": "N", "7": "N", "8": "N", "10": "E", "11": "N", "12": "S", "13": "W", "16": "S", "19": "N", "20": "S", "21": "W", "23": "E", "24": "E", "25": "S", "26": "E", "27": "W", "28": "E", "29": "N", "30": "W", "31": "E", "32": "S", "33": "W", "34": "S", "36": "E", "37": "W", "38": "E", "39": "E", "40": "N", "41": "S", "43": "N", "44": "W", "45": "S", "46": "E", "48": "S", "50": "S", "51": "S", "52": "N", "53": "N", "54": "N", "55": "S", "58": "W", "59": "N", "60": "W", "62": "S", "63": "N", "64": "E", "65": "W", "66": "E", "67": "E", "68": "S", "69": "N", "70": "S", "71": "W", "72": "W", "73": "S", "74": "S", "75": "E", "76": "N", "77": "E", "78": "E", "79": "S"}, {"0": "N", "1": "E", "2": "N", "3": "N", "4": "S", "6": "N", "7": "N", "8": "N", "10": "E", "11": "N", "12": "S", "13": "W", "16": "S", "19": "N", "20": "S", "21": "W", "23": "E", "24": "E", "25": "S", "26": "E", "27": "W", "28": "E", "29": "N", "30": "W", "31": "E", "32": "S", "33": "W", "34": "S", "36": "E", "37": "W", "38": "E", "39": "E", "40": "N", "41": "S", "43": "N", "44": "W", "45": "S", "46": "E", "48": "S", "50": "S", "51": "S", "52": "N", "53": "N", "54": "N", "55": "S", "58": "W", "59": "N", "60": "W", "62": "S", "63": "N", "64": "E", "65": "W", "66": "E", "67": "E", "68": "S", "69": "N", "70": "S", "71": "W", "72": "W", "73": "S", "74": "S", "75": "E", "76": "N", "77": "E", "78": "E", "79": "S"}, {"0": "N", "1": "E", "2": "N", "3": "N", "4": "S", "6": "N", "7": "N", "8": "N", "10": "E", "11": "N", "12": "S", "13": "W", "16": "S", "19": "N", "20": "S", "21": "W", "23": "E", "24": "E", "25": "S", "26": "E", "27": "W", "28": "E", "29": "N", "30": "W", "31": "E", "32": "S", "33": "W", "34": "S", "36": "E", "37": "W", "38": "E", "39": "E", "40": "N", "41": "S", "43": "N", "44": "W", "45": "S", "46": "E", "48": "S", "50": "S", "51": "S", "52": "N", "53": "N", "54": "N", "55": "S", "58": "W", "59": "N", "60": "W", "62": "S", "63": "N", "64": "E", "65": "W", "66": "E", "67": "E", "68": "S", "69": "N", "70": "S", "71": "W", "72": "W", "73": "S", "74": "S", "75": "E", "76": "N", "77": "E", "78": "E", "79": "S"}, {"0": "N", "1": "E", "2": "N", "3": "N", "4": "S", "6": "N", "7": "N", "8": "N", "10": "E", "11": "N", "12": "S", "13": "W", "16": "S", "19": "N", "20": "S", "21": "W", "23": "E", "24": "E", "25": "S", "26": "E", "27": "W", "28": "E", "29": "N", "30": "W", "31": "E", "32": "S", "33": "W", "34": "S", "36": "E", "37": "W", "38": "E", "39": "E", "40": "N", "41": "S", "43": "N", "44": "W", "45": "S", "46": "E", "48": "S", "50": "S", "51": "S", "52": "N", "53": "N", "54": "N", "55": "S", "58": "W", "59": "N", "60": "W", "62": "S", "63": "N", "64": "E", "65": "W", "66": "E", "67": "E", "68": "S", "69": "N", "70": "S", "71": "W", "72": "W", "73": "S", "74": "S", "75": "E", "76": "N", "77": "E", "78": "E", "79": "S"}, {"0": "N", "1": "E", "2": "N", "3": "N", "4": "S", "6": "N", "7": "N", "8": "N", "10": "E", "11": "N", "12": "S", "13": "W", "16": "S", "19": "N", "20": "S", "21": "W", "23": "E", "24": "E", "25": "S", "26": "E", "27": "W", "28": "E", "29": "N", "30": "W", "31": "E", "32": "S", "33": "W", "34": "S", "36": "E", "37": "W", "38": "E", "39": "E", "40": "N", "41": "S", "43": "N", "44": "W", "45": "S", "46": "E", "48": "S", "50": "S", "51": "S", "52": "N", "53": "N", "54": "N", "55": "S", "58": "W", "59": "N", "60": "W", "62": "S", "63": "N", "64": "E", "65": "W", "66": "E", "67": "E", "68": "S", "69": "N", "70": "S", "71": "W", "72": "W", "73": "S", "74": "S", "75": "E", "76": "N", "77": "E", "78": "E", "79": "S"}, {"0": "N", "1": "E", "2": "N", "3": "N", "4": "S", "6": "N", "7": "N", "8": "N", "10": "E", "11": "N", "12": "S", "13": "W", "16": "S", "19": "N", "20": "S", "21": "W", "23": "E", "24": "E", "25": "S", "26": "E", "27": "W", "28": "E", "29": "N", "30": "W", "31": "E", "32": "S", "33": "W", "34": "S", "36": "E", "37": "W", "38": "E", "39": "E", "40": "N", "41": "S", "43": "N", "44": "W", "45": "S", "46": "E", "48": "S", "50": "S", "51": "S", "52": "N", "53": "N", "54": "N", "55": "S", "58": "W", "59": "N", "60": "W", "62": "S", "63": "N", "64": "E", "65": "W", "66": "E", "67": "E", "68": "S", "69": "N", "70": "S", "71": "W", "72": "W", "73": "S", "74": "S", "75": "E", "76": "N", "77": "E", "78": "E", "79": "S"}, {"0": "N", "1": "E", "2": "N", "3": "N", "4": "S", "6": "N", "7": "N", "8": "N", "10": "E", "11": "N", "12": "S", "13": "W", "16": "S", "19": "N", "20": "S", "21": "W", "23": "E", "24": "E", "25": "S", "26": "E", "27": "W", "28": "E", "29": "N", "30": "W", "31": "E", "32": "S", "33": "W", "34": "S", "36": "E", "37": "W", "38": "E", "39": "E", "40": "N", "41": "S", "43": "N", "44": "W", "45": "S", "46": "E", "48": "S", "50": "S", "51": "S", "52": "N", "53": "N", "54": "N", "55": "S", "58": "W", "59": "N", "60": "W", "62": "S", "63": "N", "64": "E", "65": "W", "66": "E", "67": "E", "68": "S", "69": "N", "70": "S", "71": "W", "72": "W", "73": "S", "74": "S", "75": "E", "76": "N", "77": "E", "78": "E", "79": "S"}, {"0": "N", "1": "E", "2": "N", "3": "N", "4": "S", "6": "N", "7": "N", "8": "N", "10": "E", "11": "N", "12": "S", "13": "W", "16": "S", "19": "N", "20": "S", "21": "W", "23": "E", "24": "E", "25": "S", "26": "E", "27": "W", "28": "E", "29": "N", "30": "W", "31": "E", "32": "S", "33": "W", "34": "S", "36": "E", "37": "W", "38": "E", "39": "E", "40": "N", "41": "S", "43": "N", "44": "W", "45": "S", "46": "E", "48": "S", "50": "S", "51": "S", "52": "N", "53": "N", "54": "N", "55": "S", "58": "W", "59": "N", "60": "W", "62": "S", "63": "N", "64": "E", "65": "W", "66": "E", "67": "E", "68": "S", "69": "N", "70": "S", "71": "W", "72": "W", "73": "S", "74": "S", "75": "E", "76": "N", "77": "E", "78": "E", "79": "S"}, {"0": "N", "1": "E", "2": "N", "3": "N", "4": "S", "6": "N", "7": "N", "8": "N", "10": "E", "11": "N", "12": "S", "13": "W", "16": "S", "19": "N", "20": "S", "21": "W", "23": "E", "24": "E", "25": "S", "26": "E", "27": "W", "28": "E", "29": "N", "30": "W", "31": "E", "32": "S", "33": "W", "34": "S", "36": "E", "37": "W", "38": "E", "39": "E", "40": "N", "41": "S", "43": "N", "44": "W", "45": "S", "46": "E", "48": "S", "50": "S", "51": "S", "52": "N", "53": "N", "54": "N", "55": "S", "58": "W", "59": "N", "60": "W", "62": "S", "63": "N", "64": "E", "65": "W", "66": "E", "67": "E", "68": "S", "69": "N", "70": "S", "71": "W", "72": "W", "73": "S", "74": "S", "75": "E", "76": "N", "77": "E", "78": "E", "79": "S"}, {"0": "N", "1": "E", "2": "N", "3": "N", "4": "S", "6": "N", "7": "N", "8": "N", "10": "E", "11": "N", "12": "S", "13": "W", "16": "S", "19": "N", "20": "S", "21": "W", "23": "E", "24": "E", "25": "S", "26": "E", "27": "W", "28": "E", "29": "N", "30": "W", "31": "E", "32": "S", "33": "W", "34": "S", "36": "E", "37": "W", "38": "E", "39": "E", "40": "N", "41": "S", "43": "N", "44": "W", "45": "S", "46": "E", "48": "S", "50": "S", "51": "S", "52": "N", "53": "N", "54": "N", "55": "S", "58": "W", "59": "N", "60": "W", "62": "S", "63": "N", "64": "E", "65": "W", "66": "E", "67": "E", "68": "S", "69": "N", "70": "S", "71": "W", "72": "W", "73": "S", "74": "S", "75": "E", "76": "N", "77": "E", "78": "E", "79": "S"}, {"0": "N", "1": "E", "2": "N", "3": "N", "4": "S", "6": "N", "7": "N", "8": "N", "10": "E", "11": "N", "12": "S", "13": "W", "16": "S", "19": "N", "20": "S", "21": "W", "23": "E", "24": "E", "25": "S", "26": "E", "27": "W", "28": "E", "29": "N", "30": "W", "31": "E", "32": "S", "33": "W", "34": "S", "36": "E", "37": "W", "38": "E", "39": "E", "40": "N", "41": "S", "43": "N", "44": "W", "45": "S", "46": "E", "48": "S", "50": "S", "51": "S", "52": "N", "53": "N", "54": "N", "55": "S", "58": "W", "59": "N", "60": "W", "62": "S", "63": "N", "64": "E", "65": "W", "66": "E", "67": "E", "68": "S", "69": "N", "70": "S", "71": "W", "72": "W", "73": "S", "74": "S", "75": "E", "76": "N", "77": "E", "78": "E", "79": "S"}, {"0": "N", "1": "E", "2": "N", "3": "N", "4": "S", "6": "N", "7": "N", "8": "N", "10": "E", "11": "N", "12": "S", "13": "W", "16": "S", "19": "N", "20": "S", "21": "W", "23": "E", "24": "E", "25": "S", "26": "E", "27": "W", "28": "E", "29": "N", "30": "W", "31": "E", "32": "S", "33": "W", "34": "S", "36": "E", "37": "W", "38": "E", "39": "E", "40": "N", "41": "S", "43": "N", "44": "W", "45": "S", "46": "E", "48": "S", "50": "S", "51": "S", "52": "N", "53": "N", "54": "N", "55": "S", "58": "W", "59": "N", "60": "W", "62": "S", "63": "N", "64": "E", "65": "W", "66": "E", "67": "E", "68": "S", "69": "N", "70": "S", "71": "W", "72": "W", "73": "S", "74": "S", "75": "E", "76": "N", "77": "E", "78": "E", "79": "S"}, {"0": "N", "1": "E", "2": "N", "3": "N", "4": "S", "6": "N", "7": "N", "8": "N", "10": "E", "11": "N", "12": "S", "13": "W", "16": "S", "19": "N", "20": "S", "21": "W", "23": "E", "24": "E", "25": "S", "26": "E", "27": "W", "28": "E", "29": "N", "30": "W", "31": "E", "32": "S", "33": "W", "34": "S", "36": "E", "37": "W", "38": "E", "39": "E", "40": "N", "41": "S", "43": "N", "44": "W", "45": "S", "46": "E", "48": "S", "50": "S", "51": "S", "52": "N", "53": "N", "54": "N", "55": "S", "58": "W", "59": "N", "60": "W", "62": "S", "63": "N", "64": "E", "65": "W", "66": "E", "67": "E", "68": "S", "69": "N", "70": "S", "71": "W", "72": "W", "73": "S", "74": "S", "75": "E", "76": "N", "77": "E", "78": "E", "79": "S"}, {"0": "N", "1": "E", "2": "N", "3": "N", "4": "S", "6": "N", "7": "N", "8": "N", "10": "E", "11": "N", "12": "S", "13": "W", "16": "S", "19": "N", "20": "S", "21": "W", "23": "E", "24": "E", "25": "S", "26": "E", "27": "W", "28": "E", "29": "N", "30": "W", "31": "E", "32": "S", "33": "W", "34": "S", "36": "E", "37": "W", "38": "E", "39": "E", "40": "N", "41": "S", "43": "N", "44": "W", "45": "S", "46": "E", "48": "S", "50": "S", "51": "S", "52": "N", "53": "N", "54": "N", "55": "S", "58": "W", "59": "N", "60": "W", "62": "S", "63": "N", "64": "E", "65": "W", "66": "E", "67": "E", "68": "S", "69": "N", "70": "S", "71": "W", "72": "W", "73": "S", "74": "S", "75": "E", "76": "N", "77": "E", "78": "E", "79": "S"}, {"0": "N", "1": "E", "2": "N", "3": "N", "4": "S", "6": "N", "7": "N", "8": "N", "10": "E", "11": "N", "12": "S", "13": "W", "16": "S", "19": "N", "20": "S", "21": "W", "23": "E", "24": "E", "25": "S", "26": "E", "27": "W", "28": "E", "29": "N", "30": "W", "31": "E", "32": "S", "33": "W", "34": "S", "36": "E", "37": "W", "38": "E", "39": "E", "40": "N", "41": "S", "43": "N", "44": "W", "45": "S", "46": "E", "48": "S", "50": "S", "51": "S", "52": "N", "53": "N", "54": "N", "55": "S", "58": "W", "59": "N", "60": "W", "62": "S", "63": "N", "64": "E", "65": "W", "66": "E", "67": "E", "68": "S", "69": "N", "70": "S", "71": "W", "72": "W", "73": "S", "74": "S", "75": "E", "76": "N", "77": "E", "78": "E", "79": "S"}, {"0": "N", "1": "E", "2": "N", "3": "N", "4": "S", "6": "N", "7": "N", "8": "N", "10": "E", "11": "N", "12": "S", "13": "W", "16": "S", "19": "N", "20": "S", "21": "W", "23": "E", "24": "E", "25": "S", "26": "E", "27": "W", "28": "E", "29": "N", "30": "W", "31": "E", "32": "S", "33": "W", "34": "S", "36": "E", "37": "W", "38": "E", "39": "E", "40": "N", "41": "S", "43": "N", "44": "W", "45": "S", "46": "E", "48": "S", "50": "S", "51": "S", "52": "N", "53": "N", "54": "N", "55": "S", "58": "W", "59": "N", "60": "W", "62": "S", "63": "N", "64": "E", "65": "W", "66": "E", "67": "E", "68": "S", "69": "N", "70": "S", "71": "W", "72": "W", "73": "S", "74": "S", "75": "E", "76": "N", "77": "E", "78": "E", "79": "S"}, {"0": "N", "1": "E", "2": "N", "3": "N", "4": "S", "6": "N", "7": "N", "8": "N", "10": "E", "11": "N", "12": "S", "13": "W", "16": "S", "19": "N", "20": "S", "21": "W", "23": "E", "24": "E", "25": "S", "26": "E", "27": "W", "28": "E", "29": "N", "30": "W", "31": "E", "32": "S", "33": "W", "34": "S", "36": "E", "37": "W", "38": "E", "39": "E", "40": "N", "41": "S", "43": "N", "44": "W", "45": "S", "46": "E", "48": "S", "50": "S", "51": "S", "52": "N", "53": "N", "54": "N", "55": "S", "58": "W", "59": "N", "60": "W", "62": "S", "63": "N", "64": "E", "65": "W", "66": "E", "67": "E", "68": "S", "69": "N", "70": "S", "71": "W", "72": "W", "73": "S", "74": "S", "75": "E", "76": "N", "77": "E", "78": "E", "79": "S"}, {"0": "N", "1": "E", "2": "N", "3": "N", "4": "S", "6": "N", "7": "N", "8": "N", "10": "E", "11": "N", "12": "S", "13": "W", "16": "S", "19": "N", "20": "S", "21": "W", "23": "E", "24": "E", "25": "S", "26": "E", "27": "W", "28": "E", "29": "N", "30": "W", "31": "E", "32": "S", "33": "W", "34": "S", "36": "E", "37": "W", "38": "E", "39": "E", "40": "N", "41": "S", "43": "N", "44": "W", "45": "S", "46": "E", "48": "S", "50": "S", "51": "S", "52": "N", "53": "N", "54": "N", "55": "S", "58": "W", "59": "N", "60": "W", "62": "S", "63": "N", "64": "E", "65": "W", "66": "E", "67": "E", "68": "S", "69": "N", "70": "S", "71": "W", "72": "W", "73": "S", "74": "S", "75": "E", "76": "N", "77": "E", "78": "E", "79": "S"}, {"0": "N", "1": "E", "2": "N", "3": "N", "4": "S", "6": "N", "7": "N", "8": "N", "10": "E", "11": "N", "12": "S", "13": "W", "16": "S", "19": "N", "20": "S", "21": "W", "23": "E", "24": "E", "25": "S", "26": "E", "27": "W", "28": "E", "29": "N", "30": "W", "31": "E", "32": "S", "33": "W", "34": "S", "36": "E", "37": "W", "38": "E", "39": "E", "40": "N", "41": "S", "43": "N", "44": "W", "45": "S", "46": "E", "48": "S", "50": "S", "51": "S", "52": "N", "53": "N", "54": "N", "55": "S", "58": "W", "59": "N", "60": "W", "62": "S", "63": "N", "64": "E", "65": "W", "66": "E", "67": "E", "68": "S", "69": "N", "70": "S", "71": "W", "72": "W", "73": "S", "74": "S", "75": "E", "76": "N", "77": "E", "78": "E", "79": "S"}, {"0": "N", "1": "E", "2": "N", "3": "N", "4": "S", "6": "N", "7": "N", "8": "N", "10": "E", "11": "N", "12": "S", "13": "W", "16": "S", "19": "N", "20": "S", "21": "W", "23": "E", "24": "E", "25": "S", "26": "E", "27": "W", "28": "E", "29": "N", "30": "W", "31": "E", "32": "S", "33": "W", "34": "S", "36": "E", "37": "W", "38": "E", "39": "E", "40": "N", "41": "S", "43": "N", "44": "W", "45": "S", "46": "E", "48": "S", "50": "S", "51": "S", "52": "N", "53": "N", "54": "N", "55": "S", "58": "W", "59": "N", "60": "W", "62": "S", "63": "N", "64": "E", "65": "W", "66": "E", "67": "E", "68": "S", "69": "N", "70": "S", "71": "W", "72": "W", "73": "S", "74": "S", "75": "E", "76": "N", "77": "E", "78": "E", "79": "S"}, {"0": "N", "1": "E", "2": "N", "3": "N", "4": "S", "6": "N", "7": "N", "8": "N", "10": "E", "11": "N", "12": "S", "13": "W", "16": "S", "19": "N", "20": "S", "21": "W", "23": "E", "24": "E", "25": "S", "26": "E", "27": "W", "28": "E", "29": "N", "30": "W", "31": "E", "32": "S", "33": "W", "34": "S", "36": "E", "37": "W", "38": "E", "39": "E", "40": "N", "41": "S", "43": "N", "44": "W", "45": "S", "46": "E", "48": "S", "50": "S", "51": "S", "52": "N", "53": "N", "54": "N", "55": "S", "58": "W", "59": "N", "60": "W", "62": "S", "63": "N", "64": "E", "65": "W", "66": "E", "67": "E", "68": "S", "69": "N", "70": "S", "71": "W", "72": "W", "73": "S", "74": "S", "75": "E", "76": "N", "77": "E", "78": "E", "79": "S"}, {"0": "N", "1": "E", "2": "N", "3": "N", "4": "S", "6": "N", "7": "N", "8": "N", "10": "E", "11": "N", "12": "S", "13": "W", "16": "S", "19": "N", "20": "S", "21": "W", "23": "E", "24": "E", "25": "S", "26": "E", "27": "W", "28": "E", "29": "N", "30": "W", "31": "E", "32": "S", "33": "W", "34": "S", "36": "E", "37": "W", "38": "E", "39": "E", "40": "N", "41": "S", "43": "N", "44": "W", "45": "S", "46": "E", "48": "S", "50": "S", "51": "S", "52": "N", "53": "N", "54": "N", "55": "S", "58": "W", "59": "N", "60": "W", "62": "S", "63": "N", "64": "E", "65": "W", "66": "E", "67": "E", "68": "S", "69": "N", "70": "S", "71": "W", "72": "W", "73": "S", "74": "S", "75": "E", "76": "N", "77": "E", "78": "E", "79": "S"}, {"0": "N", "1": "E", "2": "N", "3": "N", "4": "S", "6": "N", "7": "N", "8": "N", "10": "E", "11": "N", "12": "S", "13": "W", "16": "S", "19": "N", "20": "S", "21": "W", "23": "E", "24": "E", "25": "S", "26": "E", "27": "W", "28": "E", "29": "N", "30": "W", "31": "E", "32": "S", "33": "W", "34": "S", "36": "E", "37": "W", "38": "E", "39": "E", "40": "N", "41": "S", "43": "N", "44": "W", "45": "S", "46": "E", "48": "S", "50": "S", "51": "S", "52": "N", "53": "N", "54": "N", "55": "S", "58": "W", "59": "N", "60": "W", "62": "S", "63": "N", "64": "E", "65": "W", "66": "E", "67": "E", "68": "S", "69": "N", "70": "S", "71": "W", "72": "W", "73": "S", "74": "S", "75": "E", "76": "N", "77": "E", "78": "E", "79": "S"}, {"0": "N", "1": "E", "2": "N", "3": "N", "4": "S", "6": "N", "7": "N", "8": "N", "10": "E", "11": "N", "12": "S", "13": "W", "16": "S", "19": "N", "20": "S", "21": "W", "23": "E", "24": "E", "25": "S", "26": "E", "27": "W", "28": "E", "29": "N", "30": "W", "31": "E", "32": "S", "33": "W", "34": "S", "36": "E", "37": "W", "38": "E", "39": "E", "40": "N", "41": "S", "43": "N", "44": "W", "45": "S", "46": "E", "48": "S", "50": "S", "51": "S", "52": "N", "53": "N", "54": "N", "55": "S", "58": "W", "59": "N", "60": "W", "62": "S", "63": "N", "64": "E", "65": "W", "66": "E", "67": "E", "68": "S", "69": "N", "70": "S", "71": "W", "72": "W", "73": "S", "74": "S", "75": "E", "76": "N", "77": "E", "78": "E", "79": "S"}, {"0": "N", "1": "E", "2": "N", "3": "N", "4": "S", "6": "N", "7": "N", "8": "N", "10": "E", "11": "N", "12": "S", "13": "W", "16": "S", "19": "N", "20": "S", "21": "W", "23": "E", "24": "E", "25": "S", "26": "E", "27": "W", "28": "E", "29": "N", "30": "W", "31": "E", "32": "S", "33": "W", "34": "S", "36": "E", "37": "W", "38": "E", "39": "E", "40": "N", "41": "S", "43": "N", "44": "W", "45": "S", "46": "E", "48": "S", "50": "S", "51": "S", "52": "N", "53": "N", "54": "N", "55": "S", "58": "W", "59": "N", "60": "W", "62": "S", "63": "N", "64": "E", "65": "W", "66": "E", "67": "E", "68": "S", "69": "N", "70": "S", "71": "W", "72": "W", "73": "S", "74": "S", "75": "E", "76": "N", "77": "E", "78": "E", "79": "S"}, {"0": "N", "1": "E", "2": "N", "3": "N", "4": "S", "6": "N", "7": "N", "8": "N", "10": "E", "11": "N", "12": "S", "13": "W", "16": "S", "19": "N", "20": "S", "21": "W", "23": "E", "24": "E", "25": "S", "26": "E", "27": "W", "28": "E", "29": "N", "30": "W", "31": "E", "32": "S", "33": "W", "34": "S", "36": "E", "37": "W", "38": "E", "39": "E", "40": "N", "41": "S", "43": "N", "44": "W", "45": "S", "46": "E", "48": "S", "50": "S", "51": "S", "52": "N", "53": "N", "54": "N", "55": "S", "58": "W", "59": "N", "60": "W", "62": "S", "63": "N", "64": "E", "65": "W", "66": "E", "67": "E", "68": "S", "69": "N", "70": "S", "71": "W", "72": "W", "73": "S", "74": "S", "75": "E", "76": "N", "77": "E", "78": "E", "79": "S"}, {"0": "N", "1": "E", "2": "N", "3": "N", "4": "S", "6": "N", "7": "N", "8": "N", "10": "E", "11": "N", "12": "S", "13": "W", "16": "S", "19": "N", "20": "S", "21": "W", "23": "E", "24": "E", "25": "S", "26": "E", "27": "W", "28": "E", "29": "N", "30": "W", "31": "E", "32": "S", "33": "W", "34": "S", "36": "E", "37": "W", "38": "E", "39": "E", "40": "N", "41": "S", "43": "N", "44": "W", "45": "S", "46": "E", "48": "S", "50": "S", "51": "S", "52": "N", "53": "N", "54": "N", "55": "S", "58": "W", "59": "N", "60": "W", "62": "S", "63": "N", "64": "E", "65": "W", "66": "E", "67": "E", "68": "S", "69": "N", "70": "S", "71": "W", "72": "W", "73": "S", "74": "S", "75": "E", "76": "N", "77": "E", "78": "E", "79": "S"}, {"0": "N", "1": "E", "2": "N", "3": "N", "4": "S", "6": "N", "7": "N", "8": "N", "10": "E", "11": "N", "12": "S", "13": "W", "16": "S", "19": "N", "20": "S", "21": "W", "23": "E", "24": "E", "25": "S", "26": "E", "27": "W", "28": "E", "29": "N", "30": "W", "31": "E", "32": "S", "33": "W", "34": "S", "36": "E", "37": "W", "38": "E", "39": "E", "40": "N", "41": "S", "43": "N", "44": "W", "45": "S", "46": "E", "48": "S", "50": "S", "51": "S", "52": "N", "53": "N", "54": "N", "55": "S", "58": "W", "59": "N", "60": "W", "62": "S", "63": "N", "64": "E", "65": "W", "66": "E", "67": "E", "68": "S", "69": "N", "70": "S", "71": "W", "72": "W", "73": "S", "74": "S", "75": "E", "76": "N", "77": "E", "78": "E", "79": "S"}, {"0": "N", "1": "E", "2": "N", "3": "N", "4": "S", "6": "N", "7": "N", "8": "N", "10": "E", "11": "N", "12": "S", "13": "W", "16": "S", "19": "N", "20": "S", "21": "W", "23": "E", "24": "E", "25": "S", "26": "E", "27": "W", "28": "E", "29": "N", "30": "W", "31": "E", "32": "S", "33": "W", "34": "S", "36": "E", "37": "W", "38": "E", "39": "E", "40": "N", "41": "S", "43": "N", "44": "W", "45": "S", "46": "E", "48": "S", "50": "S", "51": "S", "52": "N", "53": "N", "54": "N", "55": "S", "58": "W", "59": "N", "60": "W", "62": "S", "63": "N", "64": "E", "65": "W", "66": "E", "67": "E", "68": "S", "69": "N", "70": "S", "71": "W", "72": "W", "73": "S", "74": "S", "75": "E", "76": "N", "77": "E", "78": "E", "79": "S"}, {"0": "N", "1": "E", "2": "N", "3": "N", "4": "S", "6": "N", "7": "N", "8": "N", "10": "E", "11": "N", "12": "S", "13": "W", "16": "S", "19": "N", "20": "S", "21": "W", "23": "E", "24": "E", "25": "S", "26": "E", "27": "W", "28": "E", "29": "N", "30": "W", "31": "E", "32": "S", "33": "W", "34": "S", "36": "E", "37": "W", "38": "E", "39": "E", "40": "N", "41": "S", "43": "N", "44": "W", "45": "S", "46": "E", "48": "S", "50": "S", "51": "S", "52": "N", "53": "N", "54": "N", "55": "S", "58": "W", "59": "N", "60": "W", "62": "S", "63": "N", "64": "E", "65": "W", "66": "E", "67": "E", "68": "S", "69": "N", "70": "S", "71": "W", "72": "W", "73": "S", "74": "S", "75": "E", "76": "N", "77": "E", "78": "E", "79": "S"}, {"0": "N", "1": "E", "2": "N", "3": "N", "4": "S", "6": "N", "7": "N", "8": "N", "10": "E", "11": "N", "12": "S", "13": "W", "16": "S", "19": "N", "20": "S", "21": "W", "23": "E", "24": "E", "25": "S", "26": "E", "27": "W", "28": "E", "29": "N", "30": "W", "31": "E", "32": "S", "33": "W", "34": "S", "36": "E", "37": "W", "38": "E", "39": "E", "40": "N", "41": "S", "43": "N", "44": "W", "45": "S", "46": "E", "48": "S", "50": "S", "51": "S", "52": "N", "53": "N", "54": "N", "55": "S", "58": "W", "59": "N", "60": "W", "62": "S", "63": "N", "64": "E", "65": "W", "66": "E", "67": "E", "68": "S", "69": "N", "70": "S", "71": "W", "72": "W", "73": "S", "74": "S", "75": "E", "76": "N", "77": "E", "78": "E", "79": "S"}, {"0": "N", "1": "E", "2": "N", "3": "N", "4": "S", "6": "N", "7": "N", "8": "N", "10": "E", "11": "N", "12": "S", "13": "W", "16": "S", "19": "N", "20": "S", "21": "W", "23": "E", "24": "E", "25": "S", "26": "E", "27": "W", "28": "E", "29": "N", "30": "W", "31": "E", "32": "S", "33": "W", "34": "S", "36": "E", "37": "W", "38": "E", "39": "E", "40": "N", "41": "S", "43": "N", "44": "W", "45": "S", "46": "E", "48": "S", "50": "S", "51": "S", "52": "N", "53": "N", "54": "N", "55": "S", "58": "W", "59": "N", "60": "W", "62": "S", "63": "N", "64": "E", "65": "W", "66": "E", "67": "E", "68": "S", "69": "N", "70": "S", "71": "W", "72": "W", "73": "S", "74": "S", "75": "E", "76": "N", "77": "E", "78": "E", "79": "S"}, {"0": "N", "1": "E", "2": "N", "3": "N", "4": "S", "6": "N", "7": "N", "8": "N", "10": "E", "11": "N", "12": "S", "13": "W", "16": "S", "19": "N", "20": "S", "21": "W", "23": "E", "24": "E", "25": "S", "26": "E", "27": "W", "28": "E", "29": "N", "30": "W", "31": "E", "32": "S", "33": "W", "34": "S", "36": "E", "37": "W", "38": "E", "39": "E", "40": "N", "41": "S", "43": "N", "44": "W", "45": "S", "46": "E", "48": "S", "50": "S", "51": "S", "52": "N", "53": "N", "54": "N", "55": "S", "58": "W", "59": "N", "60": "W", "62": "S", "63": "N", "64": "E", "65": "W", "66": "E", "67": "E", "68": "S", "69": "N", "70": "S", "71": "W", "72": "W", "73": "S", "74": "S", "75": "E", "76": "N", "77": "E", "78": "E", "79": "S"}, {"0": "N", "1": "E", "2": "N", "3": "N", "4": "S", "6": "N", "7": "N", "8": "N", "10": "E", "11": "N", "12": "S", "13": "W", "16": "S", "19": "N", "20": "S", "21": "W", "23": "E", "24": "E", "25": "S", "26": "E", "27": "W", "28": "E", "29": "N", "30": "W", "31": "E", "32": "S", "33": "W", "34": "S", "36": "E", "37": "W", "38": "E", "39": "E", "40": "N", "41": "S", "43": "N", "44": "W", "45": "S", "46": "E", "48": "S", "50": "S", "51": "S", "52": "N", "53": "N", "54": "N", "55": "S", "58": "W", "59": "N", "60": "W", "62": "S", "63": "N", "64": "E", "65": "W", "66": "E", "67": "E", "68": "S", "69": "N", "70": "S", "71": "W", "72": "W", "73": "S", "74": "S", "75": "E", "76": "N", "77": "E", "78": "E", "79": "S"}, {"0": "N", "1": "E", "2": "N", "3": "N", "4": "S", "6": "N", "7": "N", "8": "N", "10": "E", "11": "N", "12": "S", "13": "W", "16": "S", "19": "N", "20": "S", "21": "W", "23": "E", "24": "E", "25": "S", "26": "E", "27": "W", "28": "E", "29": "N", "30": "W", "31": "E", "32": "S", "33": "W", "34": "S", "36": "E", "37": "W", "38": "E", "39": "E", "40": "N", "41": "S", "43": "N", "44": "W", "45": "S", "46": "E", "48": "S", "50": "S", "51": "S", "52": "N", "53": "N", "54": "N", "55": "S", "58": "W", "59": "N", "60": "W", "62": "S", "63": "N", "64": "E", "65": "W", "66": "E", "67": "E", "68": "S", "69": "N", "70": "S", "71": "W", "72": "W", "73": "S", "74": "S", "75": "E", "76": "N", "77": "E", "78": "E", "79": "S"}, {"0": "N", "1": "E", "2": "N", "3": "N", "4": "S", "6": "N", "7": "N", "8": "N", "10": "E", "11": "N", "12": "S", "13": "W", "16": "S", "19": "N", "20": "S", "21": "W", "23": "E", "24": "E", "25": "S", "26": "E", "27": "W", "28": "E", "29": "N", "30": "W", "31": "E", "32": "S", "33": "W", "34": "S", "36": "E", "37": "W", "38": "E", "39": "E", "40": "N", "41": "S", "43": "N", "44": "W", "45": "S", "46": "E", "48": "S", "50": "S", "51": "S", "52": "N", "53": "N", "54": "N", "55": "S", "58": "W", "59": "N", "60": "W", "62": "S", "63": "N", "64": "E", "65": "W", "66": "E", "67": "E", "68": "S", "69": "N", "70": "S", "71": "W", "72": "W", "73": "S", "74": "S", "75": "E", "76": "N", "77": "E", "78": "E", "79": "S"}, {"0": "N", "1": "E", "2": "N", "3": "N", "4": "S", "6": "N", "7": "N", "8": "N", "10": "E", "11": "N", "12": "S", "13": "W", "16": "S", "19": "N", "20": "S", "21": "W", "23": "E", "24": "E", "25": "S", "26": "E", "27": "W", "28": "E", "29": "N", "30": "W", "31": "E", "32": "S", "33": "W", "34": "S", "36": "E", "37": "W", "38": "E", "39": "E", "40": "N", "41": "S", "43": "N", "44": "W", "45": "S", "46": "E", "48": "S", "50": "S", "51": "S", "52": "N", "53": "N", "54": "N", "55": "S", "58": "W", "59": "N", "60": "W", "62": "S", "63": "N", "64": "E", "65": "W", "66": "E", "67": "E", "68": "S", "69": "N", "70": "S", "71": "W", "72": "W", "73": "S", "74": "S", "75": "E", "76": "N", "77": "E", "78": "E", "79": "S"}, {"0": "N", "1": "E", "2": "N", "3": "N", "4": "S", "6": "N", "7": "N", "8": "N", "10": "E", "11": "N", "12": "S", "13": "W", "16": "S", "19": "N", "20": "S", "21": "W", "23": "E", "24": "E", "25": "S", "26": "E", "27": "W", "28": "E", "29": "N", "30": "W", "31": "E", "32": "S", "33": "W", "34": "S", "36": "E", "37": "W", "38": "E", "39": "E", "40": "N", "41": "S", "43": "N", "44": "W", "45": "S", "46": "E", "48": "S", "50": "S", "51": "S", "52": "N", "53": "N", "54": "N", "55": "S", "58": "W", "59": "N", "60": "W", "62": "S", "63": "N", "64": "E", "65": "W", "66": "E", "67": "E", "68": "S", "69": "N", "70": "S", "71": "W", "72": "W", "73": "S", "74": "S", "75": "E", "76": "N", "77": "E", "78": "E", "79": "S"}, {"0": "N", "1": "E", "2": "N", "3": "N", "4": "S", "6": "N", "7": "N", "8": "N", "10": "E", "11": "N", "12": "S", "13": "W", "16": "S", "19": "N", "20": "S", "21": "W", "23": "E", "24": "E", "25": "S", "26": "E", "27": "W", "28": "E", "29": "N", "30": "W", "31": "E", "32": "S", "33": "W", "34": "S", "36": "E", "37": "W", "38": "E", "39": "E", "40": "N", "41": "S", "43": "N", "44": "W", "45": "S", "46": "E", "48": "S", "50": "S", "51": "S", "52": "N", "53": "N", "54": "N", "55": "S", "58": "W", "59": "N", "60": "W", "62": "S", "63": "N", "64": "E", "65": "W", "66": "E", "67": "E", "68": "S", "69": "N", "70": "S", "71": "W", "72": "W", "73": "S", "74": "S", "75": "E", "76": "N", "77": "E", "78": "E", "79": "S"}, {"0": "N", "1": "E", "2": "N", "3": "N", "4": "S", "6": "N", "7": "N", "8": "N", "10": "E", "11": "N", "12": "S", "13": "W", "16": "S", "19": "N", "20": "S", "21": "W", "23": "E", "24": "E", "25": "S", "26": "E", "27": "W", "28": "E", "29": "N", "30": "W", "31": "E", "32": "S", "33": "W", "34": "S", "36": "E", "37": "W", "38": "E", "39": "E", "40": "N", "41": "S", "43": "N", "44": "W", "45": "S", "46": "E", "48": "S", "50": "S", "51": "S", "52": "N", "53": "N", "54": "N", "55": "S", "58": "W", "59": "N", "60": "W", "62": "S", "63": "N", "64": "E", "65": "W", "66": "E", "67": "E", "68": "S", "69": "N", "70": "S", "71": "W", "72": "W", "73": "S", "74": "S", "75": "E", "76": "N", "77": "E", "78": "E", "79": "S"}, {"0": "N", "1": "E", "2": "N", "3": "N", "4": "S", "6": "N", "7": "N", "8": "N", "10": "E", "11": "N", "12": "S", "13": "W", "16": "S", "19": "N", "20": "S", "21": "W", "23": "E", "24": "E", "25": "S", "26": "E", "27": "W", "28": "E", "29": "N", "30": "W", "31": "E", "32": "S", "33": "W", "34": "S", "36": "E", "37": "W", "38": "E", "39": "E", "40": "N", "41": "S", "43": "N", "44": "W", "45": "S", "46": "E", "48": "S", "50": "S", "51": "S", "52": "N", "53": "N", "54": "N", "55": "S", "58": "W", "59": "N", "60": "W", "62": "S", "63": "N", "64": "E", "65": "W", "66": "E", "67": "E", "68": "S", "69": "N", "70": "S", "71": "W", "72": "W", "73": "S", "74": "S", "75": "E", "76": "N", "77": "E", "78": "E", "79": "S"}, {"0": "N", "1": "E", "2": "N", "3": "N", "4": "S", "6": "N", "7": "N", "8": "N", "10": "E", "11": "N", "12": "S", "13": "W", "16": "S", "19": "N", "20": "S", "21": "W", "23": "E", "24": "E", "25": "S", "26": "E", "27": "W", "28": "E", "29": "N", "30": "W", "31": "E", "32": "S", "33": "W", "34": "S", "36": "E", "37": "W", "38": "E", "39": "E", "40": "N", "41": "S", "43": "N", "44": "W", "45": "S", "46": "E", "48": "S", "50": "S", "51": "S", "52": "N", "53": "N", "54": "N", "55": "S", "58": "W", "59": "N", "60": "W", "62": "S", "63": "N", "64": "E", "65": "W", "66": "E", "67": "E", "68": "S", "69": "N", "70": "S", "71": "W", "72": "W", "73": "S", "74": "S", "75": "E", "76": "N", "77": "E", "78": "E", "79": "S"}, {"0": "N", "1": "E", "2": "N", "3": "N", "4": "S", "6": "N", "7": "N", "8": "N", "10": "E", "11": "N", "12": "S", "13": "W", "16": "S", "19": "N", "20": "S", "21": "W", "23": "E", "24": "E", "25": "S", "26": "E", "27": "W", "28": "E", "29": "N", "30": "W", "31": "E", "32": "S", "33": "W", "34": "S", "36": "E", "37": "W", "38": "E", "39": "E", "40": "N", "41": "S", "43": "N", "44": "W", "45": "S", "46": "E", "48": "S", "50": "S", "51": "S", "52": "N", "53": "N", "54": "N", "55": "S", "58": "W", "59": "N", "60": "W", "62": "S", "63": "N", "64": "E", "65": "W", "66": "E", "67": "E", "68": "S", "69": "N", "70": "S", "71": "W", "72": "W", "73": "S", "74": "S", "75": "E", "76": "N", "77": "E", "78": "E", "79": "S"}, {"0": "N", "1": "E", "2": "N", "3": "N", "4": "S", "6": "N", "7": "N", "8": "N", "10": "E", "11": "N", "12": "S", "13": "W", "16": "S", "19": "N", "20": "S", "21": "W", "23": "E", "24": "E", "25": "S", "26": "E", "27": "W", "28": "E", "29": "N", "30": "W", "31": "E", "32": "S", "33": "W", "34": "S", "36": "E", "37": "W", "38": "E", "39": "E", "40": "N", "41": "S", "43": "N", "44": "W", "45": "S", "46": "E", "48": "S", "50": "S", "51": "S", "52": "N", "53": "N", "54": "N", "55": "S", "58": "W", "59": "N", "60": "W", "62": "S", "63": "N", "64": "E", "65": "W", "66": "E", "67": "E", "68": "S", "69": "N", "70": "S", "71": "W", "72": "W", "73": "S", "74": "S", "75": "E", "76": "N", "77": "E", "78": "E", "79": "S"}, {"0": "N", "1": "E", "2": "N", "3": "N", "4": "S", "6": "N", "7": "N", "8": "N", "10": "E", "11": "N", "12": "S", "13": "W", "16": "S", "19": "N", "20": "S", "21": "W", "23": "E", "24": "E", "25": "S", "26": "E", "27": "W", "28": "E", "29": "N", "30": "W", "31": "E", "32": "S", "33": "W", "34": "S", "36": "E", "37": "W", "38": "E", "39": "E", "40": "N", "41": "S", "43": "N", "44": "W", "45": "S", "46": "E", "48": "S", "50": "S", "51": "S", "52": "N", "53": "N", "54": "N", "55": "S", "58": "W", "59": "N", "60": "W", "62": "S", "63": "N", "64": "E", "65": "W", "66": "E", "67": "E", "68": "S", "69": "N", "70": "S", "71": "W", "72": "W", "73": "S", "74": "S", "75": "E", "76": "N", "77": "E", "78": "E", "79": "S"}, {"0": "N", "1": "E", "2": "N", "3": "N", "4": "S", "6": "N", "7": "N", "8": "N", "10": "E", "11": "N", "12": "S", "13": "W", "16": "S", "19": "N", "20": "S", "21": "W", "23": "E", "24": "E", "25": "S", "26": "E", "27": "W", "28": "E", "29": "N", "30": "W", "31": "E", "32": "S", "33": "W", "34": "S", "36": "E", "37": "W", "38": "E", "39": "E", "40": "N", "41": "S", "43": "N", "44": "W", "45": "S", "46": "E", "48": "S", "50": "S", "51": "S", "52": "N", "53": "N", "54": "N", "55": "S", "58": "W", "59": "N", "60": "W", "62": "S", "63": "N", "64": "E", "65": "W", "66": "E", "67": "E", "68": "S", "69": "N", "70": "S", "71": "W", "72": "W", "73": "S", "74": "S", "75": "E", "76": "N", "77": "E", "78": "E", "79": "S"}, {"0": "N", "1": "E", "2": "N", "3": "N", "4": "S", "6": "N", "7": "N", "8": "N", "10": "E", "11": "N", "12": "S", "13": "W", "16": "S", "19": "N", "20": "S", "21": "W", "23": "E", "24": "E", "25": "S", "26": "E", "27": "W", "28": "E", "29": "N", "30": "W", "31": "E", "32": "S", "33": "W", "34": "S", "36": "E", "37": "W", "38": "E", "39": "E", "40": "N", "41": "S", "43": "N", "44": "W", "45": "S", "46": "E", "48": "S", "50": "S", "51": "S", "52": "N", "53": "N", "54": "N", "55": "S", "58": "W", "59": "N", "60": "W", "62": "S", "63": "N", "64": "E", "65": "W", "66": "E", "67": "E", "68": "S", "69": "N", "70": "S", "71": "W", "72": "W", "73": "S", "74": "S", "75": "E", "76": "N", "77": "E", "78": "E", "79": "S"}, {"0": "N", "1": "E", "2": "N", "3": "N", "4": "S", "6": "N", "7": "N", "8": "N", "10": "E", "11": "N", "12": "S", "13": "W", "16": "S", "19": "N", "20": "S", "21": "W", "23": "E", "24": "E", "25": "S", "26": "E", "27": "W", "28": "E", "29": "N", "30": "W", "31": "E", "32": "S", "33": "W", "34": "S", "36": "E", "37": "W", "38": "E", "39": "E", "40": "N", "41": "S", "43": "N", "44": "W", "45": "S", "46": "E", "48": "S", "50": "S", "51": "S", "52": "N", "53": "N", "54": "N", "55": "S", "58": "W", "59": "N", "60": "W", "62": "S", "63": "N", "64": "E", "65": "W", "66": "E", "67": "E", "68": "S", "69": "N", "70": "S", "71": "W", "72": "W", "73": "S", "74": "S", "75": "E", "76": "N", "77": "E", "78": "E", "79": "S"}, {"0": "N", "1": "E", "2": "N", "3": "N", "4": "S", "6": "N", "7": "N", "8": "N", "10": "E", "11": "N", "12": "S", "13": "W", "16": "S", "19": "N", "20": "S", "21": "W", "23": "E", "24": "E", "25": "S", "26": "E", "27": "W", "28": "E", "29": "N", "30": "W", "31": "E", "32": "S", "33": "W", "34": "S", "36": "E", "37": "W", "38": "E", "39": "E", "40": "N", "41": "S", "43": "N", "44": "W", "45": "S", "46": "E", "48": "S", "50": "S", "51": "S", "52": "N", "53": "N", "54": "N", "55": "S", "58": "W", "59": "N", "60": "W", "62": "S", "63": "N", "64": "E", "65": "W", "66": "E", "67": "E", "68": "S", "69": "N", "70": "S", "71": "W", "72": "W", "73": "S", "74": "S", "75": "E", "76": "N", "77": "E", "78": "E", "79": "S"}, {"0": "N", "1": "E", "2": "N", "3": "N", "4": "S", "6": "N", "7": "N", "8": "N", "10": "E", "11": "N", "12": "S", "13": "W", "16": "S", "19": "N", "20": "S", "21": "W", "23": "E", "24": "E", "25": "S", "26": "E", "27": "W", "28": "E", "29": "N", "30": "W", "31": "E", "32": "S", "33": "W", "34": "S", "36": "E", "37": "W", "38": "E", "39": "E", "40": "N", "41": "S", "43": "N", "44": "W", "45": "S", "46": "E", "48": "S", "50": "S", "51": "S", "52": "N", "53": "N", "54": "N", "55": "S", "58": "W", "59": "N", "60": "W", "62": "S", "63": "N", "64": "E", "65": "W", "66": "E", "67": "E", "68": "S", "69": "N", "70": "S", "71": "W", "72": "W", "73": "S", "74": "S", "75": "E", "76": "N", "77": "E", "78": "E", "79": "S"}]}