{"instance": "small_free_001_10x10_40_40", "steps": [{"0": "W", "1": "N", "3": "W", "26": "W", "28": "E", "2": "N", "4": "W", "5": "N", "6": "N", "7": "N", "10": "S", "11": "N", "12": "W", "13": "E", "14": "W", "16": "S", "17": "W", "18": "W", "20": "W", "22": "W", "24": "E", "25": "N", "27": "S", "30": "W", "31": "E", "33": "S", "34": "W", "36": "N", "38": "N", "39": "W"}, {"1": "N", "3": "W", "15": "E", "26": "S", "2": "N", "6": "N", "7": "N", "8": "W", "11": "N", "13": "N", "19": "S", "20": "S", "22": "N", "25": "E", "27": "S", "33": "W", "36": "W", "39": "S"}, {"1": "N", "3": "N", "15": "E", "26": "W", "5": "E", "6": "N", "7": "N", "8": "W", "9": "S", "11": "N", "13": "N", "19": "S", "20": "W", "22": "N", "25": "N", "30": "W", "31": "S", "33": "W", "36": "W", "37": "S"}, {"0": "S", "1": "N", "3": "N", "15": "S", "26": "S", "2": "E", "6": "W", "7": "N", "8": "W", "9": "S", "10": "E", "11": "E", "16": "S", "18": "N", "19": "W", "22": "N", "24": "S", "25": "E", "27": "S", "31": "E", "33": "S", "34": "W", "36": "S"}, {"0": "S", "1": "W", "15": "S", "26": "E", "28": "N", "2": "E", "4": "W", "6": "N", "7": "N", "8": "W", "9": "S", "11": "E", "14": "N", "17": "S", "19": "W", "22": "N", "24": "S", "25": "E", "27": "S", "29": "S", "31": "E", "33": "W", "36": "W", "37": "W"}, {"0": "W", "1": "N", "15": "S", "26": "S", "2": "E", "4": "N", "5": "N", "6": "N", "7": "E", "9": "S", "11": "E", "14": "E", "19": "S", "22": "N", "23": "N", "24": "S", "25": "E", "29": "W", "30": "W", "31": "S", "33": "W", "36": "N", "37": "W", "38": "W"}, {"3": "W"}, {"3": "N"}, {"3": "N"}, {"3": "E"}, {"34": "S"}, {"32": "W"}, {"32": "W"}, {"32": "S"}, {"32": "S"}, {"32": "E"}, {"32": "S"}, {"32": "S"}, {"32": "E"}, {"32": "E"}, {"32": "S"}, {"32": "W"}]}