{"instance": "small_free_001_10x10_40_40", "steps": [{"14": "E", "20": "W", "10": "E", "19": "W", "33": "W", "29": "N", "25": "S", "13": "N", "31": "E", "22": "S", "18": "W", "9": "S", "35": "N", "1": "S", "15": "W", "11": "E", "17": "W", "2": "N", "38": "N", "28": "E", "27": "S", "7": "E", "12": "E", "6": "W", "16": "S", "21": "S", "4": "W", "26": "S", "36": "W", "32": "S", "3": "W"}, {"30": "S", "3": "N", "12": "W", "13": "N", "6": "W", "36": "E", "27": "S", "15": "N", "18": "N", "29": "N", "14": "E", "37": "S", "25": "S", "24": "E", "35": "W", "38": "S", "7": "W", "33": "S", "0": "E", "28": "N", "10": "E", "1": "W", "22": "N", "26": "S", "23": "W", "8": "W"}, {"14": "S", "2": "N", "35": "E", "16": "N", "17": "W", "9": "S", "15": "N", "13": "N", "39": "W", "12": "N", "20": "S", "22": "W", "28": "N", "37": "N", "7": "N", "23": "E", "24": "E", "30": "N", "33": "W", "36": "N", "21": "W", "34": "W", "6": "E", "0": "S", "29": "E", "38": "N", "8": "E", "11": "N", "1": "N"}, {"38": "S", "7": "S", "5": "E", "10": "N", "9": "E", "13": "W", "0": "E", "2": "E", "34": "E", "20": "E", "15": "N", "27": "E", "35": "S", "36": "S", "4": "W", "1": "S", "23": "W", "14": "E", "8": "W", "28": "N", "26": "S", "22": "W", "33": "W", "37": "E", "24": "S", "21": "E", "11": "E", "30": "W", "25": "E", "39": "W", "12": "S", "29": "N"}, {"13": "E", "37": "S", "32": "E", "34": "W", "21": "N", "18": "W", "29": "W", "28": "W", "33": "W", "6": "W", "19": "S", "36": "N", "35": "E", "9": "E", "7": "N", "3": "N", "26": "N", "38": "E", "17": "E", "30": "W", "24": "W", "31": "E", "20": "E", "0": "E", "23": "E", "12": "W", "8": "E", "2": "N", "5": "E"}, {"17": "S", "28": "W", "6": "N", "30": "N", "33": "W", "37": "S", "14": "E", "25": "E", "10": "E", "23": "E", "7": "E", "26": "S", "21": "E", "36": "N", "31": "S", "16": "N", "32": "S", "12": "S", "35": "E", "2": "E", "9": "S", "4": "W", "22": "W", "38": "N", "27": "S", "20": "W", "15": "N"}, {"0": "S", "18": "S", "12": "E", "22": "N", "36": "N", "6": "S", "38": "S", "30": "W", "27": "E", "35": "W", "9": "S", "26": "E", "39": "W", "23": "E", "8": "N", "2": "S", "21": "N", "17": "W", "1": "W", "33": "N", "3": "W", "14": "S", "7": "N", "37": "W", "28": "W", "16": "E", "25": "E", "31": "S"}, {"21": "E", "34": "S", "20": "S", "31": "S", "16": "W", "18": "N", "7": "S", "30": "E", "38": "S", "27": "W", "37": "E", "36": "N", "32": "N", "9": "W", "26": "E", "6": "N", "24": "N", "3": "N", "14": "E", "33": "N", "15": "E", "17": "E", "8": "N", "0": "S", "13": "E", "2": "E"}, {"37": "W", "6": "W", "27": "S", "23": "N", "17": "N", "35": "N", "24": "N", "21": "N", "30": "W", "7": "W", "22": "N", "13": "W", "1": "S", "33": "S", "9": "E", "15": "W", "31": "S", "12": "S", "36": "N", "26": "E", "34": "W", "5": "N"}, {"7": "E", "6": "S", "35": "S", "31": "N", "23": "N", "38": "E", "15": "E", "13": "S", "28": "W", "17": "S", "20": "N", "26": "N", "12": "N", "24": "N", "30": "S"}, {"5": "N", "17": "E", "7": "W", "11": "N", "32": "W", "9": "S", "30": "E", "23": "S", "2": "S", "24": "E", "13": "N", "4": "W", "26": "E", "35": "E", "38": "N", "19": "W", "31": "E", "37": "S", "15": "W", "33": "W", "39": "W", "16": "N", "21": "N"}, {"33": "N", "21": "W", "3": "N", "7": "E", "24": "W", "26": "E", "37": "N", "35": "W", "28": "W", "30": "E", "20": "W", "13": "W", "17": "W", "29": "W", "11": "E", "19": "E", "27": "S", "2": "N", "6": "W", "9": "E", "39": "S", "16": "S"}, {"35": "N", "26": "W", "39": "N", "17": "E", "5": "N", "9": "N", "20": "E", "4": "E", "2": "S", "24": "N", "16": "S", "11": "N", "12": "N", "38": "N", "30": "S", "19": "N", "18": "W", "32": "S"}, {"7": "N", "30": "N", "33": "N", "28": "W", "20": "E", "32": "E", "2": "N", "17": "W", "18": "W", "38": "W", "10": "S", "37": "E", "24": "E", "9": "E", "26": "E", "35": "S", "4": "N"}, {"35": "E", "27": "N", "26": "E", "18": "S", "32": "W", "20": "E", "28": "S", "7": "S", "33": "N", "38": "N", "15": "S", "12": "S", "17": "E", "39": "W", "24": "W"}, {"24": "E", "17": "E", "33": "W", "32": "S", "37": "E", "20": "E", "29": "E", "27": "E", "18": "N", "38": "S", "13": "W", "28": "N", "12": "N", "26": "E", "35": "W", "9": "E", "2": "S"}, {"37": "W", "10": "N", "35": "S", "12": "S", "14": "N", "24": "N", "30": "N", "26": "E", "17": "S", "33": "E", "29": "W", "18": "S", "38": "N", "2": "S", "32": "S"}, {"33": "N", "12": "S", "17": "E", "13": "E", "10": "W", "15": "E", "24": "E", "18": "N", "16": "N", "27": "E", "7": "N", "37": "E", "35": "N"}, {"12": "N", "28": "S", "32": "S", "15": "W", "35": "E", "14": "E", "20": "E", "16": "E", "10": "E", "38": "S", "13": "W", "7": "E", "18": "S", "29": "E", "33": "N"}, {"23": "E", "37": "W", "14": "N", "17": "E", "7": "W", "20": "E", "13": "N", "16": "N", "33": "N", "24": "N", "15": "N", "35": "W", "27": "E", "2": "S", "32": "S", "12": "N"}, {"29": "N", "24": "E", "14": "N", "33": "W", "17": "E", "16": "S", "37": "E", "21": "E", "13": "W", "12": "S", "38": "W", "32": "S", "18": "N"}, {"10": "W", "38": "E", "7": "S", "17": "S", "29": "S", "12": "N", "16": "W", "32": "E", "23": "E", "13": "E", "37": "N", "33": "E"}, {"18": "E", "29": "E", "21": "S", "13": "W", "14": "E", "32": "W", "28": "N", "7": "N", "10": "E", "35": "E", "37": "S"}, {"35": "W", "10": "N", "14": "E", "28": "S", "32": "N", "18": "W", "15": "E", "7": "E", "19": "N", "20": "W", "12": "S", "29": "N", "33": "S", "21": "N", "37": "E"}, {"32": "S", "19": "S", "16": "N", "20": "E", "28": "N", "15": "W", "23": "S", "38": "N", "29": "S", "7": "W", "18": "N", "37": "E"}, {"35": "E", "38": "E", "32": "N", "18": "S", "7": "E", "37": "S", "14": "E", "29": "E", "10": "S", "12": "N", "28": "S", "21": "E", "20": "W", "33": "E"}, {"15": "E", "37": "W", "7": "E", "14": "W", "38": "N", "32": "E", "16": "E", "18": "W", "35": "W", "12": "S", "29": "W", "21": "W"}, {"12": "N", "15": "W", "38": "W", "20": "E", "29": "W", "37": "E", "35": "E", "23": "N", "21": "W", "28": "N", "7": "E", "16": "S", "33": "W"}, {"13": "E", "14": "E", "16": "S", "38": "S", "33": "E", "29": "E", "12": "S", "23": "S", "18": "N", "28": "S", "7": "E", "35": "W"}, {"37": "E", "13": "W", "28": "N", "19": "N", "18": "E", "12": "S", "7": "S", "16": "N", "29": "W", "14": "W"}, {"16": "S", "23": "W", "29": "E", "12": "E", "15": "S", "38": "N", "18": "S", "7": "W", "19": "N"}, {"19": "S", "28": "W", "18": "N", "37": "S", "29": "W", "15": "N", "7": "N", "38": "S", "35": "S", "12": "W", "23": "S", "20": "W"}, {"12": "E", "19": "S", "35": "W", "37": "N", "18": "N", "13": "E", "15": "S", "16": "N", "20": "W", "14": "N"}, {"15": "N", "38": "S", "7": "S", "29": "E", "23": "S", "33": "W", "18": "S", "14": "S", "20": "W", "13": "W", "10": "W", "28": "W", "35": "E"}, {"20": "E", "14": "E", "33": "E", "37": "N", "35": "W", "7": "E", "15": "N", "18": "N", "38": "W", "29": "N", "21": "E", "16": "S"}, {"18": "S", "29": "S", "37": "E", "35": "W", "7": "E", "28": "N", "38": "E", "21": "W", "10": "S", "23": "E"}, {"23": "W", "38": "E", "21": "S", "35": "E", "10": "E", "14": "W", "29": "W", "19": "N", "18": "N"}, {"28": "N", "7": "N", "38": "S", "21": "N", "35": "W", "29": "E", "19": "S", "23": "E", "18": "S"}, {"12": "W", "20": "E", "7": "W", "28": "S", "14": "N", "10": "N", "29": "N", "16": "N", "18": "S"}, {"7": "S", "14": "N", "35": "E", "29": "W", "10": "S", "38": "S", "18": "N", "16": "S", "28": "N", "33": "W"}, {"12": "N", "14": "S", "10": "N", "35": "W", "33": "E", "7": "E", "29": "S"}, {"16": "E", "38": "W", "29": "E", "12": "N", "14": "S", "18": "S", "28": "S", "7": "N"}, {"29": "W", "33": "E", "16": "W", "28": "S", "35": "S", "38": "S", "14": "E", "12": "S", "18": "N", "15": "S"}, {"14": "S", "28": "N", "7": "S", "33": "W", "38": "N", "29": "E", "18": "N"}, {"14": "S", "15": "E", "29": "W", "18": "N", "38": "S", "10": "S", "28": "S", "21": "S", "7": "N", "35": "E"}, {"18": "N", "21": "N", "35": "W", "12": "W", "38": "S", "33": "W", "10": "N", "15": "W", "14": "W", "7": "E"}, {"29": "E", "33": "N", "13": "E", "7": "E", "28": "N", "12": "E", "15": "E"}, {"38": "N", "33": "S", "16": "N", "28": "N", "35": "N", "29": "E", "7": "S", "15": "E", "12": "N", "14": "S"}, {"16": "W", "33": "E", "28": "S", "13": "W", "10": "W", "15": "W", "38": "S", "29": "W", "12": "S"}, {"35": "N", "16": "E", "33": "W", "10": "S", "21": "S", "15": "E", "12": "W"}, {"29": "E", "12": "N", "21": "N", "33": "N", "28": "S", "16": "W", "38": "N"}, {"33": "W", "38": "E", "15": "W", "12": "S", "10": "N", "29": "E", "28": "N", "20": "W"}, {"12": "W", "23": "W", "21": "S", "10": "W", "29": "W", "28": "S", "33": "N", "14": "E"}, {"23": "E", "28": "N", "15": "W", "12": "E", "38": "W", "33": "S", "10": "E", "21": "N", "14": "W"}, {"12": "E", "16": "N", "21": "S", "38": "S", "29": "E", "10": "W", "28": "S", "33": "E", "20": "E", "14": "N", "15": "E"}, {"21": "N", "33": "S", "14": "E", "10": "E"}, {"14": "S", "21": "E", "16": "S", "10": "E", "29": "S", "33": "N", "15": "E"}, {"15": "W", "21": "W", "33": "S", "12": "W", "16": "W", "10": "S", "14": "S"}, {"33": "N", "14": "S", "12": "E", "28": "N", "29": "W", "16": "S", "20": "W", "15": "W"}, {"10": "N", "12": "W", "19": "N", "33": "S", "20": "E", "15": "S", "29": "N", "16": "S", "38": "N", "14": "W"}, {"16": "N", "38": "S", "12": "E", "15": "N", "29": "W"}, {"12": "W", "28": "N", "20": "W", "38": "N", "29": "W", "33": "E", "15": "S", "14": "S"}, {"10": "S", "19": "N", "12": "S", "28": "W", "15": "N", "20": "E"}, {"16": "S", "15": "E", "28": "S", "12": "E", "29": "E", "10": "N", "38": "S", "19": "S"}, {"12": "W", "29": "W", "10": "S", "15": "W", "21": "S", "19": "S", "16": "N", "20": "W", "28": "W"}, {"10": "W", "21": "N", "33": "W", "20": "E", "12": "N", "19": "N", "29": "E", "15": "E"}, {"38": "N", "15": "W", "19": "S", "12": "E", "28": "E", "10": "N", "20": "W", "21": "S", "29": "E", "33": "N", "16": "S"}, {"28": "W", "38": "S", "20": "E", "15": "E", "10": "S", "21": "N", "33": "S", "12": "W"}, {"10": "E", "15": "E", "21": "E", "12": "E", "28": "E", "20": "W", "38": "N"}, {"10": "N", "21": "W", "38": "S", "15": "W", "33": "N", "29": "W", "28": "E", "20": "E", "12": "N"}, {"12": "S", "33": "S", "29": "W", "15": "W", "28": "S"}, {"38": "N", "12": "W", "29": "E", "28": "N", "33": "N"}, {"29": "W", "16": "N", "28": "S", "15": "E", "33": "W", "38": "S"}, {"15": "W", "12": "W", "16": "W", "33": "N"}, {"16": "S", "28": "N", "33": "N", "12": "E", "10": "W"}, {"10": "E", "12": "E", "28": "S", "16": "E"}, {"16": "N", "10": "S", "33": "W", "38": "N", "29": "E", "15": "E"}, {"10": "N", "33": "E", "12": "S", "16": "S", "20": "W", "38": "S", "28": "N", "15": "W"}, {"28": "S", "20": "S", "12": "N", "29": "N", "16": "W", "15": "S", "33": "W", "38": "S"}, {"20": "S", "29": "S", "15": "N", "12": "W", "16": "E"}, {"15": "E", "29": "W", "12": "S", "33": "W", "16": "N", "20": "N"}, {"12": "N", "15": "W", "33": "W", "16": "S", "20": "S", "10": "S"}, {"20": "N", "12": "E", "16": "N", "15": "E", "33": "E"}, {"16": "S", "10": "N", "12": "W", "33": "E", "20": "S", "29": "E", "15": "W"}, {"12": "W", "28": "N", "29": "W", "16": "N", "20": "E", "33": "E"}, {"12": "E", "16": "S", "38": "W", "20": "E", "33": "W", "29": "E"}, {"12": "E", "15": "E", "33": "E", "28": "S", "29": "N", "16": "N", "38": "E"}, {"29": "S", "12": "W", "21": "E", "15": "W", "20": "W", "33": "W", "28": "E"}, {"15": "E", "12": "E", "28": "W", "29": "W", "33": "E", "10": "S", "16": "W", "21": "W"}, {"33": "W", "29": "E", "10": "N", "15": "W", "38": "W", "16": "S"}, {"29": "E", "15": "E", "16": "E", "33": "E", "38": "E", "20": "E"}, {"29": "W", "33": "W", "16": "N", "38": "W", "15": "W", "28": "N", "23": "W", "12": "W"}, {"15": "E", "20": "W", "10": "S", "12": "E", "33": "E", "38": "S", "16": "S", "29": "N", "28": "S"}, {"15": "W", "10": "N", "16": "N", "23": "E", "20": "E", "29": "W", "38": "S", "28": "E"}, {"20": "W", "29": "S", "10": "S"}, {"21": "E", "28": "W", "23": "W", "20": "E", "38": "N", "29": "N", "16": "S", "12": "W", "33": "N", "10": "N"}, {"10": "N", "12": "E", "23": "E", "29": "E", "16": "N", "33": "E"}, {"28": "N", "10": "S", "15": "E", "16": "S", "33": "W", "38": "S", "29": "S"}, {"16": "N", "10": "S", "15": "W", "33": "E", "23": "W", "38": "E", "21": "W", "28": "N"}, {"20": "E", "15": "E", "29": "N", "16": "S", "38": "S", "28": "S", "23": "E", "33": "W"}, {"33": "E", "38": "S", "12": "W", "29": "S", "28": "S"}, {"23": "W", "10": "W", "12": "W", "20": "W", "33": "N", "16": "N", "28": "N", "29": "W"}, {"20": "E", "10": "E", "28": "N", "23": "E", "12": "E", "16": "S", "15": "W", "33": "S", "29": "E"}, {"12": "E", "29": "W", "10": "W", "28": "S"}, {"16": "N", "28": "S", "33": "W", "12": "W", "10": "E", "23": "W"}, {"15": "E", "33": "S", "23": "W", "20": "W", "16": "S", "10": "W"}, {"16": "N", "28": "E", "29": "E", "10": "E", "23": "E", "12": "E", "21": "E", "15": "W", "20": "E"}, {"16": "N", "28": "W", "33": "N", "21": "W", "29": "W", "20": "W", "12": "W"}, {"23": "E", "16": "E", "33": "E", "12": "S", "20": "W"}, {"33": "W", "20": "E", "12": "N", "23": "W", "15": "E", "10": "N", "29": "E", "16": "E"}, {"33": "E", "15": "W", "29": "W", "16": "W", "23": "E", "20": "S", "28": "N", "12": "S"}, {"28": "S", "23": "W", "20": "W", "29": "E", "33": "N", "12": "N"}, {"29": "W", "20": "E", "23": "E", "12": "E", "16": "W"}, {"33": "E", "10": "S", "15": "E", "20": "N", "23": "W", "16": "S", "12": "W"}, {"20": "E", "29": "E", "23": "E", "15": "W", "16": "S", "33": "S", "10": "S"}, {"10": "N", "16": "W", "29": "W", "12": "E", "15": "E", "33": "N"}, {"29": "E", "15": "W", "20": "W", "33": "S", "16": "S", "10": "S"}, {"29": "W", "12": "S", "23": "W", "10": "N"}, {"16": "N", "23": "E", "20": "E", "21": "E", "12": "N"}, {"21": "W", "29": "E", "15": "E", "16": "S", "33": "N", "10": "W"}, {"20": "S", "29": "W", "16": "S", "15": "W", "33": "S", "12": "W", "10": "N"}, {"12": "N", "20": "N"}, {"29": "E", "33": "N", "28": "N", "12": "S"}, {"29": "W", "12": "E", "10": "W", "16": "W"}, {"28": "S", "12": "W", "33": "S", "10": "E", "23": "W", "29": "E"}, {"16": "S", "33": "N", "12": "E", "15": "E"}, {"16": "S", "23": "E", "20": "S", "15": "W", "10": "W"}, {"33": "W", "29": "W", "20": "N"}, {"28": "N", "12": "W", "33": "S", "10": "E", "16": "S"}, {"15": "E", "28": "S", "23": "W", "12": "E", "16": "E"}, {"33": "E", "15": "E", "10": "S", "16": "N"}, {"16": "E", "12": "W", "10": "E", "33": "N", "15": "N", "23": "W", "21": "E"}, {"21": "W", "12": "E", "33": "W", "16": "W", "23": "E", "15": "S", "10": "S"}, {"20": "W", "33": "S", "28": "E", "15": "W", "10": "N", "12": "W"}, {"12": "E", "23": "E", "16": "W", "15": "E", "33": "E", "21": "E", "29": "E", "28": "W", "10": "S"}, {"15": "E", "20": "E", "29": "E", "21": "N", "23": "W", "16": "E", "10": "N"}, {"16": "E", "33": "N", "29": "W", "23": "E", "20": "N", "15": "W"}, {"33": "S", "20": "E", "15": "W", "29": "S", "16": "E", "28": "E", "23": "W"}, {"12": "W", "28": "W", "23": "E", "29": "N", "16": "N", "10": "N"}, {"29": "W", "10": "W", "12": "E", "33": "N", "23": "W", "15": "E"}, {"33": "S", "10": "E", "23": "E"}, {"21": "E", "10": "S", "23": "W", "15": "E"}, {"10": "S", "12": "W", "33": "N", "23": "W", "20": "N", "21": "E"}, {"21": "W", "23": "S", "28": "N", "29": "E"}, {"28": "S", "10": "N", "29": "W", "15": "E", "12": "E", "23": "S", "33": "N"}, {"29": "E", "10": "N", "12": "W", "15": "S", "28": "N", "33": "S"}, {"12": "E", "29": "W", "33": "W", "15": "W", "28": "S"}, {"33": "W", "29": "E", "15": "N", "12": "W", "23": "S"}, {"15": "W", "33": "E", "12": "E", "23": "E", "29": "E"}, {"15": "E", "33": "S", "23": "E", "21": "E"}, {"21": "N", "15": "E", "20": "E", "33": "E", "23": "E", "12": "W"}, {"33": "N", "12": "E", "15": "N", "29": "E", "20": "E"}, {"29": "W", "33": "S", "15": "S"}, {"12": "W", "29": "E", "28": "E", "15": "S", "33": "N"}, {"28": "W", "29": "W", "33": "S", "12": "W", "10": "W", "15": "N"}, {"10": "E", "12": "S", "33": "N", "29": "W", "15": "W", "28": "N"}, {"15": "E", "29": "W", "12": "E", "28": "S", "33": "S"}, {"12": "E", "10": "W", "33": "N", "15": "W"}, {"23": "S", "12": "N", "21": "E", "10": "E", "33": "S"}, {"33": "N", "23": "N", "12": "N"}, {"28": "E", "12": "S", "21": "W", "29": "N", "15": "E", "23": "W"}, {"33": "S", "29": "W", "28": "W", "12": "W", "21": "E"}, {"12": "E", "33": "W", "21": "W", "29": "N", "28": "E", "23": "W"}, {"33": "N", "10": "S", "28": "W", "29": "S", "23": "E", "21": "N", "15": "W"}, {"10": "N", "21": "E", "33": "S", "15": "S", "12": "W", "23": "W"}, {"33": "W", "23": "W", "15": "N", "12": "E", "21": "W"}, {"33": "E", "10": "W", "23": "E", "15": "E", "29": "N", "28": "E", "21": "S"}, {"29": "S", "28": "W", "23": "W", "33": "E"}, {"21": "E", "15": "E", "28": "E", "10": "S", "23": "W", "33": "N", "12": "W"}, {"28": "W", "33": "S", "23": "E", "29": "N", "12": "E", "10": "N"}, {"29": "W", "15": "W", "33": "N", "23": "E", "10": "E", "21": "W", "12": "W"}, {"33": "S", "23": "W", "15": "E", "10": "S"}, {"12": "E", "29": "W", "10": "N", "23": "E", "21": "E", "33": "N", "15": "W"}, {"21": "W", "29": "S", "33": "S", "15": "W"}, {"33": "N", "28": "N", "12": "W", "23": "W", "29": "W"}, {"15": "E", "21": "E", "28": "S", "29": "S", "33": "S", "23": "E", "12": "E"}, {"12": "N", "15": "E", "21": "N"}, {"23": "E", "33": "N", "21": "S"}, {"12": "S", "23": "E", "33": "S", "10": "W"}, {"21": "E", "23": "S", "15": "E", "10": "E"}, {"33": "N", "23": "N", "15": "W", "10": "W", "21": "W"}, {"21": "W", "10": "E", "12": "W", "15": "W", "33": "N", "23": "S"}, {"28": "N", "33": "S", "10": "W", "23": "N", "12": "E", "21": "N"}, {"12": "W", "21": "W", "33": "N", "10": "E", "28": "S", "15": "W"}, {"15": "E", "33": "S", "12": "E", "10": "W", "28": "N"}, {"10": "E", "21": "E", "15": "W", "28": "S", "12": "N", "33": "N"}, {"15": "N", "12": "S", "33": "N", "21": "S"}, {"23": "W", "28": "N", "33": "E", "21": "N", "15": "S", "12": "W"}, {"28": "N", "23": "E", "12": "N", "21": "W"}, {"33": "S", "10": "W", "23": "S", "19": "N", "28": "S"}, {"33": "W", "10": "E", "23": "N"}, {"33": "W", "19": "E", "15": "N", "28": "N", "12": "S", "23": "W"}, {"15": "S", "28": "S", "12": "E", "33": "S", "23": "E"}, {"33": "S", "19": "W", "12": "S", "23": "W", "28": "N"}, {"23": "E", "19": "S", "12": "N", "33": "W"}, {"12": "W", "28": "S", "23": "S", "21": "E", "33": "S"}, {"23": "N", "33": "W", "10": "W", "28": "S"}, {"12": "E", "33": "E", "21": "S", "10": "W", "28": "N", "23": "W"}, {"10": "E", "15": "S", "28": "S"}, {"10": "E", "15": "N", "23": "E", "33": "W"}, {"15": "N", "33": "N", "28": "N", "23": "W"}, {"15": "S", "12": "S", "23": "E", "33": "S", "19": "N", "28": "N"}, {"10": "W", "33": "E", "23": "S", "12": "E", "19": "S", "28": "S"}, {"23": "S", "28": "S", "33": "W", "15": "E"}, {"28": "N", "12": "W", "15": "W", "10": "E", "19": "N", "23": "E", "33": "N"}, {"19": "S", "28": "S", "21": "N", "12": "E", "23": "S"}, {"23": "N", "21": "E"}, {"12": "W", "28": "N", "21": "S", "23": "E", "10": "S"}, {"28": "S", "10": "N", "21": "W", "23": "N", "33": "S"}, {"21": "N", "15": "E", "33": "N", "12": "N", "23": "N"}, {"33": "S", "28": "N", "21": "N", "15": "W"}, {"10": "W", "21": "S", "19": "N", "33": "E", "12": "S", "28": "N"}, {"12": "N", "21": "E", "33": "N", "15": "E", "28": "S", "19": "S"}, {"33": "S", "21": "S", "15": "W", "10": "E", "12": "W", "19": "N"}, {"19": "S", "21": "W", "33": "W", "12": "E"}, {"28": "N", "12": "W", "33": "E", "21": "N"}, {"21": "S", "12": "E", "33": "N", "28": "N"}, {"28": "S", "19": "N", "12": "W", "33": "S", "15": "E"}, {"19": "S", "15": "W"}, {"12": "W", "28": "S", "15": "E", "21": "N"}, {"15": "W", "28": "S", "21": "S", "10": "S", "33": "W", "12": "W"}, {"33": "S", "10": "N", "28": "E"}, {"28": "W", "15": "E", "33": "S", "12": "N"}, {"12": "E", "10": "W", "15": "W", "28": "N", "33": "N", "19": "N"}, {"12": "S", "28": "N", "19": "S", "33": "N", "10": "E"}, {"15": "E", "33": "E"}, {"12": "E", "15": "W", "21": "N", "28": "S", "33": "W"}, {"10": "W", "21": "W", "12": "E", "33": "N"}, {"33": "S", "19": "N", "28": "N", "10": "E", "15": "S"}, {"28": "S", "33": "N", "21": "N", "15": "N"}, {"10": "S", "19": "S", "21": "W"}, {"33": "S", "15": "N"}, {"19": "N", "12": "W", "15": "W", "10": "N", "28": "N"}, {"12": "E", "21": "N", "33": "E", "28": "W"}, {"28": "S", "19": "S", "10": "W", "21": "S", "33": "W"}, {"19": "N", "15": "E", "28": "E", "12": "W"}, {"12": "E", "19": "E", "28": "N", "33": "E", "15": "S"}, {"19": "W", "33": "N", "10": "E", "28": "S"}, {"33": "E", "28": "N", "12": "W"}, {"19": "S", "21": "E", "15": "E", "28": "S", "33": "W", "12": "E"}, {"15": "N", "33": "S", "12": "W", "21": "S"}, {"15": "W", "28": "S", "10": "S"}, {"28": "N", "12": "E", "10": "N", "15": "W", "33": "N"}, {"28": "S", "33": "S", "10": "S", "12": "W"}, {"33": "N", "12": "E", "15": "E"}, {"10": "N", "33": "S", "12": "W"}, {"12": "S", "15": "W", "33": "N"}, {"15": "E", "28": "N", "12": "N", "10": "W", "33": "E"}, {"19": "N", "28": "N", "33": "W", "15": "N", "12": "E", "10": "W"}, {"33": "S", "15": "S", "10": "E", "19": "S", "28": "N"}, {"10": "E", "15": "S", "21": "N", "33": "N"}, {"28": "S", "21": "S", "33": "E", "19": "N", "12": "S", "10": "S"}, {"12": "E", "15": "E", "10": "N", "33": "E", "19": "S", "28": "N"}, {"21": "E", "10": "W", "33": "S", "28": "S", "12": "W"}, {"15": "W", "28": "W", "10": "W", "21": "W", "12": "N"}, {"15": "E", "28": "E", "10": "E"}, {"10": "E", "28": "W", "21": "E"}, {"15": "W", "12": "W", "28": "E", "21": "W"}, {"21": "E", "28": "S", "12": "W"}, {"10": "S", "15": "E", "21": "W", "12": "E"}, {"28": "N", "12": "E", "15": "W"}, {"21": "E", "28": "S", "10": "N"}, {"21": "S", "28": "N", "15": "E", "12": "W"}, {"15": "W"}, {"28": "S", "15": "S", "12": "W"}, {"12": "E", "15": "N", "10": "W", "28": "W", "21": "E"}, {"28": "E", "10": "E", "21": "W", "12": "E"}, {"28": "N", "15": "E"}, {"28": "N", "15": "W", "21": "N", "10": "W"}, {"10": "E", "21": "W"}, {"15": "S", "28": "S", "10": "W"}, {"28": "S", "12": "W", "21": "E", "10": "E"}, {"21": "E", "12": "E", "15": "W"}, {"12": "N", "15": "E", "21": "W"}, {"21": "N", "15": "N", "12": "S"}, {"12": "N", "21": "W", "28": "N"}, {"21": "W", "28": "N", "12": "S"}, {"10": "W", "28": "S"}, {"12": "W", "10": "E", "15": "E"}, {"15": "W", "28": "S", "12": "E", "21": "N"}, {"21": "W", "15": "N"}, {"15": "S", "12": "W", "28": "N"}, {"28": "S", "12": "W"}, {"21": "N", "15": "E", "12": "E", "10": "W", "28": "N"}, {"28": "S", "12": "E", "10": "S"}, {"28": "W", "12": "W", "21": "S", "15": "W"}, {"28": "E", "10": "E", "21": "N", "12": "E"}, {"12": "W", "10": "N", "21": "S", "28": "W"}, {"28": "E", "10": "W", "12": "E"}, {"12": "W", "21": "W", "10": "S"}, {"10": "E", "12": "E", "21": "S"}, {"21": "S", "12": "W", "28": "N", "10": "W"}, {"12": "E", "10": "N", "28": "N"}, {"10": "E", "12": "N", "21": "N", "28": "S"}, {"21": "S", "10": "W", "12": "S", "15": "E"}, {"10": "W", "21": "N", "15": "W", "12": "W"}, {"10": "E", "12": "E", "28": "S"}, {"28": "N", "21": "S", "12": "W"}, {"12": "E", "10": "S", "28": "W"}, {"10": "E", "28": "E", "21": "N"}, {"21": "S", "15": "N", "28": "S", "12": "S"}, {"28": "N", "10": "N", "12": "E", "21": "N"}, {"10": "W", "12": "S", "21": "S", "28": "S", "15": "W"}, {"21": "N", "12": "E", "28": "N", "15": "E", "10": "E"}, {"15": "S", "12": "E", "28": "N"}, {"28": "N", "21": "S", "12": "E", "10": "W"}, {"15": "S", "21": "N", "28": "S", "10": "E", "12": "N"}, {"21": "S", "15": "N", "28": "S", "10": "W"}, {"21": "N", "15": "E", "28": "S", "12": "S", "10": "E"}, {"15": "W"}, {"10": "W", "12": "E", "15": "E", "28": "N", "21": "S"}, {"21": "N", "10": "W", "15": "W", "28": "S"}, {"21": "S"}, {"28": "N", "15": "E", "10": "E", "12": "W"}, {"12": "E", "10": "E", "15": "N", "28": "S"}, {"21": "N", "28": "N", "15": "S"}, {"12": "W", "28": "S", "21": "S", "15": "W"}, {"12": "N", "28": "N", "10": "W", "15": "E", "21": "N"}, {"12": "S", "28": "W", "10": "E"}, {"15": "W", "12": "E", "28": "E", "21": "S"}, {"28": "S", "21": "N"}, {"21": "N", "10": "S", "28": "N", "15": "E"}, {"21": "S", "10": "W", "28": "S"}, {"21": "S", "15": "W", "10": "E"}, {"21": "N", "28": "N"}, {"21": "S", "10": "N"}, {"15": "E", "28": "S", "10": "W"}, {"12": "W", "15": "W", "10": "E"}, {"21": "N", "15": "N", "10": "W", "12": "E"}, {"10": "E", "21": "S", "28": "N", "15": "W"}, {"15": "E", "21": "N", "28": "S"}, {"12": "W", "15": "W", "21": "S"}, {"10": "W", "21": "N", "12": "E", "15": "E"}, {"12": "W", "15": "S", "10": "E", "21": "W"}, {"12": "E", "15": "S"}, {"10": "S", "15": "N", "21": "E", "28": "N"}, {"28": "N", "10": "N"}, {"12": "W", "21": "W"}, {"15": "S", "12": "E", "28": "S"}, {"15": "N", "28": "S"}, {"28": "N", "21": "E"}, {"10": "W", "21": "N", "28": "N"}, {"21": "S", "15": "N", "10": "E"}, {"15": "S", "12": "W", "28": "S"}, {"15": "E", "12": "E", "10": "W"}, {"10": "E", "15": "W", "21": "S", "28": "N"}, {"12": "W", "21": "N", "10": "W", "28": "W", "15": "N"}, {"12": "E", "28": "E", "10": "E", "15": "S"}, {"10": "S", "28": "S"}, {"28": "S", "10": "W", "21": "N"}, {"10": "E", "28": "N", "21": "E"}, {"10": "W"}, {"21": "W", "28": "S", "10": "E"}, {"15": "S", "21": "S", "10": "N"}, {"21": "W", "15": "W"}, {"15": "E", "21": "E"}, {"15": "W", "28": "N"}, {"28": "S", "21": "N", "15": "E"}, {"15": "N", "10": "W", "21": "S"}, {"28": "N", "21": "S", "10": "E", "15": "E"}, {"12": "W", "15": "W"}, {"15": "E", "28": "S", "12": "E", "21": "N"}, {"28": "N", "21": "N", "15": "W"}, {"28": "S", "10": "W", "21": "S", "15": "S"}, {"28": "N", "10": "E", "21": "S", "15": "W"}, {"21": "N", "28": "N", "10": "S", "15": "E", "12": "W"}, {"28": "N", "12": "E", "15": "N", "21": "W", "10": "N"}, {"10": "S", "28": "S", "12": "W", "21": "E"}, {"28": "E", "10": "N", "15": "N", "21": "S", "12": "E"}, {"28": "W", "15": "N", "12": "W"}, {"12": "E", "28": "W", "15": "S", "21": "N"}, {"21": "S", "15": "S", "10": "S", "28": "S"}, {"28": "S", "12": "W", "21": "N", "10": "N"}, {"21": "S", "28": "E", "12": "N"}, {"12": "S", "21": "N"}, {"21": "S", "28": "W", "12": "E"}, {"15": "N", "21": "N", "12": "W", "28": "E"}, {"21": "N", "12": "E", "28": "N", "10": "S"}, {"28": "N", "15": "N", "21": "S", "10": "N"}, {"10": "W", "15": "S", "28": "N", "21": "S"}, {"12": "W", "15": "S", "21": "N", "28": "S", "10": "W"}, {"21": "S", "10": "E", "28": "E"}, {"21": "N", "28": "S", "12": "N"}, {"10": "E", "15": "E", "21": "N", "28": "W"}, {"10": "W", "21": "E", "15": "N", "28": "S"}, {"28": "N", "15": "S", "21": "N"}, {"21": "N", "15": "S", "10": "E", "28": "S"}, {"28": "N", "15": "W"}, {"28": "S", "21": "S", "15": "N"}, {"28": "N", "12": "S"}, {"12": "N", "28": "S", "21": "S"}, {"12": "S", "21": "N", "15": "E", "28": "W"}, {"10": "S", "28": "N", "21": "S", "12": "N"}, {"10": "N", "28": "S", "15": "W", "21": "N"}, {"28": "E", "21": "N", "12": "S", "10": "W"}, {"21": "S", "10": "E", "12": "N", "15": "S"}, {"12": "S", "21": "N"}, {"12": "E", "15": "W", "28": "N", "21": "S"}, {"15": "E", "10": "S", "28": "S", "21": "S"}, {"10": "N", "28": "N", "15": "W"}, {"15": "E", "28": "S", "21": "W", "10": "S"}, {"28": "N", "10": "N", "21": "E", "15": "N"}, {"12": "W", "21": "W", "15": "E", "28": "S"}, {"12": "N", "28": "N", "21": "E", "15": "W"}, {"10": "W", "21": "N", "15": "N"}, {"10": "E", "15": "S", "12": "S"}, {"28": "S", "21": "S", "12": "E"}, {"10": "S"}, {"28": "N", "15": "N"}, {"15": "S", "21": "N", "10": "N"}, {"21": "E", "28": "S", "10": "S"}, {"21": "W", "28": "N", "10": "S"}, {"28": "S", "12": "W", "21": "S", "10": "N"}, {"21": "W", "12": "N", "10": "N"}, {"10": "W", "12": "S", "21": "E", "15": "E"}, {"10": "E", "12": "N", "28": "N", "15": "W", "21": "N"}, {"28": "N"}, {"15": "E", "21": "S", "10": "W", "28": "E"}, {"28": "S", "21": "W", "15": "W", "10": "E"}, {"10": "W", "15": "E", "28": "W", "21": "S"}, {"28": "W", "21": "S", "15": "W"}, {"10": "E", "21": "N", "28": "E"}, {"10": "W", "28": "N", "15": "E", "21": "N"}, {"15": "W", "10": "E", "12": "S", "21": "E", "28": "S"}, {"12": "E", "15": "E", "10": "S", "21": "N"}, {"21": "S", "10": "N", "28": "S", "15": "W"}, {"28": "N", "21": "N"}, {"15": "S", "28": "N", "21": "S"}, {"28": "S", "15": "N", "21": "N"}, {"10": "S", "21": "N"}, {"21": "S", "28": "N", "15": "N"}, {"10": "N", "28": "S", "15": "S"}, {"21": "S", "28": "S"}, {"28": "N", "21": "N"}, {"28": "N", "21": "S"}, {"28": "S"}, {"15": "E", "21": "W", "28": "S"}, {"15": "W", "10": "S", "21": "E", "28": "N"}, {"12": "W", "10": "N", "21": "N", "15": "N"}, {"12": "N", "21": "S", "15": "W", "28": "S", "10": "S"}, {"10": "N", "21": "N", "15": "E"}, {"15": "W", "12": "S", "10": "W", "28": "N", "21": "S"}, {"21": "N", "10": "E", "28": "N", "12": "N"}, {"28": "S", "21": "S"}, {"15": "E", "28": "S"}, {"12": "S", "28": "N", "15": "S", "10": "W", "21": "N"}, {"12": "N", "28": "W", "10": "E", "21": "S"}, {"15": "E", "28": "E"}, {"28": "S"}, {"15": "W", "28": "N", "21": "N"}, {"28": "W", "12": "S", "15": "E", "10": "W", "21": "S"}, {"12": "E", "10": "E", "28": "S"}, {"15": "W", "28": "E", "21": "N"}, {"10": "W", "21": "S", "28": "N"}, {"28": "S", "10": "E"}, {"12": "W"}, {"15": "E", "12": "N", "28": "N"}, {"28": "N", "15": "W"}, {"10": "W", "12": "S", "28": "S", "21": "W"}, {"21": "S", "12": "N", "10": "E"}, {"15": "N", "12": "S", "21": "S", "28": "S"}, {"15": "S", "28": "W", "12": "E"}, {"28": "E", "21": "N"}, {"21": "S", "15": "E", "10": "S", "28": "N"}, {"28": "S", "15": "W", "21": "N", "10": "N", "12": "W"}, {"10": "W", "12": "E", "21": "S"}, {"28": "N", "10": "E", "21": "N"}, {"21": "S", "15": "N"}, {"28": "W", "15": "S", "12": "W"}, {"15": "E", "12": "E", "21": "N", "28": "E"}, {"15": "W", "21": "N"}, {"28": "N", "21": "E", "15": "E", "12": "W"}, {"12": "E", "21": "N", "28": "S", "10": "S"}, {"15": "W", "21": "N", "10": "N", "12": "W", "28": "N"}, {"28": "W", "12": "E", "10": "S"}, {"28": "E", "10": "N", "12": "W", "21": "S"}, {"28": "S", "12": "E", "21": "W"}, {"21": "S", "10": "S", "28": "E"}, {"21": "E", "10": "N", "28": "W"}, {"12": "W"}, {"10": "W", "12": "E", "21": "N", "28": "S"}, {"12": "W", "28": "W", "10": "E"}, {"28": "W", "12": "E", "15": "N"}, {"15": "S", "28": "S", "10": "W"}, {"15": "N", "28": "N", "10": "E", "21": "S"}, {"15": "S"}, {"21": "W", "28": "E"}, {"21": "E", "10": "S", "28": "E"}, {"15": "E", "21": "N", "10": "S", "12": "W"}, {"10": "N", "12": "E", "28": "N", "21": "S", "15": "W"}, {"28": "S", "21": "W"}, {"21": "S", "10": "N", "28": "N"}, {"28": "S", "21": "N"}, {"21": "S", "28": "N"}, {"15": "E", "21": "W", "28": "N", "12": "W"}, {"21": "E", "12": "N", "28": "N"}, {"10": "W", "28": "S", "15": "W"}, {"12": "S", "10": "E", "21": "S", "28": "N"}, {"12": "E", "28": "S", "21": "N", "15": "N"}, {"15": "S", "21": "S"}]}