{"instance": "small_free_001_10x10_40_40", "steps": [{"26": "S", "13": "E", "23": "E"}, {"13": "N", "18": "W", "23": "N", "37": "W"}, {"26": "W", "13": "E", "18": "S", "23": "N", "37": "W"}, {"13": "N", "18": "S", "23": "W", "37": "W"}, {"23": "N", "37": "S"}, {"21": "N"}, {"21": "N", "13": "N", "23": "N"}, {"13": "W", "23": "E"}, {"23": "E"}, {"23": "E"}, {"21": "E", "23": "S"}, {"37": "S"}, {"23": "S", "37": "E"}, {"18": "W", "23": "E", "37": "E"}, {"18": "W", "23": "E", "37": "E"}, {"18": "N", "23": "N", "24": "E", "37": "E", "26": "S"}, {"18": "N", "23": "E", "24": "E", "26": "E", "21": "N"}, {"18": "N", "23": "E", "24": "N", "26": "E", "35": "W", "21": "W"}, {"18": "N", "24": "N", "37": "E", "26": "E"}, {"18": "N", "23": "E"}, {"18": "W", "23": "S", "37": "E"}, {"23": "S", "37": "E", "26": "E"}, {"23": "S", "37": "E", "26": "E"}, {"23": "S", "37": "E", "26": "E"}, {"26": "S"}, {"26": "S"}, {"23": "W", "26": "E"}, {"13": "N", "18": "S", "23": "S", "38": "N", "26": "S"}, {"13": "N", "18": "W", "24": "N", "38": "W"}, {"13": "W", "38": "S"}, {"13": "W", "38": "S"}, {"38": "S"}, {"13": "W"}, {"13": "W"}, {"18": "N"}]}