{"instance": "small_free_001_10x10_40_40", "steps": [{"21": "E", "26": "W", "14": "N", "17": "W", "32": "E", "33": "S"}, {"21": "N", "3": "N", "26": "W", "17": "W", "32": "E", "33": "S"}, {"21": "N", "3": "E", "26": "E", "29": "E", "32": "E", "33": "W"}, {"3": "E", "26": "S", "29": "E", "32": "E"}, {"26": "S", "32": "E"}, {"32": "E"}, {"14": "E"}, {"3": "N", "17": "S"}, {}, {"3": "E", "14": "E", "17": "S", "32": "E"}, {"3": "N", "32": "N"}, {"3": "N", "33": "N"}, {"3": "S"}, {"14": "E", "17": "E", "29": "N", "32": "W", "33": "W", "3": "W"}, {"14": "E", "17": "S", "29": "N", "32": "S", "33": "N", "3": "W"}, {"14": "E", "29": "W", "33": "N", "3": "W"}, {"14": "E", "29": "N", "33": "N", "3": "W"}, {"14": "E", "29": "W", "32": "W", "33": "W"}, {"29": "W", "32": "W", "33": "N"}, {"29": "W", "33": "N"}, {"33": "N", "21": "W"}, {"10": "N", "32": "W", "33": "N", "39": "W"}, {"10": "N", "32": "S", "39": "W"}, {"10": "N", "29": "E", "39": "W"}, {"10": "E", "39": "W"}, {"10": "S", "39": "W"}, {"10": "E"}, {"10": "E", "14": "E"}, {"10": "S"}, {"14": "E", "21": "N"}, {"14": "S", "21": "W"}, {"14": "S"}, {"14": "S"}, {"29": "E"}, {"14": "E"}, {"14": "S"}, {"14": "S"}, {"14": "S"}, {"14": "W"}, {"14": "W"}, {"33": "N", "21": "N"}, {"29": "E", "21": "N"}]}