{"instance": "small_000_10x10_20_10", "steps": [{"9": "N", "8": "W", "0": "W", "6": "N", "1": "N", "4": "W", "5": "W", "7": "S", "2": "S"}, {"6": "E", "8": "W", "4": "W", "2": "S", "0": "W", "7": "S", "3": "E", "9": "E"}, {"6": "W", "8": "S", "5": "W", "3": "N", "2": "S", "7": "S"}, {"8": "S", "5": "S", "2": "S"}, {"8": "S", "9": "N", "6": "E", "5": "W", "3": "N", "2": "E", "0": "W"}, {"5": "S", "8": "N", "6": "N", "0": "N", "2": "E", "9": "N", "3": "N"}, {"6": "E", "3": "N", "8": "N", "9": "E", "0": "N", "2": "E"}, {"6": "E", "8": "N", "2": "N", "5": "E", "9": "E", "0": "N", "3": "W"}, {"0": "N", "2": "E", "6": "E", "9": "N", "8": "N", "5": "W", "3": "N"}, {"0": "N", "6": "E", "8": "N", "2": "S", "9": "E"}, {"2": "E", "9": "E", "0": "E", "6": "S", "8": "N"}, {"0": "N", "2": "E", "8": "N", "6": "E"}, {"2": "E", "8": "N", "5": "W", "6": "E", "9": "E"}, {"6": "E", "5": "S", "9": "S", "8": "E", "0": "E", "2": "E"}, {"9": "E", "6": "S", "8": "N", "2": "E"}, {"2": "E", "8": "N", "5": "S", "6": "S", "9": "E"}, {"8": "E", "9": "S", "6": "W", "2": "N", "5": "E"}, {"5": "S", "2": "N", "8": "N"}, {"5": "S", "2": "N"}, {"2": "W", "9": "E", "8": "N"}, {"9": "S"}, {"9": "S", "8": "E"}, {"8": "E", "9": "S"}, {"8": "E", "9": "S"}, {"8": "E", "9": "W"}, {"8": "E"}, {"8": "S"}]}