{"instance": "small_free_001_10x10_40_40", "steps": [{"21": "N", "1": "E", "15": "S", "26": "W", "2": "N", "4": "W", "5": "N", "6": "N", "7": "N", "9": "S", "10": "N", "11": "N", "12": "W", "13": "E", "14": "W", "16": "S", "17": "W", "18": "W", "20": "W", "22": "W", "23": "N", "24": "S", "25": "N", "27": "S", "29": "E", "30": "W", "31": "E", "32": "S", "33": "S", "34": "W", "36": "N", "37": "W", "38": "N"}, {"1": "E", "15": "S", "26": "S", "28": "E", "2": "N", "5": "W", "6": "N", "7": "E", "8": "W", "9": "S", "11": "N", "12": "W", "13": "S", "17": "W", "18": "W", "19": "W", "20": "S", "24": "W", "25": "N", "27": "S", "29": "E", "30": "S", "31": "S", "33": "S", "34": "S", "36": "N", "37": "S"}, {"0": "S", "1": "S", "3": "E", "15": "W", "26": "S", "6": "W", "7": "E", "8": "W", "9": "S", "11": "E", "12": "N", "14": "S", "18": "W", "19": "S", "20": "W", "24": "N", "27": "W", "30": "S", "31": "E", "33": "W", "34": "S", "36": "N", "37": "S"}, {"21": "N", "0": "E", "3": "N", "15": "S", "4": "W", "6": "N", "7": "E", "9": "S", "10": "E", "11": "N", "12": "N", "18": "W", "19": "W", "20": "W", "22": "W", "23": "E", "24": "N", "27": "S", "30": "S", "31": "E", "32": "E", "34": "S", "36": "W", "37": "S", "39": "W"}, {"21": "N", "0": "S", "3": "N", "15": "S", "2": "N", "4": "N", "5": "E", "6": "N", "7": "N", "9": "S", "10": "N", "11": "E", "12": "E", "18": "S", "19": "W", "23": "E", "24": "N", "30": "W", "31": "S", "34": "W", "36": "W", "37": "W", "39": "S"}, {"21": "E", "15": "W", "2": "N", "4": "W", "5": "N", "6": "W", "7": "N", "8": "W", "9": "S", "10": "E", "11": "E", "18": "S", "19": "W", "22": "W", "23": "E", "24": "N", "31": "S", "34": "W", "39": "W"}, {"21": "N", "2": "E", "6": "W", "7": "E", "8": "W", "9": "W", "10": "N", "12": "N", "23": "S", "24": "N", "27": "E", "30": "S", "34": "S", "39": "N"}, {"21": "N", "3": "N", "2": "N", "6": "W", "7": "E", "8": "N", "9": "S", "10": "W", "12": "N", "23": "W", "27": "E", "29": "E", "34": "E", "36": "S", "39": "W"}, {"0": "N", "3": "W", "15": "W", "28": "N", "2": "E", "5": "N", "7": "E", "8": "N", "9": "E", "10": "N", "12": "E", "22": "W", "23": "S", "27": "S", "29": "N", "32": "N", "34": "S"}, {"0": "W", "3": "W", "26": "E", "28": "W", "2": "E", "5": "W", "7": "E", "9": "E", "10": "E", "12": "S", "13": "S", "16": "E", "17": "S", "23": "E", "24": "N", "27": "E", "29": "W", "32": "N", "36": "W", "37": "W", "39": "W"}, {"0": "S", "3": "W", "15": "N", "26": "E", "28": "N", "4": "W", "5": "N", "6": "N", "7": "N", "9": "S", "10": "N", "12": "E", "14": "S", "16": "S", "24": "E", "27": "S", "32": "E", "36": "W", "39": "W"}, {"1": "S", "3": "N", "26": "E", "28": "W", "4": "W", "5": "W", "6": "W", "9": "E", "10": "E", "12": "N", "16": "S", "18": "W", "22": "N", "24": "N", "25": "E", "27": "E", "30": "W", "32": "E", "39": "W"}, {"0": "S", "1": "W", "26": "E", "28": "W", "5": "N", "6": "W", "9": "E", "10": "N", "12": "N", "14": "W", "16": "S", "17": "S", "22": "W", "24": "N", "27": "E", "30": "W", "32": "N", "39": "W"}, {"0": "E", "1": "W", "15": "W", "26": "E", "28": "W", "5": "N", "9": "E", "10": "N", "12": "E", "14": "W", "16": "W", "17": "S", "18": "S", "22": "N", "25": "N", "30": "N"}, {"0": "E", "26": "E", "5": "N", "9": "E", "10": "N", "12": "E", "13": "S", "14": "S", "16": "S", "17": "E", "18": "W", "22": "N", "24": "N", "25": "E", "30": "N"}, {"0": "E", "5": "E", "8": "N", "12": "S", "13": "W", "14": "W", "16": "S", "18": "W", "19": "N", "20": "E", "22": "N", "24": "N", "30": "N", "33": "N"}, {"15": "N", "26": "E", "5": "E", "6": "W", "12": "E", "14": "S", "16": "S", "17": "S", "19": "W", "22": "N", "24": "E", "36": "N", "39": "S"}, {"15": "N", "26": "E", "5": "E", "12": "E", "14": "S", "16": "S", "19": "S", "20": "E", "22": "W", "24": "E", "25": "E", "29": "N", "30": "N", "33": "W", "36": "N", "39": "S"}, {"15": "N", "26": "E", "6": "S", "12": "N", "13": "W", "25": "E", "29": "E", "30": "N", "37": "S", "39": "W"}, {"1": "W", "15": "E", "28": "W", "6": "E", "12": "N", "18": "W", "25": "E", "29": "N", "36": "N", "37": "S"}, {"1": "W", "28": "W", "12": "W", "14": "E", "16": "S", "17": "W", "18": "W", "22": "N", "24": "E", "25": "E", "29": "W", "39": "S"}, {"15": "N", "28": "W", "14": "E", "16": "S", "18": "W", "22": "E", "24": "N", "25": "S", "39": "W"}, {"15": "N", "28": "W", "5": "E", "6": "E", "18": "N", "22": "E", "23": "S", "24": "E", "25": "S", "39": "N"}, {"5": "S", "6": "E", "7": "E", "12": "S", "22": "N", "23": "E", "39": "W"}, {"5": "E", "7": "S", "14": "E", "18": "N", "22": "E", "23": "S", "33": "W", "39": "N"}, {"20": "N"}, {"20": "N"}, {"20": "E"}, {"20": "E"}, {"20": "N"}, {"20": "E"}, {"20": "E"}, {"20": "E"}, {"20": "E"}, {"20": "E"}, {"20": "E"}, {"20": "E"}, {"20": "E"}, {"20": "S"}, {"20": "S"}, {"20": "S"}, {"14": "E"}, {"14": "E"}, {"14": "E"}, {"14": "S"}, {"14": "E"}, {"14": "S"}, {"14": "E"}, {"14": "E"}, {"14": "E"}, {"14": "E"}, {"14": "N"}, {"14": "N"}, {"14": "E"}, {"37": "N"}, {"37": "E"}, {"37": "N"}, {"37": "E"}, {"37": "E"}, {"37": "E"}, {"37": "E"}, {"37": "E"}, {"37": "E"}, {"37": "E"}, {"37": "E"}, {"37": "N"}, {"18": "N"}, {"18": "N"}, {"18": "E"}, {"18": "E"}, {"18": "E"}, {"18": "N"}, {"18": "N"}, {"18": "E"}, {"18": "N"}, {"18": "N"}, {"18": "E"}, {"18": "E"}, {"33": "N"}, {"33": "N"}, {"33": "N"}, {"33": "N"}, {"33": "N"}, {"33": "N"}, {"33": "N"}, {"33": "N"}, {"33": "N"}, {"33": "W"}, {"33": "W"}, {"32": "S"}, {"32": "S"}, {"32": "S"}, {"32": "S"}, {"32": "S"}, {"32": "W"}, {"32": "S"}, {"32": "S"}, {"32": "W"}, {"32": "S"}, {"38": "E"}, {"38": "S"}, {"38": "S"}, {"38": "W"}, {"38": "S"}, {"38": "E"}, {"38": "S"}, {"38": "S"}, {"38": "S"}, {"38": "S"}, {"38": "S"}, {"38": "S"}, {"13": "W"}, {"13": "W"}, {"13": "N"}, {"13": "N"}, {"13": "N"}, {"13": "W"}, {"13": "W"}, {"13": "N"}, {"13": "N"}, {"13": "N"}, {"23": "E"}, {"23": "S"}, {"23": "S"}, {"23": "E"}, {"23": "E"}, {"15": "N"}, {"15": "N"}, {"34": "E"}, {"34": "N"}, {"34": "N"}, {"34": "W"}, {"34": "N"}, {"34": "N"}, {"2": "S"}, {"2": "S"}, {"2": "S"}, {"2": "S"}, {"2": "S"}, {"2": "S"}, {"29": "N"}, {"29": "W"}, {"29": "W"}, {"29": "W"}, {"29": "W"}, {"29": "W"}, {"29": "S"}, {"29": "W"}, {"24": "E"}, {"24": "S"}, {"24": "S"}, {"24": "S"}, {"24": "S"}, {"24": "W"}, {"24": "S"}, {"12": "S"}, {"12": "S"}, {"12": "S"}, {"12": "S"}, {"12": "E"}, {"12": "S"}, {"12": "S"}, {"27": "N"}, {"17": "N"}, {"17": "E"}, {"17": "E"}, {"17": "E"}, {"17": "E"}, {"17": "E"}, {"17": "E"}, {"4": "E"}, {"4": "E"}, {"39": "E"}, {"39": "E"}, {"39": "N"}, {"39": "E"}, {"39": "E"}, {"39": "E"}, {"35": "W"}, {"25": "W"}, {"25": "S"}, {"25": "S"}, {"25": "S"}, {"25": "W"}, {"25": "W"}, {"16": "N"}, {"16": "N"}, {"16": "N"}, {"16": "N"}, {"16": "N"}, {"16": "N"}, {"36": "E"}, {"36": "E"}, {"36": "E"}, {"36": "E"}, {"22": "S"}, {"22": "S"}, {"22": "S"}, {"22": "S"}, {"22": "S"}, {"19": "E"}, {"19": "S"}, {"19": "E"}, {"19": "E"}, {"19": "E"}, {"9": "N"}, {"9": "N"}, {"9": "N"}, {"9": "N"}, {"8": "E"}, {"8": "E"}, {"8": "E"}, {"8": "S"}, {"8": "E"}, {"6": "S"}, {"6": "S"}, {"6": "S"}, {"6": "S"}, {"5": "W"}, {"5": "S"}, {"5": "S"}, {"5": "S"}, {"30": "E"}, {"30": "E"}, {"30": "E"}, {"7": "S"}, {"7": "S"}, {"10": "S"}]}