{"instance": "small_free_001_10x10_40_40", "steps": [{"26": "S", "32": "S", "22": "S", "19": "W", "15": "N", "20": "S", "16": "S", "18": "W", "28": "W", "11": "N", "31": "S", "36": "N", "6": "W", "21": "N", "17": "S", "38": "E", "27": "S", "12": "S", "4": "W", "2": "S", "25": "N", "9": "S", "3": "W", "14": "E", "24": "E", "1": "S", "35": "W", "10": "E", "7": "E", "13": "N", "33": "W"}, {"26": "S", "37": "E", "15": "N", "25": "S", "6": "N", "14": "S", "20": "E", "5": "E", "13": "N", "33": "W", "16": "S", "12": "W", "23": "W", "24": "E", "17": "W", "27": "S", "9": "S", "0": "S", "18": "W", "32": "E", "38": "S", "7": "N", "4": "E", "28": "N", "39": "S", "36": "S", "3": "N", "21": "N"}, {"11": "E", "32": "W", "30": "W", "26": "E", "39": "N", "8": "N", "34": "E", "24": "N", "17": "E", "22": "W", "13": "N", "10": "N", "31": "E", "9": "S", "23": "N", "20": "W", "12": "W", "27": "S", "7": "E", "1": "W", "33": "W", "14": "E", "28": "N", "4": "W", "6": "W", "18": "N", "38": "N", "2": "E", "3": "S", "25": "E", "19": "S", "15": "S", "37": "E"}, {"17": "W", "14": "E", "8": "N", "12": "E", "22": "N", "37": "S", "19": "S", "33": "W", "18": "W", "16": "W", "15": "N", "39": "W", "32": "N", "3": "W", "30": "S", "1": "S", "9": "S", "6": "S", "20": "E", "29": "W", "4": "N", "38": "S", "27": "S", "0": "W", "26": "E", "23": "S", "7": "N", "21": "N"}, {"2": "N", "9": "E", "15": "N", "24": "N", "6": "W", "23": "E", "28": "E", "32": "W", "33": "W", "34": "N", "10": "N", "12": "E", "0": "S", "36": "N", "30": "N", "26": "E", "16": "E", "21": "S", "3": "S", "29": "S", "31": "S", "17": "S", "20": "N", "14": "N", "13": "E", "25": "E", "37": "W"}, {"11": "N", "39": "W", "9": "E", "7": "E", "26": "E", "33": "W", "28": "W", "12": "W", "36": "N", "30": "N", "29": "W", "14": "S", "15": "N", "23": "E", "38": "S", "2": "S", "17": "S", "3": "N", "25": "E", "13": "W", "22": "N", "37": "E", "16": "S", "34": "E"}, {"15": "W", "6": "W", "9": "E", "16": "S", "31": "E", "37": "W", "11": "N", "1": "W", "36": "W", "13": "W", "29": "S", "26": "W", "27": "W", "2": "N", "14": "E", "7": "E", "33": "N", "28": "W", "34": "W", "24": "E"}, {"37": "S", "31": "S", "12": "E", "18": "W", "10": "N", "11": "E", "25": "S", "2": "E", "33": "N", "15": "W", "34": "E", "14": "E", "27": "S", "29": "N", "20": "S", "13": "W", "17": "W", "32": "N", "5": "N", "7": "S", "9": "E", "22": "N", "28": "N", "24": "N"}, {"39": "W", "36": "E", "0": "E", "15": "W", "7": "E", "33": "S", "18": "S", "13": "W", "12": "E", "9": "E", "25": "S", "38": "N", "34": "S", "26": "E", "27": "N", "3": "S", "20": "N", "29": "E", "21": "S", "11": "E", "31": "E", "17": "E", "37": "E"}, {"28": "E", "29": "W", "37": "W", "23": "S", "12": "W", "18": "S", "2": "E", "3": "W", "27": "E", "4": "N", "36": "N", "7": "E", "13": "N", "34": "S", "21": "E", "10": "N", "39": "W", "17": "E", "20": "W"}, {"10": "S", "37": "E", "29": "W", "33": "N", "7": "N", "12": "E", "21": "E", "17": "E", "39": "W", "4": "S", "18": "N", "2": "N", "3": "N", "38": "S", "34": "W"}, {"36": "N", "17": "S", "34": "W", "0": "S", "12": "E", "7": "E", "13": "S", "2": "S", "28": "E", "32": "E", "14": "N", "37": "W", "20": "W", "21": "N"}, {"33": "W", "12": "W", "2": "S", "20": "E", "14": "S", "37": "E", "4": "W", "28": "W", "13": "N", "5": "N", "21": "E", "29": "N", "17": "E"}, {"29": "W", "21": "N", "20": "W", "13": "S", "33": "E", "3": "E", "26": "E", "27": "E", "10": "N", "18": "S", "12": "E", "5": "S", "17": "W", "34": "S", "32": "N", "37": "E", "28": "W"}, {"7": "E", "28": "W", "34": "W", "20": "E", "36": "N", "12": "N", "0": "E", "29": "W", "13": "N", "18": "N", "17": "E", "5": "N", "32": "S", "21": "W", "27": "S"}, {"7": "S", "29": "N", "37": "W", "12": "S", "38": "W", "3": "W", "17": "W", "27": "E", "18": "N", "14": "N", "21": "N", "33": "W", "32": "N"}, {"3": "N", "18": "S", "38": "E", "37": "S", "17": "E", "28": "W", "14": "E", "33": "N", "5": "E", "26": "N", "21": "W", "27": "S", "20": "E", "34": "S"}, {"20": "W", "27": "N", "28": "N", "14": "S", "17": "E", "21": "E", "3": "N", "23": "W", "12": "E", "37": "E", "34": "W", "26": "S", "33": "N"}, {"32": "N", "27": "E", "14": "E", "22": "N", "24": "N", "23": "S", "5": "N", "21": "W", "17": "E", "28": "E", "12": "W", "18": "N", "26": "E", "4": "W", "33": "E"}, {"29": "N", "27": "N", "28": "S", "17": "W", "34": "N", "13": "W", "12": "E", "22": "W", "18": "S", "14": "E", "33": "S", "32": "E", "21": "E"}, {"23": "S", "27": "E", "14": "S", "24": "N", "21": "W", "18": "N", "32": "S", "37": "E", "28": "N", "22": "W", "20": "E", "26": "E", "34": "N", "17": "N", "33": "E"}, {"3": "S", "23": "S", "32": "N", "33": "E", "22": "W", "14": "E", "18": "S", "28": "S", "37": "N", "21": "N", "24": "N", "26": "E"}, {"17": "E", "20": "S", "14": "S", "38": "N", "33": "S", "37": "E", "32": "E", "22": "E", "24": "S", "23": "E", "10": "N"}, {"20": "S", "13": "W", "23": "E", "22": "W", "14": "S", "10": "E", "32": "W"}, {"38": "S", "37": "E", "32": "S", "20": "W", "22": "S", "12": "N", "23": "W", "14": "S", "18": "S", "0": "W", "3": "W"}, {"38": "W", "23": "S", "28": "N", "3": "N", "18": "N", "22": "N", "14": "W", "20": "S", "33": "N", "0": "E"}, {"22": "S", "20": "E", "10": "S", "0": "W", "32": "N", "33": "E", "28": "S", "12": "E", "18": "N"}, {"3": "S", "32": "E", "12": "S", "0": "E", "23": "S", "24": "N", "20": "E", "22": "N", "10": "N"}, {"28": "W", "32": "S", "12": "N", "23": "S", "33": "S", "22": "E", "24": "N", "3": "N", "20": "W"}, {"20": "E", "32": "S", "10": "S", "28": "S", "24": "S", "12": "S", "23": "E", "38": "W", "18": "N", "33": "N"}, {"22": "S", "32": "W", "24": "E", "38": "N", "18": "S", "23": "E", "3": "N"}, {"33": "W", "32": "W", "38": "E", "24": "S", "23": "E"}, {"33": "N", "18": "N", "23": "E"}, {"28": "N", "18": "S", "38": "W", "23": "E", "10": "N", "20": "S"}, {"23": "E", "20": "W", "18": "S", "33": "S", "38": "E"}, {"20": "E", "28": "N", "33": "N", "38": "W", "18": "N", "23": "N"}, {"28": "S", "38": "E", "33": "S", "20": "S", "18": "E", "13": "E", "23": "N"}, {"20": "S", "18": "N", "0": "N", "33": "N", "28": "N"}, {"3": "E", "20": "E", "33": "S", "10": "N", "28": "E"}, {"38": "W", "12": "E", "33": "N", "20": "E", "10": "N", "28": "N"}, {"20": "E", "33": "N", "0": "N", "18": "W", "3": "N", "28": "W", "38": "E"}, {"38": "W", "18": "N", "28": "W", "20": "E", "10": "E", "33": "E"}, {"33": "W", "38": "E", "20": "E", "28": "W"}, {"18": "S", "28": "W", "20": "E", "33": "E"}, {"20": "N", "28": "S", "18": "N"}, {"20": "E", "28": "S", "18": "N"}, {"18": "S", "32": "E", "28": "S", "20": "S"}, {"18": "N", "0": "N", "32": "N", "20": "N"}, {"20": "E", "0": "E", "18": "S", "32": "N"}, {"20": "N", "32": "S", "38": "E", "18": "N"}, {"38": "S", "32": "N", "20": "N", "18": "S", "0": "N"}, {"32": "N", "0": "N", "20": "N", "18": "N", "38": "N"}, {"20": "W", "0": "E", "18": "S", "38": "S"}, {"0": "E", "18": "N", "32": "S", "20": "N", "38": "N"}, {"0": "S", "32": "S", "18": "S", "38": "S"}, {"0": "N", "18": "S", "32": "S"}, {"18": "N", "32": "W", "33": "W", "0": "W"}, {"0": "E", "18": "S", "33": "E"}, {"18": "N", "0": "E"}, {"0": "N", "18": "N"}, {"18": "S", "0": "W"}, {"18": "N"}, {"18": "S", "0": "W"}, {"0": "W", "18": "N"}, {"18": "S"}, {"0": "E", "18": "N"}, {"18": "S", "0": "N"}, {"0": "E", "18": "N"}, {"0": "S", "18": "S"}, {"0": "E", "18": "N"}, {"0": "N", "18": "S"}, {"0": "N", "18": "N"}, {"0": "W"}, {"0": "E"}, {"18": "S", "0": "E"}, {"0": "N", "18": "N"}, {"32": "W", "18": "S", "0": "S"}, {"0": "E", "18": "N", "32": "E"}, {"18": "S", "0": "S"}, {"18": "N"}, {"18": "S"}, {"0": "S", "18": "N"}, {"0": "N", "18": "S"}, {"0": "S", "18": "N"}, {"0": "S", "18": "S"}, {"32": "W", "18": "N", "0": "E"}, {"32": "E", "18": "S"}, {"0": "S", "18": "N"}, {"18": "S"}, {"18": "N"}, {"18": "S", "0": "N"}, {"0": "N", "18": "N"}, {"0": "S"}, {"18": "S", "0": "N"}, {"18": "N", "0": "W"}, {"0": "W"}, {"0": "S"}, {"18": "S", "0": "E"}, {"18": "N", "0": "E"}, {"0": "N"}]}