{"instance": "small_free_001_10x10_40_40", "steps": [{"39": "W", "10": "E", "21": "E", "13": "W", "28": "W", "35": "W", "1": "S", "4": "W", "29": "W", "26": "S", "23": "E", "16": "S", "7": "E", "22": "W", "27": "S", "33": "W", "9": "S", "32": "S", "30": "S", "17": "E", "36": "W", "3": "W", "20": "S", "11": "N", "24": "E", "12": "E", "6": "W", "2": "S", "14": "E", "37": "S", "38": "E"}, {"32": "E", "2": "N", "18": "N", "16": "E", "5": "E", "22": "S", "31": "S", "25": "E", "15": "E", "20": "E", "28": "N", "33": "W", "26": "S", "12": "W", "0": "N", "1": "S", "24": "E", "3": "W", "36": "E", "7": "N", "14": "W", "13": "N", "27": "S", "6": "W", "9": "S", "8": "W", "10": "S"}, {"8": "N", "15": "W", "5": "E", "3": "N", "26": "S", "31": "W", "13": "N", "0": "S", "14": "E", "25": "N", "36": "S", "33": "N", "20": "E", "2": "E", "28": "E", "11": "E", "21": "N", "17": "S", "27": "E", "4": "W", "38": "N", "16": "N", "7": "N", "29": "S", "6": "N", "37": "E", "23": "S", "10": "N", "12": "E", "34": "W", "9": "S"}, {"34": "E", "28": "N", "27": "W", "30": "N", "26": "N", "33": "W", "6": "S", "22": "W", "18": "E", "31": "E", "39": "W", "2": "S", "5": "N", "15": "W", "17": "S", "21": "N", "12": "S", "1": "W", "9": "E", "14": "S", "19": "W", "8": "N", "37": "S", "29": "N", "10": "E", "38": "S", "13": "N", "36": "N", "11": "N", "23": "E", "7": "S", "25": "E"}, {"15": "N", "13": "E", "0": "S", "17": "N", "38": "S", "21": "N", "18": "E", "24": "S", "4": "E", "11": "N", "10": "E", "9": "S", "34": "E", "20": "E", "30": "N", "29": "S", "36": "N", "1": "W", "23": "E", "19": "S", "37": "E", "28": "W", "8": "N", "26": "W", "27": "W", "32": "S", "14": "E", "33": "S", "7": "E"}, {"9": "E", "37": "E", "0": "S", "25": "N", "12": "E", "14": "E", "17": "W", "23": "E", "19": "S", "8": "E", "11": "S", "36": "N", "2": "N", "7": "E", "6": "N", "21": "E", "33": "W", "28": "S", "15": "S", "30": "W", "26": "E", "34": "W", "29": "E", "10": "N", "22": "W", "18": "E", "3": "S", "27": "S"}, {"23": "E", "28": "E", "3": "N", "33": "W", "27": "E", "18": "N", "13": "W", "2": "N", "10": "S", "39": "W", "21": "S", "0": "E", "14": "S", "26": "E", "6": "W", "31": "S", "17": "E", "36": "N", "29": "S", "8": "S", "15": "N", "34": "S", "11": "N", "9": "E"}, {"2": "N", "31": "S", "36": "S", "23": "S", "32": "S", "34": "E", "13": "W", "22": "W", "18": "N", "33": "N", "27": "S", "17": "S", "15": "S", "11": "E", "21": "E", "14": "S", "28": "E", "0": "E", "25": "N", "9": "E", "29": "E", "6": "W", "26": "E"}, {"15": "N", "7": "E", "39": "W", "34": "W", "23": "S", "24": "E", "4": "N", "36": "W", "26": "E", "14": "W", "12": "E", "9": "S", "28": "E", "33": "W", "10": "S", "16": "S", "6": "S", "11": "E", "18": "S", "27": "E", "31": "E", "2": "E", "0": "E", "29": "S", "38": "E"}, {"7": "E", "22": "S", "36": "S", "24": "E", "20": "E", "5": "N", "27": "E", "38": "S", "12": "W", "23": "S", "13": "W", "17": "S", "4": "W", "10": "E", "9": "E", "33": "S", "28": "S", "18": "N"}, {"7": "W", "39": "W", "4": "E", "9": "S", "38": "S", "36": "S", "29": "N", "25": "E", "20": "E", "26": "S", "5": "N", "33": "W", "21": "E", "12": "E", "22": "S", "17": "W", "37": "N", "34": "W"}, {"4": "W", "26": "E", "14": "N", "24": "S", "33": "E", "9": "N", "28": "N", "23": "S", "3": "W", "36": "N", "20": "W", "13": "W", "27": "S", "25": "S", "16": "N", "38": "W", "7": "N", "10": "E", "12": "E", "21": "E", "31": "E"}, {"29": "S", "2": "N", "12": "E", "32": "S", "22": "N", "31": "E", "21": "S", "27": "N", "25": "W", "9": "N", "24": "S", "17": "W", "14": "W", "10": "S", "15": "N", "34": "E", "4": "W", "0": "S", "26": "S", "18": "N", "37": "W", "36": "E"}, {"2": "N", "24": "E", "28": "S", "7": "E", "34": "W", "29": "E", "38": "N", "18": "W", "26": "N", "10": "S", "20": "W", "21": "E", "14": "W", "37": "E", "25": "E"}, {"14": "N", "21": "E", "37": "E", "7": "W", "38": "S", "24": "W", "2": "W", "26": "S", "25": "N", "3": "S", "15": "N", "10": "W", "16": "S", "36": "N", "13": "W", "23": "E", "27": "E", "28": "E", "18": "W", "33": "E"}, {"23": "E", "32": "S", "29": "N", "26": "E", "10": "E", "7": "E", "16": "N", "24": "W", "27": "E", "20": "S", "17": "S", "18": "N", "21": "E", "14": "W", "2": "N", "15": "E", "25": "S", "22": "S", "37": "S", "36": "N", "28": "S"}, {"20": "S", "15": "W", "14": "E", "28": "N", "24": "S", "7": "N", "37": "E", "16": "N", "10": "E", "34": "W", "18": "E", "26": "E", "29": "E"}, {"33": "N", "10": "E", "36": "N", "17": "W", "15": "E", "26": "N", "2": "S", "24": "S", "25": "N", "28": "W", "38": "N", "18": "E", "32": "S", "21": "S", "7": "N", "37": "E", "20": "N"}, {"3": "E", "2": "N", "15": "N", "24": "S", "20": "N", "10": "E", "17": "E", "18": "N", "38": "N", "29": "E", "25": "S", "21": "S", "28": "S", "16": "N", "36": "N"}, {"20": "S", "17": "S", "15": "N", "14": "N", "26": "N", "2": "N", "24": "E", "21": "S", "7": "S", "33": "W", "10": "S"}, {"38": "S", "2": "S", "16": "N", "3": "N", "20": "S", "33": "S", "29": "E", "14": "W", "22": "N", "24": "W"}, {"16": "N", "29": "W", "38": "N", "24": "N", "21": "W", "10": "W", "15": "N", "22": "S", "14": "E", "3": "W", "33": "E", "20": "S"}, {"28": "W", "33": "S", "26": "N", "25": "W", "15": "N", "17": "S", "18": "N", "14": "W", "22": "W", "7": "W", "21": "E", "3": "N", "24": "W"}, {"14": "E", "10": "S", "17": "N", "33": "W", "24": "E", "16": "E", "7": "W", "2": "E", "22": "W", "18": "S", "21": "N", "15": "E", "20": "E", "25": "N", "28": "E"}, {"26": "S", "28": "S", "24": "W", "10": "W", "17": "W", "20": "S", "33": "W", "16": "W", "18": "E", "3": "S", "7": "S", "21": "W", "15": "S", "25": "W", "29": "E"}, {"21": "S", "33": "S", "18": "E", "20": "W", "3": "N", "25": "S", "14": "W", "7": "W", "29": "E", "24": "E", "22": "W", "28": "N", "17": "S", "15": "N"}, {"16": "N", "38": "W", "18": "W", "2": "S", "21": "E", "28": "E", "24": "E", "7": "N", "17": "S"}, {"38": "E", "21": "W", "20": "W", "25": "E", "18": "S", "22": "W", "33": "E", "17": "E", "2": "N", "29": "W", "26": "W", "7": "W", "14": "E", "10": "S", "28": "E"}, {"17": "E", "33": "W", "15": "E", "21": "E", "14": "N", "7": "E", "29": "E", "25": "E", "20": "E", "24": "N", "16": "N", "38": "S", "10": "W", "3": "S", "26": "S"}, {"10": "E", "38": "S", "18": "S", "24": "N", "33": "S", "7": "N", "29": "S", "28": "S", "2": "S", "26": "N", "15": "N", "22": "E", "16": "E", "20": "N", "3": "N"}, {"2": "S", "15": "S", "3": "S", "38": "N", "33": "E", "25": "W", "26": "E", "24": "S", "16": "S", "28": "N", "20": "W", "18": "W", "17": "W", "10": "E", "22": "N", "21": "N", "7": "N"}, {"26": "N", "38": "S", "16": "N", "25": "S", "20": "E", "24": "S", "3": "N", "7": "N", "33": "S", "17": "S", "10": "S", "22": "N", "15": "S"}, {"15": "W", "21": "S", "22": "W", "24": "E", "20": "W", "2": "S", "18": "S", "3": "S", "38": "E", "10": "W", "25": "S", "28": "S", "7": "S", "33": "W"}, {"20": "E", "21": "W", "28": "E", "7": "W", "18": "N", "26": "E", "38": "W", "29": "W", "22": "S", "16": "W", "14": "N"}, {"33": "N", "18": "E", "24": "E", "15": "N", "2": "N", "22": "S", "29": "N", "38": "N", "10": "E", "16": "E", "21": "W", "7": "S", "3": "N", "14": "W", "20": "N", "25": "S"}, {"14": "W", "2": "W", "26": "N", "7": "E", "20": "S", "28": "N", "21": "E", "24": "E", "33": "S", "17": "W", "18": "S", "10": "E", "25": "N", "29": "S", "22": "E"}, {"2": "E", "22": "W", "26": "S", "3": "S", "24": "N", "17": "W", "7": "W", "14": "S", "33": "S", "16": "S", "21": "N", "25": "S", "10": "N"}, {"24": "N", "18": "N", "28": "W", "22": "W", "38": "S", "10": "N", "33": "W", "7": "W", "26": "N", "21": "S", "17": "W", "29": "N", "2": "W", "16": "S", "14": "W", "20": "S"}, {"15": "S", "16": "S", "14": "S", "33": "E", "10": "S", "26": "S", "22": "E", "17": "E", "18": "W", "7": "S", "20": "S", "3": "N", "25": "N"}, {"22": "W", "10": "W", "38": "E", "3": "S", "7": "S", "21": "S", "16": "W", "26": "W", "28": "E", "14": "S", "29": "S"}, {"33": "E", "14": "W", "18": "N", "7": "S", "21": "E", "28": "N", "38": "W", "3": "S", "25": "N", "15": "N", "10": "N", "2": "W", "20": "S", "22": "E"}, {"20": "E", "15": "S", "24": "N", "16": "N", "28": "S", "33": "W", "3": "N", "21": "W", "17": "E", "2": "N", "38": "E", "10": "N", "14": "E", "7": "W", "18": "N", "29": "N"}, {"21": "E", "17": "W", "24": "N", "38": "W", "26": "E", "22": "N", "16": "S", "3": "N", "18": "N", "29": "E", "25": "S", "33": "N", "14": "S"}, {"29": "N", "33": "W", "3": "S", "24": "S", "21": "W", "16": "N", "38": "E", "14": "S", "2": "N", "25": "W", "7": "W", "17": "N", "18": "E", "26": "W"}, {"29": "S", "28": "N", "25": "E", "21": "N", "20": "W", "24": "S", "22": "S", "2": "E", "18": "W", "16": "N", "17": "S", "7": "W", "14": "S", "33": "S"}, {"33": "W", "18": "N", "16": "E", "2": "S", "38": "W", "22": "W", "24": "N", "25": "S", "26": "E", "29": "S", "7": "E", "21": "W"}, {"28": "N", "7": "N", "16": "S", "24": "N", "2": "W", "3": "S", "20": "N", "21": "E", "22": "S", "10": "S", "29": "N", "17": "W", "25": "N", "26": "N"}, {"28": "N", "38": "N", "22": "E", "10": "S", "2": "N", "25": "W", "33": "N", "14": "S", "20": "S", "21": "S", "29": "W", "26": "S", "17": "S"}, {"18": "E", "26": "W", "3": "N", "16": "N", "7": "N", "2": "W", "17": "S", "29": "S", "10": "S", "15": "S", "21": "W", "20": "S", "24": "S"}, {"7": "E", "3": "N", "20": "N", "29": "S", "17": "N", "28": "S", "2": "W", "22": "E", "15": "S", "21": "N", "16": "W", "10": "N", "14": "N", "38": "S", "26": "S", "24": "W"}, {"21": "W", "2": "W", "38": "N", "15": "N", "24": "E", "28": "W", "10": "E", "18": "N", "16": "N", "20": "E", "33": "W", "22": "W", "25": "E", "3": "S", "7": "E"}, {"2": "E", "18": "W", "7": "S", "22": "N", "17": "S", "20": "E", "24": "S", "25": "W", "10": "E", "33": "W", "26": "W", "3": "S", "38": "S"}, {"21": "E", "24": "S", "14": "S", "16": "W", "17": "N", "2": "W", "10": "N", "28": "W", "38": "E", "20": "W", "18": "E", "15": "W", "33": "N"}, {"7": "E", "3": "E", "10": "S", "20": "E", "28": "S", "14": "N", "21": "S", "33": "E", "29": "S", "18": "S", "17": "N", "26": "W", "16": "E", "15": "E"}, {"15": "W", "24": "W", "38": "W", "7": "E", "22": "S", "25": "N", "21": "S", "28": "S", "18": "E", "10": "E", "17": "N", "14": "E"}, {"33": "N", "21": "W", "14": "N", "24": "E", "15": "E", "2": "N", "20": "W", "17": "W", "26": "E", "16": "W", "3": "W", "7": "E", "18": "E", "29": "W", "22": "E"}, {"15": "S", "28": "E", "18": "N", "14": "S", "10": "S", "16": "E", "20": "W", "17": "E", "29": "N", "38": "N", "33": "W", "7": "N", "2": "E", "21": "S", "22": "N"}, {"7": "N", "22": "S", "28": "W", "25": "S", "2": "W", "33": "W", "15": "E", "17": "W", "16": "E", "21": "W", "18": "N", "20": "W", "14": "N", "26": "E"}, {"38": "N", "14": "W", "17": "S", "7": "N", "20": "N", "2": "S", "22": "W", "28": "S", "29": "E", "3": "S", "33": "E", "15": "E", "24": "W", "18": "S"}, {"21": "N", "15": "W", "3": "S", "22": "E", "24": "W", "33": "N", "18": "W", "26": "N", "10": "W", "25": "E", "20": "W", "7": "E", "38": "E", "17": "N", "2": "E", "14": "W"}, {"15": "S", "3": "S", "10": "E", "29": "W", "7": "S", "21": "W", "18": "E", "14": "E", "38": "W", "25": "W", "26": "S", "17": "N", "28": "E", "2": "E", "24": "N"}, {"21": "E", "38": "S", "3": "E", "29": "N", "25": "E", "20": "E", "18": "S", "28": "N", "16": "W", "26": "W"}, {"24": "S", "3": "W", "20": "N", "7": "W", "21": "N", "22": "W", "25": "N", "17": "N", "2": "N", "16": "W", "10": "E", "33": "E", "15": "N", "38": "N", "29": "N", "14": "N"}, {"15": "N", "2": "W", "16": "E", "29": "W", "28": "N", "3": "S", "14": "E", "10": "N", "18": "S", "26": "W", "33": "W", "21": "W", "20": "S", "22": "S", "17": "E"}, {"29": "W", "14": "N", "38": "S", "25": "N", "26": "W", "24": "W", "22": "E", "2": "S", "33": "S", "16": "W", "15": "N", "20": "S", "3": "N", "10": "S", "18": "E", "7": "S"}, {"18": "S", "28": "S", "3": "S", "26": "E", "16": "S", "20": "N", "25": "W", "2": "S", "22": "N", "24": "E", "21": "N", "10": "W"}, {"25": "S", "24": "N", "38": "N", "2": "N", "33": "W", "7": "S", "21": "S", "16": "S", "18": "N", "17": "E", "14": "S", "28": "W", "10": "N", "20": "W", "3": "E"}, {"17": "N", "29": "N", "33": "N", "15": "S", "26": "N", "2": "N", "28": "E", "38": "S", "3": "S", "21": "E", "7": "E", "24": "W", "18": "W", "16": "S", "14": "S"}, {"7": "E", "17": "W", "29": "E", "26": "S", "2": "S", "18": "S", "20": "W", "24": "S", "10": "N", "33": "E", "21": "N", "3": "N", "16": "N", "15": "E"}, {"28": "N", "29": "S", "26": "S", "22": "E", "21": "E", "16": "E", "38": "N", "20": "E", "33": "N", "18": "N", "15": "E", "3": "E", "7": "N", "25": "E", "10": "N", "24": "E"}, {"26": "E", "14": "E", "3": "W", "25": "S", "16": "N", "15": "S", "2": "S", "17": "W", "20": "E", "24": "E", "7": "S", "22": "S", "38": "E", "33": "W"}, {"26": "W", "28": "E", "7": "E", "33": "S", "24": "W", "18": "S", "14": "W", "25": "N", "20": "S", "17": "N", "22": "W", "16": "E", "29": "S", "15": "W"}, {"14": "W", "25": "S", "18": "N", "10": "N", "22": "N", "16": "W", "24": "W", "29": "S", "15": "N", "38": "W", "2": "N", "33": "N"}, {"17": "S", "29": "E", "7": "S", "18": "S", "14": "S", "24": "E", "20": "W", "38": "S", "21": "N", "10": "S", "2": "W", "3": "E", "22": "W", "15": "E"}, {"25": "S", "17": "E", "33": "N", "21": "S", "29": "N", "28": "W", "22": "N", "10": "E", "16": "W", "7": "S", "3": "W", "15": "N", "26": "S", "18": "E"}, {"24": "S", "14": "N", "15": "S", "18": "W", "33": "S", "28": "S", "20": "W", "10": "N", "21": "S", "26": "S", "38": "N", "17": "W", "2": "N", "22": "S", "7": "N"}, {"26": "S", "17": "N", "20": "W", "22": "E", "3": "E", "18": "W", "38": "S", "14": "N", "16": "W", "7": "N", "29": "W", "25": "N", "21": "S"}, {"25": "N", "3": "N", "20": "W", "10": "S", "2": "W", "7": "W", "33": "E", "21": "N", "18": "N", "26": "N", "14": "E", "38": "N", "24": "S", "29": "W", "17": "S"}, {"10": "N", "7": "N", "14": "N", "21": "E", "2": "E", "22": "W", "38": "E", "18": "N", "20": "W", "26": "W", "15": "W", "28": "S", "17": "E", "24": "N", "33": "S", "3": "E", "29": "S", "16": "W", "25": "S"}, {"2": "E", "25": "E", "38": "W", "10": "N", "16": "E", "22": "S", "24": "E", "17": "N", "21": "N", "18": "W", "7": "E", "20": "S", "26": "W"}, {"20": "W", "17": "S", "25": "S", "33": "W", "18": "W", "29": "N", "21": "E", "38": "S", "14": "W", "28": "W", "3": "W", "24": "S", "16": "W", "26": "E", "10": "N"}, {"33": "N", "17": "W", "10": "S", "22": "W", "15": "W", "7": "N", "29": "E", "38": "S", "18": "E", "14": "N", "2": "S", "25": "S", "16": "E", "28": "W"}, {"15": "S", "3": "E", "7": "W", "16": "N", "2": "W", "17": "N", "18": "N", "26": "S", "24": "E", "21": "E", "20": "S", "14": "W", "33": "N"}, {"15": "W", "21": "E", "7": "E", "3": "W", "28": "N", "18": "W", "2": "E", "29": "N", "38": "E"}, {"18": "E", "22": "S", "3": "N", "28": "S", "2": "E", "21": "W", "38": "W", "16": "E", "20": "S", "14": "E", "17": "N", "24": "N", "29": "S", "7": "W", "15": "N", "26": "S"}, {"3": "S", "38": "N", "2": "S", "10": "S", "15": "E", "28": "N", "20": "E", "7": "S", "29": "W", "33": "N", "14": "W", "24": "N", "16": "W", "18": "E", "22": "N"}, {"33": "N", "20": "W", "29": "S", "3": "S", "14": "N", "21": "N", "18": "E", "10": "N", "2": "W", "24": "S", "38": "S", "7": "N", "26": "W", "16": "E"}, {"10": "N", "24": "W", "7": "W", "15": "N", "26": "E", "3": "E", "21": "N", "2": "W", "28": "N", "16": "E"}, {"7": "S", "20": "N", "29": "W", "10": "S", "14": "N", "22": "W", "38": "E", "2": "W", "21": "N", "24": "S", "33": "S", "15": "W"}, {"26": "E", "15": "N", "21": "E", "14": "S", "20": "N", "2": "E", "38": "E", "17": "N", "3": "W", "24": "E", "22": "E", "18": "N", "28": "W", "29": "S", "10": "S"}, {"3": "S", "20": "W", "15": "N", "16": "S", "28": "E", "24": "S", "21": "W", "22": "E", "33": "N", "17": "N", "38": "W", "29": "N"}, {"29": "E", "3": "S", "33": "E", "10": "W", "22": "E", "38": "W", "15": "E", "21": "W", "17": "N", "14": "E", "20": "S", "16": "N", "18": "S"}, {"38": "E", "7": "E", "33": "S", "24": "W", "2": "N", "28": "S", "15": "S", "22": "W", "18": "E", "29": "N", "14": "N", "26": "S", "10": "N", "20": "N", "16": "W"}, {"29": "E", "7": "E", "20": "N", "14": "N", "16": "S", "38": "W", "2": "W", "15": "W", "33": "S", "21": "S", "22": "E", "26": "N", "28": "S", "3": "S", "10": "E", "17": "N", "18": "W"}, {"7": "S", "17": "E", "21": "S", "16": "E", "28": "E", "24": "N", "2": "S", "14": "W", "33": "E", "29": "S", "10": "S", "3": "N", "15": "E", "18": "S"}, {"17": "S", "22": "W", "7": "W", "38": "E", "28": "E", "14": "E", "18": "E", "29": "W", "10": "S", "20": "E", "15": "N", "3": "S", "33": "N"}, {"17": "W", "26": "S", "18": "N", "22": "S", "3": "E", "33": "N", "14": "E", "21": "S", "20": "W", "24": "E", "15": "N", "10": "S", "2": "S", "28": "W", "16": "E"}, {"20": "N", "15": "N", "18": "S", "24": "S", "10": "S", "26": "N", "29": "W", "2": "E", "33": "N", "17": "S", "21": "N", "16": "W", "28": "S", "7": "E", "38": "E"}, {"24": "W", "38": "W", "17": "E", "18": "S", "10": "N", "26": "E", "20": "N", "2": "W", "15": "N", "21": "W", "14": "E", "16": "W", "33": "N", "7": "S"}, {"14": "N", "22": "S", "3": "W", "29": "S", "17": "E", "38": "S", "26": "E", "16": "N", "15": "S", "24": "W", "33": "W", "18": "W", "7": "N"}, {"18": "S", "7": "W", "33": "N", "10": "N", "17": "W", "15": "S", "38": "N", "14": "E", "26": "N", "29": "N", "21": "N", "28": "E", "16": "S", "22": "N"}, {"33": "S", "17": "N", "7": "E", "38": "W", "14": "E", "16": "E", "18": "S", "29": "E", "22": "S", "24": "N", "3": "N", "15": "N", "2": "E"}, {"2": "E", "24": "N", "14": "S", "16": "E", "7": "W", "15": "W", "18": "E", "26": "W", "20": "N", "29": "S"}, {"29": "E", "26": "N", "17": "W", "20": "E", "10": "S", "28": "W", "21": "W", "33": "E", "7": "E", "18": "N", "3": "S", "16": "N", "2": "E", "15": "N"}, {"26": "W", "21": "E", "29": "E", "16": "W", "28": "E", "2": "E", "17": "E", "33": "N", "24": "E", "15": "S", "18": "N", "7": "S", "22": "W", "10": "N"}, {"10": "W", "7": "N", "26": "S", "2": "N", "20": "E", "33": "E", "28": "S", "16": "S", "15": "N", "29": "W", "24": "E", "18": "W", "22": "W", "21": "N", "14": "S"}, {"29": "N", "28": "E", "17": "W", "16": "N", "33": "W", "38": "E", "3": "N", "15": "E", "10": "E", "22": "S", "14": "W", "26": "N", "2": "N", "20": "E", "7": "W", "21": "N"}, {"3": "W", "21": "S", "15": "N", "14": "E", "22": "N", "33": "N", "16": "S", "20": "W", "18": "N", "26": "S", "38": "S", "28": "S", "2": "S", "29": "S", "10": "S", "7": "N", "24": "W"}, {"17": "S", "7": "W", "10": "W", "33": "E", "16": "N", "22": "E", "38": "N", "14": "N", "29": "E", "2": "E", "15": "S", "28": "W", "3": "E", "26": "W"}, {"29": "W", "10": "E", "26": "N", "7": "E", "28": "W", "22": "E", "2": "W", "17": "S", "16": "E", "21": "S", "20": "S", "24": "N", "33": "W"}, {"38": "E", "28": "E", "14": "S", "33": "N", "18": "W", "10": "S", "24": "S", "16": "S", "26": "S", "15": "E", "21": "W", "2": "E", "29": "W"}, {"16": "S", "24": "W", "28": "N", "2": "W", "15": "E", "7": "E", "38": "W", "14": "S", "18": "E", "26": "W", "22": "W", "3": "S", "20": "W"}, {"22": "S", "10": "S", "20": "E", "21": "E", "3": "W", "28": "N", "16": "S", "38": "W", "14": "E", "24": "S", "2": "S", "26": "S", "7": "S", "29": "W", "18": "W"}, {"33": "N", "17": "S", "28": "W", "7": "W", "21": "W", "29": "N", "18": "S", "16": "W", "22": "W", "26": "E", "10": "W", "24": "N", "38": "N", "2": "N", "20": "W"}, {"24": "E", "3": "W", "2": "N", "21": "N", "22": "S", "16": "W", "33": "S", "10": "W", "14": "E", "17": "N"}, {"20": "W", "16": "N", "38": "S", "10": "W", "15": "N", "22": "N", "14": "N", "7": "E", "21": "N", "3": "N", "29": "W", "18": "N", "33": "W", "17": "N", "26": "W", "2": "W", "28": "S", "24": "E"}, {"26": "E", "18": "E", "22": "E", "29": "S", "24": "N", "3": "E", "33": "N", "28": "S", "2": "N", "20": "E", "16": "W"}, {"16": "N", "10": "W", "29": "W", "2": "W", "20": "N", "7": "W", "3": "E", "18": "N", "33": "E", "22": "E", "38": "E", "28": "E", "15": "S", "21": "E", "24": "S"}, {"33": "E", "15": "N", "29": "S", "3": "W", "10": "W", "24": "W", "16": "E", "14": "E", "38": "W", "20": "W", "28": "S", "26": "N", "21": "E", "18": "S"}, {"10": "W", "20": "S", "22": "N", "14": "E", "17": "S", "26": "W", "21": "N", "15": "E", "18": "E", "16": "E", "33": "W", "38": "N", "24": "N"}, {"2": "W", "10": "N", "22": "W", "24": "E", "38": "N", "29": "W", "7": "S", "3": "W", "20": "E", "15": "E", "16": "E", "26": "N", "33": "W", "28": "W"}, {"21": "S", "26": "W", "17": "N", "14": "N", "7": "S", "16": "W", "20": "E", "22": "W", "29": "N", "15": "W", "24": "N", "2": "W"}, {"20": "E", "29": "E", "22": "E", "33": "E", "21": "E", "10": "S", "28": "N", "24": "S", "14": "N", "15": "W", "16": "N", "18": "W", "3": "S", "17": "S"}, {"7": "N", "18": "E", "16": "S", "3": "E", "38": "S", "22": "E", "33": "W", "2": "E", "21": "W", "28": "W", "20": "W", "24": "W", "29": "W"}, {"14": "S", "17": "S", "10": "E", "18": "S", "22": "N", "16": "E", "26": "N", "21": "N", "33": "N", "3": "N", "29": "E", "24": "E", "38": "N"}, {"7": "N", "16": "N", "24": "W", "33": "N", "28": "E", "10": "E", "26": "W", "29": "S", "38": "S", "2": "E", "20": "S", "15": "W"}, {"29": "S", "28": "E", "24": "E", "22": "E", "2": "S", "15": "E", "20": "N", "18": "W", "10": "W", "16": "S", "21": "W", "26": "E"}, {"26": "N", "2": "N", "29": "E", "24": "W", "16": "W", "20": "S", "18": "W", "15": "S", "7": "E", "28": "S", "14": "W", "21": "N", "22": "S"}, {"38": "S", "28": "N", "3": "W", "15": "E", "33": "W", "7": "E", "26": "W", "16": "E", "17": "E", "10": "W", "14": "W", "18": "W", "29": "W", "2": "W"}, {"33": "S", "14": "N", "38": "N", "2": "W", "18": "E", "10": "E", "17": "E", "20": "E", "29": "N", "3": "E", "28": "N", "21": "E", "24": "S"}, {"2": "S", "26": "S", "15": "E", "24": "S", "21": "N", "17": "W", "29": "N", "3": "E", "28": "S", "38": "N", "18": "E", "16": "N", "10": "W", "33": "E", "14": "E"}, {"28": "E", "3": "W", "10": "W", "18": "S", "29": "S", "2": "S", "33": "N", "14": "W", "38": "S", "21": "W", "17": "S", "20": "W", "16": "S", "24": "W", "15": "N"}, {"20": "E", "3": "S", "28": "W", "38": "N", "24": "W", "2": "S", "14": "W", "29": "W", "17": "W", "26": "E", "33": "S", "21": "W"}, {"16": "N", "33": "N", "29": "N", "14": "S", "10": "W", "3": "N", "2": "W", "24": "N", "28": "W", "17": "S", "15": "N", "38": "E", "20": "W"}, {"16": "S", "18": "S", "10": "W", "20": "S", "33": "S", "14": "W", "21": "N", "24": "E", "3": "W", "26": "S", "28": "S", "29": "W"}, {"33": "E", "3": "E", "16": "W", "38": "N", "28": "E", "15": "W", "14": "W", "17": "E", "29": "W", "22": "E", "21": "E", "24": "E", "18": "N"}, {"24": "W", "21": "S", "10": "E", "29": "N", "14": "W", "15": "W", "33": "S", "18": "W", "20": "N", "28": "W", "7": "W", "17": "E", "26": "W", "38": "N"}, {"16": "S", "24": "W", "21": "W", "7": "W", "28": "N", "14": "N", "22": "S", "38": "W", "18": "N", "15": "W"}, {"2": "W", "3": "W", "17": "S", "38": "W", "28": "N", "15": "E", "16": "N", "33": "S", "26": "N", "29": "N", "14": "E", "24": "W", "7": "W", "21": "N", "20": "S"}, {"24": "N", "28": "S", "38": "E", "17": "W", "26": "E", "14": "S", "3": "E", "15": "E", "18": "N", "33": "S"}, {"29": "N", "33": "E", "24": "E", "21": "E", "18": "E", "20": "S", "14": "N", "26": "W", "7": "N", "17": "E", "28": "W", "16": "W", "15": "E", "10": "E", "38": "N"}, {"18": "S", "38": "N", "26": "S", "2": "W", "16": "W", "33": "W", "29": "N", "14": "E", "17": "W", "20": "S", "21": "W"}, {"14": "W", "2": "E", "16": "N", "29": "N", "10": "W", "20": "N", "17": "W", "28": "W", "24": "E", "21": "S", "38": "E", "22": "E", "7": "E", "33": "E", "26": "N", "3": "W"}, {"10": "N", "2": "S", "3": "S", "16": "E", "17": "E", "14": "N", "20": "S", "38": "W", "22": "W", "18": "W", "21": "N", "33": "W", "7": "W", "15": "S"}, {"18": "W", "24": "W", "2": "W", "22": "S", "26": "E", "16": "E", "33": "W", "3": "N", "28": "E", "20": "W", "21": "W", "10": "W", "15": "N", "29": "S", "17": "N", "38": "W", "14": "W"}, {"10": "N", "22": "N", "29": "E", "28": "E", "38": "W", "15": "W", "7": "S", "2": "W", "18": "W", "21": "S", "20": "W", "14": "E", "3": "N", "26": "N", "17": "E"}, {"38": "S", "29": "E", "20": "N", "10": "E", "16": "S", "3": "S", "15": "W", "24": "E", "7": "E", "17": "S", "22": "S", "26": "W", "28": "W", "14": "E"}, {"20": "E", "16": "S", "21": "E", "17": "E", "29": "N", "18": "W", "38": "N", "28": "E", "14": "W", "22": "E", "2": "E", "24": "S", "15": "S", "10": "S", "26": "S"}, {"24": "E", "3": "E", "10": "S", "33": "E", "22": "S", "18": "E", "15": "S", "28": "S", "2": "W", "7": "E", "26": "E"}, {"20": "E", "21": "S", "17": "S", "16": "E", "14": "E", "29": "S", "7": "S", "24": "N", "22": "N", "38": "E", "26": "W", "18": "W"}, {"7": "N", "20": "E", "24": "E", "2": "E", "3": "N", "22": "W", "16": "N", "15": "N", "26": "W", "18": "S", "33": "W", "28": "N", "17": "W", "29": "W"}, {"20": "W", "17": "E", "26": "N", "16": "W", "38": "N", "15": "S", "29": "W", "22": "W", "18": "S", "24": "S", "28": "S", "7": "E", "21": "S", "14": "W", "33": "S", "10": "N"}, {"33": "E", "26": "S", "22": "W", "24": "W", "38": "W", "14": "S", "18": "E", "10": "S", "20": "W", "21": "E", "16": "S", "7": "N", "28": "S", "17": "S", "2": "E", "15": "S"}, {"21": "E", "22": "S", "20": "E", "17": "N", "2": "W", "33": "N", "38": "E", "24": "E", "29": "S", "3": "S", "14": "S", "18": "S", "26": "E", "16": "W"}, {"28": "E", "7": "S", "17": "S", "24": "W", "22": "N", "20": "W", "38": "W", "15": "S", "2": "E", "14": "N", "3": "S", "29": "N", "16": "N", "21": "S", "26": "E"}, {"18": "E", "29": "N", "2": "E", "16": "S", "24": "E", "3": "W", "14": "N", "10": "E", "22": "E", "26": "N", "17": "W", "33": "S", "21": "W", "28": "S"}, {"38": "N", "16": "E", "2": "E", "17": "S", "22": "S", "28": "S", "7": "N", "18": "S", "21": "E", "26": "N", "33": "S"}, {"22": "E", "33": "W", "18": "E", "21": "E", "20": "W", "28": "W", "7": "S", "24": "S", "38": "S"}, {"16": "N", "38": "E", "2": "W", "20": "E", "17": "N", "3": "N", "28": "S", "7": "N", "15": "N", "29": "S", "33": "N", "26": "S", "22": "N"}, {"14": "W", "28": "W", "3": "N", "33": "E", "17": "W", "10": "W", "21": "W", "20": "E", "38": "S", "26": "W", "16": "W", "18": "E"}, {"14": "E", "28": "W", "7": "N", "3": "E", "38": "W", "15": "N", "20": "E", "24": "S", "22": "W", "18": "N", "21": "S", "2": "W", "16": "S", "26": "W", "29": "S"}, {"33": "E", "7": "W", "18": "S", "15": "W", "26": "W", "2": "S", "24": "S", "16": "N", "14": "E", "38": "E", "21": "E", "20": "S", "22": "E", "28": "E", "29": "N"}, {"16": "W", "3": "N", "28": "E", "33": "N", "20": "S", "21": "E", "7": "S", "22": "E", "18": "W", "15": "E", "26": "S", "14": "E", "10": "W"}, {"15": "S", "18": "S", "33": "W", "7": "E", "38": "E", "16": "E", "22": "S", "28": "N", "2": "W", "26": "E", "14": "W", "24": "N", "10": "N", "20": "N", "17": "W"}, {"24": "W", "29": "S", "2": "W", "10": "W", "14": "W", "38": "S", "16": "W", "28": "E", "26": "N", "15": "E", "33": "S", "20": "E", "18": "N"}, {"15": "S", "28": "W", "17": "N", "33": "W", "29": "N", "2": "W", "7": "W", "38": "W", "20": "S", "16": "N", "24": "E", "18": "N", "3": "E"}, {"26": "W", "2": "E", "29": "S", "33": "W", "24": "N", "10": "N", "38": "N", "7": "W", "21": "N", "16": "W", "28": "N", "15": "E"}, {"28": "N", "38": "E", "16": "E", "2": "N", "24": "W", "29": "S", "20": "W", "3": "S", "15": "N", "21": "N", "33": "N", "22": "E", "10": "W", "26": "S"}, {"3": "S", "15": "N", "28": "S", "17": "N", "2": "S", "24": "E", "22": "W", "14": "W", "16": "E", "10": "E", "26": "W", "20": "E", "7": "S"}, {"26": "E", "29": "N", "15": "W", "20": "E", "2": "N", "22": "E", "17": "N", "14": "S", "18": "W", "28": "W", "38": "E", "3": "S"}, {"14": "W", "26": "S", "2": "E", "7": "N", "29": "E", "10": "E", "15": "N", "24": "S", "28": "W", "22": "W", "18": "N", "38": "N", "17": "N", "21": "S", "16": "E"}, {"28": "E", "29": "W", "38": "S", "15": "N", "2": "N", "7": "S", "18": "E", "16": "S", "10": "N", "21": "S", "14": "E", "33": "E", "3": "E", "26": "W", "24": "S"}, {"7": "N", "18": "S", "26": "N", "14": "W", "28": "N", "20": "W", "15": "W", "17": "E", "33": "W", "22": "E", "10": "E", "2": "W"}, {"7": "S", "28": "N", "21": "W", "26": "S", "16": "N", "38": "W", "15": "W", "20": "E", "24": "N", "22": "N", "33": "S", "2": "S", "18": "N"}, {"20": "N", "33": "S", "7": "E", "10": "S", "21": "N", "18": "E", "14": "E", "22": "N", "17": "S", "24": "N", "29": "N", "38": "E", "28": "S", "15": "S", "26": "W"}, {"29": "S", "2": "S", "28": "E", "15": "N", "3": "E", "21": "S", "17": "N", "14": "E", "33": "N", "24": "S", "20": "S", "16": "E"}, {"16": "W", "22": "W", "28": "E", "2": "N", "21": "S", "26": "S", "17": "E", "20": "W", "15": "W", "10": "E", "18": "N", "29": "S", "14": "N", "24": "W", "38": "E", "33": "N"}, {"26": "W", "17": "E", "38": "S", "16": "E", "20": "E", "29": "S", "24": "W", "7": "W", "15": "W", "33": "E", "14": "S", "10": "W", "28": "W"}, {"24": "N", "16": "S", "3": "N", "28": "S", "14": "S", "29": "N", "7": "W", "17": "W", "18": "E", "2": "W", "15": "S", "26": "E", "20": "N", "10": "N", "38": "N", "22": "N"}, {"16": "S", "7": "N", "15": "N", "29": "W", "17": "E", "14": "E", "38": "N", "33": "S", "2": "N", "20": "E", "22": "E", "10": "N", "18": "S"}, {"3": "E", "38": "N", "17": "S", "10": "S", "14": "W", "20": "E", "28": "W", "26": "S", "29": "W", "24": "S", "15": "E", "18": "N", "2": "S", "22": "W"}, {"3": "S", "33": "S", "18": "N", "26": "S", "22": "W", "38": "S", "24": "W", "10": "W", "16": "N", "20": "S", "29": "S", "7": "N", "21": "N", "17": "W", "14": "E", "2": "E"}, {"20": "W", "38": "N", "18": "N", "26": "W", "7": "W", "29": "W", "10": "N", "14": "W", "33": "N", "21": "S", "2": "W", "17": "E", "24": "E", "28": "N", "16": "W"}, {"20": "W", "33": "E", "17": "E", "7": "W", "14": "S", "28": "N", "38": "W", "18": "N", "26": "E", "3": "E", "24": "W", "21": "N", "15": "S", "10": "S", "16": "E"}, {"22": "W", "38": "E", "14": "E", "24": "E", "28": "N", "18": "S", "7": "W", "3": "W", "17": "S", "10": "S", "20": "S", "33": "N", "15": "S", "29": "E", "16": "N", "26": "N", "21": "S", "2": "E"}, {"21": "E", "38": "S", "10": "W", "15": "W", "14": "W", "24": "S", "18": "S", "7": "E", "16": "W", "17": "E", "2": "N", "26": "N", "29": "W", "20": "W", "33": "N"}, {"7": "N", "21": "S", "10": "S", "28": "S", "14": "N", "33": "E", "17": "W", "15": "E", "22": "W", "29": "S", "16": "W", "18": "N", "26": "W", "2": "N", "24": "W", "3": "N"}, {"20": "N", "15": "N", "28": "W", "17": "W", "2": "S", "29": "N", "16": "W", "18": "S", "33": "E", "26": "E", "22": "W", "7": "W", "3": "W", "14": "W", "21": "N", "38": "S", "24": "W", "10": "W"}, {"16": "S", "18": "S", "22": "E", "26": "N", "21": "S", "14": "W", "29": "S", "3": "N", "33": "N", "2": "E", "28": "E", "24": "W", "7": "W", "15": "W", "10": "S", "20": "S"}, {"2": "W", "16": "S", "10": "N", "33": "S", "3": "W", "18": "W", "14": "E", "24": "E", "7": "E", "28": "N", "29": "W", "21": "N", "26": "N", "22": "S", "20": "E", "38": "N"}, {"28": "N", "15": "W", "14": "N", "18": "W", "29": "S", "21": "S", "17": "W", "38": "N", "16": "S", "7": "N", "26": "S", "2": "E", "33": "S", "22": "S", "20": "N", "10": "E", "3": "S"}, {"2": "E", "21": "S", "24": "W", "17": "N", "29": "E", "14": "S", "28": "S", "15": "S", "10": "N", "33": "E", "16": "W", "3": "W", "7": "S", "20": "E", "38": "S", "26": "W"}, {"3": "S", "14": "E", "28": "E", "24": "E", "16": "E", "10": "W", "26": "N", "15": "N", "7": "N", "18": "E", "22": "N", "29": "W", "33": "W", "38": "N", "17": "W", "20": "W"}, {"24": "N", "7": "S", "20": "S", "33": "N", "22": "E", "28": "E", "16": "N", "2": "W", "26": "E", "29": "E", "15": "S", "21": "S", "17": "E", "3": "E", "18": "S"}, {"15": "N", "29": "W", "16": "N", "38": "W", "33": "W", "26": "W", "18": "E", "14": "N", "17": "S", "20": "E", "3": "E", "22": "S", "24": "E", "21": "N", "7": "N"}, {"28": "N", "18": "N", "16": "S", "7": "S", "3": "E", "2": "E", "24": "E", "38": "E", "21": "S", "14": "N", "20": "E", "15": "S", "22": "W", "29": "S"}, {"21": "N", "20": "W", "16": "S", "28": "N", "3": "E", "10": "N", "18": "N", "29": "W", "38": "W", "2": "W", "24": "N", "7": "W", "33": "N"}, {"20": "W", "26": "E", "21": "S", "22": "S", "28": "S", "3": "N", "16": "E", "29": "W", "18": "W", "7": "S", "17": "E", "33": "E", "15": "E"}, {"15": "W", "2": "N", "7": "S", "24": "N", "14": "S", "38": "S", "22": "W", "26": "W", "33": "N", "10": "S", "17": "N", "16": "W", "20": "N", "28": "N", "18": "W", "29": "E"}, {"15": "W", "17": "E", "26": "S", "33": "E", "38": "N", "3": "W", "16": "S", "21": "W", "28": "W", "24": "N", "14": "S", "10": "W", "7": "E"}]}