{"instance": "small_free_001_10x10_40_40", "steps": [{"1": "N", "15": "S", "26": "W", "28": "E", "35": "E", "2": "N", "4": "W", "5": "N", "6": "N", "7": "N", "9": "S", "11": "N", "12": "W", "13": "E", "14": "N", "16": "N", "17": "W", "18": "W", "20": "W", "22": "S", "23": "N", "24": "S", "25": "N", "27": "E", "29": "N", "30": "W", "31": "E", "33": "S", "36": "N", "37": "W", "38": "N"}, {"0": "W", "1": "E", "15": "S", "26": "W", "2": "N", "5": "W", "7": "N", "9": "E", "11": "N", "12": "N", "16": "N", "17": "N", "18": "S", "19": "S", "20": "N", "22": "S", "23": "W", "24": "W", "25": "N", "27": "E", "29": "N", "30": "W", "34": "W", "36": "W", "37": "W", "39": "E"}, {"0": "S", "1": "N", "3": "E", "26": "S", "5": "N", "7": "N", "8": "N", "9": "E", "10": "S", "11": "E", "12": "W", "18": "S", "19": "W", "22": "W", "23": "S", "24": "S", "25": "N", "27": "E", "29": "N", "32": "S", "34": "W", "36": "W", "39": "E"}, {"1": "W", "3": "N", "15": "S", "26": "S", "4": "W", "5": "N", "6": "N", "7": "E", "9": "E", "11": "E", "12": "N", "18": "W", "19": "W", "22": "W", "23": "S", "24": "S", "25": "N", "31": "S", "33": "W", "36": "S", "37": "N", "39": "E"}, {"21": "N", "1": "N", "3": "W", "15": "S", "5": "E", "6": "N", "7": "N", "8": "N", "9": "E", "11": "E", "12": "W", "13": "S", "18": "W", "22": "S", "23": "S", "25": "E", "27": "S", "31": "S", "33": "W", "36": "S"}, {"21": "E", "0": "S", "1": "N", "3": "W", "15": "W", "28": "N", "2": "E", "5": "E", "6": "N", "7": "E", "10": "E", "11": "N", "18": "S", "22": "W", "23": "W", "25": "S", "27": "E", "29": "W", "31": "E", "34": "S", "36": "W"}, {"0": "E", "1": "N", "15": "W", "28": "E", "4": "W", "6": "W", "7": "E", "10": "N", "11": "N", "16": "E", "18": "W", "19": "W", "22": "W", "23": "W", "25": "E", "29": "N", "36": "W"}, {"0": "S", "15": "W", "26": "E", "28": "N", "4": "W", "7": "E", "11": "E", "12": "N", "18": "W", "23": "S", "25": "E", "31": "E", "36": "N", "39": "S"}, {"0": "S", "3": "W", "28": "W", "2": "N", "7": "E", "9": "E", "12": "N", "16": "N", "25": "S", "36": "N"}, {"5": "E", "32": "S", "9": "S", "1": "E", "15": "N", "28": "W", "21": "N"}, {"32": "S", "1": "S", "15": "E", "28": "N", "21": "N"}, {"26": "E", "32": "S", "3": "S", "1": "E", "15": "N", "28": "N", "21": "N"}, {"26": "E", "35": "W", "27": "S", "32": "E", "3": "E", "9": "W", "1": "S", "15": "N", "28": "W", "21": "N"}, {"26": "E", "35": "W", "27": "W", "32": "S", "3": "S", "9": "S", "1": "S", "15": "E", "28": "W"}, {"26": "E", "32": "S", "3": "S", "9": "S", "1": "S", "28": "W"}, {"26": "E", "27": "S", "9": "E", "1": "S", "28": "W"}, {"26": "E", "27": "E", "28": "S"}, {"26": "E", "27": "S", "3": "N", "1": "W"}, {"26": "E", "3": "N", "1": "S", "28": "W"}, {"26": "E", "3": "W", "1": "S", "15": "W", "28": "S"}, {"3": "N", "1": "W", "15": "N", "28": "W"}, {"1": "W", "15": "N", "28": "W"}, {"1": "W"}, {"3": "W"}, {"2": "E", "4": "N", "7": "E", "12": "E", "30": "N", "31": "S", "17": "E", "25": "W", "13": "S", "14": "E", "33": "W", "39": "S", "16": "E", "22": "W", "3": "N"}, {"2": "E", "4": "E", "6": "S", "7": "E", "11": "W", "12": "E", "18": "N", "19": "E", "30": "E", "17": "S", "25": "W", "13": "W", "14": "E", "24": "E", "33": "N", "39": "S", "16": "E", "22": "N", "3": "N"}, {"7": "E", "11": "S", "12": "S", "18": "E", "19": "S", "37": "S", "17": "S", "13": "W", "24": "N", "33": "W", "39": "S", "38": "N", "16": "S", "3": "N"}, {"6": "S", "7": "S", "18": "E", "19": "E", "36": "E", "37": "S", "13": "W", "14": "E", "24": "N", "33": "N", "39": "W", "16": "E", "3": "N"}, {"2": "S", "6": "W", "7": "S", "12": "S", "18": "N", "37": "E", "13": "S", "14": "E", "33": "W", "39": "W", "10": "N", "16": "S", "0": "E", "3": "E"}, {"6": "S", "7": "S", "12": "E", "18": "W", "37": "S", "13": "W", "14": "N", "23": "E", "33": "W", "38": "S", "10": "W", "16": "S", "3": "S"}, {"2": "S", "6": "W", "12": "E", "18": "N", "25": "N", "13": "N", "14": "E", "29": "E", "33": "W", "38": "W", "10": "W", "16": "S"}, {"2": "S", "6": "W", "18": "N", "25": "E", "13": "W", "14": "S", "29": "S", "33": "N", "39": "S", "38": "S", "20": "N", "16": "S", "22": "N", "0": "S"}, {"2": "S", "6": "S", "12": "E", "18": "N", "36": "E", "25": "S", "13": "W", "14": "E", "23": "E", "33": "W", "39": "W", "38": "W", "20": "N", "16": "S", "22": "N", "0": "E"}, {"36": "N", "25": "S", "13": "W", "14": "N", "23": "E", "33": "N", "39": "W", "38": "W", "20": "N", "16": "S", "0": "E"}, {"18": "N", "36": "N", "17": "E", "13": "N", "14": "E", "33": "N", "39": "W", "38": "S", "20": "E", "16": "S", "0": "N", "15": "N"}, {"18": "N", "36": "N", "13": "N", "14": "E", "23": "S", "33": "N", "39": "N", "16": "S", "22": "S", "0": "N", "15": "W"}, {"12": "E", "18": "N", "36": "E", "17": "S", "13": "N", "14": "S", "23": "S", "39": "W", "16": "S", "22": "S"}, {"12": "E", "17": "S", "13": "N", "14": "E", "23": "S", "39": "W", "20": "E", "16": "W", "22": "S", "15": "W"}, {"12": "E", "36": "E", "37": "E", "25": "S", "13": "N", "14": "E", "23": "S", "33": "N", "20": "E", "16": "S", "22": "S", "15": "N"}, {"12": "S", "36": "N", "37": "S", "25": "E", "13": "E", "14": "S", "23": "E", "39": "N", "20": "E", "16": "S", "15": "W"}, {"12": "S", "17": "S", "23": "E", "24": "E", "33": "E", "39": "W", "10": "E", "20": "E", "22": "W", "15": "W"}, {"12": "S", "37": "E", "17": "E", "14": "S", "23": "E", "29": "E", "24": "E", "33": "N", "38": "W", "10": "E", "20": "E", "22": "N", "15": "W"}, {"17": "E", "25": "S", "14": "S", "23": "E", "29": "N", "24": "E", "33": "N", "38": "S", "20": "N"}, {"37": "E", "17": "N", "25": "S", "14": "S", "23": "E", "29": "W", "24": "E", "33": "N", "38": "S"}, {"37": "N", "17": "E", "23": "E", "29": "W", "24": "S", "33": "E", "38": "E", "15": "W"}, {"23": "E", "29": "N", "24": "S", "33": "E", "39": "N", "38": "E"}, {"14": "S", "23": "N", "24": "E", "33": "S", "39": "N", "38": "S", "10": "E"}, {"37": "E", "14": "S", "23": "N", "29": "N", "24": "E", "38": "S", "10": "E"}, {"37": "E", "14": "W", "24": "N", "39": "N", "38": "S", "10": "S", "16": "W"}, {"37": "E", "14": "W", "29": "W", "24": "E", "10": "S", "16": "N"}, {"37": "E", "38": "E", "10": "S", "20": "E", "16": "W"}, {"24": "N", "38": "S", "10": "W", "20": "E", "16": "W", "22": "W"}, {"29": "W", "24": "E", "38": "E", "20": "S", "16": "N", "22": "N"}, {"29": "S", "38": "S", "20": "S", "16": "N"}, {"29": "S", "38": "E", "10": "E", "20": "S", "16": "N"}, {"29": "W", "20": "E", "16": "N", "22": "N"}, {"29": "S", "10": "E", "20": "E"}, {"10": "E", "20": "S"}, {"24": "N", "10": "E", "20": "S", "22": "N"}, {"24": "N", "10": "E", "20": "S"}, {"24": "N", "10": "N"}, {"24": "N", "10": "N"}, {"24": "W", "22": "N"}, {"24": "N", "22": "N"}, {"24": "N", "10": "N", "22": "E"}, {"24": "W", "10": "N", "22": "N"}, {"24": "W", "10": "N", "22": "N"}, {"24": "W", "10": "N", "22": "E"}, {"22": "E"}, {"10": "N", "22": "N"}, {"10": "W", "22": "E"}, {"10": "W"}, {"10": "N"}, {"10": "W", "22": "E"}, {"10": "N"}, {"10": "W"}, {"22": "E"}, {"22": "S"}, {"22": "S"}, {"22": "W"}, {"22": "W"}, {"22": "S"}, {"15": "E"}, {"15": "W"}, {"15": "W"}, {"15": "S"}, {"15": "E"}, {"15": "N"}, {"15": "S"}, {"15": "E"}]}