{"instance": "small_free_001_10x10_40_40", "steps": [{"0": "W", "1": "N", "15": "S", "26": "W", "28": "E", "2": "N", "4": "S", "5": "N", "6": "N", "7": "N", "9": "S", "10": "S", "12": "W", "13": "E", "14": "W", "16": "N", "17": "W", "20": "W", "22": "S", "23": "W", "24": "S", "25": "N", "29": "E", "30": "W", "31": "N", "33": "S", "36": "S", "37": "W", "38": "N", "39": "E"}, {"0": "W", "1": "N", "15": "W", "26": "W", "35": "N", "2": "N", "4": "S", "5": "W", "6": "W", "7": "N", "8": "W", "9": "E", "10": "S", "11": "E", "12": "W", "16": "E", "17": "W", "19": "W", "20": "W", "23": "W", "24": "W", "25": "E", "27": "S", "29": "E", "30": "W", "31": "N", "33": "W", "36": "W", "37": "W", "38": "N", "39": "E"}, {"0": "N", "1": "W", "3": "E", "15": "S", "26": "W", "35": "N", "5": "W", "7": "E", "8": "W", "9": "S", "10": "S", "11": "E", "12": "W", "16": "N", "18": "S", "19": "N", "20": "W", "23": "N", "24": "W", "27": "S", "29": "E", "31": "E", "36": "W", "37": "W", "38": "E", "39": "E"}, {"0": "N", "1": "N", "15": "S", "26": "W", "28": "E", "35": "E", "2": "E", "5": "W", "6": "N", "7": "N", "8": "W", "9": "W", "10": "W", "11": "N", "12": "N", "18": "S", "19": "N", "20": "W", "23": "W", "24": "W", "25": "N", "30": "W", "31": "E", "33": "W", "34": "E", "36": "S", "38": "N"}, {"1": "W", "15": "S", "26": "S", "35": "E", "2": "N", "4": "W", "7": "N", "8": "W", "9": "W", "12": "N", "18": "S", "19": "N", "22": "E", "27": "W", "30": "W", "31": "E", "34": "N", "36": "S", "38": "N"}, {"3": "E", "15": "W", "26": "S", "28": "N", "35": "E", "2": "N", "5": "N", "7": "E", "11": "E", "12": "N", "13": "N", "18": "W", "19": "E", "22": "S", "23": "W", "27": "W", "30": "S", "31": "E", "34": "E", "38": "N"}, {"3": "E", "15": "W", "26": "W", "28": "N", "2": "N", "6": "W", "7": "N", "11": "N", "12": "N", "16": "E", "20": "S", "22": "S", "25": "E", "27": "W", "29": "N", "30": "S", "34": "E", "38": "W", "39": "N"}, {"0": "W", "3": "E", "15": "W", "26": "S", "28": "E", "35": "N", "2": "W", "6": "S", "7": "W", "9": "S", "11": "E", "12": "W", "13": "E", "20": "W", "22": "S", "24": "W", "25": "N", "27": "W", "29": "N", "30": "S", "37": "S", "38": "W"}, {"32": "S"}, {"32": "S"}, {"32": "S"}, {"32": "E"}, {"32": "S"}, {"32": "S"}, {"32": "E"}]}