{"instance": "galaxy_cluster_00000_20x20_20_80", "steps": [{"18": "N", "0": "N", "1": "N", "2": "N", "3": "W", "4": "W", "6": "S", "7": "W", "8": "S", "10": "E", "11": "W", "12": "S", "13": "S", "14": "W", "16": "S", "20": "S", "22": "S", "24": "S", "25": "W", "26": "E", "27": "W", "28": "E", "29": "E", "31": "E", "32": "S", "33": "W", "34": "E", "35": "W", "36": "N", "37": "W", "38": "S", "39": "E", "40": "N", "43": "W", "44": "W", "45": "S", "46": "E", "47": "E", "48": "W", "50": "S", "51": "S", "52": "N", "53": "N", "55": "S", "56": "S", "57": "W", "58": "S", "59": "N", "60": "W", "61": "W", "62": "E", "64": "S", "67": "N", "68": "S", "69": "N", "70": "W", "71": "W", "72": "W", "73": "S", "74": "W", "75": "E", "76": "W", "77": "E"}, {"18": "N", "0": "W", "3": "W", "8": "S", "10": "E", "13": "W", "14": "S", "15": "W", "17": "W", "20": "S", "21": "W", "26": "E", "27": "S", "28": "N", "29": "N", "32": "S", "33": "N", "34": "S", "35": "S", "36": "E", "37": "N", "38": "E", "39": "E", "40": "E", "42": "E", "43": "W", "44": "W", "45": "E", "47": "E", "48": "W", "49": "W", "50": "S", "51": "S", "52": "N", "55": "S", "56": "W", "58": "S", "61": "S", "62": "S", "64": "W", "65": "E", "67": "E", "68": "S", "70": "W", "71": "N", "72": "W", "74": "W", "76": "N", "77": "E", "78": "S"}, {"18": "N", "19": "S", "0": "N", "2": "N", "5": "W", "6": "S", "7": "N", "9": "N", "10": "E", "12": "S", "13": "W", "14": "E", "15": "W", "16": "E", "17": "N", "21": "N", "25": "S", "27": "W", "28": "E", "32": "E", "35": "W", "36": "N", "38": "S", "40": "N", "42": "E", "45": "S", "47": "E", "48": "W", "49": "N", "50": "W", "51": "E", "52": "N", "53": "N", "54": "N", "55": "E", "56": "S", "57": "S", "58": "E", "61": "W", "62": "E", "65": "N", "67": "E", "69": "N", "70": "S", "71": "N", "72": "W", "73": "E", "74": "W", "75": "E", "77": "E", "78": "W", "79": "W"}, {"18": "N", "19": "S", "0": "W", "2": "N", "4": "W", "5": "N", "9": "N", "10": "E", "11": "W", "12": "S", "13": "S", "14": "E", "15": "W", "16": "E", "17": "N", "20": "E", "21": "W", "23": "S", "25": "W", "27": "N", "28": "E", "30": "W", "31": "S", "35": "W", "36": "N", "37": "N", "38": "S", "40": "E", "42": "N", "45": "S", "47": "E", "48": "S", "49": "N", "50": "S", "51": "S", "53": "W", "55": "E", "57": "S", "61": "S", "62": "N", "64": "W", "65": "W", "66": "S", "67": "S", "68": "E", "69": "E", "70": "W", "71": "N", "72": "S", "76": "N", "77": "N", "78": "W"}, {"18": "N", "0": "W", "2": "N", "4": "N", "5": "W", "6": "W", "7": "N", "9": "N", "11": "N", "12": "S", "14": "S", "15": "N", "17": "W", "21": "W", "27": "W", "29": "E", "31": "E", "34": "S", "37": "N", "38": "S", "44": "W", "45": "W", "47": "E", "48": "S", "53": "W", "56": "W", "57": "E", "59": "W", "62": "E", "63": "E", "64": "W", "65": "W", "66": "S", "68": "S", "69": "N", "70": "W", "71": "N", "75": "N", "76": "N", "77": "N"}, {"19": "S", "1": "E", "2": "W", "3": "S", "4": "W", "5": "N", "6": "S", "7": "W", "9": "W", "11": "N", "12": "E", "13": "S", "17": "N", "24": "E", "25": "W", "28": "E", "30": "W", "31": "S", "34": "E", "36": "W", "37": "W", "38": "S", "44": "S", "48": "S", "51": "S", "56": "W", "57": "S", "59": "N", "60": "N", "62": "E", "63": "N", "64": "N", "69": "N", "72": "W", "73": "S", "74": "W", "75": "E", "76": "N", "77": "N"}, {"79": "S"}, {"79": "S"}, {"79": "S"}, {"79": "E"}, {"79": "E"}, {"79": "S"}, {"79": "E"}, {"79": "E"}, {"79": "E"}, {"79": "S"}, {"79": "E"}, {"79": "S"}, {"79": "E"}, {"79": "E"}, {"79": "E"}, {"79": "E"}, {"79": "E"}, {"79": "E"}, {"79": "N"}, {"72": "W"}, {"72": "N"}, {"72": "N"}, {"72": "N"}, {"72": "N"}, {"72": "N"}, {"72": "N"}, {"72": "N"}, {"72": "N"}, {"72": "N"}, {"72": "N"}, {"72": "N"}, {"15": "E"}, {"15": "E"}, {"15": "N"}, {"15": "N"}, {"58": "N"}, {"58": "W"}, {"58": "W"}, {"58": "W"}, {"58": "W"}, {"58": "W"}, {"58": "W"}, {"58": "W"}, {"58": "W"}, {"58": "W"}, {"58": "W"}, {"58": "W"}, {"58": "W"}, {"58": "W"}, {"58": "W"}, {"35": "N"}, {"35": "E"}, {"35": "E"}, {"35": "E"}, {"35": "E"}, {"35": "E"}, {"35": "E"}, {"35": "E"}, {"35": "E"}, {"35": "E"}, {"35": "E"}, {"35": "S"}, {"4": "N"}, {"4": "E"}, {"4": "N"}, {"4": "N"}, {"4": "N"}, {"4": "N"}, {"4": "N"}, {"4": "N"}, {"4": "N"}, {"4": "W"}, {"4": "N"}, {"4": "W"}, {"4": "W"}, {"1": "S"}, {"1": "W"}, {"1": "W"}, {"1": "W"}, {"1": "N"}, {"1": "W"}, {"1": "W"}, {"1": "W"}, {"1": "W"}, {"1": "W"}, {"1": "W"}, {"1": "W"}, {"1": "W"}, {"62": "N"}, {"62": "W"}, {"62": "S"}, {"50": "W"}, {"50": "N"}, {"50": "W"}, {"50": "W"}, {"50": "W"}, {"50": "W"}, {"50": "N"}, {"50": "N"}, {"50": "N"}, {"50": "N"}, {"50": "N"}, {"50": "W"}, {"50": "N"}, {"50": "N"}, {"50": "W"}, {"50": "N"}, {"50": "N"}, {"50": "N"}, {"50": "N"}, {"50": "W"}, {"50": "N"}, {"49": "E"}, {"49": "E"}, {"49": "S"}, {"49": "E"}, {"49": "E"}, {"49": "E"}, {"49": "E"}, {"49": "S"}, {"49": "S"}, {"49": "S"}, {"49": "E"}, {"49": "S"}, {"49": "E"}, {"49": "S"}, {"29": "E"}, {"29": "S"}, {"29": "S"}, {"29": "S"}, {"29": "E"}, {"29": "S"}, {"29": "S"}, {"29": "S"}, {"22": "W"}, {"22": "W"}, {"22": "N"}, {"22": "W"}, {"22": "N"}, {"21": "S"}, {"9": "S"}, {"9": "S"}, {"9": "S"}, {"9": "S"}, {"9": "W"}, {"9": "S"}, {"39": "S"}, {"39": "S"}, {"39": "S"}, {"39": "S"}, {"39": "S"}, {"39": "S"}, {"39": "E"}, {"39": "S"}, {"39": "S"}, {"39": "S"}, {"39": "W"}, {"39": "W"}, {"39": "N"}, {"65": "E"}, {"65": "N"}, {"65": "E"}, {"65": "E"}, {"65": "E"}, {"65": "E"}, {"65": "E"}, {"65": "E"}, {"65": "E"}, {"65": "E"}, {"65": "E"}, {"65": "E"}, {"65": "E"}, {"65": "E"}, {"65": "E"}, {"65": "E"}, {"65": "S"}, {"65": "S"}, {"65": "S"}, {"65": "E"}, {"65": "N"}, {"63": "W"}, {"63": "N"}, {"63": "W"}, {"63": "N"}, {"63": "W"}, {"63": "W"}, {"63": "W"}, {"63": "W"}, {"63": "W"}, {"63": "S"}, {"63": "W"}, {"63": "W"}, {"63": "W"}, {"63": "W"}, {"63": "W"}, {"63": "S"}, {"59": "N"}, {"59": "E"}, {"59": "E"}, {"59": "E"}, {"59": "S"}, {"59": "S"}, {"59": "E"}, {"59": "S"}, {"59": "E"}, {"59": "E"}, {"59": "E"}, {"59": "S"}, {"59": "S"}, {"59": "E"}, {"59": "S"}, {"68": "S"}, {"68": "W"}, {"68": "W"}, {"68": "W"}, {"68": "W"}, {"68": "N"}, {"68": "W"}, {"68": "W"}, {"68": "N"}, {"68": "W"}, {"68": "N"}, {"68": "W"}, {"68": "W"}, {"47": "E"}, {"47": "N"}, {"47": "N"}, {"47": "W"}, {"47": "W"}, {"47": "N"}, {"47": "W"}, {"47": "W"}, {"47": "W"}, {"47": "W"}, {"47": "W"}, {"47": "W"}, {"47": "N"}, {"47": "W"}, {"47": "W"}, {"47": "W"}, {"47": "W"}, {"47": "W"}, {"47": "W"}, {"44": "S"}, {"44": "W"}, {"44": "W"}, {"44": "N"}, {"44": "N"}, {"44": "N"}, {"44": "N"}, {"44": "N"}, {"44": "N"}, {"44": "E"}, {"44": "N"}, {"44": "E"}, {"44": "N"}, {"44": "N"}, {"44": "N"}, {"44": "W"}, {"44": "N"}, {"44": "N"}, {"44": "W"}, {"44": "N"}, {"44": "N"}, {"44": "N"}, {"44": "N"}, {"44": "W"}, {"32": "N"}, {"32": "N"}, {"32": "N"}, {"32": "N"}, {"32": "N"}, {"32": "N"}, {"32": "N"}, {"32": "N"}, {"32": "N"}, {"32": "E"}, {"32": "N"}, {"32": "E"}, {"32": "N"}, {"32": "N"}, {"32": "N"}, {"32": "W"}, {"32": "N"}, {"32": "N"}, {"32": "W"}, {"32": "N"}, {"32": "N"}, {"32": "N"}, {"32": "N"}, {"76": "W"}, {"76": "S"}, {"76": "W"}, {"76": "S"}, {"76": "S"}, {"76": "W"}, {"76": "S"}, {"76": "S"}, {"76": "S"}, {"76": "S"}, {"76": "W"}, {"76": "W"}, {"74": "W"}, {"74": "N"}, {"74": "N"}, {"74": "N"}, {"74": "W"}, {"74": "W"}, {"74": "W"}, {"74": "N"}, {"74": "N"}, {"74": "N"}, {"74": "E"}, {"73": "E"}, {"73": "N"}, {"73": "N"}, {"73": "W"}, {"73": "W"}, {"73": "W"}, {"73": "W"}, {"73": "W"}, {"73": "S"}, {"73": "W"}, {"73": "W"}, {"73": "W"}, {"73": "W"}, {"73": "W"}, {"73": "W"}, {"64": "E"}, {"64": "E"}, {"64": "N"}, {"64": "E"}, {"64": "E"}, {"64": "E"}, {"64": "N"}, {"64": "E"}, {"64": "E"}, {"64": "E"}, {"64": "E"}, {"64": "E"}, {"64": "N"}, {"61": "N"}, {"61": "N"}, {"61": "N"}, {"61": "N"}, {"61": "N"}, {"61": "E"}, {"61": "N"}, {"61": "N"}, {"61": "N"}, {"61": "N"}, {"61": "E"}, {"61": "E"}, {"61": "E"}, {"46": "W"}, {"46": "N"}, {"46": "N"}, {"46": "N"}, {"46": "N"}, {"46": "N"}, {"46": "W"}, {"46": "W"}, {"46": "W"}, {"46": "W"}, {"46": "W"}, {"46": "W"}, {"46": "W"}, {"46": "W"}, {"46": "W"}, {"46": "W"}, {"46": "W"}, {"46": "W"}, {"46": "W"}, {"46": "W"}, {"46": "W"}, {"46": "W"}, {"46": "N"}, {"46": "N"}, {"46": "W"}, {"45": "N"}, {"45": "N"}, {"45": "E"}, {"45": "E"}, {"45": "E"}, {"45": "E"}, {"45": "E"}, {"45": "N"}, {"45": "E"}, {"45": "E"}, {"45": "E"}, {"45": "S"}, {"41": "W"}, {"41": "W"}, {"41": "N"}, {"41": "N"}, {"41": "N"}, {"41": "N"}, {"41": "N"}, {"41": "N"}, {"41": "N"}, {"41": "N"}, {"41": "N"}, {"41": "N"}, {"41": "W"}, {"41": "N"}, {"41": "N"}, {"41": "N"}, {"23": "W"}, {"23": "S"}, {"23": "S"}, {"23": "W"}, {"23": "W"}, {"23": "W"}, {"23": "W"}, {"23": "W"}, {"23": "N"}, {"17": "S"}, {"17": "W"}, {"17": "S"}, {"17": "W"}, {"17": "W"}, {"17": "S"}, {"17": "S"}, {"17": "S"}, {"17": "S"}, {"17": "E"}, {"17": "E"}, {"60": "E"}, {"60": "N"}, {"60": "N"}, {"60": "N"}, {"60": "N"}, {"60": "N"}, {"60": "N"}, {"60": "N"}, {"60": "E"}, {"60": "E"}, {"60": "N"}, {"60": "E"}, {"60": "E"}, {"60": "E"}, {"60": "N"}, {"60": "E"}, {"60": "N"}, {"60": "E"}, {"60": "E"}, {"60": "E"}, {"60": "E"}, {"60": "E"}, {"60": "E"}, {"54": "S"}, {"54": "S"}, {"54": "S"}, {"54": "S"}, {"54": "S"}, {"54": "S"}, {"54": "S"}, {"54": "S"}, {"54": "S"}, {"54": "W"}, {"53": "S"}, {"53": "W"}, {"53": "S"}, {"53": "S"}, {"53": "S"}, {"53": "S"}, {"53": "S"}, {"53": "S"}, {"53": "S"}, {"53": "E"}, {"53": "S"}, {"53": "E"}, {"53": "E"}, {"43": "E"}, {"43": "S"}, {"43": "S"}, {"43": "E"}, {"43": "E"}, {"43": "E"}, {"43": "E"}, {"43": "E"}, {"43": "E"}, {"43": "E"}, {"43": "S"}, {"43": "S"}, {"43": "S"}, {"43": "S"}, {"43": "E"}, {"43": "E"}, {"43": "S"}, {"43": "S"}, {"43": "S"}, {"43": "S"}, {"43": "S"}, {"43": "S"}, {"26": "N"}, {"26": "N"}, {"26": "N"}, {"26": "N"}, {"26": "N"}, {"26": "N"}, {"26": "N"}, {"26": "N"}, {"26": "N"}, {"25": "E"}, {"25": "S"}, {"25": "S"}, {"25": "S"}, {"25": "E"}, {"25": "S"}, {"25": "E"}, {"25": "S"}, {"25": "S"}, {"25": "E"}, {"25": "E"}, {"25": "E"}, {"25": "E"}, {"25": "E"}, {"25": "E"}, {"25": "E"}, {"25": "E"}, {"14": "W"}, {"14": "W"}, {"14": "W"}, {"14": "W"}, {"14": "S"}, {"14": "S"}, {"14": "W"}, {"14": "W"}, {"14": "W"}, {"10": "N"}, {"10": "W"}, {"10": "W"}, {"10": "W"}, {"10": "W"}, {"10": "N"}, {"10": "W"}, {"10": "W"}, {"10": "W"}, {"10": "W"}, {"10": "W"}, {"10": "N"}, {"10": "W"}, {"10": "W"}, {"10": "W"}, {"10": "W"}, {"10": "W"}, {"10": "N"}, {"10": "W"}, {"10": "N"}, {"8": "W"}, {"8": "N"}, {"8": "W"}, {"8": "W"}, {"8": "W"}, {"8": "N"}, {"8": "W"}, {"8": "W"}, {"8": "W"}, {"8": "W"}, {"8": "N"}, {"8": "W"}, {"8": "W"}, {"8": "N"}, {"8": "N"}, {"8": "N"}, {"8": "N"}, {"8": "N"}, {"8": "W"}, {"8": "N"}, {"8": "N"}, {"78": "N"}, {"78": "N"}, {"78": "E"}, {"78": "E"}, {"78": "E"}, {"78": "E"}, {"78": "E"}, {"78": "N"}, {"78": "E"}, {"78": "N"}, {"78": "N"}, {"78": "N"}, {"78": "N"}, {"78": "E"}, {"78": "E"}, {"78": "E"}, {"78": "E"}, {"78": "E"}, {"78": "N"}, {"78": "N"}, {"78": "N"}, {"78": "E"}, {"78": "E"}, {"77": "W"}, {"77": "W"}, {"77": "N"}, {"77": "W"}, {"77": "W"}, {"77": "W"}, {"77": "W"}, {"77": "W"}, {"77": "W"}, {"77": "W"}, {"77": "W"}, {"77": "W"}, {"77": "W"}, {"77": "W"}, {"77": "W"}, {"77": "W"}, {"77": "S"}, {"77": "W"}, {"77": "W"}, {"77": "S"}, {"77": "S"}, {"77": "S"}, {"77": "S"}, {"77": "S"}, {"75": "N"}, {"75": "W"}, {"75": "W"}, {"75": "W"}, {"75": "W"}, {"75": "N"}, {"75": "W"}, {"75": "N"}, {"75": "W"}, {"75": "W"}, {"75": "N"}, {"75": "W"}, {"75": "W"}, {"71": "E"}, {"71": "S"}, {"71": "S"}, {"71": "E"}, {"71": "S"}, {"71": "E"}, {"71": "E"}, {"71": "E"}, {"71": "E"}, {"70": "E"}, {"70": "E"}, {"70": "E"}, {"70": "E"}, {"70": "E"}, {"70": "E"}, {"70": "N"}, {"70": "E"}, {"70": "E"}, {"70": "E"}, {"70": "E"}, {"70": "E"}, {"70": "E"}, {"70": "N"}, {"70": "N"}, {"70": "E"}, {"70": "E"}, {"70": "E"}, {"70": "N"}, {"70": "E"}, {"69": "N"}, {"69": "W"}, {"69": "W"}, {"69": "W"}, {"69": "W"}, {"69": "S"}, {"69": "S"}, {"69": "S"}, {"69": "S"}, {"69": "S"}, {"69": "S"}, {"69": "S"}, {"67": "E"}, {"67": "S"}, {"67": "W"}, {"67": "S"}, {"67": "W"}, {"67": "S"}, {"67": "W"}, {"67": "S"}, {"67": "S"}, {"67": "W"}, {"67": "W"}, {"67": "W"}, {"67": "W"}, {"67": "S"}, {"67": "W"}, {"67": "W"}, {"67": "S"}, {"67": "W"}, {"67": "W"}, {"67": "W"}, {"67": "W"}, {"67": "W"}, {"67": "S"}, {"67": "S"}, {"66": "W"}, {"66": "W"}, {"66": "W"}, {"66": "W"}, {"66": "W"}, {"66": "W"}, {"66": "N"}, {"66": "N"}, {"66": "N"}, {"66": "N"}, {"66": "W"}, {"66": "W"}, {"66": "N"}, {"66": "N"}, {"66": "N"}, {"66": "N"}, {"66": "N"}, {"66": "N"}, {"66": "N"}, {"66": "N"}, {"66": "W"}, {"66": "W"}, {"66": "N"}, {"66": "N"}, {"66": "W"}, {"66": "N"}, {"66": "W"}, {"66": "W"}, {"66": "S"}, {"66": "W"}, {"66": "W"}, {"57": "W"}, {"57": "W"}, {"57": "W"}, {"57": "W"}, {"57": "W"}, {"57": "W"}, {"57": "W"}, {"57": "W"}, {"57": "W"}, {"57": "W"}, {"57": "W"}, {"57": "S"}, {"56": "E"}, {"56": "S"}, {"55": "N"}, {"55": "W"}, {"55": "N"}, {"55": "N"}, {"55": "N"}, {"55": "N"}, {"55": "W"}, {"55": "N"}, {"55": "N"}, {"55": "N"}, {"55": "N"}, {"55": "N"}, {"55": "W"}, {"55": "W"}, {"55": "N"}, {"52": "N"}, {"52": "W"}, {"52": "S"}, {"51": "N"}, {"51": "E"}, {"51": "E"}, {"51": "N"}, {"51": "N"}, {"51": "N"}, {"51": "N"}, {"51": "N"}, {"48": "N"}, {"48": "N"}, {"48": "W"}, {"48": "N"}, {"48": "N"}, {"48": "N"}, {"48": "N"}, {"48": "N"}, {"48": "W"}, {"48": "N"}, {"48": "N"}, {"48": "N"}, {"48": "N"}, {"42": "S"}, {"42": "S"}, {"42": "S"}, {"42": "S"}, {"42": "W"}, {"42": "S"}, {"42": "W"}, {"42": "W"}, {"42": "W"}, {"42": "W"}, {"42": "S"}, {"42": "S"}, {"40": "S"}, {"40": "S"}, {"40": "S"}, {"40": "S"}, {"38": "S"}, {"38": "W"}, {"38": "N"}, {"38": "W"}, {"38": "W"}, {"38": "W"}, {"38": "W"}, {"38": "W"}, {"38": "W"}, {"38": "N"}, {"38": "W"}, {"38": "N"}, {"38": "W"}, {"38": "N"}, {"37": "W"}]}