{"instance": "small_free_001_10x10_40_40", "steps": [{"0": "W", "1": "N", "3": "W", "15": "E", "26": "S", "28": "E", "35": "N", "2": "N", "4": "W", "5": "N", "6": "N", "7": "N", "9": "S", "11": "N", "12": "W", "13": "E", "14": "W", "16": "E", "17": "W", "18": "E", "20": "W", "22": "S", "23": "N", "24": "W", "25": "E", "27": "S", "33": "S", "34": "N", "36": "S", "38": "N", "39": "N"}, {"3": "S", "15": "E", "26": "W", "35": "E", "2": "E", "4": "S", "5": "W", "6": "W", "7": "N", "8": "W", "9": "S", "11": "N", "14": "N", "16": "N", "17": "W", "20": "S", "22": "S", "23": "W", "24": "W", "25": "N", "30": "W", "33": "W", "34": "E", "36": "W", "37": "W", "38": "W", "39": "E"}, {"0": "N", "3": "S", "26": "W", "35": "E", "2": "N", "5": "W", "6": "N", "7": "N", "8": "W", "9": "W", "10": "S", "12": "N", "16": "E", "17": "S", "18": "E", "20": "W", "22": "E", "23": "N", "24": "W", "25": "N", "27": "S", "29": "E", "30": "W", "32": "N", "33": "W", "34": "N", "36": "W", "37": "W", "38": "N", "39": "E"}, {"0": "N", "1": "N", "15": "S", "26": "W", "28": "E", "5": "W", "6": "W", "7": "W", "9": "S", "10": "S", "11": "E", "12": "W", "14": "E", "16": "N", "18": "S", "19": "N", "20": "W", "22": "S", "23": "W", "29": "E", "33": "W", "34": "W", "36": "S", "38": "N", "39": "E"}, {"0": "N", "1": "W", "15": "S", "28": "N", "2": "W", "5": "N", "6": "N", "7": "N", "9": "E", "10": "S", "11": "E", "12": "N", "14": "N", "18": "S", "19": "N", "20": "W", "22": "E", "23": "N", "27": "S", "31": "E", "36": "S", "37": "W", "38": "E"}, {"0": "E", "1": "W", "35": "N", "4": "W", "5": "W", "6": "N", "7": "N", "9": "S", "10": "S", "11": "E", "12": "N", "16": "N", "18": "S", "19": "N", "22": "E", "23": "E", "27": "E", "29": "S", "30": "W", "31": "E", "32": "W", "36": "W", "37": "W", "39": "S"}, {"0": "E", "1": "N", "4": "W", "6": "W", "9": "W", "10": "S", "11": "E", "12": "N", "14": "E", "16": "W", "22": "S", "27": "E", "30": "S", "31": "E", "34": "N", "36": "W", "37": "N"}, {"0": "E", "1": "N", "15": "W", "26": "E", "28": "W", "4": "W", "10": "E", "12": "E", "14": "E", "19": "W", "22": "S", "23": "N", "27": "E", "29": "E", "30": "W", "31": "N", "33": "W", "34": "N", "36": "N", "37": "W", "39": "E"}, {"0": "E", "15": "W", "26": "S", "35": "E", "5": "N", "9": "W", "10": "E", "11": "N", "19": "W", "24": "N", "25": "W", "27": "E", "31": "E", "33": "W", "34": "N", "36": "N", "39": "E"}, {"0": "S", "15": "W", "5": "N", "7": "N", "8": "N", "9": "S", "11": "E", "12": "E", "17": "S", "23": "E", "24": "N", "29": "N", "36": "W"}, {"15": "S", "26": "E", "5": "N", "7": "W", "8": "N", "9": "S", "11": "N", "12": "N", "14": "E", "22": "S", "23": "E", "33": "W", "34": "E", "36": "W"}, {"4": "S", "5": "E", "7": "W", "9": "S", "11": "W", "12": "E", "14": "E", "17": "S", "19": "N", "20": "E", "22": "E", "23": "S", "27": "E", "32": "W", "36": "N"}, {"26": "S", "7": "S", "8": "W", "9": "S", "11": "N", "14": "E", "17": "E", "27": "S", "29": "N", "32": "W", "33": "S", "37": "S"}, {"15": "S", "2": "N", "8": "W", "9": "E", "11": "N", "14": "E", "19": "W", "24": "N", "27": "W", "29": "N", "33": "E", "37": "S"}, {"35": "N", "2": "E", "5": "N", "10": "S", "11": "N", "14": "N", "16": "S", "17": "N", "19": "S", "22": "N", "29": "N", "31": "N", "33": "E", "34": "N", "36": "N", "37": "S"}, {"35": "W", "32": "S", "1": "E", "28": "S", "0": "S"}, {"15": "W", "35": "W", "32": "S", "1": "S", "28": "S", "0": "S"}, {"15": "N", "26": "E", "35": "S", "32": "E", "1": "S", "3": "W", "28": "W", "0": "E"}, {"15": "N", "26": "E", "35": "W", "32": "E", "1": "W", "3": "W", "28": "W"}, {"15": "N", "26": "E", "35": "S", "1": "S", "3": "N", "28": "W"}, {"15": "N", "26": "E", "35": "S", "32": "S", "1": "S", "3": "N", "28": "W", "0": "E"}, {"15": "N", "35": "W", "1": "S", "3": "N", "28": "W", "0": "S"}, {"15": "N", "26": "N", "1": "S", "3": "N", "0": "S"}, {"0": "S"}, {"0": "W"}, {"26": "E", "3": "W"}, {"32": "E"}, {"15": "N", "28": "W"}, {"15": "W", "3": "N", "0": "W"}, {"15": "N", "28": "W"}, {"32": "S", "28": "W"}, {"26": "E", "3": "N", "28": "N"}, {"26": "E", "3": "E", "28": "W"}, {"26": "E", "32": "E", "3": "E", "28": "N"}, {"26": "E", "32": "S"}, {"28": "N"}, {"32": "S", "28": "E"}, {"32": "E"}, {"32": "S"}, {"32": "S"}, {"32": "S"}, {"32": "W"}, {"32": "N"}, {"32": "W"}, {"32": "N"}, {"32": "N"}]}