{"instance": "small_free_001_10x10_40_40", "steps": [{"0": "W", "1": "N", "3": "W", "15": "E", "26": "W", "2": "N", "4": "W", "5": "N", "6": "N", "7": "N", "9": "S", "10": "S", "11": "N", "12": "W", "13": "E", "14": "N", "17": "W", "18": "E", "20": "W", "22": "S", "23": "W", "24": "S", "25": "N", "27": "S", "29": "S", "30": "W", "31": "S", "32": "N", "33": "S", "34": "E", "36": "W", "37": "W", "38": "N", "39": "S"}, {"0": "W", "1": "E", "3": "S", "15": "E", "26": "W", "28": "E", "2": "N", "7": "N", "9": "W", "10": "S", "11": "W", "12": "W", "19": "S", "23": "N", "25": "N", "27": "W", "29": "E", "30": "W", "31": "E", "32": "N", "34": "E", "37": "W", "38": "N", "39": "E"}, {"0": "N", "1": "N", "3": "S", "26": "S", "28": "N", "35": "E", "2": "N", "5": "N", "7": "N", "8": "W", "9": "S", "10": "S", "11": "N", "12": "N", "13": "E", "16": "S", "17": "W", "18": "E", "19": "W", "20": "W", "23": "N", "27": "W", "29": "E", "31": "E", "32": "N", "34": "S", "36": "W", "38": "N"}, {"0": "N", "1": "N", "3": "S", "15": "E", "28": "N", "5": "W", "7": "N", "8": "W", "10": "S", "11": "W", "12": "W", "13": "N", "16": "W", "18": "E", "19": "S", "20": "W", "22": "E", "23": "W", "24": "S", "27": "N", "29": "S", "31": "N", "32": "W", "33": "E", "34": "E", "38": "E"}, {"0": "E", "1": "W", "15": "E", "35": "N", "2": "E", "5": "N", "7": "N", "11": "N", "12": "N", "13": "N", "16": "W", "19": "W", "20": "W", "22": "E", "23": "S", "24": "W", "27": "E", "32": "N", "38": "N", "39": "S"}, {"0": "E", "1": "N", "15": "S", "26": "S", "35": "N", "2": "E", "4": "S", "5": "N", "7": "N", "9": "E", "12": "N", "19": "N", "20": "S", "22": "E", "27": "N", "30": "S", "31": "E", "32": "E", "34": "N", "36": "W", "37": "W"}, {"3": "S", "15": "W", "26": "W", "35": "N", "2": "N", "4": "W", "5": "N", "7": "W", "8": "N", "9": "S", "10": "E", "11": "W", "12": "N", "16": "N", "19": "W", "22": "E", "24": "S", "27": "W", "30": "W", "31": "E", "32": "E", "36": "W", "37": "S", "39": "W"}, {"1": "N", "3": "W", "15": "S", "28": "E", "35": "N", "2": "E", "4": "W", "9": "E", "11": "N", "12": "N", "16": "N", "19": "W", "24": "W", "30": "S", "31": "E", "32": "N", "36": "W", "39": "S"}, {"28": "E", "35": "N", "4": "N", "12": "E", "13": "E", "16": "N", "19": "S", "24": "S", "29": "E", "30": "W", "31": "E", "34": "N", "36": "S", "38": "W", "39": "W"}, {"21": "N", "1": "E", "3": "N", "15": "S", "26": "E", "28": "N", "35": "E", "4": "W", "5": "E", "11": "W", "12": "E", "13": "E", "16": "N", "17": "S", "19": "W", "24": "E", "25": "N", "27": "N", "29": "N", "30": "S", "31": "E", "33": "E", "34": "N", "36": "S", "38": "N", "39": "S"}, {"20": "E"}]}