{"instance": "small_free_001_10x10_40_40", "steps": [{"0": "W", "1": "E", "26": "W", "28": "E", "35": "N", "2": "N", "4": "W", "5": "N", "6": "E", "7": "N", "9": "S", "12": "W", "13": "E", "16": "N", "17": "W", "18": "W", "20": "W", "22": "W", "23": "W", "24": "E", "29": "S", "30": "S", "31": "E", "32": "N", "33": "S", "36": "S", "37": "S", "38": "N"}, {"0": "N", "1": "E", "26": "W", "28": "S", "2": "N", "4": "S", "5": "N", "6": "E", "7": "N", "8": "W", "9": "S", "10": "W", "11": "E", "13": "N", "17": "W", "18": "S", "20": "W", "22": "S", "25": "E", "29": "S", "30": "W", "31": "E", "32": "N", "36": "W", "37": "W"}, {"0": "N", "1": "E", "15": "E", "35": "N", "2": "N", "4": "W", "7": "N", "8": "W", "9": "W", "10": "S", "11": "N", "16": "N", "17": "W", "18": "S", "19": "W", "22": "E", "24": "W", "25": "E", "29": "E", "30": "W", "32": "N", "34": "N", "37": "W"}, {"1": "N", "15": "E", "35": "E", "2": "E", "5": "E", "8": "S", "9": "S", "10": "E", "18": "S", "20": "W", "22": "S", "29": "E", "30": "S", "33": "E", "34": "N"}, {"0": "W", "1": "W", "15": "E", "35": "E", "2": "N", "7": "N", "9": "S", "10": "S", "11": "N", "17": "W", "18": "W", "20": "S", "22": "S", "30": "W", "34": "E"}, {"0": "N", "1": "N", "3": "S", "2": "N", "5": "N", "7": "E", "9": "S", "10": "S", "18": "W", "20": "W", "30": "W", "32": "E", "33": "E", "34": "N"}, {"0": "E", "3": "E", "15": "S", "2": "E", "4": "W", "7": "N", "10": "E", "11": "N", "12": "S", "18": "W", "19": "W", "20": "W", "29": "S", "30": "N", "32": "N", "37": "S", "39": "W"}, {"0": "E", "3": "S", "15": "S", "35": "S", "2": "E", "7": "E", "8": "S", "10": "S", "13": "S", "17": "S", "18": "N", "20": "S", "29": "S", "37": "W", "39": "S"}, {"1": "W", "3": "S", "15": "S", "7": "E", "10": "E", "13": "S", "22": "E", "32": "N", "38": "E", "39": "W"}, {"15": "W", "26": "S", "7": "E", "10": "E", "32": "E", "39": "W"}, {"0": "S", "7": "S", "8": "E", "10": "N", "15": "W", "17": "S", "20": "E", "21": "E", "26": "E", "29": "W", "32": "N", "37": "S", "38": "S", "39": "W"}, {"0": "E", "1": "W", "2": "S", "7": "S", "8": "N", "9": "E", "10": "N", "13": "W", "15": "W", "17": "E", "18": "N", "20": "E", "21": "N", "22": "N", "26": "S", "29": "W", "30": "E", "32": "W", "35": "S", "37": "E", "38": "S", "39": "N"}, {"0": "E", "1": "W", "2": "E", "3": "W", "5": "E", "7": "E", "10": "N", "11": "E", "13": "W", "15": "W", "16": "E", "17": "E", "18": "N", "20": "E", "21": "N", "22": "N", "25": "S", "26": "E", "29": "W", "33": "N", "37": "E", "38": "S"}, {"0": "S", "1": "N", "2": "S", "3": "W", "4": "N", "7": "S", "8": "E", "10": "N", "11": "E", "13": "N", "14": "E", "15": "W", "16": "N", "17": "E", "18": "N", "19": "S", "21": "N", "22": "N", "26": "N", "29": "N", "33": "W", "37": "N", "38": "S"}, {"0": "E", "1": "W", "3": "N", "4": "N", "7": "E", "9": "E", "10": "N", "13": "E", "14": "E", "15": "N", "16": "W", "17": "E", "19": "W", "21": "N", "22": "N", "23": "E", "26": "E", "27": "S", "29": "W", "30": "E", "31": "E", "32": "S", "33": "N", "37": "E", "39": "W"}, {"0": "S", "8": "N", "9": "E", "10": "N", "13": "N", "14": "S", "15": "W", "17": "S", "18": "N", "20": "E", "21": "N", "23": "E", "25": "E", "26": "N", "27": "E", "29": "W", "31": "S", "32": "W", "33": "W", "34": "W", "36": "N"}, {"0": "S", "2": "W", "8": "N", "9": "N", "13": "N", "14": "E", "18": "N", "23": "E", "25": "S", "26": "E", "27": "E", "32": "S", "33": "N", "34": "S", "35": "W"}, {"0": "W", "13": "W", "14": "E", "16": "W", "17": "E", "18": "N", "20": "E", "23": "S", "24": "E", "27": "S", "32": "S", "33": "N", "34": "W", "37": "E", "38": "S"}, {"0": "S", "8": "N", "10": "N", "13": "W", "14": "E", "16": "S", "22": "N", "23": "E", "24": "E", "27": "S", "33": "W", "36": "E", "38": "S"}, {"0": "S", "1": "S", "10": "E", "12": "E", "14": "S", "16": "S", "23": "S", "27": "S", "31": "S", "33": "S"}, {"0": "E", "1": "S", "3": "N", "12": "E", "14": "S", "16": "S", "18": "N", "24": "E", "27": "W", "30": "N", "31": "S", "32": "E", "33": "W"}, {"6": "S", "7": "E", "12": "E", "16": "W", "26": "E", "27": "W", "29": "S", "30": "N", "33": "W", "36": "N", "38": "E"}, {"1": "S", "2": "S", "6": "W", "7": "E", "9": "E", "17": "N", "23": "E", "24": "S", "26": "E", "27": "S", "29": "W", "30": "W", "32": "S", "38": "S"}, {"1": "S", "3": "N", "6": "W", "7": "S", "9": "S", "12": "E", "20": "S", "23": "S", "24": "S", "26": "S", "27": "E", "32": "S", "33": "N", "38": "S"}, {"3": "N", "6": "N", "12": "E", "16": "W", "23": "S", "24": "E", "26": "W", "27": "E", "36": "N", "38": "W"}, {"1": "E", "3": "N", "9": "E", "12": "E", "13": "S", "14": "S", "16": "S", "17": "N", "19": "S", "22": "E", "23": "S", "24": "E", "38": "S"}, {"1": "S", "3": "W", "6": "W", "9": "E", "16": "E", "17": "W", "19": "S", "20": "E", "22": "N", "24": "N", "37": "E"}, {"1": "E", "2": "S", "6": "W", "9": "N", "13": "W", "15": "N", "16": "S", "17": "S", "19": "W", "20": "S", "22": "W", "29": "W", "32": "W", "34": "E", "36": "N", "37": "S"}, {"1": "E", "3": "W", "13": "W", "16": "E", "17": "S", "19": "N", "20": "E", "22": "W", "23": "E", "24": "E", "27": "E", "29": "N", "30": "S", "33": "W", "36": "N", "37": "E"}, {"3": "N", "13": "W", "14": "S", "16": "S", "19": "E", "23": "E", "24": "N", "29": "N", "30": "E", "32": "S", "36": "N", "37": "E"}, {"2": "S", "3": "N", "13": "N", "14": "E", "23": "E", "24": "N", "29": "E", "30": "N", "34": "E"}, {"2": "S", "13": "N", "19": "E", "30": "E", "34": "N"}, {"1": "W", "10": "E", "16": "S", "19": "E", "22": "W", "29": "N"}, {"6": "N", "10": "E", "22": "W", "37": "N"}, {"3": "E", "6": "W", "10": "E", "14": "E", "16": "E", "20": "N", "22": "W", "33": "S", "37": "E"}, {"10": "N", "14": "S", "20": "E", "22": "S", "24": "N", "26": "E", "33": "S"}, {"6": "W", "10": "N", "14": "E", "20": "S", "26": "E", "27": "N", "33": "S", "37": "E"}, {"10": "N", "14": "N", "20": "E", "24": "E", "27": "E", "29": "N", "33": "W"}, {"10": "N", "20": "N", "29": "W", "33": "N"}, {"6": "S", "20": "N", "33": "N", "34": "W"}, {"33": "N", "34": "W"}, {"17": "E", "33": "W", "34": "W"}, {"26": "S", "33": "W"}, {"10": "N", "33": "N"}, {"10": "W"}, {"10": "W", "33": "W"}, {"10": "W", "17": "S", "33": "N"}, {"10": "W", "17": "E", "20": "E", "32": "S", "33": "N", "34": "W"}, {"10": "S", "17": "E", "33": "N"}, {"33": "E"}, {"15": "N", "33": "N"}, {"17": "E"}, {"17": "N", "29": "S"}, {"29": "W", "35": "E"}, {"1": "N", "24": "N", "33": "N"}, {"1": "W", "24": "N", "33": "E"}, {"1": "W", "24": "N"}, {"24": "W", "26": "W"}, {"24": "W"}, {"1": "S", "29": "W"}, {"29": "N", "33": "E"}, {"33": "S"}, {"24": "W"}, {"29": "N"}, {"29": "N"}, {"29": "W"}, {"29": "N"}, {"29": "W"}, {"35": "W"}, {"26": "S", "29": "N", "35": "W"}, {"26": "W", "29": "N", "32": "N", "34": "N"}, {"26": "S", "29": "W", "32": "E", "34": "N"}, {"29": "N", "32": "N", "34": "W"}, {"20": "S", "29": "N", "32": "N", "34": "W"}, {"20": "E", "29": "N", "32": "W", "34": "W"}, {"20": "S", "26": "S", "29": "E", "32": "W", "34": "S"}, {"15": "N", "26": "S", "29": "N", "32": "W"}, {"26": "W", "34": "W"}, {"15": "N", "26": "S", "32": "S", "34": "W"}, {"15": "N", "26": "S", "29": "N", "32": "W", "34": "S"}, {"15": "N", "20": "S", "29": "E", "32": "W", "34": "S"}, {"15": "N", "20": "S", "29": "S", "34": "S"}, {"29": "E", "34": "E"}, {"20": "E", "29": "E", "34": "S", "35": "S"}, {"20": "E", "29": "E", "32": "S", "34": "S", "35": "W"}, {"20": "N", "29": "S", "32": "S", "34": "S", "35": "W"}, {"20": "E", "28": "E", "29": "S", "32": "S", "34": "E", "35": "N"}, {"20": "N", "28": "N", "29": "W", "32": "E", "34": "S"}, {"20": "E", "29": "S", "32": "S", "34": "E"}, {"20": "N", "34": "E"}, {"28": "N", "32": "S", "34": "E"}, {"28": "N", "32": "S", "34": "N"}, {"20": "N", "28": "E", "32": "E", "34": "N"}, {"20": "N", "32": "S"}, {"20": "W", "32": "E"}, {"32": "E"}, {"32": "E"}, {"28": "N", "32": "S"}, {"28": "E"}, {"28": "S"}, {"28": "S"}, {"28": "E"}, {"28": "S"}, {"28": "S"}]}