{"instance": "small_free_001_10x10_40_40", "steps": [{"29": "N", "24": "N", "25": "S", "30": "W", "10": "E", "7": "E", "21": "N", "5": "N", "20": "W", "38": "E", "13": "N", "6": "W", "1": "W", "32": "S", "17": "W", "12": "E", "27": "S", "36": "N", "28": "N", "35": "W", "18": "W", "14": "E", "22": "S", "4": "W", "2": "S", "3": "W", "15": "W", "16": "S", "33": "W", "19": "S"}, {"5": "E", "22": "N", "38": "S", "12": "W", "14": "E", "17": "E", "10": "N", "36": "N", "28": "N", "21": "N", "30": "S", "16": "N", "23": "E", "29": "N", "18": "W", "7": "W", "13": "N", "6": "W", "1": "W", "20": "S", "24": "E", "3": "N", "33": "W", "19": "W"}, {"30": "N", "25": "E", "22": "W", "13": "N", "21": "N", "32": "W", "36": "S", "1": "N", "34": "W", "9": "S", "19": "S", "7": "E", "39": "W", "10": "N", "8": "N", "14": "E", "28": "W", "3": "S", "33": "W", "2": "E", "15": "N", "20": "W", "6": "W", "18": "W", "17": "S", "37": "S", "24": "S", "12": "S"}, {"11": "W", "21": "S", "24": "N", "5": "E", "25": "E", "33": "W", "8": "N", "15": "N", "16": "W", "9": "S", "17": "E", "20": "S", "29": "E", "10": "S", "7": "N", "23": "E", "30": "S", "12": "W", "36": "S", "37": "S", "3": "N", "14": "N", "26": "E", "18": "N", "32": "W", "1": "S", "2": "E"}, {"29": "N", "20": "E", "33": "N", "23": "S", "13": "W", "9": "E", "3": "S", "18": "W", "39": "W", "6": "W", "11": "E", "30": "N", "12": "E", "2": "N", "37": "E", "10": "N", "0": "S", "21": "S", "26": "S", "15": "N", "14": "E", "16": "S"}, {"9": "E", "25": "N", "13": "W", "37": "E", "18": "E", "34": "S", "16": "E", "14": "E", "31": "S", "12": "E", "29": "N", "33": "W", "26": "S", "4": "N", "30": "N", "17": "S", "36": "W", "15": "E", "28": "N", "3": "N", "20": "W", "39": "S", "38": "W"}, {"26": "E", "11": "E", "25": "S", "18": "W", "15": "W", "17": "S", "28": "S", "22": "W", "36": "N", "38": "E", "2": "W", "10": "E", "14": "E", "21": "E", "3": "E", "33": "N", "32": "N", "24": "E", "7": "N", "29": "S"}, {"9": "S", "36": "N", "20": "S", "16": "N", "17": "E", "13": "E", "33": "W", "32": "S", "2": "S", "15": "E", "31": "E", "18": "S", "27": "S", "24": "S", "21": "N", "10": "N", "14": "E", "3": "S", "37": "S", "7": "E", "12": "W", "29": "E"}, {"23": "S", "26": "E", "21": "S", "16": "W", "14": "S", "3": "N", "20": "E", "12": "E", "9": "E", "7": "E", "15": "W", "2": "E", "39": "N", "10": "E", "29": "W", "18": "S", "5": "E", "25": "N", "37": "E", "27": "E", "0": "E", "36": "E"}, {"7": "S", "18": "N", "1": "S", "27": "W", "3": "W", "24": "E", "37": "W", "0": "W", "28": "W", "5": "W", "4": "W", "33": "N", "25": "E", "26": "E", "22": "E", "14": "E", "15": "E", "38": "W", "13": "E", "11": "W", "16": "N", "9": "S", "12": "E", "20": "E", "29": "W", "36": "N", "39": "W"}, {"3": "E", "23": "E", "17": "W", "10": "N", "11": "N", "20": "N", "27": "S", "12": "N", "7": "N", "13": "W", "31": "S", "16": "E", "9": "E", "33": "S", "22": "N", "25": "E", "24": "N", "36": "N", "26": "S", "15": "E", "38": "E", "18": "S", "14": "E"}, {"31": "E", "39": "W", "36": "N", "12": "S", "26": "N", "23": "E", "1": "E", "13": "W", "22": "W", "7": "S", "15": "N", "4": "S", "9": "E", "21": "N", "33": "N", "3": "S", "11": "N", "37": "S", "38": "W", "17": "E", "25": "W", "16": "N", "18": "W", "14": "W"}, {"24": "S", "33": "N", "23": "E", "0": "S", "31": "E", "17": "S", "27": "S", "32": "W", "5": "N", "11": "E", "29": "S", "37": "E", "7": "E", "13": "E", "18": "E", "25": "S", "3": "N", "20": "W", "14": "S", "16": "S"}, {"4": "E", "37": "N", "21": "S", "5": "N", "2": "W", "0": "W", "29": "E", "1": "N", "34": "E", "31": "S", "3": "S", "38": "S", "18": "N", "14": "N", "28": "W", "32": "S", "16": "N", "23": "E", "20": "E", "39": "W", "27": "W", "15": "E", "11": "N", "24": "N", "22": "N", "25": "N", "33": "S", "17": "E"}, {"25": "S", "1": "S", "24": "E", "13": "S", "2": "S", "0": "E", "21": "N", "12": "N", "37": "E", "3": "N", "18": "N", "17": "N", "27": "W", "26": "E", "33": "N", "20": "S", "14": "S", "29": "N", "15": "W"}, {"24": "N", "20": "S", "28": "W", "37": "E", "7": "N", "11": "E", "4": "N", "15": "W", "1": "W", "12": "S", "17": "E", "18": "N", "14": "E", "27": "E", "26": "W", "3": "E", "0": "S", "21": "N"}, {"27": "E", "20": "E", "38": "S", "26": "E", "1": "S", "16": "S", "2": "S", "37": "E", "0": "E", "18": "N", "12": "N", "11": "E", "13": "E", "21": "S", "29": "S", "22": "N", "15": "N", "4": "N", "3": "W", "33": "W", "7": "S"}, {"29": "N", "18": "N", "12": "S", "3": "E", "14": "W", "16": "S", "23": "E", "7": "N", "22": "W", "27": "W", "33": "W", "13": "W", "2": "N", "34": "W", "26": "W", "4": "S", "25": "W"}, {"23": "E", "29": "W", "25": "N", "32": "S", "38": "W", "37": "N", "34": "W", "13": "W", "21": "W", "22": "S", "33": "E", "4": "W", "27": "E", "7": "E", "0": "E", "16": "W", "20": "N", "14": "E", "28": "W"}, {"27": "E", "20": "E", "14": "S", "4": "E", "7": "N", "13": "W", "3": "N", "15": "S", "33": "W", "21": "E", "38": "E", "25": "E", "23": "S", "12": "N", "2": "N", "29": "W", "28": "N"}, {"20": "E", "12": "E", "15": "W", "10": "W", "7": "S", "29": "N", "33": "N", "28": "S", "3": "W", "27": "E", "26": "E", "14": "W", "32": "S"}, {"28": "N", "32": "E", "27": "E", "18": "S", "15": "E", "24": "N", "29": "W", "26": "W", "38": "S", "23": "W", "20": "S", "16": "N", "25": "E", "14": "S", "12": "W"}, {"28": "W", "4": "W", "27": "E", "7": "E", "2": "N", "18": "S", "25": "S", "20": "E", "26": "E", "32": "S", "15": "W", "10": "N", "0": "E", "29": "E", "23": "S", "33": "N", "38": "S"}, {"20": "E", "24": "W", "25": "W", "28": "E", "4": "W", "33": "E", "3": "E", "2": "E", "38": "N", "15": "E", "32": "E", "18": "N", "7": "E", "21": "S", "14": "E"}, {"15": "N", "14": "S", "13": "S", "23": "S", "21": "S", "10": "N", "33": "E", "3": "N", "12": "E", "7": "E", "24": "N", "32": "E", "16": "E"}, {"33": "W", "14": "S", "10": "N", "16": "E", "32": "S", "20": "E", "7": "S", "24": "N", "21": "W"}, {"21": "N", "3": "E", "20": "S", "10": "E", "26": "W", "18": "S", "12": "W", "13": "W", "14": "W", "32": "S", "24": "S", "28": "W"}, {"18": "N", "32": "N", "3": "N", "38": "E", "24": "N", "16": "N", "12": "N", "26": "S", "21": "S", "25": "E", "33": "N"}, {"25": "W", "21": "N", "13": "W", "12": "S", "32": "W", "16": "S", "20": "N", "38": "W", "26": "W", "3": "E", "15": "S", "33": "N"}, {"13": "W", "12": "N", "33": "N", "20": "N", "25": "S", "26": "W", "24": "S", "15": "E", "16": "N", "21": "W", "32": "E", "3": "N", "28": "E"}, {"24": "N", "28": "W", "29": "S", "12": "S", "26": "S", "32": "S", "33": "E", "38": "N", "21": "W", "3": "W", "20": "N", "16": "S"}, {"29": "N", "28": "E", "38": "S", "15": "N", "20": "E", "33": "E", "3": "W", "12": "E", "21": "E", "16": "N", "32": "E", "26": "W"}, {"26": "W", "16": "S", "15": "N", "24": "S", "13": "W", "21": "W", "3": "N", "32": "S", "20": "N", "33": "S"}, {"13": "E", "32": "N", "28": "S", "3": "E", "26": "S", "16": "N", "24": "N"}, {"12": "E", "32": "N", "16": "S", "20": "E", "28": "S", "15": "W", "13": "E", "3": "W", "26": "E", "21": "S"}, {"21": "N", "12": "S", "20": "E", "16": "N", "13": "W", "15": "W"}, {"3": "E", "28": "E", "16": "S", "12": "E", "21": "E"}, {"3": "W", "16": "N", "21": "W", "28": "S", "29": "N", "24": "W", "26": "W"}, {"38": "N", "15": "N", "21": "E", "24": "E", "18": "N"}, {"15": "S", "16": "W", "28": "N", "13": "N", "29": "S", "18": "E", "3": "E", "21": "N"}, {"3": "W", "15": "E", "24": "W", "16": "W", "13": "N", "18": "N", "21": "W", "26": "W"}, {"29": "N", "13": "E", "2": "W", "3": "E", "24": "S", "21": "N", "16": "S", "28": "E", "15": "W"}, {"21": "N", "16": "N", "29": "S", "3": "W", "24": "N", "2": "E", "26": "E"}, {"3": "E", "28": "W", "16": "S", "26": "N", "21": "S"}, {"26": "S", "24": "E", "3": "W", "28": "S", "21": "N", "29": "N", "15": "N", "16": "N"}, {"21": "S", "29": "N", "3": "E", "16": "S"}, {"3": "W", "15": "S", "16": "N", "18": "N", "29": "S", "38": "S"}, {"18": "S", "26": "N", "15": "N", "28": "N", "16": "S", "29": "N", "21": "S"}, {"18": "W", "21": "N", "16": "N", "29": "W", "15": "S", "28": "W"}, {"2": "E", "16": "W", "26": "N", "29": "W", "21": "S"}, {"21": "W", "3": "E", "24": "E", "29": "S", "16": "W"}, {"38": "S", "16": "W", "21": "W", "26": "S", "15": "E", "3": "W", "2": "N", "28": "N"}, {"28": "N", "15": "W", "26": "N", "16": "S", "3": "W", "38": "S", "2": "N", "29": "S"}, {"38": "E", "28": "S", "26": "W", "16": "W", "2": "S", "15": "E", "3": "E"}, {"16": "W", "2": "S", "26": "S", "38": "S", "28": "S", "3": "E", "21": "S", "29": "W", "15": "W"}, {"29": "S", "2": "E", "26": "W", "28": "E", "21": "N", "38": "S"}, {"21": "N", "28": "S", "26": "E", "16": "S"}, {"21": "W", "15": "N", "2": "S", "16": "S", "3": "E"}, {"21": "S", "26": "S", "15": "N", "2": "W", "16": "S", "3": "E"}, {"16": "E", "26": "W", "3": "S", "21": "S"}, {"16": "S", "3": "N", "21": "W", "26": "W"}, {"16": "S"}, {"16": "S", "3": "E", "26": "E"}, {"21": "S", "3": "S", "16": "E"}, {"21": "N", "26": "E", "16": "E", "3": "E", "15": "N"}, {"3": "S", "26": "N", "21": "E", "16": "E"}, {"3": "E", "16": "E", "15": "N", "28": "N"}, {"26": "S", "21": "E", "28": "S", "16": "E"}, {"16": "N", "21": "E", "15": "W", "3": "W"}, {"26": "N", "3": "S", "15": "N", "21": "E", "28": "N"}, {"15": "S", "26": "N", "3": "W", "21": "W"}, {"28": "W", "15": "N", "21": "N", "3": "N", "26": "S"}, {"21": "W", "26": "S", "28": "E", "3": "N"}, {"26": "E", "3": "N", "21": "W"}, {"26": "W", "3": "S", "15": "W", "28": "S"}, {"15": "E", "21": "W", "28": "N", "3": "E"}, {"15": "W", "28": "E", "3": "N", "21": "N"}, {"28": "W", "15": "E", "3": "E", "26": "N"}, {"15": "E", "3": "N", "21": "S", "26": "E"}, {"26": "W", "21": "W", "28": "S", "15": "W"}, {"28": "N", "21": "W", "26": "W"}, {"28": "S", "21": "N", "15": "E", "26": "E"}, {"3": "W", "26": "E", "15": "S"}, {"21": "E", "3": "N", "15": "N", "26": "N"}, {"21": "E", "3": "W"}, {"3": "W", "26": "E"}, {"21": "N", "26": "W", "15": "W", "28": "N"}, {"3": "E", "26": "W", "15": "E"}, {"15": "N", "21": "N", "3": "N", "26": "W", "28": "S"}, {"26": "W", "15": "E", "3": "S"}, {"3": "W", "28": "N", "15": "S", "26": "E"}, {"3": "N", "15": "S", "28": "S", "21": "N", "26": "N"}, {"21": "N", "26": "E", "15": "N"}, {"15": "N", "3": "N", "21": "W", "28": "N"}, {"3": "W", "21": "W", "15": "E", "26": "W"}, {"21": "N", "26": "N", "15": "S", "28": "W"}, {"15": "N", "3": "E", "26": "W", "21": "W"}, {"3": "S", "21": "W", "15": "N"}, {"3": "W", "15": "E", "26": "S", "21": "E", "28": "E"}, {"28": "S", "15": "S", "26": "E", "3": "E"}]}