{"instance": "small_free_001_10x10_40_40", "steps": [{"23": "E", "10": "N", "9": "S", "16": "S", "21": "N", "30": "W", "17": "E", "39": "W", "24": "S", "33": "W", "15": "N", "28": "W", "27": "S", "19": "S", "6": "W", "3": "W", "12": "W", "20": "W", "14": "E", "35": "W", "1": "S", "36": "N", "32": "E", "13": "N", "7": "E", "0": "S", "11": "W", "4": "W", "18": "W", "38": "E", "8": "W", "29": "W", "25": "N"}, {"22": "W", "13": "N", "10": "E", "0": "E", "2": "E", "15": "N", "25": "N", "6": "E", "38": "W", "28": "N", "37": "S", "3": "N", "36": "E", "16": "N", "34": "W", "33": "W", "1": "S", "20": "S", "27": "S", "14": "S", "8": "E", "11": "E", "7": "N", "17": "W", "12": "E", "21": "N", "24": "E", "39": "W", "18": "N"}, {"13": "W", "6": "W", "37": "S", "18": "W", "11": "W", "24": "E", "31": "W", "8": "N", "30": "W", "4": "W", "26": "E", "33": "W", "1": "W", "22": "W", "27": "E", "14": "E", "12": "E", "25": "S", "9": "E", "3": "N", "38": "E", "15": "W", "20": "E", "17": "S", "7": "E", "29": "N", "16": "S", "23": "E", "34": "W"}, {"23": "W", "15": "N", "2": "E", "3": "N", "18": "E", "30": "E", "7": "N", "24": "E", "16": "S", "14": "E", "9": "S", "21": "E", "8": "W", "36": "N", "25": "N", "4": "W", "13": "N", "17": "E", "10": "E", "28": "N", "20": "W", "6": "E", "33": "N", "26": "S", "38": "S", "1": "N", "22": "W"}, {"10": "W", "20": "E", "28": "W", "21": "N", "23": "E", "15": "S", "34": "W", "6": "W", "3": "W", "18": "N", "30": "W", "25": "S", "37": "E", "2": "S", "8": "N", "7": "E", "12": "E", "24": "W", "9": "S", "33": "W", "17": "S", "13": "E", "26": "W"}, {"25": "S", "38": "N", "13": "W", "15": "N", "20": "W", "10": "E", "7": "E", "8": "E", "30": "W", "23": "W", "18": "S", "26": "S", "12": "N", "33": "W", "1": "W", "36": "W", "21": "N", "28": "E", "24": "E", "9": "E"}, {"30": "E", "12": "E", "14": "E", "10": "E", "18": "S", "27": "S", "37": "E", "15": "W", "36": "W", "20": "E", "6": "W", "0": "W", "28": "W", "34": "S", "9": "S", "13": "E", "33": "N", "1": "E", "7": "N", "26": "E", "25": "E", "24": "S"}, {"36": "E", "18": "N", "37": "W", "30": "N", "24": "N", "13": "W", "29": "S", "9": "S", "12": "S", "10": "E", "25": "N", "5": "W", "0": "E", "19": "W", "27": "E", "23": "E", "1": "E", "32": "N", "7": "E", "28": "E", "33": "E"}, {"33": "N", "23": "S", "32": "S", "25": "E", "2": "E", "10": "W", "29": "N", "22": "S", "9": "E", "28": "E", "7": "E", "24": "S", "27": "S", "1": "W", "37": "S", "38": "N", "36": "W", "34": "S", "5": "N", "18": "S", "12": "S"}, {"39": "W", "23": "S", "1": "E", "29": "S", "34": "E", "33": "W", "25": "N", "19": "W", "7": "E", "26": "S", "27": "E", "17": "S", "28": "W", "9": "E", "6": "N", "36": "W", "5": "E", "37": "E", "18": "E", "38": "S", "32": "N", "12": "N", "15": "W", "13": "E", "31": "N"}, {"4": "N", "27": "E", "38": "N", "24": "N", "12": "S", "6": "S", "5": "N", "19": "S", "14": "N", "23": "E", "26": "E", "36": "E", "7": "E", "10": "N", "20": "N", "3": "N", "29": "E", "32": "E", "25": "E", "17": "E", "33": "E", "39": "S", "13": "W", "18": "W", "37": "E", "31": "E", "1": "W", "9": "E", "30": "W"}, {"14": "S", "28": "N", "20": "E", "38": "S", "5": "N", "15": "N", "24": "E", "30": "E", "36": "S", "17": "W", "9": "N", "23": "S", "29": "W", "25": "S", "13": "N", "19": "E", "7": "S", "26": "E", "11": "W", "37": "E", "0": "E", "18": "W", "32": "W", "22": "N"}, {"30": "W", "11": "E", "1": "W", "25": "W", "28": "W", "14": "S", "17": "E", "23": "E", "5": "E", "33": "N", "24": "N", "18": "W", "21": "E", "13": "S", "20": "S", "26": "N", "29": "E", "36": "E"}, {"20": "S", "28": "E", "25": "E", "30": "E", "18": "W", "37": "E", "36": "W", "6": "N", "16": "S", "13": "E", "22": "N", "21": "E", "39": "N", "12": "N", "29": "W", "32": "W", "11": "S", "26": "S", "5": "N", "38": "N"}, {"33": "N", "12": "S", "17": "S", "6": "S", "24": "E", "37": "S", "30": "E", "5": "S", "25": "E", "1": "N", "13": "S", "38": "S", "14": "S", "29": "N", "32": "S", "31": "S", "28": "W", "36": "N", "26": "E"}, {"10": "S", "20": "E", "38": "S", "13": "W", "26": "N", "37": "N", "12": "W", "36": "E", "0": "E", "24": "N", "1": "S", "32": "W", "21": "E", "39": "W", "18": "N", "16": "S", "5": "W", "25": "S", "7": "S"}, {"32": "E", "5": "E", "12": "E", "31": "S", "29": "E", "36": "N", "25": "S", "26": "W", "17": "S", "6": "W", "37": "S", "13": "S", "39": "E", "1": "W", "28": "W"}, {"37": "N", "29": "W", "12": "N", "21": "W", "17": "N", "1": "S", "24": "E", "20": "E", "10": "E", "5": "N", "39": "S", "22": "N", "28": "N", "25": "S", "6": "E", "0": "S", "33": "N", "36": "N", "18": "S"}, {"20": "E", "0": "N", "39": "S", "5": "E", "6": "W", "25": "W", "10": "N", "1": "N", "37": "N", "36": "N", "28": "S", "17": "N", "18": "N", "11": "W", "24": "E", "12": "W", "13": "E"}, {"37": "E", "39": "S", "12": "E", "17": "E", "0": "S", "13": "W", "24": "N", "1": "S", "5": "W", "14": "S", "20": "S", "26": "W", "6": "W", "32": "S"}, {"26": "E", "32": "N", "5": "E", "20": "S", "38": "E", "14": "S", "13": "S", "0": "N", "28": "E", "18": "W", "39": "W"}, {"5": "S", "14": "N", "28": "W", "21": "S", "39": "W", "13": "N", "32": "S", "20": "N", "31": "N", "38": "W", "26": "S", "34": "S", "23": "S", "12": "W", "18": "N", "24": "N"}, {"31": "S", "1": "N", "21": "N", "17": "E", "0": "S", "28": "N", "13": "N", "32": "N", "24": "N", "12": "E", "39": "N", "20": "S", "26": "S", "18": "N"}, {"32": "S", "18": "E", "1": "E", "13": "E", "23": "E", "24": "E", "38": "S", "20": "S", "21": "E", "12": "W", "39": "N", "29": "E", "34": "S"}, {"26": "S", "10": "N", "0": "N", "24": "N", "12": "E", "13": "W", "28": "W", "39": "N", "23": "S", "20": "N", "34": "N"}, {"13": "W", "12": "E", "23": "S", "34": "N", "28": "S", "26": "E", "24": "W", "0": "S", "20": "S"}, {"0": "N", "13": "E", "24": "W", "1": "N", "34": "N", "20": "E", "23": "S", "26": "E", "12": "W", "21": "S"}, {"1": "S", "21": "N", "24": "W", "12": "E", "26": "W", "18": "S", "0": "S", "13": "W", "28": "N", "23": "E"}, {"1": "S", "28": "S", "13": "E", "24": "N", "23": "E", "18": "N", "20": "E", "26": "E", "21": "E", "12": "W"}, {"20": "S", "13": "W", "18": "S", "29": "E", "24": "S", "12": "E", "23": "N", "28": "E", "10": "E", "26": "S"}, {"29": "N", "18": "N", "31": "E", "23": "N", "20": "E", "13": "E", "26": "E", "21": "S", "28": "N", "12": "E", "24": "N"}, {"18": "S", "20": "E", "28": "W", "21": "W", "31": "S", "0": "S", "38": "N", "24": "W", "26": "N", "29": "N", "12": "S"}, {"11": "S", "10": "E", "28": "S", "18": "S", "38": "S", "29": "W", "24": "S", "21": "E", "20": "E"}, {"10": "N", "11": "S", "13": "E", "20": "N", "28": "W", "14": "W", "29": "N", "18": "W", "21": "E"}, {"28": "W", "26": "E", "29": "N", "31": "E", "18": "E", "13": "N", "11": "N", "14": "E", "20": "W", "10": "N", "21": "E"}, {"28": "W", "11": "N", "26": "E", "10": "W", "31": "E", "20": "E", "18": "N", "21": "N", "29": "W", "13": "N"}, {"29": "W", "38": "N", "13": "N", "26": "E", "18": "N", "20": "N", "28": "S", "32": "N", "31": "S", "10": "N"}, {"29": "W", "14": "N", "13": "W", "21": "W", "10": "W", "20": "E", "38": "W"}, {"32": "N", "11": "E", "13": "N", "18": "S", "10": "N", "29": "S", "26": "N", "21": "E", "38": "W", "20": "N", "14": "N"}, {"18": "N", "33": "E", "13": "W", "20": "N", "10": "W", "26": "N", "38": "E", "29": "N"}, {"20": "N", "26": "E", "13": "N", "18": "N", "21": "S", "29": "S"}, {"33": "W", "26": "N", "21": "E", "29": "N", "18": "S", "20": "W", "13": "N"}, {"11": "N", "29": "S", "13": "W", "18": "N"}, {"18": "S", "13": "W", "29": "N", "26": "N"}, {"18": "S", "13": "W", "21": "N", "29": "S", "26": "W"}, {"38": "W", "26": "W", "29": "N", "18": "N", "21": "N", "13": "E"}, {"13": "E", "18": "N", "21": "S", "38": "E", "29": "S"}, {"38": "W", "26": "S", "21": "W", "13": "W"}, {"13": "S", "21": "E", "38": "E"}, {"38": "W", "21": "N", "13": "N", "18": "S"}, {"38": "E", "13": "S", "21": "W", "18": "N"}, {"38": "W", "32": "W", "29": "W", "13": "N"}, {"21": "W", "38": "N", "13": "S"}, {"38": "S", "21": "E", "13": "S"}, {"18": "S", "13": "N", "21": "E", "38": "N", "11": "S"}, {"21": "S", "38": "S", "33": "E", "18": "N", "13": "S"}, {"38": "N", "13": "N", "21": "W", "18": "N"}, {"11": "W", "21": "E", "38": "S", "13": "S"}, {"11": "E", "38": "N", "21": "S"}, {"38": "S", "13": "N", "21": "W"}, {"13": "S", "11": "W"}, {"38": "N", "21": "E", "11": "E"}, {"38": "S", "21": "W", "11": "W", "13": "N"}, {"13": "S", "11": "E", "38": "N"}, {"32": "W", "38": "N", "21": "S", "13": "N", "11": "W"}, {"29": "W", "11": "E", "21": "W", "13": "S", "38": "S"}, {"38": "N", "13": "W", "21": "S"}, {"32": "N", "21": "S"}, {"32": "S", "21": "W"}, {"11": "W", "32": "N", "21": "E"}, {"33": "S", "11": "S", "21": "E", "38": "W", "32": "S"}, {"32": "N", "38": "S", "21": "N", "13": "E", "29": "E", "11": "N", "33": "N"}, {"13": "N", "38": "W", "11": "E", "21": "W", "32": "S"}, {"21": "E", "11": "W", "32": "E", "13": "S", "38": "S"}, {"33": "S", "38": "S", "21": "E", "13": "N", "11": "S"}, {"38": "S", "33": "N", "11": "N", "13": "S", "21": "S"}, {"13": "N", "21": "W", "11": "E", "38": "E"}, {"38": "S", "13": "S", "21": "W", "32": "W"}, {"13": "N", "32": "E", "21": "W", "38": "S"}, {"32": "W", "13": "S", "38": "S"}, {"21": "S", "13": "N", "38": "E", "32": "E"}, {"38": "S", "13": "S", "11": "W"}, {"21": "N", "32": "W", "13": "N", "11": "E", "38": "S"}, {"32": "E", "29": "E", "38": "E", "13": "N"}, {"14": "N", "32": "W", "13": "S", "38": "E", "33": "N", "21": "S"}, {"21": "W", "13": "N", "32": "E", "11": "N"}, {"29": "N", "32": "W", "21": "S", "14": "W"}, {"13": "N", "32": "N", "29": "S", "33": "N", "11": "N", "21": "W"}, {"29": "N", "32": "S", "21": "S", "13": "S"}, {"29": "S", "11": "S", "13": "S", "32": "N"}, {"32": "S", "13": "N", "29": "N", "11": "N", "21": "S"}, {"11": "S", "32": "N", "29": "S", "13": "S", "21": "E"}, {"21": "S", "13": "N", "11": "N", "32": "S"}, {"32": "N", "11": "S", "21": "S", "13": "S"}, {"32": "S", "11": "N", "13": "N"}, {"32": "N", "13": "N", "21": "N"}, {"21": "E", "13": "S", "32": "S"}, {"11": "S", "32": "N", "13": "S", "21": "W"}, {"21": "W", "13": "N", "32": "S", "11": "N"}, {"21": "S", "32": "N", "11": "S"}]}