{"instance": "small_free_001_10x10_40_40", "steps": [{"33": "W", "19": "W", "4": "W", "7": "E", "14": "E", "35": "W", "39": "W", "30": "W", "32": "S", "12": "E", "9": "S", "28": "N", "27": "S", "29": "W", "11": "N", "20": "W", "6": "N", "36": "N", "13": "W", "38": "N", "3": "W", "17": "W", "24": "E", "2": "S", "26": "W", "18": "W", "22": "W", "10": "E", "21": "N", "25": "N"}, {"3": "N", "5": "E", "26": "E", "11": "E", "18": "N", "6": "S", "14": "E", "24": "N", "34": "W", "1": "S", "37": "E", "36": "N", "17": "E", "25": "E", "39": "W", "33": "W", "22": "N", "9": "S", "21": "N", "12": "W", "2": "E", "29": "W", "10": "N", "38": "E", "13": "N", "20": "E", "30": "S", "15": "W"}, {"30": "W", "36": "N", "28": "E", "13": "W", "34": "W", "18": "W", "26": "S", "37": "S", "11": "E", "12": "E", "15": "N", "17": "W", "24": "E", "14": "E", "1": "S", "38": "S", "2": "E", "19": "S", "0": "S", "25": "N", "20": "S", "7": "S", "6": "E", "33": "N", "9": "E"}, {"31": "S", "16": "N", "37": "E", "38": "S", "26": "S", "23": "W", "11": "N", "13": "N", "14": "S", "17": "S", "22": "N", "12": "N", "8": "W", "25": "E", "7": "N", "0": "E", "10": "S", "9": "S", "33": "W", "28": "N", "15": "W", "6": "E"}, {"6": "W", "25": "S", "15": "S", "11": "E", "18": "S", "17": "S", "12": "S", "37": "S", "28": "W", "30": "N", "8": "E", "19": "S", "7": "N", "26": "E", "33": "S", "5": "N", "9": "S", "2": "E", "27": "S", "38": "N", "23": "E", "0": "N", "20": "S", "32": "E", "16": "S", "31": "E", "10": "N", "1": "S"}, {"36": "S", "5": "E", "22": "E", "14": "W", "28": "W", "7": "E", "4": "W", "21": "S", "20": "N", "33": "N", "13": "E", "38": "N", "25": "S", "10": "S", "30": "S", "1": "S", "0": "E", "23": "E", "15": "N", "29": "N", "32": "W", "17": "S", "18": "S", "11": "E", "16": "N", "26": "E", "3": "N", "6": "N"}, {"26": "W", "34": "N", "9": "S", "23": "E", "17": "E", "8": "W", "4": "N", "30": "E", "31": "S", "11": "W", "21": "N", "28": "E", "7": "E", "36": "N", "20": "W", "6": "W", "29": "N", "1": "E", "37": "E", "32": "S", "22": "W", "12": "S", "38": "N", "33": "S", "14": "E", "10": "S", "16": "S", "0": "N", "5": "N", "15": "N", "18": "N", "25": "N"}, {"34": "S", "13": "N", "16": "S", "4": "W", "37": "W", "38": "W", "21": "S", "0": "S", "33": "S", "18": "S", "6": "W", "26": "E", "12": "E", "30": "W", "14": "W", "28": "N", "20": "S", "22": "W", "7": "N", "11": "N", "8": "N", "36": "N", "10": "N", "9": "N", "3": "N", "17": "E", "25": "S", "31": "S"}, {"26": "S", "36": "S", "24": "S", "29": "W", "18": "W", "33": "W", "23": "S", "28": "W", "38": "E", "21": "E", "20": "E", "32": "S", "0": "S", "7": "E", "15": "W", "10": "S", "27": "W", "14": "E", "39": "E", "31": "E", "25": "N", "1": "E", "5": "N", "37": "S", "8": "E", "9": "S", "6": "S", "30": "E"}, {"6": "W", "7": "E", "39": "E", "17": "S", "23": "E", "15": "N", "37": "N", "13": "W", "1": "W", "25": "S", "26": "N", "3": "N", "14": "S", "21": "N", "36": "N", "10": "E", "8": "N", "16": "N", "34": "W", "9": "N", "38": "W"}, {"37": "N", "20": "E", "13": "W", "22": "N", "17": "S", "7": "E", "34": "E", "30": "W", "33": "N", "24": "E", "14": "S", "21": "N", "12": "N", "10": "N", "9": "E", "0": "E", "39": "E", "18": "E", "1": "W", "31": "E", "36": "N", "6": "N"}, {"13": "E", "37": "S", "29": "N", "17": "N", "39": "W", "25": "N", "33": "N", "18": "N", "23": "S", "1": "E", "10": "E", "12": "E", "9": "S", "24": "E", "38": "S", "22": "S", "26": "S", "32": "S", "30": "S"}, {"28": "W", "20": "W", "33": "N", "3": "W", "39": "S", "9": "N", "6": "E", "22": "N", "21": "N", "14": "S", "38": "S", "10": "S", "12": "S", "18": "N", "13": "E", "1": "S", "27": "E", "32": "S", "7": "E", "15": "S", "30": "E", "23": "S", "26": "N", "24": "N", "17": "W"}, {"9": "E", "0": "S", "7": "E", "12": "E", "23": "S", "6": "W", "17": "E", "39": "N", "26": "S", "1": "N", "14": "E", "27": "W", "22": "W", "10": "N", "13": "W", "33": "S", "28": "E", "38": "N", "16": "S", "34": "S", "15": "E", "25": "N"}, {"27": "S", "32": "S", "26": "E", "6": "W", "14": "S", "9": "S", "39": "S", "30": "N", "16": "N", "38": "S", "12": "W", "22": "W", "1": "W", "17": "N", "23": "E", "28": "W", "25": "S", "20": "W", "18": "S", "7": "S"}, {"17": "E", "12": "N", "38": "N", "9": "S", "18": "N", "27": "S", "6": "E", "33": "S", "26": "E", "20": "E", "16": "S", "14": "S", "22": "S"}, {"20": "E", "12": "E", "32": "E", "28": "W", "22": "E", "10": "S", "30": "W", "24": "E", "6": "E", "38": "N", "9": "N", "29": "W", "33": "N", "27": "E", "15": "S"}, {"12": "E", "14": "N", "38": "S", "25": "S", "21": "W", "10": "S", "1": "E", "33": "W", "26": "N", "23": "E", "17": "E", "37": "W", "24": "W", "9": "S", "20": "E", "27": "W", "6": "W"}, {"14": "N", "21": "E", "12": "S", "25": "E", "30": "E", "1": "W", "6": "W", "33": "W", "18": "W", "28": "N", "17": "S", "20": "W", "10": "N", "26": "E", "27": "E", "39": "E", "38": "S", "9": "N"}, {"6": "W", "14": "E", "38": "S", "16": "N", "30": "N", "39": "W", "17": "N", "1": "E", "25": "S", "20": "E", "10": "E", "9": "E", "37": "S"}, {"9": "N", "25": "S", "0": "N", "6": "S", "10": "N", "17": "E", "20": "E", "1": "W", "18": "N", "38": "E", "33": "W", "28": "W", "37": "N", "21": "N"}, {"37": "E", "33": "W", "26": "S", "13": "W", "30": "N", "9": "E", "28": "S", "20": "N", "10": "E"}, {"20": "E", "26": "N", "38": "W", "10": "N", "16": "E", "28": "W", "33": "N", "24": "E"}, {"0": "N", "1": "E", "15": "W", "33": "N", "16": "E", "38": "W", "27": "E", "10": "N", "39": "S", "20": "W"}, {"28": "W", "39": "N", "16": "E", "27": "S", "23": "S", "0": "E", "24": "N", "37": "S", "20": "E", "10": "N", "33": "N", "38": "N"}, {"38": "W", "0": "E", "24": "S", "23": "E", "33": "N", "16": "S", "27": "N", "37": "N", "28": "W", "26": "E", "1": "N", "39": "E"}, {"24": "E", "16": "E", "23": "E", "15": "N", "39": "W", "28": "S", "38": "W", "0": "E", "33": "N", "10": "E", "1": "E", "20": "W", "27": "S"}, {"39": "N", "0": "S", "24": "N", "10": "N", "18": "S", "15": "S", "33": "N", "38": "S", "26": "S"}, {"39": "S", "37": "E", "18": "W", "20": "E", "24": "E", "38": "S", "1": "S", "13": "S", "16": "S", "15": "W", "26": "E"}, {"39": "W", "13": "N", "0": "N", "10": "N", "38": "S", "16": "N", "1": "N", "37": "E", "27": "S", "33": "N", "18": "N", "15": "E", "24": "N"}, {"15": "E", "26": "N", "24": "S", "37": "W", "38": "E", "27": "E", "18": "N", "13": "S", "0": "W", "39": "W", "33": "N", "1": "E"}, {"24": "N", "27": "E", "0": "E", "33": "E", "10": "W", "38": "S", "1": "N", "37": "S", "26": "E", "13": "N", "15": "N", "39": "S", "16": "S", "18": "N"}, {"24": "N", "18": "N", "15": "N", "33": "E", "27": "N", "13": "E", "1": "N", "39": "N", "10": "N", "38": "S", "16": "E"}, {"38": "S", "13": "W", "37": "E", "10": "W", "33": "E", "39": "W", "24": "W", "20": "W", "1": "W", "27": "N"}, {"0": "S", "10": "N", "15": "E", "16": "S", "38": "E", "27": "E", "37": "N", "33": "S", "24": "N", "20": "E"}, {"1": "W", "15": "W", "0": "S", "39": "W", "24": "W", "37": "S", "20": "W", "38": "S", "16": "S"}, {"38": "E", "15": "E", "10": "W", "16": "W", "0": "S", "20": "E", "39": "N", "24": "W"}, {"39": "S", "1": "W", "15": "W", "16": "W", "0": "W", "38": "E"}, {"38": "S", "37": "E", "1": "E", "39": "N", "16": "E", "13": "E"}, {"0": "E", "20": "N", "1": "E", "37": "N", "14": "E", "16": "W", "13": "S"}, {"37": "E", "1": "E", "0": "W", "14": "E", "39": "W", "16": "W", "20": "S"}, {"20": "E", "15": "N"}, {"0": "E", "13": "W", "14": "E", "20": "W"}, {"0": "E", "14": "E", "20": "E", "13": "E", "1": "N"}, {"16": "E", "0": "S", "14": "W", "13": "W"}, {"20": "W", "16": "W", "0": "N", "15": "W", "13": "S"}, {"0": "W", "20": "W", "16": "W", "14": "W", "13": "W"}, {"0": "W", "20": "S", "13": "W", "1": "S", "16": "W", "14": "W"}, {"1": "S", "20": "S", "13": "S", "14": "E"}, {"13": "W", "20": "E", "14": "S"}, {"13": "W", "20": "S", "14": "E", "0": "W", "1": "N"}, {"20": "E", "1": "W", "13": "E"}, {"20": "E", "0": "W", "1": "E"}, {"20": "S", "1": "N", "13": "N"}, {"13": "N", "1": "S", "20": "S"}, {"1": "E", "20": "E", "13": "N"}, {"1": "S", "13": "E", "20": "E"}, {"1": "E"}, {"20": "E"}, {"20": "E"}, {"1": "E", "20": "N"}, {"1": "N", "20": "N"}, {"1": "W", "20": "S"}, {"1": "W", "20": "W"}, {"20": "N", "1": "S"}, {"20": "E"}, {"20": "N", "1": "W"}, {"20": "N"}, {"20": "W", "1": "W"}, {"20": "N", "1": "S"}, {"1": "E"}, {"1": "E"}, {"1": "S"}, {"1": "N"}, {"1": "W"}, {"1": "W"}, {"1": "S"}, {"1": "E"}, {"1": "W"}, {"1": "N"}, {"1": "S"}, {"1": "N"}, {"1": "N"}, {"1": "E"}, {"1": "W"}, {"1": "N"}, {"1": "E"}, {"1": "E"}, {"1": "E"}, {"1": "S"}, {"1": "E"}, {"1": "S"}, {"1": "N"}, {"1": "S"}, {"1": "W"}, {"1": "S"}, {"1": "E"}, {"1": "N"}, {"1": "S"}, {"1": "W"}]}