{"instance": "small_free_001_10x10_40_40", "steps": [{"0": "W", "1": "N", "26": "W", "28": "E", "35": "N", "2": "N", "4": "S", "5": "N", "6": "N", "7": "N", "9": "S", "10": "E", "11": "N", "12": "W", "13": "E", "14": "W", "16": "E", "17": "W", "20": "W", "22": "S", "23": "W", "24": "E", "25": "N", "27": "E", "29": "E", "30": "W", "31": "E", "32": "N", "34": "E", "36": "W", "37": "W", "38": "N", "39": "E"}, {"0": "W", "1": "E", "3": "W", "26": "S", "35": "E", "2": "N", "7": "N", "9": "E", "11": "N", "12": "W", "17": "W", "20": "W", "22": "S", "23": "W", "24": "S", "25": "N", "27": "N", "29": "E", "31": "S", "32": "N", "33": "S", "36": "W", "37": "N"}, {"0": "N", "3": "S", "28": "N", "2": "N", "5": "W", "6": "W", "7": "W", "8": "E", "9": "S", "11": "N", "12": "N", "16": "N", "20": "S", "22": "S", "23": "S", "24": "W", "25": "N", "30": "S", "32": "N", "33": "W", "37": "N"}, {"0": "W", "1": "N", "35": "E", "2": "W", "5": "N", "6": "W", "7": "N", "8": "N", "9": "W", "10": "S", "16": "N", "18": "S", "19": "N", "22": "E", "24": "S", "25": "N", "34": "N"}, {"0": "N", "1": "W", "6": "N", "7": "N", "8": "W", "9": "S", "10": "S", "13": "N", "16": "W", "18": "S", "22": "E", "24": "W", "25": "N", "29": "E", "31": "S", "32": "N", "33": "W", "34": "E", "36": "S", "39": "S"}, {"0": "N", "1": "W", "35": "E", "5": "N", "7": "E", "8": "N", "9": "S", "13": "N", "16": "W", "18": "S", "20": "E", "24": "S", "25": "E", "29": "N", "36": "W", "39": "E"}, {"0": "E", "28": "N", "5": "N", "6": "N", "9": "S", "14": "N", "17": "S", "18": "S", "22": "E", "24": "W", "25": "E", "27": "N", "29": "W", "34": "N", "36": "N", "39": "E"}, {"26": "E", "4": "W", "3": "N", "28": "N", "0": "E"}, {"1": "W", "26": "E", "35": "W", "4": "N", "11": "E", "3": "W", "28": "W", "31": "E"}, {"1": "S", "26": "E", "35": "S", "4": "W", "11": "E", "3": "N", "28": "W", "31": "E", "0": "S"}, {"1": "S", "26": "S", "35": "W", "4": "W", "11": "E", "3": "N", "28": "W", "31": "S", "0": "S"}, {"1": "S", "15": "N", "26": "E", "35": "W", "4": "N"}, {"1": "S", "15": "W", "26": "E", "35": "W", "0": "E"}, {"26": "E", "0": "E"}, {"15": "W", "26": "E", "3": "W", "28": "W", "0": "E"}, {"15": "W", "26": "E", "28": "W", "0": "E"}, {"15": "N", "28": "S", "0": "E"}, {"15": "N", "26": "E", "3": "N", "28": "W", "0": "S"}, {"15": "N", "28": "W", "0": "E"}, {"28": "W", "0": "S"}, {"3": "N"}, {"3": "E", "0": "S"}, {"0": "S"}, {"0": "W"}, {"0": "W"}, {"5": "E", "6": "W", "7": "S", "18": "W", "25": "S", "36": "N", "17": "S", "14": "E", "23": "E", "24": "N", "29": "N", "38": "E", "22": "E", "32": "E", "20": "S", "34": "E", "16": "S"}, {"2": "E", "6": "W", "12": "N", "18": "W", "25": "S", "36": "N", "17": "E", "23": "E", "24": "W", "29": "W", "33": "N", "38": "E", "22": "E", "20": "S"}, {"2": "S", "6": "S", "12": "E", "18": "N", "25": "S", "36": "N", "37": "S", "17": "S", "23": "S", "29": "N", "33": "E", "39": "S", "22": "N", "32": "E", "13": "S", "20": "W", "34": "S"}, {"7": "E", "12": "S", "18": "N", "25": "S", "30": "N", "36": "N", "37": "E", "17": "S", "14": "E", "23": "S", "29": "N", "33": "N", "39": "S", "22": "N", "32": "E", "13": "S", "34": "S"}, {"12": "E", "18": "W", "25": "S", "30": "N", "36": "E", "37": "S", "17": "E", "23": "S", "33": "N", "39": "S", "10": "E", "22": "N", "32": "E", "13": "S", "34": "S"}, {"5": "E", "12": "N", "37": "S", "14": "E", "23": "S", "33": "W", "38": "N", "39": "W", "10": "E", "22": "W", "32": "S", "13": "W", "20": "E", "34": "S", "16": "N", "27": "E"}, {"12": "E", "36": "N", "37": "S", "14": "S", "23": "E", "33": "W", "10": "E", "22": "N", "32": "E", "13": "W", "20": "S", "34": "S", "16": "E"}, {"2": "E", "5": "E", "7": "S", "18": "N", "36": "E", "23": "S", "33": "W", "10": "S", "22": "W", "32": "E", "13": "S", "20": "E", "16": "E"}, {"2": "E", "5": "S", "7": "E", "12": "E", "25": "E", "36": "E", "14": "W", "23": "E", "24": "N", "33": "N", "38": "W", "22": "N", "32": "S", "20": "E", "16": "E"}, {"2": "E", "7": "E", "12": "E", "25": "S", "14": "N", "13": "S", "20": "S", "34": "W", "16": "E", "27": "N"}, {"2": "S", "7": "E", "9": "E", "12": "E", "18": "E", "25": "S", "37": "S", "29": "W", "39": "W", "13": "E", "20": "S"}, {"2": "S", "6": "S", "7": "E", "9": "E", "12": "E", "18": "E", "24": "N", "39": "W", "10": "E", "32": "S", "13": "N"}, {"2": "S", "6": "S", "7": "E", "9": "E", "18": "N", "37": "E", "17": "E", "23": "S", "24": "N", "10": "N", "22": "N", "32": "S", "16": "E"}, {"7": "E", "9": "E", "18": "N", "37": "N", "29": "W", "33": "N", "38": "S", "22": "W", "32": "S", "16": "S"}, {"9": "N", "18": "N", "37": "E", "17": "E", "24": "N", "29": "N", "38": "W", "32": "S", "16": "S"}, {"7": "E", "9": "E", "12": "E", "18": "W", "37": "E", "17": "E", "24": "W", "29": "N", "38": "W", "10": "N", "32": "S", "16": "S"}, {"7": "S", "37": "S", "14": "N", "23": "E", "24": "N", "33": "N", "38": "S", "39": "W", "22": "W", "32": "S", "13": "W", "20": "E", "16": "S", "27": "N"}, {"18": "W", "37": "E", "17": "N", "14": "E", "23": "E", "24": "N", "29": "N", "38": "W", "39": "N", "10": "E", "22": "N", "32": "S", "13": "W", "20": "E", "16": "S", "27": "W"}, {"12": "W", "18": "W", "37": "N", "17": "E", "14": "S", "23": "E", "24": "N", "29": "W", "38": "W", "39": "N", "10": "E", "22": "N", "32": "E", "13": "S", "20": "E", "16": "S"}, {"12": "S", "18": "N", "37": "E", "23": "E", "24": "N", "29": "W", "38": "S", "39": "W", "10": "N", "32": "S", "13": "W", "20": "E", "34": "S"}, {"12": "S", "37": "E", "14": "E", "23": "E", "24": "N", "29": "S", "38": "S", "39": "N", "22": "W", "32": "W", "13": "W", "20": "E", "27": "N"}, {"12": "S", "23": "N", "24": "E", "29": "S", "38": "S", "39": "W", "10": "N", "32": "S", "13": "N", "20": "E", "16": "E", "27": "W"}, {"14": "E", "23": "N", "24": "E", "29": "S", "38": "E", "39": "W", "10": "N", "13": "W", "20": "E", "16": "S", "27": "W"}, {"14": "E", "38": "S", "39": "W", "10": "N", "22": "N", "13": "W", "16": "S", "27": "S"}, {"18": "S", "14": "E", "24": "E", "33": "S", "38": "S", "39": "N", "10": "N", "22": "W", "13": "N", "16": "S", "27": "S"}, {"14": "E", "24": "E", "38": "S", "13": "N", "20": "E", "16": "S", "27": "W"}, {"14": "S", "24": "E", "38": "S", "10": "W", "13": "W", "20": "S", "34": "S", "27": "W"}, {"18": "S", "14": "S", "24": "E", "29": "W", "33": "S", "38": "S", "10": "N", "34": "W", "27": "S"}, {"14": "E", "24": "E", "29": "S", "38": "E", "10": "W", "32": "W", "34": "W", "16": "W", "27": "S"}, {"14": "E", "24": "S", "32": "W", "34": "W", "16": "W", "27": "S"}, {"14": "E", "24": "S", "32": "W", "34": "N", "16": "W"}, {"14": "S", "24": "E", "10": "N", "32": "W", "20": "E", "34": "N", "16": "W"}, {"14": "S", "38": "E", "10": "W", "32": "W", "20": "N", "34": "W", "16": "W", "27": "E"}, {"38": "E", "10": "N", "20": "N", "34": "N", "16": "N", "27": "S"}, {"33": "W", "20": "N", "34": "N", "16": "N", "27": "S"}, {"14": "S", "33": "W", "20": "N", "27": "W"}, {"18": "N", "14": "S", "33": "N", "10": "W", "16": "N", "27": "W"}, {"14": "W", "13": "E", "16": "N", "27": "S"}, {"14": "W", "20": "N", "27": "E"}, {"18": "N", "20": "E", "27": "E"}, {"18": "N", "33": "N", "13": "N", "20": "N", "27": "S"}, {"18": "N", "33": "N", "13": "N", "20": "W", "27": "E"}, {"13": "N", "20": "W", "27": "E"}, {"33": "W", "13": "E", "27": "E"}, {"33": "N"}, {"33": "N"}, {"33": "N", "27": "E"}, {"27": "E"}, {"27": "E"}, {"33": "E"}, {"33": "E"}, {"33": "S"}, {"32": "S"}, {"32": "E"}, {"32": "N", "19": "S"}, {"22": "N"}, {"22": "N"}, {"22": "W"}, {"22": "W"}, {"22": "W"}, {"22": "N"}, {"22": "W", "32": "N"}]}