{"instance": "small_free_001_10x10_40_40", "steps": [{"0": "W", "3": "W", "15": "E", "26": "W", "28": "E", "35": "N", "4": "S", "5": "N", "6": "N", "7": "N", "9": "S", "10": "S", "11": "N", "12": "W", "13": "E", "14": "W", "16": "N", "17": "W", "18": "W", "20": "W", "22": "S", "23": "N", "24": "W", "25": "N", "27": "S", "29": "S", "30": "W", "33": "S", "34": "E", "36": "W", "37": "W", "38": "N", "39": "S"}, {"0": "N", "1": "N", "26": "W", "7": "N", "9": "S", "10": "W", "13": "E", "14": "W", "16": "N", "18": "S", "19": "N", "22": "E", "23": "W", "24": "S", "25": "N", "27": "S", "29": "S", "30": "S", "32": "S", "33": "S", "34": "N", "36": "W", "37": "S"}, {"0": "N", "1": "E", "26": "W", "7": "N", "9": "W", "11": "E", "12": "N", "14": "S", "16": "N", "18": "S", "22": "E", "23": "N", "24": "E", "27": "S", "29": "E", "30": "W", "31": "S", "33": "W", "36": "W", "37": "W", "38": "N", "39": "W"}, {"0": "N", "3": "S", "26": "S", "6": "W", "7": "W", "12": "N", "14": "S", "16": "E", "17": "N", "19": "W", "23": "N", "29": "E", "30": "W", "33": "W", "36": "S", "38": "N", "39": "S"}, {"0": "E", "1": "N", "26": "S", "35": "E", "2": "W", "5": "W", "6": "N", "7": "N", "9": "S", "10": "S", "11": "E", "12": "N", "14": "W", "16": "S", "18": "S", "19": "N", "23": "E", "29": "S", "30": "S", "33": "W", "36": "W", "38": "N", "39": "E"}, {"0": "E", "1": "W", "35": "N", "2": "N", "5": "N", "6": "W", "7": "N", "8": "W", "9": "S", "10": "S", "11": "N", "14": "W", "16": "W", "18": "S", "19": "N", "25": "W", "27": "S", "31": "E", "36": "W", "37": "N", "38": "E", "39": "S"}, {"0": "N", "35": "E", "2": "N", "7": "N", "8": "N", "9": "W", "11": "E", "14": "W", "18": "W", "19": "N", "20": "W", "22": "E", "27": "S", "31": "N", "34": "E", "36": "N", "39": "S"}, {"0": "E", "1": "W", "28": "E", "4": "S", "5": "N", "6": "W", "7": "E", "8": "W", "9": "W", "11": "N", "12": "N", "14": "S", "17": "N", "19": "N", "22": "E", "23": "E", "24": "W", "31": "E", "34": "E", "36": "W", "39": "E"}, {"0": "E", "1": "N", "28": "N", "2": "N", "4": "W", "5": "N", "7": "E", "8": "N", "10": "E", "11": "N", "12": "N", "14": "S", "19": "W", "27": "S", "29": "S", "30": "W", "31": "N", "33": "W", "38": "S", "39": "S"}, {"1": "N", "26": "E", "2": "N", "4": "S", "5": "W", "8": "W", "10": "E", "11": "W", "12": "N", "14": "E", "19": "N", "23": "W", "24": "W", "30": "W", "31": "N", "33": "S", "39": "W"}, {"35": "E", "2": "N", "5": "W", "7": "S", "9": "W", "11": "N", "12": "E", "14": "E", "22": "N", "24": "W", "27": "S", "30": "S", "31": "N", "33": "S"}, {"28": "N", "35": "N", "2": "E", "4": "W", "5": "W", "6": "W", "7": "E", "8": "W", "14": "S", "18": "W", "19": "W", "24": "W", "30": "S", "31": "N", "37": "N"}, {"1": "E", "28": "N", "35": "N", "2": "E", "4": "S", "5": "N", "6": "W", "8": "W", "12": "E", "14": "E", "18": "W", "27": "S", "31": "W", "33": "W", "36": "E", "37": "N", "38": "E"}, {"0": "E", "35": "W", "2": "N", "4": "W", "5": "E", "6": "N", "7": "E", "8": "S", "9": "S", "10": "W", "11": "E", "14": "E", "18": "W", "19": "W", "20": "S", "24": "S", "30": "S", "33": "W", "36": "E", "37": "N"}, {"35": "S", "1": "S", "0": "N"}, {"26": "E", "28": "W", "35": "W", "1": "W", "0": "E"}, {"15": "N", "26": "E", "28": "W", "35": "W", "1": "S", "0": "E"}, {"15": "W", "26": "E", "28": "W", "35": "W", "1": "W", "0": "S"}, {"15": "W", "28": "W", "1": "W", "3": "N", "0": "S"}, {"15": "N", "28": "W", "1": "S", "3": "W", "0": "S"}, {"15": "N", "26": "E", "28": "W", "35": "S", "32": "S", "1": "S", "3": "W", "0": "S"}, {"15": "W", "26": "E", "28": "W", "35": "S", "1": "E", "3": "N", "0": "W"}, {"15": "W", "28": "S", "35": "S", "1": "S", "3": "N", "0": "S"}, {"15": "N", "1": "S", "0": "S"}, {"28": "W", "0": "S"}, {"26": "E", "3": "W", "0": "S"}, {"26": "E", "28": "W", "32": "S", "3": "N", "0": "W"}, {"26": "E", "3": "N", "0": "W"}, {"26": "E", "32": "E", "3": "E"}, {"26": "E", "32": "S", "3": "E"}, {"32": "S"}, {"32": "E"}, {"32": "S"}]}