{"instance": "small_free_001_10x10_40_40", "steps": [{"39": "W", "14": "E", "38": "E", "5": "N", "13": "W", "31": "E", "10": "N", "36": "N", "30": "W", "29": "N", "11": "E", "4": "W", "28": "N", "33": "W", "21": "N", "22": "W", "34": "W", "25": "S", "6": "W", "35": "N", "24": "N", "9": "E", "32": "S", "15": "S", "1": "S", "3": "N", "16": "S", "26": "W", "7": "E"}, {"28": "W", "0": "N", "37": "E", "1": "W", "2": "E", "35": "W", "9": "S", "20": "S", "7": "N", "24": "S", "15": "N", "26": "S", "11": "W", "21": "E", "33": "W", "34": "E", "18": "W", "38": "N", "39": "W", "14": "S", "6": "W", "13": "W", "10": "S", "36": "N", "12": "W", "27": "S", "22": "E", "5": "N", "3": "N", "16": "N", "17": "S"}, {"17": "N", "33": "W", "29": "E", "13": "N", "38": "S", "34": "E", "20": "E", "1": "E", "19": "S", "15": "N", "0": "S", "22": "N", "10": "E", "21": "N", "25": "E", "23": "E", "39": "W", "28": "N", "9": "S", "3": "W", "36": "E", "12": "S", "6": "N", "16": "N", "7": "W", "30": "S", "18": "W", "24": "S"}, {"30": "N", "0": "E", "14": "S", "3": "W", "29": "N", "12": "N", "6": "S", "33": "N", "13": "N", "2": "S", "19": "W", "26": "S", "9": "E", "27": "S", "10": "E", "1": "W", "36": "W", "7": "E", "16": "S", "17": "S", "4": "E", "34": "S", "20": "W", "23": "E", "15": "W", "18": "S", "31": "E", "24": "N", "5": "E"}, {"3": "E", "24": "N", "21": "S", "31": "S", "28": "N", "39": "N", "26": "W", "36": "N", "18": "W", "30": "S", "38": "N", "15": "N", "29": "N", "9": "S", "5": "N", "34": "E", "37": "E", "0": "S", "6": "N", "33": "W", "23": "S", "13": "N", "12": "S", "10": "N", "27": "S", "7": "W", "35": "S", "14": "E", "20": "W"}, {"24": "E", "2": "N", "16": "N", "3": "N", "23": "N", "11": "N", "27": "S", "36": "E", "17": "S", "7": "E", "1": "S", "15": "W", "34": "W", "18": "W", "25": "N", "33": "W", "0": "N", "14": "W", "9": "S", "5": "E", "6": "S", "30": "N", "31": "E", "13": "E", "38": "W", "29": "W", "28": "N", "10": "N", "12": "E", "20": "W", "22": "N", "26": "E", "39": "S", "4": "N"}, {"25": "E", "33": "N", "0": "S", "4": "E", "12": "W", "28": "S", "18": "N", "14": "E", "32": "S", "29": "E", "30": "S", "13": "W", "3": "W", "10": "E", "34": "W", "21": "E", "17": "E", "2": "E", "23": "S", "36": "S", "31": "E", "27": "E", "7": "S", "39": "S", "16": "N", "1": "E", "38": "S", "15": "W", "9": "E", "6": "N"}, {"32": "S", "13": "W", "20": "E", "14": "E", "4": "W", "9": "E", "19": "S", "23": "E", "17": "S", "29": "S", "12": "E", "25": "S", "27": "E", "39": "W", "15": "N", "11": "N", "31": "S", "8": "N", "34": "E", "10": "S", "2": "N", "6": "W", "33": "N", "28": "N", "7": "E", "18": "S", "21": "N"}, {"11": "E", "10": "N", "12": "N", "14": "S", "30": "N", "1": "E", "21": "N", "7": "E", "33": "S", "25": "E", "39": "E", "0": "E", "20": "N", "8": "N", "34": "S", "27": "W", "31": "S", "23": "S", "18": "N", "2": "E", "28": "S", "22": "E", "17": "N"}, {"26": "E", "29": "W", "23": "N", "9": "E", "16": "S", "39": "W", "0": "E", "31": "W", "27": "E", "38": "S", "30": "N", "11": "E", "33": "E", "34": "W", "7": "E", "12": "N", "6": "W", "17": "S", "1": "E", "20": "E", "21": "N", "15": "S", "28": "N"}, {"18": "W", "14": "N", "38": "E", "12": "E", "21": "E", "32": "S", "23": "S", "25": "E", "34": "W", "26": "E", "16": "S", "2": "N", "6": "S", "27": "E", "4": "N", "29": "E", "0": "S", "28": "S", "11": "N", "39": "W"}, {"21": "W", "33": "N", "20": "E", "24": "E", "16": "S", "3": "N", "25": "W", "4": "W", "27": "E", "32": "S", "11": "E", "39": "S", "10": "E", "2": "N", "15": "N", "7": "N", "18": "E", "12": "E", "29": "W", "28": "W", "1": "W", "37": "N", "14": "W"}, {"18": "N", "37": "E", "13": "W", "38": "W", "20": "E", "32": "E", "16": "N", "39": "N", "17": "N", "26": "S", "34": "W", "10": "W", "29": "E", "12": "S", "33": "N", "14": "E", "21": "W", "2": "S", "7": "E", "1": "E"}, {"20": "E", "17": "S", "12": "S", "26": "E", "7": "N", "24": "S", "38": "E", "18": "S", "33": "N", "2": "S", "21": "E", "10": "S", "29": "N", "32": "S", "1": "E", "23": "S", "25": "S", "22": "W"}, {"13": "W", "21": "W", "18": "N", "22": "W", "17": "W", "29": "W", "28": "S", "7": "E", "26": "W", "10": "N", "2": "S"}, {"15": "N", "34": "N", "1": "W", "10": "E", "26": "N", "18": "N", "38": "E", "28": "W", "24": "S", "23": "S", "16": "N", "20": "W", "33": "S", "37": "W", "21": "E", "12": "W", "39": "S", "17": "E"}, {"7": "E", "1": "E", "10": "W", "37": "E", "0": "S", "12": "E", "33": "N", "28": "E", "21": "E", "17": "W", "29": "N", "38": "E", "18": "N", "23": "E", "16": "W", "14": "N", "2": "N"}, {"26": "E", "28": "W", "1": "W", "39": "S", "17": "E", "38": "E", "4": "W", "21": "E", "33": "N", "16": "N", "24": "N", "14": "E", "18": "N", "23": "E", "7": "E", "29": "S"}, {"26": "E", "2": "N", "21": "W", "39": "N", "24": "N", "38": "S", "29": "E", "4": "N", "23": "E", "7": "S", "16": "S", "14": "S", "33": "N", "18": "S", "17": "W", "1": "N"}, {"39": "S", "18": "N", "23": "E", "24": "S", "16": "E", "29": "W", "36": "W", "21": "E", "1": "S", "20": "E", "2": "S", "28": "N", "10": "E", "26": "S", "17": "W"}, {"28": "W", "36": "N", "18": "S", "2": "S", "16": "N", "1": "W", "23": "S", "10": "N", "26": "E", "20": "W", "24": "W", "39": "N", "21": "N"}, {"39": "N", "10": "E", "24": "E", "12": "N", "4": "E", "17": "W", "36": "N", "28": "E", "26": "E", "16": "S", "18": "N"}, {"36": "N", "33": "N", "12": "S", "18": "N", "24": "N", "17": "N", "28": "S", "1": "E", "2": "N", "21": "S", "39": "N", "10": "S", "26": "N", "16": "S"}, {"2": "S", "16": "N", "20": "W", "10": "N", "21": "N", "29": "N", "17": "E", "1": "W", "26": "E", "24": "W", "12": "E", "4": "E"}, {"29": "S", "1": "E", "4": "W", "17": "S", "10": "E", "21": "E", "16": "E", "20": "S", "33": "W", "26": "E", "24": "N"}, {"10": "N", "24": "S", "1": "W", "21": "E", "12": "W", "4": "W", "26": "E", "17": "S"}, {"4": "S", "16": "W", "1": "E", "20": "S", "21": "N", "24": "N", "22": "N", "29": "N", "17": "E"}, {"14": "E", "20": "S", "22": "N", "10": "N", "2": "N", "17": "S", "29": "S", "1": "S", "12": "S", "21": "N", "16": "S"}, {"22": "S", "20": "E", "37": "N", "16": "E", "24": "S", "2": "N", "1": "W", "10": "N", "4": "W", "21": "S", "17": "N", "12": "W"}, {"2": "S", "16": "E", "22": "W", "10": "E", "37": "S", "4": "S", "17": "E", "21": "W", "1": "N", "12": "W", "24": "N", "20": "E"}, {"17": "E", "38": "N", "21": "E", "20": "N", "12": "N", "2": "N", "10": "W", "22": "S"}, {"17": "E", "20": "E", "1": "E", "22": "W", "2": "S", "28": "N", "21": "E", "29": "W", "12": "N"}, {"28": "N", "29": "W", "14": "N", "2": "N", "12": "W", "16": "S", "1": "S", "17": "E"}, {"38": "S", "2": "S", "29": "W", "21": "W", "24": "S", "28": "W", "14": "E", "12": "E", "10": "W", "1": "N"}, {"10": "W", "24": "N", "29": "W", "38": "W", "1": "W", "16": "W", "21": "W", "17": "S", "2": "N"}, {"2": "S", "20": "W", "12": "N", "17": "N", "1": "W", "28": "N", "38": "S"}, {"28": "N", "17": "N", "14": "S", "12": "S", "2": "N", "20": "S", "21": "W"}, {"20": "E", "10": "N", "16": "N", "14": "N", "21": "E"}, {"12": "S", "20": "E", "14": "S", "1": "W", "28": "N", "10": "W", "21": "W", "24": "S"}, {"12": "N", "2": "S", "24": "N", "16": "E", "28": "W", "21": "W", "20": "E"}, {"21": "E", "28": "N", "14": "N", "12": "N", "16": "W", "2": "N", "24": "S", "1": "E", "20": "E"}, {"20": "N", "21": "S", "12": "E", "24": "N", "1": "W", "14": "S", "16": "N", "2": "N", "28": "S"}, {"16": "S", "1": "E", "12": "E", "21": "N", "28": "E", "14": "E", "2": "S"}, {"24": "S", "2": "S", "20": "N", "21": "S", "1": "N", "28": "S"}, {"1": "S", "21": "N", "12": "W", "28": "N", "20": "E", "24": "N", "2": "N", "16": "W"}, {"12": "E", "20": "E", "21": "N", "16": "E", "2": "S", "28": "W", "24": "S"}, {"21": "S", "24": "N", "2": "N"}, {"2": "S", "12": "N", "28": "E", "38": "N"}, {"38": "S", "28": "W", "21": "E", "2": "N", "12": "E", "24": "S", "16": "W"}, {"2": "S", "14": "N", "12": "E", "21": "W", "24": "S", "16": "S"}, {"24": "N", "28": "W", "2": "N", "21": "E", "16": "E"}, {"2": "S", "24": "N", "21": "W", "12": "E", "28": "W", "14": "W"}, {"12": "S", "14": "S", "28": "E", "21": "E", "2": "S", "24": "S"}, {"12": "S", "1": "N", "21": "W", "24": "S", "28": "E", "2": "N"}, {"2": "S", "1": "E", "21": "W", "14": "N", "28": "E", "24": "N", "12": "N"}, {"28": "E", "1": "S", "12": "S", "24": "N", "14": "S"}, {"14": "W", "2": "E", "24": "S", "28": "E", "12": "N"}, {"16": "N", "14": "E", "24": "N", "1": "N", "12": "S", "28": "W"}, {"16": "S", "21": "E", "1": "E", "28": "N", "2": "E", "12": "S", "24": "S"}, {"14": "N", "21": "W", "2": "W", "1": "S", "24": "N"}, {"21": "E", "1": "E", "14": "E", "28": "S", "24": "S", "16": "E"}, {"14": "S", "28": "W", "24": "N", "1": "W"}, {"1": "N", "14": "N", "28": "W", "24": "S"}, {"16": "W", "28": "W", "21": "W", "24": "N", "2": "E", "1": "S"}, {"21": "E", "24": "S", "2": "W", "16": "W", "28": "W", "1": "S"}, {"28": "N", "24": "S", "16": "E", "1": "N", "2": "S", "21": "S"}, {"28": "S", "24": "N", "14": "W", "21": "N", "1": "E"}, {"16": "W", "21": "E", "14": "E", "2": "W", "24": "N", "1": "E"}, {"21": "W", "1": "W", "16": "N"}, {"28": "E", "24": "S", "21": "W", "1": "S", "16": "S"}, {"1": "W", "16": "N", "28": "N", "21": "N", "24": "N"}, {"28": "S", "14": "N", "16": "S", "21": "E", "1": "W"}, {"14": "S", "16": "N", "1": "N", "21": "W"}, {"16": "S", "21": "S", "14": "N", "1": "N", "24": "S"}, {"14": "S", "21": "N", "24": "N", "28": "W"}, {"28": "N", "16": "N", "14": "N", "1": "S"}, {"16": "S", "1": "S", "28": "E", "14": "S"}, {"14": "W", "21": "W", "28": "S", "24": "S"}, {"1": "N", "24": "N"}, {"21": "N", "1": "S"}, {"24": "S", "21": "S", "1": "N", "28": "E"}, {"1": "W", "21": "E", "24": "N", "28": "S"}, {"1": "E", "24": "S", "21": "W"}, {"21": "E", "24": "N", "14": "W", "1": "S", "28": "E"}, {"14": "E", "21": "W", "24": "S", "28": "E"}, {"21": "E", "28": "E", "24": "N"}, {"1": "E", "24": "S", "21": "E", "28": "W"}, {"1": "W", "24": "N", "21": "E"}, {"14": "E", "24": "S", "21": "W", "28": "E"}, {"24": "N", "14": "W", "21": "W"}, {"21": "W", "28": "E", "24": "S"}, {"24": "S", "28": "N"}, {"21": "E", "14": "W", "28": "N", "1": "E", "24": "S"}, {"16": "N", "21": "W", "24": "E", "28": "N", "1": "W"}, {"24": "E", "16": "S", "1": "E", "14": "N"}, {"14": "S", "24": "N", "1": "W", "21": "W"}, {"14": "N", "24": "E", "1": "N", "28": "E"}, {"28": "E", "14": "S", "1": "W"}, {"1": "N", "21": "E", "24": "N", "28": "E", "14": "N"}, {"1": "E", "24": "E", "14": "S", "16": "N"}]}