{"instance": "small_free_001_10x10_40_40", "steps": [{"32": "E", "39": "W", "3": "W", "27": "E", "30": "W", "25": "N", "14": "E", "4": "W", "23": "E", "28": "W", "2": "N", "17": "E", "9": "S", "6": "W", "38": "N", "18": "W", "24": "E", "26": "W", "29": "W", "36": "N", "33": "W", "31": "E", "21": "N", "35": "E", "20": "W", "13": "W", "11": "E", "5": "E", "7": "E", "8": "E", "15": "W", "1": "W", "0": "N"}, {"19": "N", "27": "E", "38": "E", "9": "E", "39": "W", "24": "E", "33": "W", "2": "S", "11": "N", "28": "N", "25": "S", "37": "S", "29": "W", "26": "E", "17": "S", "7": "N", "22": "W", "30": "W", "20": "E", "5": "E", "31": "N", "13": "W", "34": "W", "12": "E", "1": "S", "14": "N", "3": "N", "10": "E", "15": "E", "18": "N", "21": "N"}, {"3": "E", "6": "W", "13": "E", "19": "S", "2": "S", "15": "W", "12": "E", "33": "N", "18": "W", "17": "S", "0": "S", "9": "E", "31": "E", "29": "E", "26": "S", "11": "E", "32": "E", "27": "E", "14": "E", "37": "E", "36": "W", "24": "W", "28": "W", "30": "N", "1": "N", "4": "W", "7": "W", "21": "E", "20": "S", "35": "W"}, {"10": "W", "32": "W", "24": "E", "18": "N", "36": "E", "7": "E", "26": "E", "0": "E", "19": "S", "12": "E", "4": "W", "30": "N", "15": "W", "35": "E", "21": "N", "14": "E", "37": "E", "11": "N", "13": "W", "33": "W", "8": "W", "22": "N", "23": "W", "29": "N", "1": "W", "6": "W", "31": "E", "20": "N"}, {"3": "W", "30": "S", "1": "E", "25": "N", "26": "E", "34": "W", "10": "N", "23": "E", "16": "S", "31": "E", "17": "W", "29": "W", "28": "N", "35": "W", "20": "N", "5": "S", "11": "E", "6": "W", "12": "S", "13": "W", "15": "S", "38": "E", "19": "W", "33": "W", "18": "S", "7": "W"}, {"22": "W", "10": "W", "14": "E", "17": "E", "23": "N", "11": "N", "8": "N", "3": "W", "1": "S", "7": "E", "33": "N", "36": "N", "35": "W", "28": "E", "18": "W", "30": "E", "29": "E", "4": "E", "16": "N", "27": "N", "0": "E", "31": "S", "25": "E", "13": "W", "21": "E", "15": "N", "20": "S"}, {"28": "W", "27": "S", "24": "W", "23": "S", "16": "S", "38": "N", "14": "S", "31": "S", "21": "W", "32": "S", "20": "E", "7": "S", "4": "N", "12": "N", "25": "E", "19": "S", "18": "S", "29": "W", "15": "W", "13": "E", "10": "S", "1": "E"}, {"32": "N", "25": "S", "10": "N", "23": "S", "1": "S", "8": "N", "18": "W", "31": "W", "38": "S", "9": "S", "16": "N", "36": "W", "29": "E", "12": "S", "3": "E", "14": "S", "7": "N", "21": "E", "13": "W", "15": "S"}, {"33": "W", "26": "W", "37": "E", "13": "N", "31": "S", "28": "W", "23": "N", "16": "N", "10": "W", "27": "S", "38": "W", "0": "N", "7": "N", "9": "S", "36": "W", "1": "W", "25": "E", "15": "N", "34": "N", "32": "N", "3": "N", "29": "E", "20": "W"}, {"21": "N", "36": "N", "2": "E", "10": "E", "34": "S", "18": "N", "13": "W", "37": "W", "5": "W", "23": "S", "26": "E", "20": "E", "15": "E", "12": "E", "25": "S", "16": "S", "33": "W", "29": "N", "31": "S"}, {"13": "N", "17": "S", "0": "E", "29": "E", "15": "W", "14": "W", "38": "S", "7": "E", "28": "S", "4": "N", "3": "S", "36": "N", "33": "N", "5": "N", "25": "N", "20": "W"}, {"4": "W", "1": "W", "23": "W", "33": "W", "18": "S", "36": "N", "3": "W", "21": "E", "14": "E", "7": "N", "10": "S", "24": "E", "26": "S", "13": "N", "25": "S", "12": "W", "15": "N", "27": "S", "9": "S", "28": "W"}, {"32": "N", "34": "E", "18": "N", "24": "N", "21": "W", "36": "E", "5": "S", "14": "S", "27": "E", "26": "E", "9": "E", "4": "S", "29": "W", "38": "S", "17": "E", "39": "E", "10": "W", "2": "N", "33": "N", "23": "S", "7": "E"}, {"22": "W", "3": "N", "26": "E", "36": "E", "0": "N", "18": "W", "10": "N", "16": "N", "15": "N", "32": "N", "7": "S", "20": "E", "25": "W", "27": "S", "9": "E", "34": "W", "33": "E", "14": "E", "28": "W", "21": "W"}, {"0": "N", "17": "S", "25": "E", "27": "S", "38": "S", "15": "E", "20": "W", "33": "W", "29": "E", "2": "E", "39": "E", "26": "E", "16": "W", "37": "S", "32": "N", "18": "E", "12": "W", "14": "S", "9": "E"}, {"23": "S", "33": "W", "5": "S", "38": "E", "25": "S", "20": "E", "3": "E", "2": "E", "16": "S", "21": "N", "7": "E", "0": "S", "37": "E", "18": "S", "22": "N", "29": "N", "32": "N"}, {"5": "N", "18": "N", "17": "N", "0": "S", "28": "N", "20": "S", "24": "E", "29": "E", "7": "N", "12": "N", "16": "N", "37": "S", "32": "N", "33": "E", "39": "E", "3": "N", "10": "S"}, {"20": "N", "23": "S", "7": "S", "32": "S", "3": "E", "2": "E", "33": "W", "5": "N", "10": "E", "39": "W", "37": "N", "26": "S", "0": "S", "17": "E", "12": "S", "18": "N", "29": "W", "24": "E", "16": "S"}, {"10": "N", "0": "E", "32": "S", "37": "E", "7": "E", "3": "W", "5": "E", "29": "E", "12": "N", "2": "S", "24": "W", "26": "E", "28": "N", "20": "W", "17": "E", "16": "N", "39": "W", "33": "E"}, {"18": "N", "29": "W", "16": "S", "10": "N", "12": "E", "5": "N", "28": "N", "0": "S", "32": "S", "3": "E", "20": "E", "39": "E", "7": "E"}, {"0": "N", "3": "W", "2": "N", "32": "S", "7": "N", "28": "S", "10": "W", "39": "W", "12": "W", "18": "N", "16": "E"}, {"12": "E", "10": "E", "28": "N", "23": "E", "3": "E", "26": "S", "29": "S", "32": "S", "2": "S", "16": "N", "7": "E", "33": "S", "39": "E", "0": "S"}, {"3": "W", "16": "W", "39": "W", "12": "E", "7": "S", "20": "W", "37": "W", "26": "N", "29": "N", "18": "N", "10": "E", "2": "N", "33": "N", "23": "E", "15": "W"}, {"10": "N", "3": "E", "2": "S", "20": "E", "7": "E", "15": "S", "37": "S", "32": "E", "26": "N", "28": "N", "23": "W", "24": "S", "0": "N", "39": "E", "34": "S"}, {"12": "E", "0": "S", "16": "N", "28": "W", "15": "E", "37": "E", "23": "E", "20": "S", "33": "S", "3": "W", "14": "S", "39": "S"}, {"7": "S", "10": "S", "39": "E", "38": "S", "29": "E", "20": "N", "16": "S", "2": "N", "26": "E", "12": "S", "3": "E", "33": "N", "5": "N", "23": "E"}, {"2": "S", "28": "W", "3": "W", "10": "W", "5": "N", "23": "W", "0": "N", "24": "E", "38": "W", "16": "E", "29": "W", "15": "S", "26": "N"}, {"10": "E", "24": "N", "20": "W", "23": "E", "29": "S", "0": "S", "16": "E", "39": "W", "28": "S", "14": "N", "37": "N", "15": "S"}, {"14": "S", "16": "S", "29": "S", "15": "N", "39": "W", "23": "S", "33": "W", "37": "S", "28": "S", "10": "S", "2": "E", "26": "E", "20": "E"}, {"28": "S", "24": "E", "37": "N", "33": "E", "20": "W", "10": "N", "3": "E", "2": "W", "29": "N", "15": "N", "23": "N", "32": "N", "26": "S"}, {"10": "N", "20": "E", "2": "E", "3": "W", "33": "E", "32": "S", "37": "S", "29": "E"}, {"23": "S", "24": "N", "15": "S", "33": "W", "39": "W", "2": "W", "37": "S", "38": "N"}, {"20": "S", "23": "S", "33": "E", "37": "N", "3": "S", "15": "N", "38": "S", "16": "N", "10": "S", "29": "W", "39": "W"}, {"37": "N", "14": "E", "39": "W", "3": "E", "0": "N", "33": "E", "23": "E", "29": "E", "10": "N", "32": "W", "2": "N", "15": "N", "16": "N"}, {"39": "N", "32": "W", "37": "S", "29": "W", "23": "E", "2": "S", "20": "S", "33": "S", "14": "S", "0": "S", "3": "E", "15": "S", "16": "S"}, {"33": "E", "3": "N", "15": "N", "0": "N", "37": "N", "14": "E", "29": "E", "20": "E", "2": "E", "16": "N", "23": "S", "32": "S"}, {"20": "S", "0": "S", "37": "S", "29": "W", "16": "S", "3": "S", "23": "N", "32": "N", "33": "S", "15": "N", "38": "N"}, {"23": "S", "38": "S", "32": "S", "15": "N", "37": "E", "16": "N", "0": "N", "33": "N", "20": "S", "14": "S", "3": "N", "39": "W", "29": "E", "2": "W"}, {"23": "E", "3": "E", "29": "W", "16": "S", "14": "N", "20": "E", "37": "N", "2": "W", "33": "N", "15": "W", "32": "N", "0": "W"}, {"14": "E", "0": "E", "16": "N", "3": "W", "32": "S", "20": "E", "29": "E", "23": "E"}, {"32": "N", "20": "E", "0": "E", "23": "N", "29": "W", "38": "N", "16": "S", "37": "E"}, {"20": "N", "33": "S", "29": "E", "3": "E", "24": "E", "23": "N", "16": "S", "0": "S", "38": "S"}, {"3": "N", "32": "E", "16": "E", "20": "E", "29": "N"}, {"29": "W", "38": "N", "20": "N", "10": "S", "3": "S", "32": "E"}, {"38": "S", "10": "N", "29": "N", "20": "N", "32": "N", "33": "N", "3": "E"}, {"0": "E", "33": "S", "3": "W", "16": "W", "29": "W", "32": "S", "20": "E"}, {"33": "S", "29": "E", "3": "E", "0": "W", "24": "E"}, {"16": "E", "10": "S", "29": "E", "33": "N", "32": "W", "24": "W", "0": "E"}, {"10": "N", "33": "N", "16": "S", "32": "E", "0": "S", "3": "W", "20": "S", "29": "W"}, {"33": "S", "20": "N", "29": "W", "0": "E", "10": "S", "32": "N"}, {"32": "S", "29": "W", "0": "S", "10": "N", "3": "S", "16": "E"}, {"16": "W", "33": "N", "0": "W"}, {"33": "S", "38": "N"}, {"32": "N", "33": "S", "16": "E", "0": "E"}, {"3": "N", "29": "W", "33": "N", "16": "S", "20": "W", "32": "N", "38": "S"}, {"0": "E", "3": "E", "20": "E", "38": "N", "32": "S", "16": "N", "33": "N", "29": "W"}, {"0": "N", "38": "S", "32": "S", "20": "S", "16": "W", "33": "S", "3": "W"}, {"20": "N", "33": "N", "29": "W", "32": "N", "0": "W"}, {"29": "S", "3": "E", "33": "S", "32": "S", "0": "W"}, {"24": "E", "0": "E", "38": "E", "3": "S", "20": "E", "33": "N"}, {"32": "N", "3": "N", "24": "N", "38": "W", "0": "N", "33": "S"}, {"33": "N", "20": "E", "0": "S", "24": "N", "16": "N"}, {"3": "E", "0": "W", "16": "S", "24": "N", "33": "S", "32": "S"}, {"24": "W", "0": "E", "33": "N", "3": "N", "32": "N"}, {"24": "W", "33": "S", "10": "S", "32": "N", "0": "W", "3": "S"}, {"38": "E", "32": "S", "33": "S", "3": "W", "10": "N"}, {"38": "W", "24": "W", "32": "N", "33": "N", "3": "N", "16": "E"}, {"16": "W", "10": "S", "33": "S", "32": "W"}, {"33": "N", "32": "S", "16": "N", "3": "E", "10": "N"}, {"3": "W", "33": "N", "32": "S", "16": "S"}, {"33": "S", "10": "S", "3": "E"}, {"10": "N", "3": "E", "0": "E"}, {"0": "W", "16": "E", "32": "N", "3": "W", "10": "S"}, {"3": "W", "32": "N", "10": "N", "16": "W", "33": "N"}, {"3": "E", "38": "E", "32": "S", "33": "S"}, {"32": "S", "16": "N", "0": "E", "33": "N", "3": "N", "38": "W"}, {"33": "S", "0": "W", "16": "S", "3": "W", "32": "N"}, {"32": "S", "10": "S", "0": "E", "3": "E"}, {"10": "N", "0": "W", "16": "N", "3": "S", "32": "N", "33": "N"}, {"3": "W", "33": "S", "32": "S"}, {"3": "N", "33": "N", "16": "S"}, {"0": "E", "3": "W", "16": "N", "33": "S"}, {"10": "S", "16": "S", "3": "S", "33": "W", "32": "N"}, {"16": "E", "33": "E", "10": "N", "32": "S"}, {"16": "W", "32": "N", "33": "N", "0": "E"}, {"33": "S", "0": "W", "16": "N", "32": "S"}, {"0": "N", "16": "S", "33": "N"}, {"0": "W", "16": "N", "33": "S", "32": "N"}, {"32": "S", "33": "N", "0": "W", "16": "E", "38": "E"}, {"16": "W", "33": "S", "38": "W", "32": "N"}, {"16": "E", "33": "N", "3": "N", "32": "S"}, {"3": "S", "16": "W", "33": "S"}, {"16": "E", "3": "E", "33": "N"}, {"16": "W", "3": "W", "0": "E", "33": "S"}, {"0": "W", "33": "N", "32": "N", "3": "E"}, {"3": "W", "33": "S", "32": "S"}, {"16": "E", "33": "N", "3": "E"}, {"3": "W", "16": "W", "32": "N", "0": "E"}, {"0": "W", "32": "S", "3": "E", "33": "S", "16": "W"}, {"16": "E", "33": "N", "3": "W"}]}