{"instance": "small_free_001_10x10_40_40", "steps": [{"0": "W", "1": "N", "15": "S", "26": "W", "28": "E", "35": "E", "2": "N", "4": "W", "5": "N", "6": "N", "7": "N", "11": "W", "12": "W", "13": "E", "14": "W", "16": "E", "18": "W", "20": "W", "23": "N", "27": "S", "29": "E", "34": "N", "36": "W", "38": "N"}, {"0": "N", "1": "N", "15": "S", "26": "S", "28": "N", "2": "N", "4": "S", "5": "N", "6": "W", "7": "W", "14": "N", "16": "E", "19": "N", "23": "W", "24": "W", "25": "N", "27": "S", "29": "E", "30": "W", "34": "E", "38": "N"}, {"0": "N", "1": "E", "15": "E", "26": "W", "28": "E", "5": "W", "6": "N", "7": "N", "9": "S", "10": "S", "12": "N", "14": "N", "16": "E", "19": "N", "23": "N", "24": "S", "25": "E", "27": "S", "30": "W", "31": "E", "34": "N"}, {"0": "E", "1": "N", "26": "S", "2": "N", "5": "W", "6": "W", "7": "N", "9": "W", "10": "S", "12": "N", "16": "E", "23": "N", "25": "N"}, {"0": "E", "1": "N", "3": "E", "15": "S", "5": "W", "7": "N", "9": "W", "10": "S", "12": "W", "13": "N", "19": "W", "25": "E", "27": "S", "29": "N"}, {"0": "S", "1": "W", "3": "E", "5": "N", "7": "E", "9": "S", "10": "E", "12": "S", "13": "N", "14": "E", "15": "W", "19": "S", "21": "N", "25": "E", "27": "E", "29": "W"}, {"0": "E", "1": "W", "2": "S", "3": "N", "4": "W", "5": "E", "7": "S", "8": "N", "9": "E", "10": "N", "12": "S", "13": "N", "14": "N", "15": "W", "16": "S", "20": "S", "21": "N", "23": "E", "25": "S", "29": "W", "31": "E", "35": "E", "38": "S"}, {"0": "E", "1": "W", "2": "S", "3": "W", "4": "W", "5": "E", "7": "E", "8": "N", "9": "E", "10": "E", "12": "E", "13": "W", "14": "E", "15": "N", "16": "W", "17": "S", "20": "E", "21": "N", "22": "N", "23": "E", "24": "E", "25": "S", "28": "N", "29": "W", "31": "E", "33": "N", "34": "W", "37": "S", "38": "S"}, {"0": "S", "1": "S", "2": "E", "3": "W", "4": "N", "5": "E", "6": "W", "7": "E", "10": "E", "12": "S", "13": "W", "14": "E", "15": "N", "16": "W", "18": "N", "20": "E", "21": "N", "22": "W", "24": "E", "27": "E", "28": "W", "29": "W", "33": "N", "34": "S", "36": "N", "37": "S", "38": "S", "39": "W"}, {"1": "S", "2": "E", "3": "W", "4": "N", "5": "E", "6": "S", "9": "E", "12": "E", "14": "E", "15": "N", "21": "W", "22": "N", "24": "E", "27": "N", "29": "W", "30": "N", "32": "N", "33": "E", "34": "S", "35": "E", "36": "N", "37": "E", "38": "S", "39": "W"}, {"0": "S", "1": "S", "2": "S", "3": "N", "6": "S", "7": "S", "9": "E", "11": "E", "12": "E", "14": "E", "15": "N", "16": "S", "17": "S", "18": "W", "20": "E", "21": "W", "22": "W", "23": "S", "24": "S", "25": "S", "26": "E", "29": "W", "31": "E", "32": "E", "33": "N", "36": "E", "37": "E", "38": "S", "39": "W"}, {"0": "S", "1": "S", "2": "E", "3": "W", "5": "S", "9": "S", "11": "N", "14": "S", "15": "W", "17": "E", "18": "S", "22": "W", "23": "W", "27": "S", "28": "N", "29": "N", "30": "E", "31": "S", "33": "W", "36": "S", "37": "N", "39": "S"}, {"0": "S", "1": "S", "2": "S", "5": "E", "9": "W", "11": "E", "14": "S", "15": "S", "17": "S", "18": "S", "21": "E", "28": "W", "29": "N", "32": "N", "33": "W", "35": "W", "37": "E", "39": "W"}, {"6": "W", "9": "S", "10": "E", "11": "S", "13": "S", "14": "E", "15": "W", "16": "S", "17": "E", "20": "E", "26": "E", "28": "W", "37": "S", "38": "E", "39": "W"}, {"1": "S", "10": "N", "11": "E", "13": "W", "14": "E", "17": "E", "18": "W", "24": "N", "26": "S", "27": "E", "28": "W", "31": "W", "36": "N"}, {"9": "E", "10": "N", "11": "E", "13": "W", "14": "N", "17": "E", "18": "W", "21": "E", "24": "W", "25": "E", "26": "E", "28": "W", "31": "S", "33": "W", "36": "N"}, {"5": "N", "10": "N", "11": "N", "14": "E", "20": "E", "24": "N", "26": "E", "28": "W", "31": "S", "36": "N", "38": "E", "39": "N"}, {"9": "S", "11": "N", "14": "S", "18": "W", "20": "N", "24": "N", "26": "E", "27": "E", "28": "W", "38": "E"}, {"9": "S", "11": "N", "18": "N", "20": "E", "21": "W", "25": "S", "36": "W"}, {"3": "N", "7": "E", "9": "E", "18": "N", "20": "N", "25": "W", "28": "W", "32": "S", "36": "N"}, {"3": "N", "7": "E", "9": "N", "12": "E", "13": "W", "14": "S", "18": "N", "32": "E", "36": "E"}, {"9": "E", "13": "N", "14": "S", "18": "W"}, {"7": "S", "9": "N", "14": "E", "18": "N", "21": "N"}, {"7": "E", "9": "E", "13": "W", "14": "S", "18": "N"}, {"7": "E"}, {"7": "N", "14": "E", "16": "S", "21": "W", "26": "N"}, {"7": "E", "19": "N", "21": "S"}, {"7": "E", "14": "S", "18": "N", "21": "W", "34": "S", "38": "E"}, {"7": "S", "20": "N", "21": "W", "32": "N", "34": "W", "38": "S"}, {"20": "E", "32": "W", "33": "N", "34": "S", "38": "S"}, {"14": "S", "16": "E", "20": "E", "21": "S", "23": "W", "24": "N", "37": "E", "38": "E"}, {"10": "N", "14": "W", "20": "E", "37": "S", "38": "S"}, {"14": "S", "20": "S", "37": "E"}, {"23": "S"}, {"20": "E", "23": "S", "28": "W", "34": "W"}, {"20": "S", "23": "W"}, {"10": "N", "19": "N", "20": "S", "28": "N"}, {"19": "W", "33": "E"}, {"33": "E"}, {"34": "N", "38": "S"}, {"23": "S"}, {"38": "E"}, {"19": "W", "26": "E", "38": "S"}, {"19": "S", "23": "S", "38": "W"}, {"19": "S", "23": "S"}, {"19": "S", "23": "E"}, {"19": "S", "23": "S"}, {"23": "S"}, {"23": "E"}, {"23": "E", "26": "E"}, {"15": "N", "23": "E", "26": "E"}, {"26": "N"}, {"33": "N"}, {"37": "N"}, {"12": "N", "37": "E", "38": "S"}, {"12": "E"}, {"12": "E", "38": "W"}, {"15": "N", "23": "E", "38": "W"}, {"12": "E", "15": "W", "23": "E", "32": "N", "38": "N"}, {"12": "S", "32": "W", "38": "W"}, {"32": "W", "38": "W"}, {"16": "E"}, {"32": "W"}, {"15": "W", "16": "E", "21": "S", "23": "E", "26": "S", "32": "W", "35": "S"}, {"15": "W", "16": "S", "18": "S", "21": "W", "23": "S", "26": "S", "32": "W", "33": "W", "35": "S"}, {"15": "S", "16": "S", "18": "E", "19": "E", "23": "S", "24": "N", "26": "S", "32": "W", "33": "S", "35": "S"}, {"16": "W", "18": "E", "19": "S", "23": "E", "24": "E", "33": "W", "35": "E"}, {"10": "S", "16": "S", "18": "N", "19": "E", "23": "E", "26": "S", "33": "W", "35": "S"}, {"10": "W", "16": "W", "23": "E", "28": "S", "32": "S", "33": "W", "35": "W"}, {"10": "S", "16": "S", "23": "N", "28": "S", "32": "S", "35": "S"}, {"10": "S", "15": "S", "16": "W", "23": "N", "26": "W", "35": "S"}, {"15": "W", "16": "W", "23": "W", "26": "W", "32": "S", "33": "W"}, {"15": "S"}, {"33": "W"}, {"10": "W", "26": "S", "33": "N"}, {"10": "W", "16": "N", "26": "S"}, {"10": "N", "15": "S", "16": "N", "21": "E"}, {"10": "W", "16": "N", "21": "E"}, {"16": "N", "21": "S"}, {"10": "W"}, {"10": "W", "33": "W"}, {"10": "N", "33": "W"}, {"10": "N", "33": "N"}, {"10": "N", "33": "N"}, {"10": "W"}, {"33": "N"}, {"33": "N"}, {"21": "W", "32": "W", "33": "N"}, {"10": "N", "32": "S", "33": "E"}, {"10": "N", "32": "E", "33": "E"}, {"10": "N", "32": "E", "33": "E"}, {"10": "N", "32": "S", "33": "S"}, {"32": "S"}, {"32": "S"}, {"32": "E"}, {"32": "E"}, {"10": "E", "32": "E"}, {"10": "E", "21": "W", "32": "E"}, {"10": "E", "32": "S"}, {"10": "E", "32": "S"}, {"10": "E", "21": "S"}, {"10": "S", "21": "S"}, {"10": "E"}, {"35": "W"}, {"21": "W"}, {"35": "E"}, {"26": "E", "35": "E"}, {"21": "W", "26": "E", "35": "N"}, {"26": "S"}, {"26": "S", "35": "N"}, {"26": "E", "35": "E"}, {"35": "N"}, {"21": "S", "35": "E"}, {"21": "S", "26": "S", "35": "E"}, {"21": "E", "26": "W"}, {"21": "S"}, {"15": "E", "21": "E", "35": "S"}, {"15": "E", "21": "E"}, {"21": "N"}, {"21": "N", "26": "S"}, {"15": "E", "26": "S"}]}