{"instance": "small_free_001_10x10_40_40", "steps": [{"36": "N", "24": "E", "27": "S", "7": "N", "26": "S", "5": "N", "17": "W", "13": "W", "33": "W", "1": "S", "31": "E", "38": "E", "14": "N", "4": "W", "18": "W", "6": "W", "11": "N", "32": "S", "21": "N", "20": "S", "3": "N", "9": "S", "35": "N", "23": "N", "16": "S", "29": "N", "12": "W", "28": "N", "15": "W", "19": "S", "10": "S"}, {"1": "W", "35": "S", "11": "W", "36": "S", "5": "N", "30": "S", "12": "E", "18": "W", "24": "E", "7": "E", "23": "S", "28": "N", "19": "W", "8": "W", "33": "W", "9": "S", "25": "E", "14": "N", "16": "S", "29": "E", "26": "S", "32": "E", "3": "W", "0": "S", "39": "W", "4": "E", "10": "N", "37": "S", "6": "W", "13": "N", "21": "E", "27": "E", "17": "E", "15": "N"}, {"39": "W", "9": "S", "1": "S", "34": "S", "8": "E", "10": "N", "26": "W", "6": "E", "30": "W", "5": "E", "12": "E", "20": "E", "2": "E", "3": "W", "28": "W", "15": "N", "7": "E", "11": "E", "27": "S", "0": "E", "38": "N", "19": "S", "37": "E", "17": "W", "29": "W", "23": "E", "25": "S", "14": "E", "18": "W", "13": "N", "33": "W"}, {"39": "E", "1": "N", "15": "W", "25": "N", "23": "E", "6": "W", "18": "N", "0": "S", "27": "E", "10": "N", "33": "N", "31": "S", "29": "E", "30": "N", "14": "E", "3": "S", "38": "S", "35": "E", "4": "W", "12": "E", "16": "N", "9": "E", "37": "S", "20": "S", "17": "E", "36": "N"}, {"7": "W", "27": "S", "4": "E", "3": "S", "8": "N", "13": "N", "1": "S", "10": "E", "33": "W", "11": "W", "38": "S", "22": "N", "23": "S", "26": "E", "35": "W", "37": "E", "12": "S", "20": "E", "30": "N", "28": "E", "25": "N", "14": "E", "17": "S"}, {"3": "N", "7": "E", "23": "S", "11": "E", "15": "E", "27": "E", "25": "S", "39": "W", "5": "W", "8": "N", "14": "S", "36": "N", "10": "N", "20": "E", "38": "N", "22": "S", "35": "W", "29": "N", "28": "W", "16": "S", "24": "E", "34": "W", "18": "S", "37": "E"}, {"1": "W", "25": "E", "39": "W", "38": "S", "0": "W", "18": "N", "31": "S", "36": "N", "33": "W", "2": "E", "29": "N", "7": "W", "12": "E", "28": "W", "26": "E", "5": "E", "3": "S", "14": "E", "34": "W", "20": "W"}, {"23": "S", "2": "W", "38": "S", "26": "E", "25": "E", "29": "W", "10": "N", "13": "W", "33": "W", "21": "E", "3": "N", "0": "S", "31": "E", "5": "N", "14": "E", "17": "E", "9": "S", "12": "W"}, {"14": "E", "4": "W", "21": "W", "18": "W", "6": "W", "12": "E", "7": "N", "20": "W", "28": "N", "23": "S", "9": "E", "13": "E", "29": "S", "15": "N", "3": "W", "0": "N", "31": "E", "17": "E", "25": "S", "26": "S", "2": "E", "33": "N"}, {"26": "N", "0": "S", "22": "W", "24": "S", "14": "S", "7": "S", "28": "N", "18": "S", "5": "N", "25": "N", "15": "W", "29": "E", "12": "W", "36": "N", "31": "S", "6": "N", "33": "N", "11": "N", "21": "S", "23": "S", "9": "E", "39": "W", "13": "W", "20": "E", "27": "S"}, {"13": "W", "6": "S", "2": "E", "17": "E", "27": "E", "32": "N", "38": "W", "21": "E", "18": "E", "4": "S", "11": "N", "25": "S", "37": "E", "9": "E", "26": "E", "23": "W", "33": "N", "29": "W", "12": "W", "5": "S", "14": "N"}, {"21": "S", "36": "W", "28": "W", "2": "S", "25": "E", "26": "E", "7": "W", "0": "E", "22": "N", "33": "N", "37": "E", "18": "W", "6": "N", "14": "E", "9": "S", "38": "E", "20": "S", "12": "E"}, {"9": "N", "0": "E", "17": "S", "21": "N", "32": "N", "25": "S", "7": "E", "28": "S", "26": "E", "6": "W", "36": "N", "12": "E", "14": "S", "33": "N", "23": "S", "39": "W", "5": "E", "22": "N", "20": "E", "24": "S", "29": "N"}, {"11": "E", "20": "E", "3": "W", "25": "W", "33": "N", "12": "N", "32": "W", "23": "W", "17": "E", "4": "W", "9": "S", "6": "S", "29": "N", "10": "E", "14": "S", "37": "E", "28": "W", "7": "N", "24": "N"}, {"11": "E", "21": "W", "4": "N", "12": "S", "23": "E", "26": "E", "20": "N", "9": "E", "3": "E", "28": "N", "33": "E", "18": "S", "38": "S"}, {"36": "E", "3": "N", "14": "W", "11": "E", "22": "W", "29": "W", "7": "W", "4": "N", "32": "W", "18": "N", "28": "S", "21": "N", "9": "N", "33": "N", "20": "W", "24": "N"}, {"20": "N", "23": "S", "4": "W", "14": "N", "28": "W", "29": "E", "18": "N", "17": "S", "10": "N", "13": "E", "24": "S"}, {"16": "S", "18": "N", "20": "E", "24": "N", "10": "N", "7": "E", "38": "E", "14": "E", "15": "E", "23": "E", "29": "W"}, {"18": "N", "23": "E", "26": "N", "20": "N", "38": "N", "15": "E", "3": "S", "7": "E", "10": "E"}, {"10": "N", "15": "W", "20": "E", "7": "E", "3": "N", "21": "N", "12": "S", "38": "N", "18": "N", "24": "S", "23": "E"}, {"7": "N", "38": "S", "3": "E", "20": "E", "12": "N", "15": "E", "13": "E", "23": "E", "24": "E", "29": "W"}, {"23": "E", "14": "S", "12": "W", "13": "W", "0": "N", "7": "S", "24": "W", "3": "W", "15": "W", "22": "W", "29": "W"}, {"13": "E", "16": "W", "28": "S", "23": "E", "7": "E", "24": "N", "15": "E", "21": "S"}, {"23": "S", "21": "N", "13": "W", "32": "E", "20": "S", "0": "W", "7": "E", "26": "E", "18": "N"}, {"21": "N", "3": "S", "13": "E", "15": "S", "23": "N", "38": "S", "32": "W", "16": "W", "20": "E", "29": "S", "14": "E", "7": "E", "24": "S"}, {"23": "N", "21": "N", "3": "N", "26": "E", "32": "E", "14": "S", "15": "S", "16": "E", "13": "E", "24": "N", "20": "E", "7": "E"}, {"0": "S", "21": "N", "24": "S", "14": "E", "15": "N", "32": "E", "23": "N", "7": "E"}, {"3": "E", "0": "W", "24": "E", "7": "S", "28": "N", "14": "S", "16": "E"}, {"29": "W", "3": "W", "13": "E", "20": "E", "0": "E", "38": "S", "26": "E", "16": "S", "24": "N"}, {"15": "N", "13": "E", "32": "S", "0": "W", "3": "E", "14": "E", "24": "S"}, {"28": "E", "32": "S", "24": "N", "0": "E", "3": "W", "15": "W", "13": "S", "26": "E"}, {"14": "S", "13": "S", "26": "W", "24": "W", "15": "N", "32": "W", "38": "E", "3": "S"}, {"14": "S", "38": "W", "15": "W", "28": "E", "26": "W", "0": "W", "13": "W", "3": "E"}, {"14": "W", "0": "E", "32": "E", "26": "S", "3": "W"}, {"13": "N", "14": "W", "24": "W", "3": "E", "28": "W", "32": "W"}, {"24": "E", "13": "W"}, {"13": "E"}, {"13": "N", "3": "E", "24": "W", "28": "E"}, {"13": "N", "24": "E", "28": "W", "3": "N", "15": "E", "0": "W"}, {"15": "W", "28": "E", "32": "S", "13": "W"}, {"24": "S", "28": "W", "15": "E"}, {"15": "E", "24": "N", "28": "N", "13": "E"}, {"28": "N", "13": "W", "15": "W"}, {"38": "N", "0": "S", "28": "E", "24": "S", "15": "W", "32": "N"}, {"3": "W", "28": "W", "32": "S", "0": "N", "24": "W", "38": "S"}, {"3": "S", "0": "S", "24": "N", "32": "N", "13": "E", "28": "N"}, {"24": "E", "0": "N", "13": "W"}, {"3": "S", "24": "W", "28": "N", "13": "E", "0": "E"}, {"13": "W", "28": "E", "24": "E", "3": "N"}, {"3": "W", "28": "W"}, {"3": "N", "24": "S", "32": "E", "28": "N"}, {"3": "E", "0": "W", "13": "E", "28": "N", "32": "W", "24": "S"}, {"13": "W", "24": "N", "15": "E", "0": "E", "28": "W"}, {"13": "E", "3": "E", "15": "W", "28": "W", "24": "S"}, {"13": "W", "3": "W", "32": "E", "24": "N"}, {"32": "W", "24": "S", "3": "W", "28": "W"}, {"3": "E", "24": "N", "28": "E"}, {"32": "E", "3": "W", "24": "W", "13": "E"}, {"13": "W", "24": "E", "28": "E", "0": "W", "32": "W", "3": "E"}, {"13": "N", "24": "S", "28": "W", "0": "E", "15": "E"}, {"28": "W", "13": "W", "15": "W", "24": "N", "32": "E", "3": "W"}, {"24": "N", "32": "W", "3": "W"}, {"28": "W", "13": "E", "3": "E", "24": "S"}, {"13": "S", "24": "N", "28": "W"}, {"28": "E", "0": "W", "32": "E", "15": "E"}, {"32": "W", "15": "W", "3": "S", "0": "E"}, {"15": "E", "3": "E", "28": "E", "24": "W"}, {"3": "N", "15": "W", "24": "S"}, {"24": "N", "3": "S", "28": "S"}, {"3": "N", "38": "N", "24": "W", "28": "E"}, {"24": "N", "38": "S", "0": "W", "28": "E"}, {"13": "N", "15": "E", "24": "S", "28": "N", "0": "E"}, {"28": "S", "24": "E", "13": "W", "15": "W"}, {"3": "S", "24": "W", "28": "S", "13": "N"}, {"13": "W", "24": "E", "28": "N", "3": "N"}, {"28": "N", "13": "W"}, {"38": "N", "3": "S"}, {"0": "E", "24": "E", "28": "E", "38": "N", "13": "W", "3": "W"}, {"3": "E", "13": "N", "38": "S", "32": "S", "28": "W"}, {"38": "N", "28": "W", "3": "S", "24": "E", "32": "W", "13": "S"}, {"24": "W", "3": "N", "28": "S", "38": "S", "32": "S"}, {"38": "W", "3": "S", "13": "S", "32": "S"}, {"13": "S", "28": "N", "3": "N", "38": "S", "32": "S", "24": "W"}, {"28": "W", "38": "W", "32": "S", "3": "N", "13": "W", "0": "W"}, {"38": "S", "13": "E", "15": "W", "24": "S", "32": "E", "28": "W"}, {"3": "W", "24": "W", "32": "E", "28": "S", "38": "S", "13": "W"}, {"38": "W", "24": "E", "0": "W", "28": "N"}, {"38": "S", "13": "S", "0": "S", "28": "S"}, {"38": "E", "24": "S", "0": "S"}, {"38": "E", "3": "E", "24": "W", "0": "E"}, {"0": "W", "24": "N", "38": "S", "3": "E", "28": "W"}, {"24": "W", "0": "E"}, {"28": "E", "24": "N", "0": "E"}, {"24": "W", "28": "S"}, {"28": "N", "24": "N", "0": "S"}, {"28": "S", "24": "N", "3": "S", "0": "N"}, {"24": "N", "0": "E", "28": "E"}, {"28": "S", "3": "W"}, {"3": "N", "28": "N", "24": "W"}, {"28": "N", "0": "S", "24": "E"}]}