{"instance": "small_free_001_10x10_40_40", "steps": [{"30": "W", "1": "S", "17": "W", "12": "W", "27": "S", "29": "N", "14": "E", "31": "E", "7": "E", "36": "N", "33": "W", "9": "S", "16": "S", "13": "W", "10": "E", "11": "N", "38": "E", "32": "S", "21": "N", "2": "S", "24": "E", "19": "W", "4": "W", "39": "W", "3": "N", "28": "N", "20": "W", "26": "W", "25": "N", "5": "S", "18": "W", "8": "W", "22": "W"}, {"9": "E", "3": "N", "18": "W", "19": "S", "32": "E", "0": "E", "15": "W", "11": "N", "21": "N", "7": "N", "24": "E", "36": "N", "39": "W", "8": "N", "1": "S", "20": "W", "33": "W", "26": "E", "12": "E", "28": "N", "13": "N", "25": "E", "22": "E", "14": "S", "16": "S", "31": "N", "29": "E", "30": "W", "6": "E", "17": "W", "23": "S"}, {"25": "E", "10": "E", "6": "N", "5": "S", "12": "N", "32": "S", "1": "N", "8": "N", "38": "N", "24": "N", "26": "S", "33": "W", "4": "N", "35": "W", "18": "W", "9": "S", "39": "E", "28": "E", "16": "N", "22": "N", "21": "E", "2": "E", "15": "N", "20": "S", "11": "E", "17": "E", "30": "N", "34": "E", "13": "N", "7": "E", "14": "S", "19": "S", "27": "S", "36": "S", "29": "N"}, {"24": "N", "31": "E", "17": "S", "22": "W", "36": "N", "7": "E", "14": "E", "28": "W", "1": "W", "32": "S", "9": "E", "33": "E", "10": "E", "2": "N", "38": "N", "15": "N", "0": "S", "12": "E", "13": "S", "30": "E", "20": "E", "34": "S", "8": "E", "26": "S", "11": "N", "18": "W", "29": "W", "25": "E", "6": "W", "3": "N", "16": "N"}, {"11": "N", "14": "E", "24": "E", "34": "W", "17": "E", "32": "S", "20": "S", "33": "N", "31": "N", "7": "E", "28": "N", "13": "E", "1": "S", "10": "E", "27": "E", "29": "N", "6": "S", "3": "W", "26": "S", "12": "E", "15": "E", "2": "S", "38": "S", "25": "N", "4": "W", "5": "E", "16": "S"}, {"24": "W", "32": "S", "12": "S", "25": "S", "34": "N", "20": "E", "3": "W", "29": "E", "27": "E", "7": "E", "18": "N", "38": "W", "21": "S", "23": "E", "6": "N", "15": "N", "26": "E", "17": "E", "36": "S", "13": "N", "11": "N", "16": "S", "28": "E", "33": "W", "39": "S", "9": "S", "4": "S", "22": "W", "31": "E", "0": "N", "1": "N", "10": "N", "5": "E"}, {"23": "E", "38": "E", "0": "E", "4": "S", "1": "W", "37": "S", "25": "S", "22": "N", "18": "N", "16": "S", "39": "W", "36": "W", "15": "W", "33": "W", "3": "N", "34": "E", "27": "E", "26": "E", "28": "S", "13": "N", "31": "N", "12": "E", "11": "S", "6": "S", "14": "W", "5": "E", "17": "S", "7": "W", "20": "W", "21": "S", "2": "E", "32": "S", "29": "W", "10": "W"}, {"33": "N", "36": "E", "10": "S", "20": "E", "12": "E", "5": "N", "31": "N", "0": "S", "14": "S", "22": "W", "15": "N", "39": "N", "26": "N", "9": "S", "4": "N", "21": "S", "25": "W", "23": "E", "2": "E", "27": "S", "6": "W", "17": "N", "7": "N", "11": "E", "28": "W", "38": "S"}, {"16": "S", "38": "W", "17": "S", "25": "E", "6": "W", "9": "N", "37": "E", "36": "S", "34": "S", "26": "S", "0": "E", "1": "E", "14": "E", "21": "N", "28": "N", "27": "E", "39": "W", "20": "E", "7": "E", "18": "N"}, {"25": "N", "12": "S", "33": "N", "1": "W", "21": "E", "38": "E", "34": "N", "9": "E", "37": "S", "10": "N", "27": "S", "17": "N", "0": "S", "15": "W", "36": "N", "5": "S", "7": "S", "26": "S", "20": "W", "11": "S", "14": "W", "29": "E", "31": "S", "13": "E", "28": "E", "6": "N"}, {"5": "N", "33": "S", "36": "N", "17": "S", "13": "W", "31": "S", "28": "E", "29": "W", "1": "S", "14": "E", "10": "W", "9": "E", "26": "N", "15": "E", "11": "N", "6": "S", "7": "N", "25": "S", "20": "S", "21": "E", "38": "S", "12": "E"}, {"9": "S", "28": "W", "37": "E", "11": "E", "20": "E", "10": "E", "31": "S", "0": "S", "14": "W", "6": "W", "36": "W", "7": "S", "17": "N", "38": "S", "15": "S", "33": "E", "29": "S"}, {"21": "W", "34": "W", "36": "E", "38": "N", "29": "N", "17": "N", "14": "E", "28": "N", "18": "W", "9": "S", "33": "W", "5": "S", "7": "E", "31": "S", "6": "N", "11": "S", "37": "E", "26": "N", "20": "W", "13": "W", "15": "S"}, {"33": "N", "20": "E", "31": "S", "13": "S", "17": "S", "36": "N", "5": "N", "37": "E", "15": "E", "29": "E", "6": "W", "9": "E", "39": "W", "21": "E", "28": "S", "26": "S", "38": "S", "34": "S", "7": "S"}, {"13": "E", "17": "E", "34": "S", "29": "N", "38": "N", "28": "E", "15": "E", "10": "S", "9": "N", "25": "S", "33": "S", "24": "S", "6": "S", "26": "N", "20": "S", "39": "S"}, {"4": "E", "20": "E", "7": "E", "13": "W", "10": "N", "28": "W", "5": "S", "26": "W", "15": "W", "38": "S", "21": "E", "39": "W", "36": "N", "18": "E", "33": "S", "29": "S", "34": "N"}, {"34": "S", "29": "N", "26": "W", "18": "N", "25": "S", "31": "S", "10": "S", "36": "N", "33": "N", "21": "S", "5": "N", "37": "N", "15": "E", "39": "N", "28": "N", "24": "S", "20": "N", "38": "N"}, {"17": "W", "24": "N", "28": "W", "38": "S", "14": "W", "37": "S", "18": "S", "7": "W", "31": "E", "10": "W", "20": "E", "34": "W", "15": "W"}, {"29": "W", "37": "W", "7": "W", "33": "E", "21": "W", "10": "E", "20": "W", "15": "W", "38": "N", "31": "W", "13": "W", "26": "E", "28": "N", "4": "W", "34": "W", "23": "W"}, {"33": "W", "31": "S", "13": "E", "38": "S", "10": "N", "7": "E", "23": "E", "26": "W", "17": "W", "34": "N", "20": "E", "24": "N", "28": "S"}, {"13": "S", "14": "E", "21": "S", "17": "E", "38": "N", "28": "S", "10": "W", "37": "S"}, {"17": "E", "20": "E", "10": "S", "38": "S", "13": "S", "15": "N", "37": "S", "21": "S", "7": "W", "33": "W", "26": "E"}, {"20": "E", "28": "E", "13": "N", "15": "S", "10": "W", "37": "S", "38": "N", "26": "E", "33": "E", "21": "W", "29": "E", "17": "W", "7": "E"}, {"33": "N", "20": "E", "29": "W", "10": "N", "37": "N", "26": "W", "21": "S", "38": "N"}, {"24": "S", "10": "S", "7": "N", "38": "S", "17": "E", "20": "S", "26": "E", "21": "W", "28": "W", "13": "S"}, {"21": "S", "15": "W", "38": "S", "24": "N", "13": "N", "20": "S", "7": "N", "10": "N", "37": "N", "33": "S", "28": "N", "26": "W", "17": "N"}, {"18": "S", "29": "W", "38": "N", "33": "S", "20": "N", "37": "E", "21": "N", "10": "N", "28": "S", "7": "E", "13": "W", "17": "S", "15": "W", "26": "E"}, {"10": "S", "13": "W", "33": "N", "23": "N", "18": "N", "21": "S", "7": "E", "28": "W", "24": "N", "29": "W"}, {"21": "N", "26": "E", "28": "W", "5": "W", "20": "S", "38": "N", "7": "S", "33": "S", "23": "N", "10": "N", "37": "W", "24": "N", "29": "W"}, {"28": "W", "20": "N", "15": "W", "14": "E", "37": "E", "21": "S", "26": "W", "33": "N", "13": "W", "29": "N"}, {"21": "E", "20": "N", "17": "E", "5": "E", "15": "S", "28": "W", "29": "N", "33": "N", "26": "W", "38": "N"}, {"13": "W", "5": "W", "15": "S", "21": "N", "23": "N", "28": "E", "26": "E", "24": "N", "33": "S", "20": "E", "38": "N", "29": "S", "37": "E"}, {"13": "E", "29": "S", "37": "N", "28": "E", "18": "S", "24": "S", "15": "N", "33": "S", "23": "S", "26": "W", "20": "E", "21": "E", "38": "S"}, {"37": "E", "29": "N", "13": "W", "28": "W", "33": "N", "26": "E", "18": "N", "38": "S", "20": "N", "23": "W"}, {"21": "E", "18": "S", "28": "W", "24": "N", "15": "S", "29": "E", "38": "N", "20": "N", "17": "W", "5": "E", "26": "W", "23": "W"}, {"17": "E", "20": "E", "29": "S", "15": "N", "38": "N", "10": "N", "23": "E", "14": "N", "26": "E", "18": "N", "24": "N"}, {"14": "N", "17": "E", "21": "W", "15": "S", "24": "E", "26": "S", "13": "N", "23": "W", "33": "N", "29": "E", "38": "S"}, {"17": "W", "13": "S", "23": "E", "38": "S", "15": "N", "26": "S", "24": "E", "29": "E", "21": "N"}, {"26": "E", "23": "W", "17": "E", "29": "W", "21": "S", "24": "S", "13": "N", "38": "N", "28": "N", "14": "S"}, {"33": "E", "26": "S", "21": "N", "23": "S", "28": "S", "17": "W", "14": "N", "29": "N"}, {"23": "S", "18": "S", "21": "W", "14": "N", "10": "N", "29": "W", "4": "S", "33": "E", "26": "E"}, {"15": "W", "5": "W", "14": "E", "13": "S", "10": "N", "38": "N", "21": "E", "28": "W", "33": "S", "4": "N"}, {"14": "N", "17": "E", "33": "W", "18": "N", "38": "S", "13": "N", "15": "W", "23": "E", "28": "W", "26": "E"}, {"10": "N", "15": "N", "26": "E", "18": "S", "23": "W", "14": "E", "21": "N", "29": "W", "28": "W", "38": "S", "33": "N"}, {"15": "S", "23": "E", "29": "S", "14": "E", "26": "E", "5": "E", "18": "N", "28": "S", "33": "S"}, {"18": "S", "21": "E", "13": "N", "15": "E", "14": "E", "33": "S", "26": "E", "38": "N", "23": "W"}, {"21": "S", "23": "E", "15": "E", "18": "N", "38": "S", "33": "S", "14": "E", "10": "W", "26": "E"}, {"29": "W", "14": "E", "10": "W", "17": "N", "38": "N", "18": "S", "26": "W", "21": "E", "23": "W"}, {"14": "S", "15": "W", "26": "N", "10": "E", "18": "N", "23": "E", "21": "S", "33": "W", "38": "S", "17": "S"}, {"14": "S", "15": "E", "33": "N", "29": "S", "38": "S", "26": "N", "23": "W", "18": "S"}, {"17": "W", "38": "N", "15": "S", "26": "N", "21": "S", "4": "S", "18": "W", "14": "S"}, {"10": "E", "33": "N", "4": "N", "15": "S", "18": "E", "23": "W", "38": "N", "14": "N"}, {"38": "W", "23": "W", "33": "W", "21": "N", "18": "N", "10": "N", "14": "S"}, {"18": "S", "21": "W", "17": "W", "10": "E", "23": "E", "38": "W", "33": "W", "14": "S", "15": "S"}, {"33": "N", "10": "N", "18": "N", "38": "S", "14": "S", "23": "S", "17": "E"}, {"10": "E", "14": "S", "38": "W", "21": "N", "23": "S"}, {"10": "S", "14": "W", "38": "W", "17": "W"}, {"38": "S", "14": "W", "17": "E", "18": "S"}, {"15": "S", "38": "S", "23": "W", "18": "N", "21": "N"}, {"17": "W", "38": "S", "23": "E", "33": "W", "18": "S"}, {"4": "N", "18": "E", "33": "E", "21": "E", "15": "E", "23": "W", "38": "E"}, {"38": "S", "21": "S", "15": "E", "33": "N", "23": "S", "18": "N"}, {"23": "S", "4": "S", "17": "W", "21": "E", "18": "W", "15": "S", "33": "S"}, {"33": "N", "15": "N", "4": "N", "17": "E", "21": "S", "23": "S"}, {"33": "S", "18": "N", "38": "S", "21": "W", "23": "S", "15": "N"}, {"15": "W", "23": "E", "33": "S", "38": "S", "21": "W"}, {"17": "W", "23": "E", "4": "W", "18": "S", "38": "E", "21": "W", "33": "W", "15": "S"}, {"15": "W", "21": "W", "23": "E", "33": "N", "18": "N"}, {"21": "W", "15": "E", "18": "N", "38": "E", "17": "S", "23": "E", "33": "W"}, {"21": "E", "23": "E", "33": "N", "17": "S", "38": "E"}, {"17": "S", "38": "S", "23": "E", "21": "S", "15": "E", "33": "N"}, {"15": "E", "23": "E", "33": "N", "38": "S", "17": "E", "21": "W"}, {"21": "S", "17": "E", "23": "E"}, {"33": "N", "23": "N", "15": "W", "17": "E"}, {"17": "N", "23": "N", "33": "E"}, {"33": "N", "21": "W", "15": "E"}, {"33": "N", "21": "N"}, {"15": "S", "21": "W", "33": "E"}, {"33": "E", "21": "E"}, {"21": "W", "33": "S"}, {"15": "E", "21": "E"}, {"21": "S"}, {"15": "W"}, {"21": "N"}, {"15": "E", "21": "W"}, {"21": "E"}, {"15": "S", "21": "E"}, {"21": "N"}, {"15": "E"}, {"15": "E", "21": "S"}, {"21": "S"}, {"21": "W", "15": "N"}, {"15": "N", "21": "N"}, {"21": "W"}, {"21": "W"}, {"21": "E"}, {"21": "S", "15": "W"}, {"15": "N", "21": "N"}, {"21": "W"}, {"21": "W", "15": "E"}]}