{"instance": "small_free_001_10x10_40_40", "steps": [{"33": "W", "31": "E", "3": "N", "2": "N", "6": "W", "27": "S", "28": "S", "36": "S", "23": "E", "32": "S", "14": "E", "9": "S", "35": "S", "16": "S", "19": "S", "15": "N", "26": "S", "20": "W", "12": "W", "22": "S", "17": "E", "13": "N", "0": "S", "4": "W", "10": "N", "8": "W", "21": "E", "18": "N", "11": "E", "25": "S", "7": "E", "1": "W"}, {"7": "E", "0": "E", "20": "S", "6": "W", "35": "N", "36": "N", "32": "E", "15": "N", "38": "W", "8": "N", "3": "W", "33": "W", "29": "N", "34": "W", "27": "S", "31": "N", "4": "E", "12": "E", "22": "W", "37": "E", "21": "N", "17": "S", "23": "E", "19": "S", "2": "S", "10": "E", "28": "N", "25": "N", "1": "S", "14": "S", "26": "N"}, {"36": "N", "29": "W", "23": "S", "33": "N", "15": "N", "26": "E", "24": "E", "34": "S", "20": "E", "25": "S", "5": "N", "14": "S", "13": "N", "7": "N", "11": "E", "27": "E", "8": "W", "0": "S", "3": "W", "18": "N", "30": "W", "31": "E", "38": "S", "4": "W", "21": "S", "1": "W", "35": "E", "37": "N", "28": "W", "10": "S", "6": "W", "2": "S"}, {"28": "N", "32": "S", "31": "E", "11": "N", "33": "W", "21": "N", "26": "S", "12": "E", "16": "S", "34": "N", "25": "S", "8": "N", "35": "E", "6": "N", "9": "S", "18": "W", "36": "S", "10": "N", "17": "S", "20": "W", "7": "N", "38": "E", "5": "E", "15": "N", "29": "N", "24": "N", "1": "S", "37": "S", "30": "W", "13": "N", "14": "E"}, {"23": "W", "6": "S", "8": "E", "17": "W", "28": "N", "31": "S", "14": "W", "2": "E", "37": "S", "7": "S", "35": "E", "24": "S", "33": "W", "13": "S", "21": "S", "39": "W", "11": "N", "30": "E", "36": "N", "9": "S", "29": "N", "15": "S", "12": "E", "5": "E", "10": "S", "38": "E"}, {"21": "N", "34": "E", "19": "W", "23": "E", "26": "N", "28": "S", "36": "N", "4": "W", "33": "W", "9": "E", "2": "N", "16": "E", "39": "E", "25": "E", "32": "W", "17": "N", "12": "S", "30": "N", "22": "E", "31": "S", "8": "E", "18": "E", "13": "E", "10": "N", "20": "W", "7": "N", "24": "N", "27": "E", "6": "N", "37": "S", "15": "N", "11": "N", "35": "W", "29": "N"}, {"24": "E", "23": "N", "4": "N", "37": "E", "21": "N", "31": "S", "6": "S", "3": "S", "7": "S", "39": "E", "32": "E", "17": "E", "11": "E", "22": "N", "0": "E", "2": "E", "35": "W", "18": "S", "29": "E", "20": "S", "27": "S", "13": "S", "12": "N", "9": "E", "33": "S"}, {"32": "S", "16": "N", "17": "E", "12": "S", "34": "S", "38": "E", "31": "S", "22": "S", "33": "N", "2": "E", "3": "S", "7": "N", "13": "N", "35": "N", "24": "N", "18": "N", "15": "E", "28": "N", "9": "W"}, {"10": "N", "16": "S", "27": "S", "36": "S", "38": "S", "26": "S", "12": "N", "24": "E", "9": "E", "3": "E", "20": "E", "35": "S", "39": "N", "6": "W", "22": "N", "13": "W", "2": "S", "32": "S", "7": "E", "33": "W", "21": "N", "14": "S", "15": "E", "5": "N"}, {"12": "E", "37": "E", "38": "W", "35": "W", "18": "W", "27": "E", "10": "N", "3": "W", "39": "W", "29": "W", "5": "N", "15": "W", "20": "E", "21": "W", "26": "E", "7": "E", "28": "E", "36": "S", "9": "S", "33": "W", "13": "W", "14": "S"}, {"18": "N", "13": "N", "38": "S", "12": "E", "27": "S", "29": "N", "17": "W", "20": "E", "28": "S", "32": "S", "10": "W", "4": "W", "3": "S", "7": "E", "15": "E", "26": "S", "21": "S", "33": "N"}, {"13": "E", "32": "S", "39": "E", "33": "N", "18": "W", "12": "E", "38": "S", "15": "S", "10": "N", "27": "E", "7": "E", "36": "N", "21": "E", "17": "N", "23": "E", "20": "E", "29": "S", "34": "W", "26": "E", "9": "W", "37": "E"}, {"22": "E", "15": "W", "26": "E", "38": "S", "23": "S", "37": "S", "12": "S", "7": "E", "17": "E", "39": "S", "3": "S", "13": "E", "10": "N", "20": "E", "9": "E", "36": "N", "33": "N", "29": "W"}, {"28": "E", "15": "N", "27": "N", "9": "S", "13": "E", "36": "S", "20": "N", "29": "W", "24": "W", "35": "E", "22": "W", "10": "N", "14": "S", "3": "E", "37": "E", "26": "E", "7": "E", "39": "W"}, {"10": "E", "15": "W", "3": "E", "22": "W", "16": "S", "9": "E", "17": "E", "13": "W", "20": "N", "35": "W", "29": "N", "28": "W", "38": "S", "33": "W", "7": "S"}, {"9": "E", "36": "W", "13": "W", "14": "E", "10": "E", "25": "E", "37": "S", "20": "S", "33": "E", "3": "W", "18": "W", "38": "S", "35": "N"}, {"9": "E", "0": "E", "17": "E", "26": "S", "34": "W", "33": "E", "29": "N", "35": "S", "21": "E", "36": "E", "14": "E", "16": "W", "39": "W", "15": "W", "28": "E", "23": "E", "10": "E", "38": "S", "13": "W"}, {"20": "N", "13": "E", "3": "N", "29": "S", "26": "E", "28": "W", "14": "S", "21": "W", "9": "N", "24": "N", "33": "E", "10": "N", "18": "N", "36": "W"}, {"20": "S", "14": "E", "33": "W", "17": "N", "13": "W", "35": "N", "15": "S", "25": "S"}, {"25": "N", "13": "N", "24": "N", "18": "N", "29": "S", "15": "N", "17": "W", "36": "E", "35": "E", "14": "E", "33": "N"}, {"18": "W", "21": "E", "24": "N", "29": "N", "28": "E", "22": "W", "20": "S", "17": "S", "36": "N", "33": "N", "35": "W", "13": "S", "14": "E"}, {"25": "E", "22": "W", "24": "E", "21": "N", "20": "E", "13": "S", "23": "S", "35": "E", "29": "N", "33": "N", "3": "S", "26": "W", "37": "S", "28": "S", "36": "N", "17": "E"}, {"20": "N", "28": "W", "26": "E", "24": "E", "29": "S", "13": "N", "36": "N", "22": "S", "17": "S", "3": "W", "14": "E", "33": "E"}, {"29": "S", "28": "N", "20": "S", "17": "S", "22": "N", "33": "N", "36": "N", "35": "E", "26": "N", "0": "W", "14": "E", "37": "N", "3": "E"}, {"37": "N", "21": "E", "14": "S", "0": "E", "35": "W", "22": "S", "3": "N", "20": "S", "28": "S", "29": "W"}, {"0": "E", "20": "N", "21": "W", "26": "E", "17": "N", "3": "N", "14": "N", "35": "S", "22": "N", "37": "W"}, {"39": "S", "22": "E", "3": "N", "37": "N", "17": "N", "14": "N", "0": "W", "16": "S", "35": "E"}, {"23": "E", "20": "W", "37": "W", "26": "E", "22": "N", "35": "W", "39": "W"}, {"37": "S", "23": "W", "20": "N", "15": "W", "3": "N", "13": "W"}, {"39": "W", "37": "E", "3": "W", "13": "E", "20": "E", "35": "E"}, {"21": "N", "39": "N", "20": "W", "37": "E", "35": "S"}, {"3": "W", "28": "N", "21": "N", "20": "E", "37": "N", "17": "W", "35": "E"}, {"22": "N", "28": "S", "37": "E", "35": "W", "13": "W", "3": "S", "39": "W"}, {"39": "W", "3": "W", "0": "W", "35": "E"}, {"17": "N", "0": "E", "29": "E", "35": "W", "28": "W"}, {"3": "E", "13": "S", "22": "W", "17": "E", "29": "N", "28": "E", "35": "N"}, {"17": "S", "29": "S", "28": "E", "13": "N", "20": "S", "35": "W"}, {"35": "S", "3": "N", "29": "W", "17": "S", "28": "E", "20": "N"}, {"17": "N", "3": "N", "35": "W"}, {"17": "S", "28": "N", "29": "S", "35": "E"}, {"13": "E"}, {"23": "N", "20": "W", "35": "S", "3": "S", "28": "N", "13": "W"}, {"13": "E", "35": "N", "15": "W", "3": "W", "20": "E", "28": "N"}, {"35": "N", "13": "W", "3": "N", "28": "S", "0": "S"}, {"20": "S", "35": "E", "23": "E", "3": "N", "13": "S", "17": "S"}, {"35": "W", "28": "E", "13": "N", "3": "S", "23": "W"}, {"35": "S", "28": "N", "17": "N", "3": "N", "23": "E"}, {"17": "S", "28": "S", "20": "S", "35": "W"}, {"17": "S", "35": "E", "28": "E", "20": "W"}, {"13": "E", "28": "S", "3": "E", "20": "N"}, {"13": "W", "28": "N", "20": "N", "3": "N", "35": "W"}, {"20": "E", "3": "E", "28": "N", "35": "E"}, {"13": "S", "28": "W", "20": "N"}, {"20": "S", "13": "N", "35": "E", "28": "S"}, {"13": "E", "28": "S", "35": "W"}, {"28": "E", "35": "S", "20": "W"}, {"13": "E", "20": "S", "35": "E"}, {"13": "E", "35": "W"}, {"28": "S", "20": "S", "35": "N", "13": "S"}, {"28": "N", "13": "S", "35": "W"}, {"35": "W", "13": "N", "20": "S", "28": "N"}, {"13": "S", "20": "W", "28": "S", "35": "E"}, {"35": "W", "13": "S", "28": "N", "20": "S"}, {"28": "N", "20": "S", "35": "E", "13": "S"}, {"20": "E", "13": "S", "35": "W", "28": "E"}, {"20": "E", "35": "E", "28": "S", "13": "W"}, {"28": "W", "20": "E", "35": "W", "13": "W"}, {"20": "E", "28": "E", "35": "E", "13": "S"}, {"35": "W", "13": "N", "28": "W", "20": "E"}, {"35": "E", "28": "E", "13": "S"}, {"20": "E", "13": "W", "35": "W", "28": "S"}, {"13": "N", "35": "E", "28": "S", "20": "N"}, {"13": "W", "20": "N", "35": "W"}, {"13": "N", "20": "E", "35": "E"}, {"20": "E", "35": "W", "13": "N"}, {"13": "N", "28": "S", "20": "N"}, {"20": "N", "13": "W"}, {"28": "W", "20": "N", "35": "E", "13": "W"}, {"20": "W", "28": "N", "13": "S", "35": "W"}, {"28": "S", "13": "N"}, {"13": "W", "28": "S"}, {"28": "S", "13": "N"}, {"13": "N", "28": "S", "35": "S"}, {"13": "E", "35": "N", "28": "W"}, {"28": "N"}, {"28": "E", "35": "E"}, {"35": "W", "28": "S"}, {"28": "N"}, {"28": "W"}, {"28": "S", "35": "E"}, {"35": "W", "28": "W"}, {"35": "E", "28": "S"}, {"35": "W", "28": "E"}, {"28": "N"}, {"28": "E"}, {"28": "W", "35": "E"}, {"35": "W"}, {"28": "W"}, {"28": "W", "35": "S"}, {"28": "E", "35": "N"}]}