{"instance": "small_free_001_10x10_40_40", "steps": [{"0": "W", "15": "S", "26": "W", "28": "E", "2": "N", "4": "S", "5": "N", "6": "N", "7": "N", "9": "E", "10": "S", "11": "N", "12": "W", "13": "E", "14": "W", "16": "N", "17": "W", "20": "W", "22": "S", "23": "W", "24": "E", "25": "N", "29": "S", "31": "E", "32": "N", "33": "S", "34": "E", "36": "S", "37": "E", "38": "N", "39": "S"}, {"15": "S", "26": "S", "2": "N", "4": "W", "5": "W", "7": "N", "8": "W", "10": "S", "11": "N", "13": "N", "14": "W", "16": "N", "17": "W", "18": "E", "19": "N", "20": "S", "23": "W", "25": "N", "29": "E", "31": "N", "32": "N", "33": "S", "34": "S", "36": "S", "37": "S"}, {"0": "W", "3": "E", "26": "S", "4": "S", "5": "W", "6": "N", "8": "W", "10": "S", "11": "N", "13": "N", "17": "W", "18": "S", "19": "W", "23": "W", "24": "S", "25": "N", "27": "W", "30": "W", "33": "W", "36": "S", "37": "E"}, {"3": "S", "15": "S", "4": "S", "5": "N", "6": "N", "10": "S", "11": "N", "12": "N", "16": "N", "17": "S", "18": "S", "19": "N", "20": "W", "22": "E", "24": "S", "27": "W", "29": "E", "30": "W", "34": "S", "38": "N", "39": "S"}, {"2": "W", "4": "W", "5": "W", "6": "N", "7": "E", "10": "E", "12": "N", "17": "W", "20": "N", "22": "S", "24": "S", "27": "N", "29": "S", "32": "E", "34": "E", "36": "E", "38": "N"}, {"0": "N", "2": "N", "7": "N", "10": "E", "11": "E", "12": "N", "16": "E", "17": "S", "19": "N", "20": "W", "22": "W", "24": "S", "27": "N", "29": "E", "32": "E", "33": "N", "34": "S", "36": "S", "38": "W"}, {"0": "N", "15": "W", "26": "S", "2": "N", "4": "W", "7": "W", "8": "W", "11": "N", "12": "N", "16": "S", "17": "E", "20": "W", "22": "S", "23": "N", "24": "W", "27": "N", "29": "N", "30": "N", "32": "N", "34": "E", "36": "W", "37": "E"}, {"39": "N"}, {"39": "W"}, {"39": "W"}, {"39": "W"}, {"39": "W"}, {"39": "W"}, {"39": "N"}, {"15": "N", "31": "E", "37": "E", "26": "E", "28": "E", "0": "W"}, {"15": "N", "31": "E", "37": "E", "26": "E", "28": "N", "0": "S"}, {"1": "S", "15": "W", "37": "S", "26": "N", "28": "N", "0": "S"}, {"1": "S", "15": "W", "37": "E", "26": "E", "28": "W", "0": "S", "3": "S"}, {"1": "W", "15": "W", "35": "W", "9": "S", "28": "N", "0": "E", "3": "W"}, {"1": "W", "31": "S", "26": "E", "28": "W", "0": "S", "3": "W"}, {"9": "E", "31": "S", "26": "E", "28": "W", "0": "S"}, {"9": "E", "31": "S", "26": "E", "28": "W", "0": "E"}, {"15": "N", "31": "S", "26": "E", "28": "W", "0": "N", "3": "W"}, {"15": "N", "9": "S", "0": "E", "3": "W"}, {"15": "N", "9": "S", "26": "N", "28": "W", "0": "S"}, {"15": "E", "26": "E", "28": "W", "0": "E"}, {"15": "N", "26": "E", "28": "W", "0": "S", "3": "N"}, {"15": "N", "28": "W"}, {"28": "S"}, {"0": "E"}, {"26": "S", "0": "E"}, {"3": "N"}, {"0": "N", "3": "N"}, {"9": "W", "3": "N"}, {"3": "N"}, {"3": "N"}, {"3": "E"}]}