{"instance": "small_free_001_10x10_40_40", "steps": [{"13": "N", "33": "W", "10": "E", "23": "E", "14": "E", "36": "N", "28": "N", "29": "N", "31": "E", "4": "W", "24": "E", "18": "W", "21": "N", "38": "E", "16": "S", "26": "S", "11": "E", "22": "W", "39": "W", "6": "W", "25": "S", "3": "N", "32": "S", "15": "W", "7": "E", "35": "N", "17": "E", "9": "S", "1": "W", "34": "W", "12": "E", "27": "S"}, {"9": "S", "19": "S", "35": "S", "18": "W", "24": "E", "28": "N", "21": "N", "37": "E", "26": "S", "16": "N", "1": "S", "0": "S", "14": "E", "22": "N", "36": "S", "20": "S", "29": "W", "33": "W", "10": "W", "38": "E", "17": "W", "32": "N", "6": "N", "15": "N", "12": "W", "13": "W", "27": "S", "11": "N", "3": "N", "39": "W"}, {"37": "S", "34": "W", "38": "W", "20": "E", "23": "W", "15": "N", "4": "W", "31": "N", "36": "N", "10": "E", "28": "W", "6": "S", "17": "S", "9": "E", "33": "W", "21": "E", "39": "W", "32": "S", "12": "E", "2": "E", "22": "E", "26": "S", "30": "W", "29": "W", "3": "W", "14": "E", "7": "E", "18": "N", "24": "E"}, {"13": "N", "22": "W", "30": "N", "35": "W", "24": "N", "33": "W", "18": "N", "36": "N", "12": "E", "1": "E", "4": "W", "15": "N", "26": "N", "9": "S", "0": "E", "38": "N", "17": "W", "37": "S", "8": "W", "32": "S", "6": "W", "10": "N", "28": "E", "5": "N", "23": "W", "14": "W"}, {"15": "N", "1": "W", "13": "N", "38": "S", "16": "N", "19": "W", "31": "E", "0": "S", "22": "E", "21": "S", "4": "E", "2": "W", "6": "N", "37": "E", "8": "E", "27": "W", "23": "E", "5": "E", "10": "S", "28": "S", "9": "S", "33": "W", "14": "E", "3": "S", "26": "E"}, {"11": "N", "22": "W", "21": "S", "6": "S", "24": "E", "23": "E", "31": "E", "33": "N", "26": "E", "28": "E", "12": "N", "16": "E", "3": "E", "10": "N", "1": "S", "39": "W", "37": "S", "2": "E", "38": "N", "0": "W", "20": "E", "5": "E", "18": "S", "9": "E", "17": "E"}, {"11": "E", "18": "W", "26": "E", "8": "N", "16": "W", "22": "W", "32": "S", "38": "S", "23": "E", "7": "E", "34": "S", "33": "N", "28": "W", "17": "W", "25": "E", "29": "N", "24": "N", "10": "E", "31": "N", "9": "E", "6": "N", "2": "E", "36": "N", "14": "N", "21": "N", "12": "S", "3": "W"}, {"11": "E", "17": "S", "12": "E", "29": "W", "13": "E", "31": "S", "26": "E", "9": "S", "33": "N", "6": "W", "16": "W", "36": "N", "7": "E", "3": "N", "38": "W", "21": "N", "14": "W", "2": "E", "18": "S", "28": "E"}, {"20": "W", "5": "N", "18": "W", "6": "S", "13": "W", "7": "E", "12": "W", "36": "W", "29": "N", "16": "E", "10": "S", "37": "N", "27": "W", "26": "S", "22": "N", "4": "W", "11": "N", "14": "E", "24": "N", "31": "S", "38": "W", "3": "N", "21": "N", "17": "S", "19": "W", "28": "E", "2": "N", "8": "N", "32": "S", "9": "N", "33": "W"}, {"12": "E", "36": "N", "9": "E", "29": "S", "14": "E", "2": "S", "3": "W", "6": "W", "32": "E", "39": "W", "17": "E", "31": "S", "15": "W", "38": "N", "10": "E", "19": "E", "0": "E", "18": "N", "1": "E", "28": "N", "33": "E", "37": "E", "26": "E"}, {"16": "N", "23": "S", "14": "E", "1": "W", "19": "N", "0": "S", "17": "W", "12": "S", "5": "N", "15": "E", "18": "N", "26": "S", "29": "N", "36": "E", "9": "E", "21": "E", "22": "N", "33": "W", "31": "S", "10": "N"}, {"19": "S", "21": "W", "15": "W", "23": "S", "3": "N", "14": "N", "17": "S", "13": "W", "29": "W", "22": "W", "0": "S", "27": "W", "33": "S", "16": "S", "31": "S", "32": "S", "38": "S", "28": "W"}, {"32": "W", "10": "W", "14": "E", "28": "W", "33": "N", "0": "N", "17": "E", "18": "N", "2": "E", "38": "S", "12": "S"}, {"37": "W", "7": "E", "28": "W", "14": "E", "15": "W", "22": "S", "38": "S", "26": "N", "33": "N", "17": "W", "27": "W", "2": "E", "32": "S", "21": "E", "10": "E", "13": "W"}, {"33": "S", "0": "S", "32": "E", "28": "N", "14": "S", "16": "S", "25": "W", "20": "S", "26": "N", "10": "N", "2": "S", "1": "W", "12": "E", "17": "E", "37": "E", "38": "N", "7": "N"}, {"28": "W", "26": "S", "17": "S", "21": "N", "33": "S", "25": "N", "27": "E", "14": "N", "12": "W", "38": "E", "18": "S", "19": "W", "20": "S", "23": "S"}, {"2": "W", "19": "E", "27": "E", "23": "N", "18": "N", "10": "E", "12": "E", "17": "N", "21": "E", "7": "N", "26": "E", "25": "N", "37": "E", "20": "E", "14": "E", "38": "E"}, {"18": "S", "28": "E", "12": "W", "33": "N", "17": "S", "0": "S", "37": "E", "13": "S", "27": "W", "25": "E", "23": "S", "10": "N", "19": "W", "14": "S", "26": "E", "16": "E", "2": "W", "20": "S"}, {"33": "N", "17": "E", "19": "E", "25": "E", "23": "E", "12": "S", "10": "S", "26": "N", "27": "S", "20": "E", "21": "S", "14": "E"}, {"10": "N", "12": "N", "27": "E", "19": "W", "25": "W", "33": "N", "20": "E", "21": "N", "16": "W", "14": "S", "0": "E", "7": "E", "26": "E", "17": "E", "18": "N"}, {"4": "N", "7": "E", "27": "E", "23": "S", "17": "E", "0": "S", "18": "N", "37": "S", "16": "E", "20": "S", "25": "E", "14": "S"}, {"14": "S", "37": "E", "7": "S", "38": "E", "18": "E", "17": "N", "33": "E", "12": "E", "20": "N", "0": "N", "27": "S", "21": "E"}, {"17": "N", "38": "W", "12": "W", "14": "W", "0": "E", "10": "E", "25": "N", "20": "E", "18": "W", "37": "N", "27": "E", "21": "E", "33": "W", "19": "W"}, {"14": "S", "33": "E", "21": "W", "20": "N", "28": "E", "27": "E", "16": "E", "17": "E", "18": "E", "25": "S", "19": "E"}, {"16": "S", "25": "S", "12": "S", "23": "W", "19": "S", "28": "E", "21": "E"}, {"16": "E", "13": "N", "14": "E", "23": "E", "28": "W", "18": "N", "27": "E", "0": "N", "12": "N", "38": "W", "25": "N", "21": "E"}, {"25": "S", "20": "E", "27": "E", "21": "W", "0": "E", "16": "W", "28": "W", "23": "S", "33": "E", "19": "E", "14": "S", "10": "N"}, {"23": "E", "13": "E", "33": "E", "28": "E", "25": "E", "20": "N", "0": "E", "21": "E", "16": "E", "14": "S"}, {"12": "S", "14": "E", "13": "W", "27": "E", "25": "S", "20": "E", "28": "E", "38": "W", "21": "W", "23": "E", "16": "S", "0": "N"}, {"14": "W", "21": "W", "18": "W", "28": "W", "20": "E", "38": "S"}, {"33": "N", "16": "E", "13": "S", "14": "E", "12": "S", "25": "N", "21": "E", "0": "W", "20": "E", "38": "N"}, {"13": "N", "14": "S", "20": "N", "25": "S", "12": "S", "23": "S", "16": "W", "21": "E", "38": "S"}, {"14": "N", "25": "N", "28": "S", "12": "N", "38": "N", "0": "S", "23": "S", "10": "N"}, {"0": "W", "28": "N", "38": "E", "23": "E", "21": "W", "16": "W", "25": "W", "14": "W"}, {"10": "N", "38": "E", "21": "N", "23": "E", "16": "S", "14": "W", "12": "S"}, {"16": "W", "28": "E", "0": "S", "12": "N", "38": "E", "23": "N"}, {"38": "S", "16": "S", "28": "S", "21": "W", "12": "S", "23": "N", "0": "N"}, {"28": "N", "21": "W", "38": "N"}, {"12": "W", "28": "E", "25": "N", "21": "S", "38": "S"}, {"25": "S", "21": "W", "38": "N", "12": "W", "28": "W", "0": "S", "10": "E"}, {"38": "S", "21": "E", "10": "W", "33": "S", "25": "N", "28": "N", "0": "N"}, {"10": "W", "28": "S", "12": "N", "38": "N", "21": "W", "33": "N", "0": "S"}, {"28": "W", "21": "E", "16": "W", "12": "N", "25": "W", "38": "S", "10": "W"}, {"28": "W", "12": "N", "21": "W", "38": "N"}, {"25": "E", "28": "W", "0": "S", "21": "E", "38": "S"}, {"25": "N", "38": "N", "10": "N", "21": "W", "12": "W", "28": "E", "0": "N"}, {"25": "S", "28": "W", "38": "S", "21": "E"}, {"25": "N", "38": "N", "28": "W", "12": "N"}, {"25": "S", "38": "S", "12": "N", "21": "W", "33": "S"}, {"25": "S", "0": "S", "33": "N", "28": "W"}, {"0": "N", "21": "E", "25": "E", "28": "W"}, {"33": "S", "28": "W", "21": "W", "25": "E", "12": "W"}, {"12": "E", "25": "W", "28": "W", "33": "N"}, {"12": "W", "38": "N", "28": "S", "25": "S"}, {"25": "S", "12": "E", "0": "S", "38": "S"}, {"0": "N"}, {"38": "N", "33": "S"}, {"0": "W", "33": "N", "21": "E", "38": "S"}, {"21": "W", "12": "W", "0": "E", "38": "N", "33": "S"}, {"38": "S", "33": "N", "12": "E"}, {"21": "S", "12": "N", "38": "N", "0": "W"}, {"12": "S", "0": "E", "21": "N"}, {"38": "S"}, {"21": "E", "0": "W", "13": "E", "38": "N"}, {"13": "W", "21": "W", "38": "S", "0": "E", "12": "N"}, {"12": "E", "38": "N", "0": "W"}, {"12": "E", "33": "S", "0": "E", "38": "S"}, {"33": "W", "38": "N", "0": "S", "12": "S"}, {"33": "S", "38": "S", "12": "E", "0": "N"}, {"21": "E", "33": "N", "12": "E"}, {"12": "E", "21": "W", "33": "S"}, {"33": "N"}, {"21": "E"}, {"21": "W", "33": "S"}, {"21": "E", "33": "N", "12": "W"}, {"38": "N", "21": "W"}, {"21": "E", "38": "S"}, {"0": "S", "12": "E", "21": "W"}, {"0": "N", "12": "N", "33": "S"}, {"12": "S", "0": "S", "33": "N"}, {"33": "S"}, {"0": "N", "33": "N"}, {"0": "S", "21": "E"}, {"0": "N", "21": "W"}, {"12": "N"}, {"12": "S"}, {"21": "E"}, {"12": "W", "21": "W"}, {"12": "E", "0": "W", "33": "S"}, {"0": "E", "33": "N", "21": "E", "12": "E"}, {"21": "W", "33": "S", "38": "N", "12": "E"}, {"38": "S", "12": "W", "21": "E", "33": "N", "0": "S"}, {"38": "N", "0": "N", "21": "W", "33": "E"}, {"38": "W", "33": "N"}, {"38": "E", "33": "S"}, {"38": "S", "33": "W", "12": "E"}, {"12": "W", "38": "N", "33": "S", "0": "S"}, {"38": "S", "0": "N", "21": "E", "33": "N"}, {"38": "N", "0": "S", "21": "W", "33": "S"}, {"38": "S", "33": "N", "0": "N"}]}