{"instance": "small_free_001_10x10_40_40", "steps": [{"3": "N", "13": "N", "6": "W", "10": "N", "32": "E", "27": "E", "15": "N", "18": "N", "7": "E", "23": "E", "35": "W", "30": "W", "1": "W", "29": "N", "9": "E", "33": "N", "21": "E", "14": "E", "36": "N", "39": "W", "12": "E", "37": "E", "4": "W", "5": "E", "2": "N", "28": "N", "24": "N", "20": "W", "17": "E", "26": "E", "16": "S"}, {"14": "E", "25": "E", "26": "S", "15": "N", "2": "E", "21": "N", "12": "W", "23": "S", "0": "E", "34": "S", "7": "E", "36": "S", "16": "E", "13": "N", "9": "S", "28": "N", "38": "E", "10": "E", "3": "W", "24": "S", "20": "E", "22": "W", "6": "N", "39": "W", "30": "N"}, {"6": "S", "28": "W", "24": "E", "16": "W", "25": "E", "0": "E", "14": "E", "39": "W", "29": "N", "36": "N", "3": "W", "7": "E", "34": "W", "37": "E", "33": "W", "17": "E", "26": "E", "15": "N", "12": "E", "2": "N", "1": "E", "13": "N", "38": "N", "10": "S", "18": "N"}, {"7": "N", "31": "S", "38": "N", "26": "S", "10": "E", "28": "W", "1": "S", "14": "S", "15": "N", "23": "S", "13": "E", "33": "W", "18": "N", "34": "W", "21": "N", "6": "W", "36": "N", "16": "S", "17": "S", "0": "E", "24": "E", "20": "W", "12": "S", "2": "E"}, {"6": "N", "10": "E", "20": "E", "24": "S", "15": "W", "12": "E", "21": "N", "36": "N", "33": "W", "23": "S", "28": "W", "9": "S", "37": "S", "13": "W", "7": "N", "39": "S", "25": "N", "38": "W", "5": "S", "29": "N", "26": "S", "18": "E", "2": "S", "1": "E"}, {"13": "W", "33": "W", "18": "W", "12": "N", "9": "S", "39": "N", "14": "E", "7": "S", "5": "N", "25": "E", "6": "S", "26": "N", "36": "S", "1": "W", "20": "W", "32": "W", "29": "W", "24": "N", "38": "S", "28": "W", "17": "S", "8": "N", "37": "S", "10": "N"}, {"19": "W", "36": "N", "26": "S", "38": "S", "4": "W", "9": "E", "1": "S", "0": "S", "25": "E", "23": "S", "18": "S", "2": "E", "20": "E", "10": "S", "15": "S", "6": "N", "33": "W", "39": "W", "28": "N", "12": "E"}, {"12": "S", "20": "E", "27": "S", "15": "N", "36": "S", "38": "S", "33": "S", "39": "W", "6": "W", "25": "W", "8": "N", "18": "N", "32": "S", "23": "W", "37": "S", "9": "S", "28": "S", "14": "S", "0": "N", "24": "N", "2": "S", "21": "S", "26": "S", "10": "S", "7": "E"}, {"9": "E", "36": "N", "31": "S", "20": "E", "18": "E", "13": "E", "10": "N", "1": "E", "25": "S", "26": "E", "19": "N", "15": "E", "38": "E", "7": "E", "0": "S", "23": "E", "3": "W", "37": "E", "16": "S", "33": "W"}, {"31": "E", "28": "N", "11": "E", "20": "W", "21": "E", "23": "E", "15": "W", "37": "E", "33": "N", "1": "W", "5": "W", "26": "N", "7": "W", "3": "E", "36": "S", "9": "E", "10": "E", "6": "W", "25": "N"}, {"23": "E", "26": "E", "7": "N", "24": "W", "33": "N", "25": "S", "37": "E", "10": "E", "19": "S", "5": "E", "38": "N", "13": "W", "6": "S", "9": "E", "16": "S", "32": "E", "20": "S", "1": "E", "21": "W", "14": "E", "36": "W"}, {"37": "E", "15": "W", "31": "S", "19": "S", "5": "E", "26": "E", "25": "S", "10": "N", "36": "E", "27": "S", "24": "S", "12": "E", "38": "S", "33": "N", "18": "E", "13": "W", "0": "N"}, {"10": "N", "21": "S", "25": "S", "1": "E", "22": "W", "28": "N", "15": "W", "19": "W", "18": "N", "24": "N", "14": "E", "2": "E", "0": "N", "12": "E", "4": "N", "23": "S", "7": "E"}, {"24": "N", "1": "W", "19": "E", "28": "S", "27": "S", "7": "E", "2": "W", "21": "N", "26": "S", "18": "W", "23": "S", "0": "S", "5": "N", "37": "E", "10": "W", "33": "W"}, {"27": "S", "33": "N", "23": "W", "1": "W", "4": "N", "20": "N", "24": "N", "38": "N", "22": "N", "26": "N", "36": "N", "31": "E", "13": "W", "37": "W", "7": "S", "18": "W", "0": "N", "2": "E", "5": "N"}, {"33": "E", "23": "E", "3": "W", "10": "E", "21": "E", "31": "E", "2": "W", "19": "N", "24": "S", "4": "S", "0": "S", "7": "E", "18": "E", "26": "E", "1": "E", "38": "N", "27": "E", "22": "N"}, {"19": "S", "32": "W", "5": "N", "10": "W", "0": "N", "38": "N", "22": "W", "26": "N", "3": "N", "33": "S", "20": "W", "11": "W", "18": "W", "23": "N", "1": "W", "24": "E"}, {"7": "E", "26": "S", "11": "E", "36": "N", "4": "S", "23": "W", "19": "N", "21": "E", "38": "S", "32": "N", "2": "E", "33": "N", "28": "W", "10": "E", "27": "S", "1": "E", "0": "S", "3": "S", "24": "N"}, {"21": "W", "38": "E", "3": "N", "28": "W", "26": "N", "23": "E", "2": "S", "33": "S", "24": "E", "4": "N", "1": "N", "19": "S", "10": "N", "29": "N"}, {"1": "S", "38": "S", "20": "N", "27": "E", "17": "E", "32": "S", "23": "E", "21": "N", "3": "N", "14": "E", "33": "E", "0": "N", "36": "N", "10": "E", "28": "W"}, {"17": "S", "11": "N", "29": "W", "13": "N", "2": "N", "37": "N", "19": "S", "20": "S", "27": "N", "38": "S", "28": "S", "10": "W", "4": "S", "23": "S", "21": "E", "26": "W"}, {"26": "E", "14": "N", "18": "W", "4": "N", "23": "E", "1": "W", "20": "E", "27": "E", "33": "W", "10": "W", "21": "W", "17": "E", "38": "W"}, {"3": "W", "10": "E", "0": "N", "4": "W", "23": "N", "11": "E", "33": "E", "20": "W", "1": "E", "38": "W", "29": "W"}, {"1": "W", "33": "S", "21": "N", "2": "N", "0": "S", "20": "E", "3": "N", "29": "W", "23": "S", "32": "S"}, {"29": "S", "14": "N", "33": "N", "24": "W", "23": "S", "10": "E", "38": "W", "1": "E", "21": "E", "32": "W", "2": "S", "11": "N", "0": "S", "20": "S"}, {"38": "E", "32": "S", "2": "S", "10": "N", "18": "E", "13": "W", "14": "W", "23": "N", "0": "S", "33": "E", "1": "E"}, {"18": "W", "14": "S", "23": "S", "11": "E", "21": "W", "20": "S", "10": "N", "1": "E", "0": "S", "2": "W"}, {"33": "S", "1": "W", "10": "N", "14": "S", "21": "E", "23": "E"}, {"33": "N", "38": "W", "24": "S", "14": "N", "26": "S", "10": "E", "1": "S", "11": "N", "32": "N", "21": "W", "23": "E", "20": "N"}, {"21": "E", "32": "S", "26": "S", "20": "S", "38": "E", "24": "N", "33": "S", "10": "W", "1": "W", "23": "N"}, {"14": "S", "32": "S", "38": "W", "26": "N", "10": "W", "23": "N", "21": "W"}, {"26": "S", "14": "N", "10": "W", "32": "E", "1": "E"}, {"14": "S", "38": "E", "32": "E", "10": "N", "20": "S", "3": "S", "1": "W", "33": "N", "26": "N", "21": "E"}, {"32": "S", "3": "E", "10": "W", "33": "N", "20": "N", "1": "S", "26": "N", "21": "W"}, {"32": "S", "1": "W", "14": "N", "33": "N", "21": "S"}, {"20": "S", "14": "S", "21": "N", "33": "N"}, {"3": "W", "14": "N", "20": "N", "26": "S"}, {"26": "N", "0": "N", "18": "N", "3": "E", "21": "S", "20": "S"}, {"14": "E", "20": "E", "21": "N"}, {"21": "W", "1": "W", "0": "N", "14": "E", "33": "S"}, {"20": "E", "14": "S", "33": "N", "0": "S"}, {"20": "N", "0": "N", "14": "E", "3": "W"}, {"20": "S", "1": "E", "14": "S", "3": "E", "21": "E"}, {"14": "S", "21": "W", "20": "N", "0": "S", "1": "W"}, {"0": "N", "14": "W", "20": "N"}, {"14": "S", "20": "S", "0": "S"}, {"20": "N"}, {"20": "S", "26": "W", "38": "E", "0": "N", "1": "E", "33": "S"}, {"18": "N", "33": "N", "20": "N", "1": "W", "21": "N", "38": "E", "0": "E"}, {"0": "E", "20": "S", "26": "S", "38": "W"}, {"0": "S", "1": "E", "38": "E"}, {"0": "E", "20": "S", "18": "N"}, {"1": "E", "0": "W", "18": "S", "38": "N"}, {"1": "N", "38": "S", "26": "N", "20": "N"}, {"1": "N", "26": "W", "0": "N", "3": "W", "20": "S"}, {"0": "S", "26": "S", "38": "N", "1": "N", "20": "N", "3": "E"}, {"18": "N", "1": "W", "20": "S", "38": "S", "26": "S"}, {"0": "E", "20": "E", "18": "S", "1": "W"}, {"38": "N", "1": "W", "26": "S", "0": "S", "20": "E", "3": "W"}, {"26": "E", "3": "E", "20": "E", "0": "S", "1": "E", "38": "S"}, {"26": "W", "1": "W", "38": "N", "0": "W"}, {"0": "W", "38": "S", "26": "N"}, {"0": "W"}, {"1": "E", "20": "W"}, {"26": "W", "20": "E", "1": "W"}, {"26": "S", "33": "S"}, {"33": "N", "38": "W"}, {"26": "W", "38": "W", "1": "E"}, {"1": "W", "33": "S", "26": "S"}, {"26": "S", "38": "W", "33": "N"}, {"20": "S", "38": "E", "26": "W"}, {"20": "N", "26": "E", "1": "E"}, {"26": "E", "18": "N", "38": "W"}, {"18": "S", "38": "E"}, {"26": "S", "1": "W"}, {"26": "W", "1": "E", "33": "S"}, {"33": "N", "38": "W", "1": "W", "26": "S"}, {"26": "W", "38": "E"}, {"26": "N"}, {"26": "E", "1": "E", "3": "W"}, {"18": "N", "3": "E"}, {"18": "W", "1": "W", "38": "W", "26": "N"}, {"20": "S", "18": "N", "38": "E", "26": "W", "1": "S"}, {"18": "S", "20": "N", "26": "S"}, {"18": "N", "26": "W"}, {"26": "S", "18": "S", "38": "W"}, {"3": "W", "38": "E", "26": "S"}, {"18": "E", "20": "W", "26": "E", "38": "W", "3": "E"}, {"20": "E", "38": "E", "33": "S", "18": "W"}, {"33": "N", "18": "E", "26": "W"}, {"38": "W", "18": "W", "26": "N"}, {"38": "E", "18": "N", "33": "S"}, {"24": "W", "26": "N", "13": "W", "18": "S"}, {"33": "S", "38": "W", "26": "E", "18": "N"}, {"20": "S", "26": "S", "18": "S", "38": "E", "33": "N"}, {"26": "E", "18": "N", "20": "N"}, {"38": "W", "18": "S", "26": "S"}, {"18": "N", "38": "E"}, {"33": "S", "18": "S", "26": "W"}, {"26": "E", "33": "N", "18": "N"}]}