{"instance": "small_free_001_10x10_40_40", "steps": [{"21": "E", "0": "W", "1": "N", "3": "W", "15": "E", "26": "W", "28": "N", "2": "N", "4": "W", "5": "N", "6": "N", "7": "N", "9": "S", "11": "N", "12": "W", "13": "E", "14": "W", "17": "W", "18": "E", "20": "W", "22": "S", "23": "W", "25": "N", "27": "S", "29": "S", "30": "W", "31": "S", "33": "S", "34": "E", "36": "S", "37": "W", "38": "N", "39": "S"}, {"0": "N", "1": "E", "3": "W", "15": "E", "26": "S", "28": "E", "35": "N", "2": "N", "4": "S", "5": "W", "6": "W", "9": "W", "10": "W", "11": "E", "13": "N", "14": "W", "17": "W", "18": "S", "22": "S", "23": "W", "25": "E", "27": "S", "29": "E", "31": "E", "33": "S", "34": "S", "36": "W", "39": "S"}, {"0": "N", "1": "N", "35": "N", "2": "N", "5": "N", "6": "W", "7": "W", "8": "N", "9": "S", "10": "S", "11": "E", "12": "W", "14": "N", "17": "S", "18": "S", "20": "S", "22": "E", "25": "E", "27": "S", "29": "S", "31": "N", "39": "E"}, {"0": "N", "15": "N", "2": "N", "5": "W", "7": "W", "10": "S", "11": "E", "14": "W", "18": "W", "22": "S", "27": "S", "29": "S", "31": "E", "36": "W", "37": "N"}, {"0": "E", "1": "W", "26": "W", "4": "W", "5": "W", "6": "N", "7": "N", "8": "N", "11": "E", "14": "S", "22": "S", "29": "E", "33": "S", "38": "W"}, {"21": "N", "0": "E", "1": "N", "26": "S", "28": "E", "2": "N", "4": "W", "6": "N", "14": "S", "17": "S", "23": "W", "31": "E", "33": "W", "36": "W"}, {"0": "E", "1": "W", "2": "E", "5": "N", "6": "W", "9": "S", "13": "W", "14": "S", "17": "S", "18": "W", "20": "E", "21": "N", "23": "S", "28": "N", "31": "S", "33": "N", "36": "N"}, {"0": "E", "1": "W", "2": "E", "5": "E", "6": "W", "7": "E", "11": "N", "13": "W", "14": "S", "15": "N", "17": "E", "18": "N", "21": "N", "22": "W", "23": "S", "28": "W", "29": "N", "33": "N", "36": "E", "38": "S"}, {"0": "S", "1": "S", "2": "E", "4": "N", "5": "E", "6": "S", "7": "E", "9": "E", "10": "E", "11": "N", "13": "W", "14": "S", "15": "N", "16": "S", "21": "N", "22": "W", "23": "S", "25": "S", "26": "E", "28": "W", "29": "N", "31": "S", "33": "W", "34": "W", "36": "E", "38": "S"}, {"0": "S", "1": "S", "2": "S", "4": "N", "5": "E", "6": "S", "7": "E", "9": "S", "10": "E", "11": "W", "12": "E", "13": "W", "14": "S", "15": "N", "16": "S", "19": "S", "20": "E", "21": "W", "22": "W", "23": "S", "25": "S", "26": "E", "28": "W", "29": "W", "33": "W", "34": "W", "39": "W"}, {"0": "S", "1": "S", "2": "S", "3": "N", "6": "S", "7": "N", "10": "E", "14": "E", "15": "W", "16": "S", "18": "N", "19": "S", "21": "N", "22": "N", "23": "E", "24": "E", "26": "E", "29": "W", "30": "N", "33": "W", "34": "W", "39": "W"}, {"0": "S", "1": "S", "2": "S", "3": "W", "5": "N", "10": "E", "12": "E", "15": "W", "16": "S", "17": "E", "18": "W", "21": "E", "23": "S", "24": "N", "26": "E", "28": "S", "29": "N", "36": "N"}, {"2": "S", "3": "N", "5": "E", "7": "E", "9": "E", "10": "N", "13": "W", "14": "E", "15": "W", "18": "W", "19": "W", "23": "E", "25": "E", "27": "W", "28": "W", "31": "S", "32": "S"}, {"0": "W", "3": "N", "5": "E", "7": "E", "10": "E", "13": "W", "14": "S", "17": "E", "22": "W", "25": "S", "28": "N"}, {"0": "S", "1": "S", "3": "E", "5": "S", "7": "S", "10": "N", "13": "N", "17": "E", "22": "N", "24": "N", "27": "S", "36": "E"}, {"13": "N", "17": "E", "18": "N", "20": "S", "22": "E", "26": "E", "28": "N", "35": "E"}, {"3": "E", "7": "E", "17": "E", "20": "E", "28": "W", "29": "E", "35": "S"}, {"0": "S", "2": "S", "7": "S", "9": "E", "15": "S", "20": "S", "23": "E", "24": "N", "28": "W", "29": "N", "36": "N", "39": "N"}, {"2": "S", "7": "E", "9": "E", "18": "W", "24": "N", "26": "N", "28": "S", "33": "N", "36": "N", "39": "W"}, {"9": "E", "14": "E", "18": "N", "20": "W", "22": "S", "24": "E", "26": "N", "28": "S", "32": "W", "33": "N", "36": "N"}, {"9": "E", "18": "W", "20": "N", "22": "W", "23": "E", "24": "E", "27": "S", "28": "W", "36": "N"}, {"7": "E", "18": "N", "20": "N", "22": "N", "23": "S", "24": "N", "27": "E", "28": "N", "33": "N", "39": "W"}, {"14": "E", "18": "W", "22": "N", "23": "E", "24": "E", "27": "E", "28": "N", "33": "N"}, {"3": "E", "7": "N", "14": "E", "18": "W", "23": "N", "27": "E", "28": "W", "38": "N"}, {"0": "E", "7": "E", "23": "E", "27": "E", "28": "W", "38": "N"}, {"7": "E", "23": "E", "27": "N", "28": "N", "29": "N", "35": "E"}, {"3": "E", "7": "S", "10": "N", "14": "S", "23": "E", "28": "W", "29": "N", "35": "S"}, {"14": "E", "23": "E", "28": "W", "29": "W", "35": "W", "38": "S"}, {"14": "E", "23": "E", "33": "W", "38": "S", "39": "W"}, {"14": "N", "33": "N", "39": "S"}, {"14": "E", "28": "W", "39": "W"}, {"14": "E", "33": "W", "39": "N"}, {"18": "W", "39": "N"}, {"10": "E", "14": "E", "15": "N"}, {"10": "N", "14": "N", "18": "N"}, {"10": "E", "14": "E", "18": "N"}, {"10": "E"}, {"10": "N"}, {"10": "N", "18": "W", "27": "N", "37": "W"}, {"10": "N", "27": "E", "32": "E", "37": "S", "38": "E"}, {"10": "N", "26": "N", "32": "N", "37": "S", "38": "S"}, {"22": "N", "26": "E", "32": "E", "33": "W", "37": "S", "38": "E"}, {"20": "S", "22": "N", "26": "E", "37": "E"}, {"18": "E", "20": "S", "22": "N", "26": "S", "32": "S", "37": "S", "38": "S"}, {"18": "E", "20": "E", "37": "E", "38": "W"}, {"20": "E", "37": "N", "38": "S"}, {"20": "E", "32": "W", "37": "E", "38": "S"}, {"10": "W", "20": "E", "32": "W", "37": "E"}, {"10": "W", "20": "E", "32": "S", "37": "E"}, {"10": "W", "20": "E", "37": "E", "38": "S"}, {"10": "N", "20": "N", "32": "S", "37": "E", "38": "S"}, {"10": "W", "15": "N", "20": "N", "32": "S", "38": "S"}, {"29": "N", "32": "E", "38": "E"}, {"3": "E", "20": "E", "32": "E", "35": "E"}, {"3": "N", "15": "S", "32": "S"}, {"20": "E", "32": "S"}, {"33": "E"}, {"37": "E"}, {"35": "E"}, {"18": "E", "33": "N"}, {"3": "N", "15": "E", "18": "E", "26": "N", "29": "W", "33": "N", "35": "E"}, {"3": "E", "15": "W", "26": "N", "29": "N", "33": "S", "35": "W"}, {"3": "W", "18": "S", "26": "W", "29": "N", "33": "W", "35": "E"}, {"3": "W", "15": "N", "18": "S", "26": "E", "29": "W", "33": "W", "35": "S"}, {"3": "N", "15": "S", "18": "S", "26": "S", "29": "W", "35": "N"}, {"3": "W", "29": "S"}, {"3": "N", "18": "E", "26": "N", "29": "S", "35": "E"}, {"3": "N", "15": "E", "18": "E", "26": "S", "29": "S", "35": "N"}, {"3": "W", "15": "W", "18": "N", "29": "N", "35": "N"}, {"3": "W", "15": "E", "18": "N", "26": "W", "35": "E"}, {"3": "S", "18": "N", "29": "W"}, {"29": "S"}, {"15": "E"}, {"3": "E", "33": "S"}, {"3": "N"}, {"26": "E"}, {"3": "N", "15": "E", "35": "W"}, {"3": "S", "35": "N"}, {"26": "S", "35": "E"}, {"3": "N"}, {"15": "N"}, {"35": "W"}, {"35": "S"}, {"35": "W"}, {"15": "E", "35": "S"}, {"35": "E"}, {"15": "N"}, {"15": "S"}]}