{"instance": "galaxy_cluster_00000_20x20_20_80", "steps": [{"18": "N", "0": "W", "1": "E", "3": "W", "4": "S", "7": "W", "8": "E", "9": "W", "10": "E", "11": "N", "13": "W", "14": "W", "15": "W", "16": "S", "22": "S", "24": "S", "25": "S", "26": "E", "27": "W", "28": "E", "29": "E", "30": "S", "31": "E", "33": "S", "34": "N", "35": "S", "36": "N", "37": "W", "38": "N", "39": "N", "40": "N", "41": "S", "42": "E", "43": "W", "44": "W", "46": "E", "47": "E", "48": "W", "50": "S", "51": "S", "52": "E", "55": "E", "56": "S", "57": "W", "58": "S", "59": "N", "60": "W", "62": "E", "63": "N", "64": "E", "66": "S", "67": "N", "68": "S", "69": "N", "70": "S", "71": "W", "72": "S", "73": "S", "74": "W", "75": "E", "76": "N", "77": "E", "78": "S", "79": "S"}, {"0": "N", "1": "E", "3": "W", "4": "S", "6": "E", "9": "N", "10": "E", "11": "W", "12": "S", "14": "S", "15": "N", "17": "N", "20": "S", "22": "S", "23": "N", "24": "E", "25": "S", "26": "S", "27": "S", "30": "W", "33": "W", "34": "W", "35": "S", "37": "N", "38": "N", "39": "N", "40": "N", "42": "N", "43": "W", "44": "W", "46": "E", "47": "E", "48": "W", "49": "N", "50": "W", "51": "S", "52": "N", "53": "N", "54": "N", "55": "E", "56": "S", "57": "S", "58": "S", "59": "N", "60": "S", "62": "S", "63": "E", "64": "E", "65": "W", "67": "E", "69": "N", "70": "W", "71": "N", "72": "W", "73": "E", "74": "S", "75": "S", "76": "E", "78": "S", "79": "W"}, {"18": "N", "19": "S", "0": "N", "3": "W", "4": "E", "5": "N", "6": "E", "7": "N", "8": "E", "9": "N", "10": "E", "12": "E", "13": "W", "14": "S", "15": "N", "17": "W", "22": "E", "23": "N", "26": "S", "27": "W", "28": "E", "30": "W", "34": "N", "35": "S", "36": "N", "37": "W", "38": "E", "39": "E", "40": "N", "42": "E", "43": "W", "44": "W", "46": "N", "48": "S", "49": "W", "51": "E", "52": "N", "53": "N", "54": "E", "55": "E", "56": "S", "57": "S", "58": "S", "59": "N", "62": "S", "63": "N", "64": "E", "65": "N", "66": "E", "67": "E", "68": "S", "69": "E", "71": "N", "72": "W", "74": "S", "75": "E", "78": "S"}, {"18": "N", "0": "N", "3": "W", "6": "E", "7": "N", "9": "N", "11": "W", "12": "S", "13": "W", "14": "E", "17": "N", "21": "S", "22": "E", "23": "N", "26": "E", "27": "N", "28": "E", "29": "S", "30": "W", "34": "E", "35": "S", "36": "N", "37": "N", "38": "E", "39": "E", "40": "E", "42": "N", "44": "S", "45": "W", "48": "W", "49": "N", "53": "N", "54": "N", "57": "E", "58": "E", "62": "E", "63": "N", "65": "N", "66": "E", "68": "S", "71": "N", "72": "N", "73": "N", "74": "W", "75": "N", "76": "N", "78": "S", "79": "S"}, {"18": "N", "19": "S", "1": "E", "2": "W", "4": "S", "5": "W", "7": "N", "9": "N", "11": "W", "13": "N", "14": "E", "16": "E", "17": "W", "20": "E", "22": "S", "23": "W", "27": "N", "28": "E", "29": "E", "30": "S", "33": "N", "34": "N", "35": "S", "36": "E", "37": "N", "38": "N", "39": "E", "42": "E", "45": "W", "48": "S", "49": "W", "51": "S", "52": "N", "53": "W", "54": "N", "56": "S", "57": "S", "60": "S", "62": "N", "65": "W", "66": "E", "71": "N", "72": "W", "73": "E", "74": "S", "75": "N", "76": "W", "79": "W"}, {"18": "N", "2": "W", "4": "W", "5": "N", "6": "S", "7": "N", "9": "W", "11": "W", "12": "E", "13": "N", "15": "W", "16": "E", "17": "N", "20": "E", "21": "W", "22": "S", "23": "N", "24": "E", "26": "S", "27": "N", "28": "N", "29": "S", "30": "S", "35": "S", "36": "N", "39": "E", "43": "W", "48": "W", "49": "N", "51": "E", "52": "N", "53": "W", "54": "W", "56": "W", "57": "E", "58": "E", "59": "W", "60": "W", "66": "S", "68": "S", "69": "E", "72": "W", "73": "S", "74": "W", "75": "E", "76": "W", "79": "W"}, {"19": "S", "2": "N", "4": "W", "5": "W", "6": "S", "9": "W", "11": "S", "12": "E", "13": "N", "15": "W", "17": "W", "20": "S", "21": "W", "23": "N", "24": "S", "25": "W", "26": "E", "27": "W", "28": "N", "30": "W", "31": "N", "36": "N", "38": "E", "39": "E", "40": "S", "43": "S", "44": "W", "49": "E", "50": "W", "51": "E", "52": "N", "53": "W", "54": "N", "57": "E", "58": "E", "59": "W", "60": "S", "62": "E", "67": "N", "68": "E", "69": "N", "72": "S", "74": "W", "75": "N", "76": "N", "79": "W"}, {"26": "N"}, {"26": "E"}, {"26": "N"}, {"26": "N"}, {"26": "N"}, {"26": "N"}, {"26": "N"}, {"26": "N"}, {"26": "N"}, {"26": "N"}, {"26": "N"}, {"26": "W"}, {"26": "N"}, {"26": "N"}, {"26": "W"}, {"37": "E"}, {"37": "E"}, {"37": "S"}, {"37": "E"}, {"37": "E"}, {"37": "E"}, {"37": "S"}, {"37": "E"}, {"37": "E"}, {"37": "S"}, {"37": "S"}, {"37": "S"}, {"37": "E"}, {"37": "S"}, {"37": "E"}, {"37": "S"}, {"37": "E"}, {"37": "E"}, {"37": "E"}, {"15": "N"}, {"15": "E"}, {"15": "E"}, {"10": "N"}, {"10": "W"}, {"10": "N"}, {"10": "W"}, {"10": "N"}, {"10": "W"}, {"10": "W"}, {"10": "W"}, {"10": "W"}, {"10": "W"}, {"10": "W"}, {"10": "W"}, {"10": "W"}, {"10": "W"}, {"10": "W"}, {"10": "W"}, {"10": "N"}, {"10": "W"}, {"10": "N"}, {"72": "W"}, {"72": "N"}, {"72": "W"}, {"72": "W"}, {"72": "N"}, {"72": "N"}, {"72": "N"}, {"72": "N"}, {"72": "N"}, {"72": "N"}, {"72": "N"}, {"72": "N"}, {"72": "N"}, {"72": "E"}, {"72": "N"}, {"72": "E"}, {"79": "S"}, {"79": "E"}, {"79": "E"}, {"79": "N"}, {"79": "E"}, {"79": "E"}, {"79": "E"}, {"79": "E"}, {"79": "E"}, {"79": "E"}, {"79": "E"}, {"79": "E"}, {"79": "E"}, {"79": "E"}, {"79": "E"}, {"79": "S"}, {"79": "S"}, {"79": "S"}, {"79": "E"}, {"79": "E"}, {"64": "N"}, {"64": "E"}, {"64": "N"}, {"64": "E"}, {"64": "E"}, {"64": "N"}, {"64": "E"}, {"49": "N"}, {"49": "E"}, {"49": "E"}, {"49": "S"}, {"49": "S"}, {"49": "E"}, {"49": "S"}, {"49": "S"}, {"49": "E"}, {"49": "S"}, {"49": "S"}, {"49": "S"}, {"49": "S"}, {"49": "E"}, {"49": "E"}, {"49": "E"}, {"49": "E"}, {"47": "N"}, {"47": "N"}, {"47": "W"}, {"47": "W"}, {"47": "W"}, {"47": "N"}, {"47": "N"}, {"47": "W"}, {"47": "W"}, {"47": "W"}, {"47": "W"}, {"47": "W"}, {"47": "W"}, {"47": "W"}, {"29": "S"}, {"29": "S"}, {"29": "E"}, {"29": "E"}, {"29": "S"}, {"21": "N"}, {"21": "W"}, {"2": "N"}, {"2": "E"}, {"2": "N"}, {"2": "E"}, {"2": "N"}, {"0": "S"}, {"0": "E"}, {"0": "S"}, {"0": "S"}, {"63": "N"}, {"63": "W"}, {"63": "W"}, {"63": "W"}, {"63": "W"}, {"63": "W"}, {"63": "W"}, {"63": "W"}, {"63": "W"}, {"63": "W"}, {"63": "W"}, {"63": "W"}, {"63": "W"}, {"63": "S"}, {"63": "S"}, {"63": "S"}, {"45": "S"}, {"45": "E"}, {"45": "E"}, {"45": "E"}, {"45": "E"}, {"45": "E"}, {"45": "E"}, {"45": "E"}, {"45": "E"}, {"45": "E"}, {"45": "E"}, {"65": "S"}, {"65": "E"}, {"65": "E"}, {"65": "N"}, {"65": "E"}, {"65": "E"}, {"65": "E"}, {"65": "E"}, {"65": "E"}, {"65": "E"}, {"65": "E"}, {"65": "S"}, {"65": "E"}, {"65": "E"}, {"65": "E"}, {"65": "E"}, {"65": "E"}, {"65": "E"}, {"65": "E"}, {"65": "S"}, {"65": "E"}, {"39": "S"}, {"39": "S"}, {"39": "S"}, {"39": "S"}, {"39": "W"}, {"39": "S"}, {"39": "W"}, {"39": "W"}, {"39": "S"}, {"39": "S"}, {"39": "S"}, {"39": "S"}, {"39": "S"}, {"39": "W"}, {"1": "N"}, {"1": "W"}, {"1": "N"}, {"1": "W"}, {"1": "W"}, {"1": "W"}, {"1": "W"}, {"1": "S"}, {"1": "W"}, {"1": "W"}, {"1": "W"}, {"1": "W"}, {"1": "W"}, {"1": "W"}, {"1": "W"}, {"1": "W"}, {"68": "N"}, {"68": "W"}, {"68": "W"}, {"68": "W"}, {"68": "W"}, {"68": "W"}, {"68": "W"}, {"68": "N"}, {"68": "W"}, {"68": "W"}, {"68": "W"}, {"68": "N"}, {"59": "E"}, {"59": "E"}, {"59": "E"}, {"59": "S"}, {"59": "S"}, {"59": "E"}, {"59": "E"}, {"59": "E"}, {"59": "S"}, {"59": "E"}, {"59": "S"}, {"59": "S"}, {"59": "S"}, {"59": "E"}, {"59": "E"}, {"50": "N"}, {"50": "W"}, {"50": "N"}, {"50": "N"}, {"50": "W"}, {"50": "N"}, {"50": "N"}, {"50": "W"}, {"50": "N"}, {"50": "N"}, {"50": "N"}, {"50": "W"}, {"50": "W"}, {"50": "N"}, {"50": "N"}, {"50": "W"}, {"50": "W"}, {"50": "N"}, {"44": "W"}, {"44": "W"}, {"44": "N"}, {"44": "N"}, {"44": "N"}, {"44": "N"}, {"44": "N"}, {"44": "N"}, {"44": "N"}, {"44": "N"}, {"44": "N"}, {"44": "N"}, {"44": "W"}, {"44": "N"}, {"44": "N"}, {"44": "E"}, {"44": "N"}, {"44": "N"}, {"44": "N"}, {"38": "S"}, {"38": "W"}, {"38": "S"}, {"38": "S"}, {"38": "S"}, {"38": "W"}, {"38": "W"}, {"38": "W"}, {"38": "W"}, {"38": "S"}, {"38": "W"}, {"38": "W"}, {"38": "W"}, {"38": "W"}, {"38": "W"}, {"38": "W"}, {"32": "N"}, {"32": "N"}, {"32": "N"}, {"32": "N"}, {"32": "N"}, {"32": "N"}, {"32": "N"}, {"32": "N"}, {"32": "N"}, {"32": "E"}, {"32": "N"}, {"32": "E"}, {"32": "N"}, {"32": "N"}, {"32": "N"}, {"32": "N"}, {"32": "N"}, {"32": "N"}, {"32": "N"}, {"32": "W"}, {"76": "W"}, {"76": "S"}, {"76": "S"}, {"76": "S"}, {"76": "S"}, {"76": "W"}, {"76": "S"}, {"76": "W"}, {"76": "S"}, {"76": "W"}, {"76": "W"}, {"74": "N"}, {"74": "W"}, {"74": "N"}, {"74": "W"}, {"74": "N"}, {"74": "N"}, {"74": "N"}, {"74": "N"}, {"74": "N"}, {"74": "N"}, {"74": "N"}, {"74": "W"}, {"73": "N"}, {"73": "W"}, {"73": "W"}, {"73": "W"}, {"73": "S"}, {"73": "W"}, {"73": "W"}, {"73": "W"}, {"73": "W"}, {"73": "W"}, {"73": "W"}, {"73": "W"}, {"73": "W"}, {"58": "W"}, {"58": "W"}, {"58": "W"}, {"58": "W"}, {"58": "S"}, {"58": "W"}, {"58": "W"}, {"58": "W"}, {"58": "N"}, {"58": "N"}, {"58": "W"}, {"58": "W"}, {"58": "W"}, {"58": "W"}, {"58": "W"}, {"58": "W"}, {"58": "W"}, {"58": "N"}, {"58": "W"}, {"58": "W"}, {"46": "N"}, {"46": "W"}, {"46": "W"}, {"46": "N"}, {"46": "N"}, {"46": "W"}, {"46": "W"}, {"46": "W"}, {"46": "N"}, {"46": "W"}, {"46": "W"}, {"46": "W"}, {"46": "W"}, {"46": "W"}, {"46": "W"}, {"46": "W"}, {"46": "W"}, {"46": "W"}, {"46": "W"}, {"46": "W"}, {"46": "W"}, {"46": "N"}, {"46": "N"}, {"46": "W"}, {"46": "W"}, {"41": "W"}, {"41": "W"}, {"41": "N"}, {"41": "N"}, {"41": "N"}, {"41": "N"}, {"41": "N"}, {"41": "N"}, {"41": "N"}, {"41": "N"}, {"41": "N"}, {"41": "N"}, {"41": "W"}, {"41": "N"}, {"41": "N"}, {"41": "N"}, {"41": "N"}, {"27": "N"}, {"27": "N"}, {"27": "E"}, {"27": "E"}, {"27": "E"}, {"27": "E"}, {"27": "E"}, {"27": "E"}, {"27": "E"}, {"27": "E"}, {"27": "E"}, {"27": "E"}, {"27": "E"}, {"61": "E"}, {"61": "N"}, {"61": "N"}, {"61": "N"}, {"61": "N"}, {"61": "N"}, {"61": "N"}, {"61": "N"}, {"61": "E"}, {"54": "S"}, {"54": "S"}, {"54": "S"}, {"54": "S"}, {"54": "S"}, {"54": "S"}, {"54": "S"}, {"54": "S"}, {"54": "S"}, {"54": "S"}, {"54": "S"}, {"54": "S"}, {"54": "W"}, {"53": "W"}, {"53": "S"}, {"53": "S"}, {"53": "E"}, {"53": "S"}, {"53": "E"}, {"53": "S"}, {"53": "S"}, {"53": "S"}, {"53": "S"}, {"53": "E"}, {"53": "S"}, {"53": "E"}, {"53": "S"}, {"53": "S"}, {"43": "E"}, {"43": "S"}, {"43": "S"}, {"43": "S"}, {"43": "S"}, {"43": "E"}, {"43": "E"}, {"43": "E"}, {"43": "S"}, {"43": "S"}, {"43": "S"}, {"43": "E"}, {"43": "S"}, {"43": "E"}, {"43": "S"}, {"43": "E"}, {"43": "E"}, {"43": "S"}, {"43": "E"}, {"43": "E"}, {"43": "E"}, {"43": "E"}, {"43": "S"}, {"35": "N"}, {"35": "N"}, {"35": "E"}, {"35": "E"}, {"35": "E"}, {"35": "E"}, {"35": "E"}, {"35": "E"}, {"35": "N"}, {"35": "E"}, {"35": "N"}, {"35": "N"}, {"25": "S"}, {"25": "S"}, {"25": "S"}, {"25": "E"}, {"25": "E"}, {"25": "S"}, {"25": "E"}, {"25": "S"}, {"25": "E"}, {"25": "E"}, {"25": "E"}, {"25": "E"}, {"25": "E"}, {"25": "E"}, {"23": "W"}, {"23": "S"}, {"23": "S"}, {"23": "S"}, {"23": "W"}, {"23": "W"}, {"23": "W"}, {"23": "S"}, {"23": "W"}, {"23": "S"}, {"23": "S"}, {"23": "S"}, {"17": "S"}, {"17": "S"}, {"17": "W"}, {"17": "W"}, {"17": "S"}, {"17": "S"}, {"17": "S"}, {"17": "S"}, {"17": "E"}, {"17": "E"}, {"14": "W"}, {"14": "W"}, {"14": "S"}, {"14": "W"}, {"14": "W"}, {"14": "W"}, {"14": "S"}, {"14": "W"}, {"14": "W"}, {"13": "E"}, {"13": "E"}, {"13": "E"}, {"13": "E"}, {"13": "S"}, {"13": "S"}, {"13": "S"}, {"13": "S"}, {"13": "S"}, {"13": "S"}, {"13": "W"}, {"8": "N"}, {"8": "N"}, {"8": "N"}, {"8": "N"}, {"8": "N"}, {"8": "W"}, {"8": "N"}, {"8": "W"}, {"8": "W"}, {"8": "N"}, {"8": "W"}, {"8": "W"}, {"8": "N"}, {"8": "W"}, {"8": "W"}, {"8": "W"}, {"8": "W"}, {"8": "W"}, {"8": "W"}, {"8": "W"}, {"8": "W"}, {"3": "E"}, {"3": "E"}, {"3": "E"}, {"3": "E"}, {"3": "E"}, {"78": "E"}, {"78": "E"}, {"78": "N"}, {"78": "N"}, {"78": "N"}, {"78": "E"}, {"78": "N"}, {"78": "E"}, {"78": "N"}, {"78": "E"}, {"78": "E"}, {"78": "N"}, {"78": "E"}, {"78": "E"}, {"78": "E"}, {"78": "N"}, {"78": "N"}, {"78": "N"}, {"78": "N"}, {"78": "N"}, {"78": "N"}, {"78": "E"}, {"78": "E"}, {"78": "N"}, {"77": "W"}, {"77": "W"}, {"77": "W"}, {"77": "W"}, {"77": "W"}, {"77": "W"}, {"77": "S"}, {"77": "W"}, {"77": "W"}, {"77": "W"}, {"77": "W"}, {"77": "W"}, {"77": "W"}, {"77": "S"}, {"77": "W"}, {"77": "W"}, {"77": "W"}, {"75": "W"}, {"75": "N"}, {"75": "N"}, {"75": "W"}, {"75": "W"}, {"75": "W"}, {"75": "W"}, {"75": "W"}, {"75": "N"}, {"75": "W"}, {"75": "W"}, {"75": "W"}, {"71": "E"}, {"71": "E"}, {"71": "S"}, {"71": "E"}, {"71": "E"}, {"71": "S"}, {"71": "E"}, {"71": "S"}, {"71": "E"}, {"70": "E"}, {"70": "E"}, {"70": "E"}, {"70": "E"}, {"70": "E"}, {"70": "E"}, {"70": "E"}, {"70": "E"}, {"70": "E"}, {"70": "E"}, {"70": "N"}, {"70": "N"}, {"70": "E"}, {"70": "N"}, {"70": "E"}, {"70": "E"}, {"70": "N"}, {"69": "S"}, {"69": "S"}, {"69": "S"}, {"69": "S"}, {"69": "S"}, {"69": "W"}, {"69": "W"}, {"69": "W"}, {"69": "W"}, {"69": "W"}, {"67": "W"}, {"67": "W"}, {"67": "S"}, {"67": "S"}, {"67": "W"}, {"67": "W"}, {"67": "S"}, {"67": "S"}, {"67": "W"}, {"67": "S"}, {"67": "W"}, {"67": "W"}, {"67": "W"}, {"67": "W"}, {"67": "W"}, {"67": "S"}, {"67": "S"}, {"67": "W"}, {"67": "W"}, {"67": "W"}, {"67": "S"}, {"67": "S"}, {"67": "S"}, {"67": "S"}, {"66": "W"}, {"66": "W"}, {"66": "W"}, {"66": "N"}, {"66": "W"}, {"66": "N"}, {"66": "W"}, {"66": "W"}, {"66": "N"}, {"66": "N"}, {"66": "N"}, {"66": "W"}, {"66": "W"}, {"66": "N"}, {"66": "W"}, {"66": "W"}, {"66": "W"}, {"66": "W"}, {"66": "W"}, {"66": "W"}, {"66": "N"}, {"66": "W"}, {"66": "N"}, {"66": "N"}, {"66": "W"}, {"66": "W"}, {"66": "N"}, {"66": "W"}, {"66": "N"}, {"66": "N"}, {"66": "N"}, {"66": "N"}, {"62": "N"}, {"60": "E"}, {"60": "E"}, {"60": "E"}, {"60": "N"}, {"60": "E"}, {"60": "N"}, {"60": "E"}, {"60": "E"}, {"60": "E"}, {"60": "N"}, {"60": "N"}, {"60": "N"}, {"60": "N"}, {"60": "E"}, {"60": "E"}, {"60": "N"}, {"60": "E"}, {"60": "E"}, {"60": "N"}, {"60": "N"}, {"60": "N"}, {"60": "E"}, {"60": "N"}, {"60": "N"}, {"60": "E"}, {"60": "E"}, {"60": "N"}, {"60": "N"}, {"57": "S"}, {"57": "W"}, {"57": "W"}, {"57": "W"}, {"57": "W"}, {"57": "W"}, {"57": "W"}, {"57": "W"}, {"57": "W"}, {"57": "W"}, {"57": "W"}, {"57": "W"}, {"57": "W"}, {"57": "W"}, {"56": "W"}, {"56": "N"}, {"55": "N"}, {"55": "N"}, {"55": "N"}, {"55": "N"}, {"55": "N"}, {"55": "N"}, {"55": "N"}, {"55": "W"}, {"55": "W"}, {"55": "W"}, {"55": "N"}, {"55": "W"}, {"55": "W"}, {"55": "N"}, {"52": "W"}, {"52": "W"}, {"52": "S"}, {"52": "S"}, {"51": "E"}, {"51": "N"}, {"51": "W"}, {"51": "N"}, {"51": "N"}, {"51": "N"}, {"51": "N"}, {"48": "N"}, {"48": "N"}, {"48": "N"}, {"48": "N"}, {"48": "N"}, {"48": "N"}, {"48": "W"}, {"48": "N"}, {"48": "N"}, {"48": "N"}, {"48": "N"}, {"42": "S"}, {"42": "W"}, {"42": "S"}, {"42": "W"}, {"42": "S"}, {"42": "S"}, {"42": "S"}, {"42": "S"}, {"42": "W"}, {"42": "S"}, {"42": "W"}, {"42": "S"}, {"42": "W"}, {"42": "W"}, {"40": "E"}, {"40": "S"}, {"40": "S"}, {"40": "S"}, {"40": "S"}, {"36": "E"}, {"36": "E"}, {"36": "S"}, {"36": "S"}, {"36": "S"}, {"36": "S"}, {"36": "E"}, {"36": "S"}, {"36": "S"}, {"34": "E"}, {"34": "N"}, {"34": "N"}, {"34": "E"}, {"33": "E"}]}