{"instance": "small_free_001_10x10_40_40", "steps": [{"27": "E", "36": "N", "6": "W", "23": "E", "18": "W", "33": "W", "25": "S", "15": "N", "30": "W", "24": "N", "12": "W", "38": "E", "29": "N", "17": "E", "13": "N", "16": "S", "10": "N", "21": "N", "9": "E", "35": "W", "4": "W", "28": "N", "1": "S", "20": "W", "37": "E", "5": "E", "7": "E", "3": "W", "39": "S", "14": "N", "26": "E"}, {"16": "E", "36": "N", "38": "N", "14": "E", "7": "N", "9": "S", "3": "N", "22": "W", "10": "E", "23": "S", "33": "W", "24": "S", "13": "N", "20": "E", "34": "S", "12": "S", "30": "N", "1": "S", "2": "E", "18": "N", "0": "E", "15": "N", "29": "N", "25": "E", "21": "N", "6": "W"}, {"34": "W", "18": "W", "28": "N", "15": "N", "38": "S", "31": "S", "7": "E", "32": "E", "20": "N", "21": "N", "9": "S", "14": "E", "4": "W", "37": "S", "2": "E", "10": "N", "16": "N", "22": "W", "36": "W", "19": "W", "0": "E", "13": "N", "17": "N"}, {"6": "N", "15": "N", "13": "N", "17": "E", "5": "N", "11": "E", "4": "W", "26": "S", "20": "E", "16": "S", "38": "S", "21": "N", "39": "N", "9": "S", "7": "W", "14": "E", "18": "W", "8": "W", "31": "E", "3": "W", "22": "W", "37": "E", "36": "S", "23": "W", "10": "S", "33": "W", "27": "E", "12": "E"}, {"5": "N", "26": "S", "21": "E", "6": "W", "4": "N", "37": "S", "24": "N", "38": "S", "3": "N", "33": "W", "23": "S", "7": "E", "14": "N", "39": "S", "16": "N", "15": "E", "2": "N", "9": "S", "20": "S", "25": "N", "11": "N", "22": "N", "8": "W", "10": "N", "36": "N", "12": "W"}, {"0": "N", "2": "E", "1": "W", "5": "E", "14": "E", "28": "W", "27": "S", "22": "N", "36": "E", "8": "E", "37": "E", "12": "E", "34": "S", "39": "N", "21": "N", "32": "S", "26": "E", "9": "W", "7": "E", "24": "E", "19": "W", "6": "W", "23": "E", "31": "E", "17": "E", "38": "S", "10": "N", "13": "E"}, {"34": "W", "6": "S", "16": "E", "33": "W", "3": "E", "8": "W", "27": "E", "14": "S", "39": "S", "37": "W", "9": "E", "0": "S", "13": "W", "12": "N", "10": "E", "31": "S", "24": "N", "18": "W", "26": "S", "23": "S", "28": "E"}, {"23": "S", "36": "N", "25": "E", "39": "W", "29": "N", "17": "W", "12": "E", "28": "N", "15": "W", "14": "E", "8": "N", "24": "E", "0": "S", "16": "N", "5": "S", "33": "W", "27": "E", "10": "S", "37": "E", "13": "N", "31": "E", "34": "S"}, {"39": "W", "32": "S", "27": "S", "24": "W", "29": "N", "8": "N", "23": "E", "13": "S", "28": "E", "37": "S", "38": "W", "34": "S", "33": "N", "19": "W", "11": "N", "3": "N", "12": "N", "14": "S", "15": "E", "9": "E", "36": "S", "5": "N", "0": "S", "17": "E", "31": "S"}, {"15": "W", "36": "N", "5": "S", "1": "W", "13": "W", "3": "S", "34": "N", "16": "N", "19": "S", "33": "N", "29": "S", "12": "W", "39": "W", "8": "E", "11": "N", "28": "W", "26": "N", "2": "N", "14": "S", "24": "E", "38": "E", "25": "N"}, {"9": "E", "14": "E", "25": "E", "12": "E", "8": "E", "3": "N", "38": "W", "0": "N", "17": "E", "15": "W", "26": "N", "2": "N", "33": "N", "28": "W", "34": "E", "11": "E", "27": "S", "29": "W"}, {"37": "E", "19": "W", "28": "W", "16": "E", "12": "E", "20": "W", "39": "N", "26": "S", "34": "N", "29": "E", "2": "S", "33": "S", "9": "E", "24": "N", "36": "S", "13": "S", "7": "E", "0": "S", "38": "S", "25": "E"}, {"9": "S", "13": "S", "29": "E", "16": "W", "37": "N", "34": "N", "20": "E", "28": "S", "36": "N", "39": "W", "24": "W", "19": "E", "7": "E", "33": "W", "18": "S", "11": "E", "25": "S", "27": "S"}, {"33": "N", "28": "N", "7": "N", "26": "S", "2": "S", "23": "E", "9": "N", "34": "E", "39": "W", "36": "S", "20": "S", "29": "W", "19": "W", "38": "E", "13": "N", "25": "W", "12": "S", "37": "E", "18": "N"}, {"10": "W", "34": "W", "38": "W", "18": "E", "25": "E", "9": "E", "26": "N", "5": "E", "33": "E", "29": "W", "14": "N", "13": "E", "20": "E", "19": "W", "12": "E", "16": "E", "24": "E", "37": "E"}, {"23": "E", "28": "W", "18": "W", "5": "W", "14": "W", "16": "S", "29": "E", "7": "E", "32": "S", "20": "W", "10": "N", "25": "W", "0": "S", "38": "S", "13": "W", "19": "E"}, {"24": "E", "29": "W", "17": "N", "23": "E", "2": "S", "20": "E", "16": "S", "19": "E", "38": "S", "28": "W", "7": "E", "13": "E", "36": "W", "14": "E", "15": "E"}, {"12": "E", "24": "N", "20": "E", "23": "S", "32": "S", "36": "E", "16": "S", "38": "E", "28": "N", "2": "N", "29": "N", "7": "E", "13": "E", "14": "S", "25": "S", "17": "N", "10": "N", "19": "E", "15": "W"}, {"34": "W", "26": "E", "7": "S", "19": "S", "10": "E", "20": "E", "33": "W", "18": "S", "38": "S", "28": "W", "24": "N", "25": "S", "32": "S", "23": "N", "13": "W", "14": "N", "17": "N", "29": "E"}, {"23": "N", "33": "N", "17": "S", "29": "W", "24": "E", "15": "S", "38": "S", "10": "N", "32": "S", "36": "S", "16": "S", "2": "N", "18": "N", "26": "E", "19": "E"}, {"33": "E", "26": "E", "12": "E", "13": "W", "15": "N", "29": "S", "16": "E"}, {"14": "W", "26": "E", "15": "S", "33": "N", "5": "N", "2": "S", "18": "N", "36": "N", "29": "N", "16": "W", "20": "W"}, {"2": "N", "18": "N", "15": "N", "14": "E", "16": "S", "33": "N", "20": "E", "28": "E", "36": "N", "10": "W", "29": "N"}, {"33": "N", "23": "E", "5": "N", "16": "S", "12": "S", "18": "N", "28": "S", "10": "N", "17": "N"}, {"3": "S", "36": "N", "33": "E", "16": "W", "13": "E", "14": "W", "17": "S", "18": "N"}, {"0": "E", "33": "N", "2": "N", "14": "E", "36": "N", "13": "W", "16": "E", "20": "E"}, {"2": "S", "17": "E", "23": "E", "20": "W", "26": "S"}, {"28": "N", "14": "N", "26": "N", "29": "S", "2": "S", "20": "S", "15": "S"}, {"28": "S", "13": "W", "16": "E", "23": "S", "20": "S", "14": "E", "17": "S", "26": "S"}, {"26": "N", "14": "N", "16": "W", "17": "E", "20": "E", "29": "E", "23": "S"}, {"29": "W", "2": "N", "16": "W", "17": "W", "10": "S", "14": "E"}, {"14": "E", "13": "E", "29": "N", "26": "S", "3": "S", "17": "E", "16": "E", "10": "N"}, {"3": "N", "20": "S", "13": "S", "26": "N", "16": "E", "14": "E", "17": "W"}, {"15": "N", "10": "S", "16": "W", "20": "N", "14": "S", "29": "W"}, {"15": "S", "14": "S", "2": "S", "16": "E", "10": "N", "20": "W", "13": "E", "17": "N"}, {"13": "W", "2": "S", "14": "S", "16": "W", "29": "W", "17": "E", "20": "E"}, {"16": "N", "29": "N", "17": "S", "13": "S", "2": "S", "14": "S"}, {"13": "N", "10": "W", "16": "S", "29": "S", "14": "W", "15": "N", "20": "W", "17": "N"}, {"10": "E", "17": "W", "13": "W", "26": "S", "15": "E", "14": "S", "3": "S", "20": "E", "16": "W"}, {"26": "S", "3": "N", "14": "S", "15": "W"}, {"14": "S", "16": "S", "29": "E", "3": "S"}, {"13": "W", "16": "N", "29": "W", "10": "S", "20": "W", "14": "E", "26": "N", "3": "W"}, {"20": "W", "10": "N", "14": "W", "16": "W", "3": "W", "26": "N", "17": "N", "29": "N", "15": "E"}, {"15": "S", "14": "N", "26": "S", "3": "N", "29": "S", "13": "S"}, {"26": "W", "3": "N", "29": "N", "13": "W", "20": "E", "15": "E", "17": "W", "16": "W", "14": "W"}, {"17": "E", "14": "S", "26": "E", "29": "S", "15": "N"}, {"20": "N", "15": "N", "17": "S", "3": "E", "26": "N"}, {"20": "N", "3": "N", "13": "W", "29": "E", "17": "N", "26": "S", "15": "N", "10": "S"}, {"28": "W", "29": "W", "26": "N", "17": "S", "20": "N", "13": "N"}, {"13": "N", "15": "W", "29": "S", "28": "W"}, {"26": "W", "10": "N", "17": "S", "20": "N"}, {"20": "S", "26": "S", "17": "N", "29": "N", "15": "E"}, {"17": "W", "15": "S", "26": "E", "10": "E", "20": "N"}, {"15": "E", "26": "W", "17": "W", "20": "N"}, {"26": "W", "15": "E", "17": "W"}, {"26": "W", "29": "N", "10": "N", "15": "N"}, {"15": "E", "17": "W", "10": "E", "20": "E", "28": "E"}, {"29": "S", "17": "S", "15": "E", "28": "W"}, {"17": "W", "26": "N", "29": "N", "20": "N", "28": "E", "15": "S"}, {"15": "N", "26": "E", "17": "S", "28": "S"}, {"28": "N", "17": "S", "15": "S", "26": "S"}, {"26": "W", "20": "S", "29": "S", "17": "S", "15": "W", "28": "W"}, {"29": "N", "17": "E", "15": "N", "20": "N"}, {"29": "N", "15": "W", "26": "W", "20": "N", "17": "S"}, {"20": "W", "15": "W", "29": "E", "17": "S"}, {"26": "S", "29": "W", "15": "E", "20": "E", "17": "S"}, {"15": "E", "20": "E", "17": "E", "28": "E", "29": "E"}, {"17": "E", "20": "E", "28": "E", "26": "W", "29": "W", "15": "N"}, {"29": "S", "17": "E", "15": "N", "28": "N", "20": "S"}, {"28": "S", "20": "S", "29": "S", "26": "E", "17": "N"}, {"20": "E", "29": "N", "26": "S"}, {"15": "S", "29": "S", "20": "E", "28": "W", "26": "W"}, {"26": "E", "20": "S", "29": "S"}, {"20": "S", "15": "E", "28": "S"}, {"29": "W", "15": "E", "28": "S", "20": "S", "26": "E"}, {"28": "N", "26": "W"}, {"15": "S", "28": "S", "26": "W"}, {"29": "S"}, {"15": "S", "26": "S"}, {"26": "E"}, {"15": "S"}, {"26": "W", "15": "N"}, {"26": "N", "15": "W"}, {"15": "E"}, {"26": "S"}, {"26": "S"}, {"15": "N", "26": "W"}, {"26": "N", "15": "N"}, {"26": "S", "15": "S"}, {"15": "N"}, {"15": "W", "26": "E"}, {"26": "N", "15": "E"}, {"26": "E", "15": "W"}, {"26": "E"}, {"26": "E", "15": "W"}, {"15": "N"}, {"26": "S", "15": "E"}, {"15": "E", "26": "E"}, {"26": "E"}, {"26": "N"}]}