{"instance": "small_free_001_10x10_40_40", "steps": [{"1": "S", "12": "W", "38": "E", "31": "E", "24": "N", "26": "S", "7": "N", "35": "E", "29": "N", "11": "N", "21": "E", "3": "W", "33": "W", "32": "S", "16": "S", "9": "E", "36": "N", "22": "S", "4": "W", "5": "N", "28": "E", "39": "S", "20": "S", "10": "N", "17": "S", "6": "W", "2": "S", "15": "N", "13": "N", "23": "N"}, {"28": "N", "3": "W", "6": "W", "18": "N", "11": "S", "24": "E", "5": "N", "31": "E", "10": "E", "36": "S", "35": "N", "17": "W", "15": "N", "16": "S", "37": "E", "12": "E", "22": "N", "33": "W", "20": "E", "25": "S", "13": "N", "26": "S", "23": "S", "38": "S", "0": "N", "30": "E", "1": "W", "8": "W", "34": "S", "7": "E"}, {"21": "N", "25": "E", "35": "W", "24": "E", "30": "W", "38": "N", "13": "W", "5": "W", "28": "W", "29": "W", "8": "E", "6": "E", "22": "W", "2": "E", "26": "E", "14": "E", "34": "W", "39": "W", "36": "E", "33": "N", "10": "E", "19": "N", "18": "S", "3": "W", "7": "N", "1": "S", "17": "E", "12": "S", "0": "N", "27": "W"}, {"27": "E", "14": "E", "19": "S", "33": "N", "38": "S", "2": "N", "18": "N", "12": "W", "10": "W", "7": "N", "13": "W", "30": "W", "16": "E", "29": "W", "37": "S", "28": "N", "5": "E", "9": "S", "21": "S", "20": "W", "31": "S", "15": "W", "0": "E", "35": "S", "36": "N", "23": "E", "11": "N", "34": "W"}, {"33": "N", "25": "S", "20": "E", "1": "N", "5": "E", "23": "S", "12": "E", "6": "W", "0": "E", "28": "E", "38": "S", "7": "S", "2": "E", "31": "E", "16": "S", "8": "N", "36": "S", "14": "E", "26": "W", "3": "S", "22": "N", "4": "W", "21": "N", "18": "S", "35": "E", "9": "S", "30": "W", "13": "W"}, {"5": "E", "29": "W", "32": "S", "38": "S", "26": "E", "8": "N", "24": "W", "7": "S", "21": "E", "15": "N", "17": "E", "12": "N", "30": "E", "28": "W", "31": "E", "36": "N", "18": "W", "20": "E", "1": "S", "25": "E", "2": "S", "14": "E", "19": "W", "3": "N", "35": "W", "11": "N", "16": "W", "0": "E", "9": "S"}, {"0": "S", "1": "E", "11": "E", "2": "W", "25": "S", "9": "S", "31": "S", "20": "W", "32": "S", "6": "N", "17": "W", "4": "W", "12": "S", "35": "S", "7": "E", "36": "S", "18": "W", "15": "E", "38": "S", "37": "S", "21": "N", "27": "N", "30": "N"}, {"3": "E", "39": "S", "7": "S", "20": "S", "37": "E", "36": "W", "21": "N", "23": "E", "6": "S", "11": "E", "18": "S", "25": "N", "15": "E", "12": "W", "1": "W", "35": "N", "0": "N", "31": "S", "19": "N", "27": "E", "24": "N", "26": "E", "9": "E"}, {"4": "N", "36": "W", "0": "S", "16": "E", "7": "N", "14": "N", "9": "E", "13": "S", "1": "W", "12": "E", "23": "E", "19": "S", "3": "W", "39": "W", "6": "N", "5": "N", "17": "E", "15": "W", "28": "W", "26": "W", "27": "W", "31": "W", "20": "N", "32": "W", "18": "W", "22": "E", "11": "N", "37": "S"}, {"29": "N", "36": "N", "28": "W", "24": "N", "18": "W", "21": "W", "9": "E", "32": "S", "6": "S", "14": "N", "13": "E", "27": "E", "16": "W", "26": "E", "38": "S", "15": "W", "2": "N", "19": "W", "20": "E"}, {"15": "N", "29": "N", "7": "W", "39": "E", "13": "N", "17": "S", "37": "S", "28": "N", "32": "S", "35": "E", "2": "E", "14": "E", "25": "E", "23": "S", "18": "W", "11": "E", "3": "E", "24": "N", "36": "E", "26": "N", "0": "E", "19": "S", "27": "S"}, {"17": "S", "27": "E", "12": "S", "26": "E", "10": "S", "28": "E", "20": "E", "29": "W", "37": "E", "18": "N", "23": "E", "7": "N", "22": "E", "6": "N", "3": "S", "36": "S", "39": "N", "2": "E", "9": "E", "38": "S", "24": "N", "19": "S"}, {"6": "W", "38": "W", "13": "S", "26": "E", "18": "N", "3": "E", "2": "S", "14": "E", "28": "E", "33": "W", "19": "E", "7": "E", "20": "E", "36": "N", "17": "E", "27": "E", "0": "N", "39": "W", "35": "N", "32": "S"}, {"23": "N", "0": "S", "14": "S", "38": "S", "28": "W", "3": "N", "10": "E", "18": "N", "17": "E", "7": "N", "36": "W", "32": "S", "35": "S", "24": "E", "37": "E", "15": "S", "13": "W", "20": "W"}, {"17": "S", "20": "E", "35": "S", "10": "W", "36": "E", "14": "S", "24": "E", "13": "E", "18": "N", "37": "E", "7": "E", "0": "S", "28": "E", "32": "N", "15": "N", "6": "W", "12": "E", "38": "W"}, {"13": "N", "20": "E", "15": "E", "18": "E", "7": "E", "35": "E", "3": "N", "0": "W", "39": "S", "37": "N", "14": "E", "6": "S", "38": "E", "36": "N", "12": "N", "10": "S", "28": "W", "32": "W"}, {"35": "W", "32": "E", "14": "S", "24": "W", "38": "E", "0": "W", "15": "W", "39": "N", "36": "N", "37": "E", "12": "E", "28": "E", "10": "S", "13": "S", "18": "N"}, {"14": "E", "7": "E", "10": "N", "12": "N", "0": "S", "24": "W", "13": "N", "38": "W", "32": "S", "17": "N", "36": "N", "3": "S", "18": "N", "28": "E", "37": "N", "23": "W", "26": "N", "35": "W"}, {"26": "S", "33": "W", "24": "E", "38": "S", "12": "E", "28": "W", "39": "W", "32": "E", "3": "N", "7": "E", "36": "N", "10": "N", "23": "S", "14": "S", "17": "W"}, {"35": "E", "7": "E", "38": "E", "23": "W", "3": "S", "28": "W", "27": "W", "13": "E", "24": "E", "17": "E", "15": "E", "33": "W"}, {"15": "W", "24": "E", "21": "S", "17": "S", "32": "E", "13": "W", "14": "E", "23": "S", "35": "W", "22": "W", "39": "E", "7": "S", "33": "N", "12": "E", "26": "N", "28": "W", "27": "W"}, {"10": "E", "12": "E", "16": "S", "23": "E", "22": "W", "17": "E", "7": "E", "32": "N", "33": "E"}, {"15": "W", "28": "N", "26": "W", "10": "W", "7": "S", "14": "S", "35": "W", "17": "W", "12": "N", "33": "W", "3": "W", "39": "W"}, {"27": "S", "3": "N", "21": "S", "17": "N", "12": "S", "35": "N", "28": "W", "33": "W", "10": "W", "13": "N", "22": "E"}, {"22": "W", "10": "N", "21": "W", "3": "E", "13": "S", "27": "N", "33": "N", "14": "S", "12": "N"}, {"27": "S", "3": "W", "14": "W", "21": "W", "12": "S", "33": "N", "17": "W"}, {"3": "S", "33": "W", "17": "E", "22": "W", "28": "W", "15": "E", "10": "W", "39": "W", "14": "S"}, {"33": "N", "10": "N", "23": "S", "15": "W", "39": "S", "27": "S", "0": "S", "12": "S", "3": "N", "22": "S"}, {"22": "N", "13": "N", "0": "E", "3": "S", "39": "W", "28": "S", "21": "W", "10": "W", "33": "W"}, {"10": "W", "27": "N", "3": "W", "13": "E", "39": "N", "21": "N", "22": "E", "17": "W", "33": "N", "28": "W", "23": "E"}, {"17": "E", "27": "S", "22": "W", "10": "E", "33": "E", "21": "E", "28": "W", "15": "E", "13": "E", "23": "S", "39": "E", "0": "W"}, {"10": "N", "15": "W", "28": "W", "39": "W", "33": "N", "22": "S", "0": "E", "23": "E", "13": "W"}, {"39": "N", "33": "E", "15": "E", "0": "W", "20": "E", "22": "E", "10": "N", "13": "E", "28": "S", "3": "W", "23": "E"}, {"22": "W", "13": "W", "3": "E", "10": "W", "33": "E", "15": "S", "20": "W"}, {"23": "E", "13": "W", "17": "S", "33": "S", "0": "E", "10": "N", "20": "E"}, {"0": "W", "3": "W", "10": "N", "22": "E", "13": "E", "26": "S", "20": "E"}, {"10": "N", "26": "N", "0": "E", "21": "S", "17": "N", "22": "E", "13": "E"}, {"21": "N", "3": "N", "20": "E", "26": "E", "10": "E"}, {"17": "N", "21": "S", "10": "N", "22": "E", "27": "S", "3": "N"}, {"3": "E", "0": "S", "13": "E", "10": "E", "27": "E", "20": "E"}, {"27": "S", "22": "E", "13": "E", "26": "N", "17": "S", "10": "E"}, {"13": "S", "3": "N", "26": "E", "27": "E", "21": "N", "15": "N"}, {"10": "E", "13": "W", "26": "S", "15": "S", "21": "N", "17": "S", "3": "N", "27": "E"}, {"10": "E", "3": "E", "15": "N", "17": "N"}, {"13": "S", "21": "S", "10": "E", "15": "S"}, {"10": "S", "13": "S", "26": "W"}, {"26": "W", "17": "E", "21": "W"}, {"15": "N", "26": "E", "13": "W"}, {"15": "S", "21": "S"}, {"26": "W", "13": "S"}, {"13": "W", "26": "E", "15": "N"}, {"13": "S", "21": "S"}, {"13": "S", "26": "E", "21": "W"}, {"21": "N", "15": "S", "13": "W", "26": "W"}, {"21": "W", "13": "N", "26": "E"}, {"13": "W", "15": "N", "26": "W", "21": "S"}, {"13": "N", "15": "S", "21": "N"}, {"13": "N", "21": "S"}, {"15": "N", "21": "E", "26": "W", "13": "N"}, {"26": "E", "21": "S", "13": "W"}, {"13": "W", "15": "S"}, {"15": "N", "13": "W", "26": "W", "21": "W"}, {"13": "N", "15": "S", "21": "N"}, {"13": "S", "26": "S", "21": "N"}, {"26": "N", "13": "N", "21": "E"}, {"26": "E", "13": "S", "21": "W"}, {"13": "N", "26": "N", "15": "N"}, {"13": "N", "15": "S"}, {"13": "E", "21": "W"}, {"21": "N"}, {"21": "S"}, {"21": "S", "15": "N"}, {"15": "S", "21": "W"}, {"21": "N"}, {"15": "N", "21": "E"}, {"15": "S", "21": "S"}, {"15": "N", "21": "S"}, {"21": "E", "15": "S"}, {"21": "N", "22": "W"}, {"22": "E", "21": "N"}, {"15": "N", "21": "N"}, {"15": "S", "21": "S"}, {"21": "W"}, {"15": "N", "21": "W"}, {"21": "N"}, {"15": "S"}, {"21": "W"}, {"21": "S", "15": "N"}, {"21": "S"}, {"21": "E"}, {"15": "S", "21": "S"}, {"21": "N"}, {"21": "S"}, {"21": "N"}, {"21": "W"}, {"21": "S"}, {"15": "N", "21": "N"}, {"21": "N"}, {"21": "W", "15": "S"}, {"21": "S"}]}