{"instance": "small_000_10x10_20_10", "steps": [{"8": "W", "4": "W", "6": "N", "3": "E", "0": "W", "1": "N", "2": "S", "9": "N", "5": "W", "7": "S"}, {"5": "E", "3": "N", "4": "E", "9": "N", "2": "S", "6": "E", "7": "S"}, {"2": "S", "3": "N", "6": "E", "9": "N", "7": "W", "8": "S"}, {"5": "S", "6": "N", "2": "S", "8": "N", "3": "N", "7": "S", "9": "E", "4": "W"}, {"8": "W", "4": "W", "0": "W", "9": "N", "2": "E", "6": "E", "7": "E", "3": "N"}, {"5": "W", "8": "N", "0": "E", "3": "W", "6": "E", "2": "E"}, {"5": "W", "9": "E", "6": "E", "8": "N", "2": "E", "0": "W", "3": "N"}, {"8": "N", "6": "S", "2": "E", "5": "W", "9": "E"}, {"8": "E", "9": "E", "2": "E", "6": "E", "0": "W", "5": "S"}, {"5": "W", "0": "N", "8": "E", "9": "E", "6": "E", "2": "E"}, {"5": "N", "9": "E", "8": "N", "6": "S", "2": "E", "0": "N"}, {"0": "N", "5": "S", "8": "W", "2": "E", "9": "S", "6": "S"}, {"2": "E", "9": "E", "0": "N", "8": "E"}, {"0": "N", "9": "E", "2": "E", "5": "E"}, {"8": "W", "0": "E", "9": "S"}, {"5": "N", "0": "N", "8": "N", "9": "N", "2": "N"}, {"0": "E", "2": "N", "8": "S", "5": "S"}, {"2": "N", "8": "E", "5": "E"}, {"5": "S", "9": "S", "2": "W"}, {"8": "S"}, {"5": "S", "8": "N"}, {"5": "W", "9": "N", "8": "W"}, {"5": "S", "9": "S", "8": "N"}, {"8": "N", "5": "S"}, {"8": "N"}, {"8": "N"}, {"8": "E"}, {"9": "E", "8": "E"}, {"8": "E", "9": "S"}, {"8": "N", "9": "S"}, {"8": "E", "9": "W"}, {"9": "S", "8": "E"}, {"8": "E", "9": "S"}, {"8": "S"}]}